e,y,pathway,term,estimate,std.error,statistic,p.value
bmi,alt_log_adj,REACTOME_2_LTR_CIRCLE_FORMATION,ppgs,0.002061415888293858,0.005907152805969421,0.348969453813809,0.7271148338549329
bmi,alt_log_adj,REACTOME_2_LTR_CIRCLE_FORMATION,bmi,0.2884170809670499,0.005761408156089166,50.06017160270535,0
bmi,alt_log_adj,REACTOME_2_LTR_CIRCLE_FORMATION,ppgs:bmi,0.008127014633557804,0.005852375603586369,1.3886693513959567,0.16494422832166905
bmi,alt_log_adj,REACTOME_ABACAVIR_ADME,ppgs,0.002662515311091013,0.005687127452157846,0.46816522637993363,0.6396700367826553
bmi,alt_log_adj,REACTOME_ABACAVIR_ADME,bmi,0.28849843826560156,0.0057613725311495365,50.074602311480625,0
bmi,alt_log_adj,REACTOME_ABACAVIR_ADME,ppgs:bmi,0.01104109369300505,0.005775441542233519,1.911731529488421,0.05592070898744188
bmi,alt_log_adj,REACTOME_ABACAVIR_TRANSMEMBRANE_TRANSPORT,ppgs,0.004097697502898469,0.005681509409691796,0.7212339551719157,0.4707715318281067
bmi,alt_log_adj,REACTOME_ABACAVIR_TRANSMEMBRANE_TRANSPORT,bmi,0.2884527163504116,0.005761369770002845,50.066690364550084,0
bmi,alt_log_adj,REACTOME_ABACAVIR_TRANSMEMBRANE_TRANSPORT,ppgs:bmi,0.008670833153317011,0.005762352594368478,1.5047383878922957,0.13240249053889708
bmi,alt_log_adj,REACTOME_ABC_FAMILY_PROTEINS_MEDIATED_TRANSPORT,ppgs,0.031331517579337796,0.005890072845282408,5.3193769249275835,1.0491213666840566e-7
bmi,alt_log_adj,REACTOME_ABC_FAMILY_PROTEINS_MEDIATED_TRANSPORT,bmi,0.2882478976142546,0.005757876654052146,50.061492271008994,0
bmi,alt_log_adj,REACTOME_ABC_FAMILY_PROTEINS_MEDIATED_TRANSPORT,ppgs:bmi,0.019041400149787543,0.005912599586044804,3.2204785513854097,0.001281210131035534
bmi,alt_log_adj,REACTOME_ABC_TRANSPORTERS_IN_LIPID_HOMEOSTASIS,ppgs,-0.007171384009083351,0.0056971410474923575,-1.2587689069484935,0.20812418000837085
bmi,alt_log_adj,REACTOME_ABC_TRANSPORTERS_IN_LIPID_HOMEOSTASIS,bmi,0.288415021526418,0.005762317002091713,50.05191859832143,0
bmi,alt_log_adj,REACTOME_ABC_TRANSPORTERS_IN_LIPID_HOMEOSTASIS,ppgs:bmi,0.003545319978151682,0.005874200589986298,0.6035408433609435,0.5461537821412816
bmi,alt_log_adj,REACTOME_ABC_TRANSPORTER_DISORDERS,ppgs,0.03142659467945341,0.005894711165995785,5.331320533691418,9.824635355689098e-8
bmi,alt_log_adj,REACTOME_ABC_TRANSPORTER_DISORDERS,bmi,0.2882559456552738,0.0057577955158495744,50.06359549619071,0
bmi,alt_log_adj,REACTOME_ABC_TRANSPORTER_DISORDERS,ppgs:bmi,0.019430982520697675,0.0059221447456420774,3.281071867585866,0.0010353825921877932
bmi,alt_log_adj,REACTOME_ABERRANT_REGULATION_OF_MITOTIC_EXIT_IN_CANCER_DUE_TO_RB1_DEFECTS,ppgs,0.01004099728489393,0.005668953220860518,1.7712259907076386,0.07653387123172707
bmi,alt_log_adj,REACTOME_ABERRANT_REGULATION_OF_MITOTIC_EXIT_IN_CANCER_DUE_TO_RB1_DEFECTS,bmi,0.288471175658104,0.0057614501610643845,50.06919570485552,0
bmi,alt_log_adj,REACTOME_ABERRANT_REGULATION_OF_MITOTIC_EXIT_IN_CANCER_DUE_TO_RB1_DEFECTS,ppgs:bmi,-0.006905307498814232,0.0055708597037882725,-1.2395407290760732,0.21515557649915407
bmi,alt_log_adj,REACTOME_ABERRANT_REGULATION_OF_MITOTIC_G1_S_TRANSITION_IN_CANCER_DUE_TO_RB1_DEFECTS,ppgs,-7.448509688217233e-4,0.005685458672437049,-0.13100982906317493,0.895768461614841
bmi,alt_log_adj,REACTOME_ABERRANT_REGULATION_OF_MITOTIC_G1_S_TRANSITION_IN_CANCER_DUE_TO_RB1_DEFECTS,bmi,0.28839209421250295,0.005761680206239182,50.053471190610374,0
bmi,alt_log_adj,REACTOME_ABERRANT_REGULATION_OF_MITOTIC_G1_S_TRANSITION_IN_CANCER_DUE_TO_RB1_DEFECTS,ppgs:bmi,-0.004220431295230373,0.005623839405200316,-0.7504537365216682,0.45298770581284986
bmi,alt_log_adj,REACTOME_ABORTIVE_ELONGATION_OF_HIV_1_TRANSCRIPT_IN_THE_ABSENCE_OF_TAT,ppgs,6.339970755455925e-4,0.005708212095985058,0.1110675400431463,0.9115635750405835
bmi,alt_log_adj,REACTOME_ABORTIVE_ELONGATION_OF_HIV_1_TRANSCRIPT_IN_THE_ABSENCE_OF_TAT,bmi,0.28843697841950594,0.005761754682218665,50.06061422740723,0
bmi,alt_log_adj,REACTOME_ABORTIVE_ELONGATION_OF_HIV_1_TRANSCRIPT_IN_THE_ABSENCE_OF_TAT,ppgs:bmi,-0.0031325527694390336,0.005716582592239069,-0.5479764735126614,0.5837123718768669
bmi,alt_log_adj,REACTOME_ACETYLCHOLINE_BINDING_AND_DOWNSTREAM_EVENTS,ppgs,-0.007596031066272663,0.005719619188124898,-1.3280658757917976,0.18416703785132205
bmi,alt_log_adj,REACTOME_ACETYLCHOLINE_BINDING_AND_DOWNSTREAM_EVENTS,bmi,0.28839019162254076,0.00576160782659313,50.05376976396317,0
bmi,alt_log_adj,REACTOME_ACETYLCHOLINE_BINDING_AND_DOWNSTREAM_EVENTS,ppgs:bmi,-0.001063581778186821,0.005710636242574519,-0.18624575844237765,0.8522533742696055
bmi,alt_log_adj,REACTOME_ACETYLCHOLINE_INHIBITS_CONTRACTION_OF_OUTER_HAIR_CELLS,ppgs,-0.008771059004156102,0.005735898542644939,-1.529151699414751,0.1262379990265678
bmi,alt_log_adj,REACTOME_ACETYLCHOLINE_INHIBITS_CONTRACTION_OF_OUTER_HAIR_CELLS,bmi,0.2885947201164961,0.005765563084570654,50.05490632628938,0
bmi,alt_log_adj,REACTOME_ACETYLCHOLINE_INHIBITS_CONTRACTION_OF_OUTER_HAIR_CELLS,ppgs:bmi,-3.504544973544536e-4,0.005735639964840406,-0.061101202220283535,0.9512790424463481
bmi,alt_log_adj,REACTOME_ACETYLCHOLINE_NEUROTRANSMITTER_RELEASE_CYCLE,ppgs,-0.004107910898320985,0.005703133502960121,-0.7202901521047752,0.4713523057649216
bmi,alt_log_adj,REACTOME_ACETYLCHOLINE_NEUROTRANSMITTER_RELEASE_CYCLE,bmi,0.2883846318117468,0.0057616809014655965,50.05216997324349,0
bmi,alt_log_adj,REACTOME_ACETYLCHOLINE_NEUROTRANSMITTER_RELEASE_CYCLE,ppgs:bmi,-0.005941010003603862,0.0057331104533560485,-1.0362629591631387,0.30008832096694915
bmi,alt_log_adj,REACTOME_ACETYLCHOLINE_REGULATES_INSULIN_SECRETION,ppgs,-0.009766022348063305,0.005724291732552354,-1.7060664977165338,0.08800665305990475
bmi,alt_log_adj,REACTOME_ACETYLCHOLINE_REGULATES_INSULIN_SECRETION,bmi,0.2884011237862262,0.005761131337211607,50.05980716381526,0
bmi,alt_log_adj,REACTOME_ACETYLCHOLINE_REGULATES_INSULIN_SECRETION,ppgs:bmi,0.009082188496231335,0.0056754629625442475,1.6002550904076185,0.109553148728375
bmi,alt_log_adj,REACTOME_ACROSOME_REACTION_AND_SPERM_OOCYTE_MEMBRANE_BINDING,ppgs,-0.006807748068387939,0.005722800969375813,-1.1895832311516612,0.23422020309566582
bmi,alt_log_adj,REACTOME_ACROSOME_REACTION_AND_SPERM_OOCYTE_MEMBRANE_BINDING,bmi,0.2883280734972757,0.005761733602773131,50.04189595966446,0
bmi,alt_log_adj,REACTOME_ACROSOME_REACTION_AND_SPERM_OOCYTE_MEMBRANE_BINDING,ppgs:bmi,-0.00504587344313469,0.005765863329512131,-0.8751288670523584,0.3815112062373581
bmi,alt_log_adj,REACTOME_ACTIVATED_NOTCH1_TRANSMITS_SIGNAL_TO_THE_NUCLEUS,ppgs,-1.821144838393063e-4,0.0056938378660280255,-0.031984487111212365,0.9744846472338707
bmi,alt_log_adj,REACTOME_ACTIVATED_NOTCH1_TRANSMITS_SIGNAL_TO_THE_NUCLEUS,bmi,0.2884150333095003,0.005761518358415442,50.05885868405382,0
bmi,alt_log_adj,REACTOME_ACTIVATED_NOTCH1_TRANSMITS_SIGNAL_TO_THE_NUCLEUS,ppgs:bmi,0.005569815478471199,0.00564875621847878,0.9860251112007026,0.3241292060852917
bmi,alt_log_adj,REACTOME_ACTIVATED_NTRK2_SIGNALS_THROUGH_CDK5,ppgs,0.0011912501970422565,0.005704245270877178,0.20883572505623876,0.8345779820833322
bmi,alt_log_adj,REACTOME_ACTIVATED_NTRK2_SIGNALS_THROUGH_CDK5,bmi,0.28842982781992504,0.0057615563858120925,50.06109608337553,0
bmi,alt_log_adj,REACTOME_ACTIVATED_NTRK2_SIGNALS_THROUGH_CDK5,ppgs:bmi,0.004911773968538075,0.005850816622006478,0.8395022927335625,0.4011945826595351
bmi,alt_log_adj,REACTOME_ACTIVATED_NTRK2_SIGNALS_THROUGH_FRS2_AND_FRS3,ppgs,0.009082635244051911,0.005741185140651653,1.58201399563662,0.11365753149109875
bmi,alt_log_adj,REACTOME_ACTIVATED_NTRK2_SIGNALS_THROUGH_FRS2_AND_FRS3,bmi,0.288510404280827,0.00576131070712525,50.077216617394775,0
bmi,alt_log_adj,REACTOME_ACTIVATED_NTRK2_SIGNALS_THROUGH_FRS2_AND_FRS3,ppgs:bmi,0.008373376553343649,0.005815601881062331,1.4398125464210922,0.1499314831944234
bmi,alt_log_adj,REACTOME_ACTIVATED_NTRK2_SIGNALS_THROUGH_FYN,ppgs,-0.002080120109952838,0.005758227438918798,-0.36124313115763534,0.7179203940210277
bmi,alt_log_adj,REACTOME_ACTIVATED_NTRK2_SIGNALS_THROUGH_FYN,bmi,0.28835651032411763,0.005762247172166262,50.04237092032148,0
bmi,alt_log_adj,REACTOME_ACTIVATED_NTRK2_SIGNALS_THROUGH_FYN,ppgs:bmi,0.0033315161221385086,0.00580421104356966,0.5739825959342764,0.5659841325793153
bmi,alt_log_adj,REACTOME_ACTIVATED_NTRK2_SIGNALS_THROUGH_PI3K,ppgs,1.1846331386278237e-4,0.00570085641071169,0.020779915389588545,0.9834213657266182
bmi,alt_log_adj,REACTOME_ACTIVATED_NTRK2_SIGNALS_THROUGH_PI3K,bmi,0.28839888119885376,0.005761475716257779,50.05642571486459,0
bmi,alt_log_adj,REACTOME_ACTIVATED_NTRK2_SIGNALS_THROUGH_PI3K,ppgs:bmi,-0.007501110688362537,0.005651011442838444,-1.3273925852457322,0.18438954086707285
bmi,alt_log_adj,REACTOME_ACTIVATED_NTRK2_SIGNALS_THROUGH_RAS,ppgs,-0.003707745850073701,0.005724603953440563,-0.6476860024255995,0.5171933046434658
bmi,alt_log_adj,REACTOME_ACTIVATED_NTRK2_SIGNALS_THROUGH_RAS,bmi,0.2883973367230975,0.005761829428740736,50.05308475196002,0
bmi,alt_log_adj,REACTOME_ACTIVATED_NTRK2_SIGNALS_THROUGH_RAS,ppgs:bmi,0.005322368061382667,0.0057303677806058205,0.9288004304707962,0.3530004296965542
bmi,alt_log_adj,REACTOME_ACTIVATED_NTRK3_SIGNALS_THROUGH_PI3K,ppgs,0.004680182236769595,0.0056960736939639925,0.8216505769103872,0.41128270535729794
bmi,alt_log_adj,REACTOME_ACTIVATED_NTRK3_SIGNALS_THROUGH_PI3K,bmi,0.28843879634527086,0.0057615371812296465,50.062819569223244,0
bmi,alt_log_adj,REACTOME_ACTIVATED_NTRK3_SIGNALS_THROUGH_PI3K,ppgs:bmi,-0.004423741123421661,0.0055427612666900435,-0.7981114304898387,0.42481251443270474
bmi,alt_log_adj,REACTOME_ACTIVATED_NTRK3_SIGNALS_THROUGH_RAS,ppgs,-0.003214574618947656,0.005680986460542884,-0.5658479634257861,0.5715016169190642
bmi,alt_log_adj,REACTOME_ACTIVATED_NTRK3_SIGNALS_THROUGH_RAS,bmi,0.28835310291722627,0.00576238886770198,50.04054907391567,0
bmi,alt_log_adj,REACTOME_ACTIVATED_NTRK3_SIGNALS_THROUGH_RAS,ppgs:bmi,0.0038612396610316116,0.0055930350555777365,0.6903657178370326,0.48996988187339885
bmi,alt_log_adj,REACTOME_ACTIVATED_PKN1_STIMULATES_TRANSCRIPTION_OF_AR_ANDROGEN_RECEPTOR_REGULATED_GENES_KLK2_AND_KLK3,ppgs,-0.0046056780304992665,0.005698307164037671,-0.8082537318391597,0.41895131420314535
bmi,alt_log_adj,REACTOME_ACTIVATED_PKN1_STIMULATES_TRANSCRIPTION_OF_AR_ANDROGEN_RECEPTOR_REGULATED_GENES_KLK2_AND_KLK3,bmi,0.2885094571403974,0.005762897412233627,50.063264448876375,0
bmi,alt_log_adj,REACTOME_ACTIVATED_PKN1_STIMULATES_TRANSCRIPTION_OF_AR_ANDROGEN_RECEPTOR_REGULATED_GENES_KLK2_AND_KLK3,ppgs:bmi,-0.00292995792408973,0.005655838829777035,-0.518041268903208,0.6044335188245712
bmi,alt_log_adj,REACTOME_ACTIVATED_TAK1_MEDIATES_P38_MAPK_ACTIVATION,ppgs,-0.014295220404348939,0.00574321904765368,-2.489060627104075,0.012813802948735973
bmi,alt_log_adj,REACTOME_ACTIVATED_TAK1_MEDIATES_P38_MAPK_ACTIVATION,bmi,0.2883656488303209,0.005760999613383463,50.05479399103142,0
bmi,alt_log_adj,REACTOME_ACTIVATED_TAK1_MEDIATES_P38_MAPK_ACTIVATION,ppgs:bmi,0.005234514241046938,0.0056557558932415,0.9255198314520723,0.35470345149145077
bmi,alt_log_adj,REACTOME_ACTIVATION_OF_AMPK_DOWNSTREAM_OF_NMDARS,ppgs,0.012259271673928289,0.005705001338364102,2.1488639435523096,0.03165362845157561
bmi,alt_log_adj,REACTOME_ACTIVATION_OF_AMPK_DOWNSTREAM_OF_NMDARS,bmi,0.2885804414479751,0.005761151853845567,50.0907542048814,0
bmi,alt_log_adj,REACTOME_ACTIVATION_OF_AMPK_DOWNSTREAM_OF_NMDARS,ppgs:bmi,0.011288001470555885,0.005803820316346878,1.9449260754614364,0.05179375106434592
bmi,alt_log_adj,REACTOME_ACTIVATION_OF_ANTERIOR_HOX_GENES_IN_HINDBRAIN_DEVELOPMENT_DURING_EARLY_EMBRYOGENESIS,ppgs,-0.006631743627247471,0.005694969113884675,-1.1644915880366906,0.2442346500572315
bmi,alt_log_adj,REACTOME_ACTIVATION_OF_ANTERIOR_HOX_GENES_IN_HINDBRAIN_DEVELOPMENT_DURING_EARLY_EMBRYOGENESIS,bmi,0.2883476850712464,0.005762066712832623,50.042406560318206,0
bmi,alt_log_adj,REACTOME_ACTIVATION_OF_ANTERIOR_HOX_GENES_IN_HINDBRAIN_DEVELOPMENT_DURING_EARLY_EMBRYOGENESIS,ppgs:bmi,-8.370389574570202e-4,0.005823506910175013,-0.1437345177687554,0.885711134639607
bmi,alt_log_adj,REACTOME_ACTIVATION_OF_APC_C_AND_APC_C_CDC20_MEDIATED_DEGRADATION_OF_MITOTIC_PROTEINS,ppgs,-0.006275362149425751,0.0056773484805187745,-1.1053332679787047,0.2690245885051194
bmi,alt_log_adj,REACTOME_ACTIVATION_OF_APC_C_AND_APC_C_CDC20_MEDIATED_DEGRADATION_OF_MITOTIC_PROTEINS,bmi,0.28837273958389076,0.0057611569980667845,50.054657368417004,0
bmi,alt_log_adj,REACTOME_ACTIVATION_OF_APC_C_AND_APC_C_CDC20_MEDIATED_DEGRADATION_OF_MITOTIC_PROTEINS,ppgs:bmi,-0.010783013939262722,0.005743374770789015,-1.8774700188651228,0.060463962122742194
bmi,alt_log_adj,REACTOME_ACTIVATION_OF_ATR_IN_RESPONSE_TO_REPLICATION_STRESS,ppgs,0.0010106640637203826,0.0056964030076380665,0.17742144689644074,0.8591786299723737
bmi,alt_log_adj,REACTOME_ACTIVATION_OF_ATR_IN_RESPONSE_TO_REPLICATION_STRESS,bmi,0.2883754587533046,0.005762071806304834,50.04718241063317,0
bmi,alt_log_adj,REACTOME_ACTIVATION_OF_ATR_IN_RESPONSE_TO_REPLICATION_STRESS,ppgs:bmi,0.0027344178494247318,0.005617665605997414,0.4867534027845072,0.6264368588732081
bmi,alt_log_adj,REACTOME_ACTIVATION_OF_BAD_AND_TRANSLOCATION_TO_MITOCHONDRIA,ppgs,0.02162982871281457,0.00569767158648415,3.7962575386275716,1.4720269390336958e-4
bmi,alt_log_adj,REACTOME_ACTIVATION_OF_BAD_AND_TRANSLOCATION_TO_MITOCHONDRIA,bmi,0.28860510727939015,0.005760236819840977,50.10299338480282,0
bmi,alt_log_adj,REACTOME_ACTIVATION_OF_BAD_AND_TRANSLOCATION_TO_MITOCHONDRIA,ppgs:bmi,0.008091183659506234,0.005683497270746248,1.42362761413693,0.15456530372523586
bmi,alt_log_adj,REACTOME_ACTIVATION_OF_BH3_ONLY_PROTEINS,ppgs,0.008914255614526276,0.005691845526178517,1.5661450356526583,0.11732582881042235
bmi,alt_log_adj,REACTOME_ACTIVATION_OF_BH3_ONLY_PROTEINS,bmi,0.28849739125967094,0.005761815604559643,50.070569948709746,0
bmi,alt_log_adj,REACTOME_ACTIVATION_OF_BH3_ONLY_PROTEINS,ppgs:bmi,-0.005167983850513327,0.005617633031103804,-0.9199575376140001,0.35760277737707824
bmi,alt_log_adj,REACTOME_ACTIVATION_OF_C3_AND_C5,ppgs,4.996819519281132e-4,0.005689953238832541,0.08781828794618311,0.9300217225433813
bmi,alt_log_adj,REACTOME_ACTIVATION_OF_C3_AND_C5,bmi,0.288411225231432,0.005761817640365289,50.0555975966548,0
bmi,alt_log_adj,REACTOME_ACTIVATION_OF_C3_AND_C5,ppgs:bmi,-4.5842673898499415e-5,0.005690823117020178,-0.008055543628019756,0.9935727323083738
bmi,alt_log_adj,REACTOME_ACTIVATION_OF_CASPASES_THROUGH_APOPTOSOME_MEDIATED_CLEAVAGE,ppgs,0.01084450094170194,0.005821985737014114,1.8626807813623558,0.06251752746317947
bmi,alt_log_adj,REACTOME_ACTIVATION_OF_CASPASES_THROUGH_APOPTOSOME_MEDIATED_CLEAVAGE,bmi,0.2885838372358228,0.005762122618216132,50.08290457469718,0
bmi,alt_log_adj,REACTOME_ACTIVATION_OF_CASPASES_THROUGH_APOPTOSOME_MEDIATED_CLEAVAGE,ppgs:bmi,0.004664411775888252,0.005852268250681328,0.7970263111820303,0.42544242592970183
bmi,alt_log_adj,REACTOME_ACTIVATION_OF_GENE_EXPRESSION_BY_SREBF_SREBP,ppgs,0.011966202594535456,0.005723472040766253,2.0907243905979547,0.03656166011675352
bmi,alt_log_adj,REACTOME_ACTIVATION_OF_GENE_EXPRESSION_BY_SREBF_SREBP,bmi,0.2885900680442044,0.005761491667135979,50.08947069911527,0
bmi,alt_log_adj,REACTOME_ACTIVATION_OF_GENE_EXPRESSION_BY_SREBF_SREBP,ppgs:bmi,0.006727683188782275,0.005737095266199539,1.17266366978754,0.24094055974419692
bmi,alt_log_adj,REACTOME_ACTIVATION_OF_IRF3_IRF7_MEDIATED_BY_TBK1_IKK_IKBKE,ppgs,0.0064082542330882305,0.0056953284925214025,1.1251772819606416,0.2605234442760699
bmi,alt_log_adj,REACTOME_ACTIVATION_OF_IRF3_IRF7_MEDIATED_BY_TBK1_IKK_IKBKE,bmi,0.28837451628515787,0.005761685773454575,50.05037199594714,0
bmi,alt_log_adj,REACTOME_ACTIVATION_OF_IRF3_IRF7_MEDIATED_BY_TBK1_IKK_IKBKE,ppgs:bmi,0.002203663475810826,0.005654042920499354,0.38975004378215844,0.696724315412619
bmi,alt_log_adj,REACTOME_ACTIVATION_OF_KAINATE_RECEPTORS_UPON_GLUTAMATE_BINDING,ppgs,0.0011998818342628967,0.005718932026544723,0.20980872454744734,0.8338184711653464
bmi,alt_log_adj,REACTOME_ACTIVATION_OF_KAINATE_RECEPTORS_UPON_GLUTAMATE_BINDING,bmi,0.288403526157194,0.005762059187392302,50.052163085765685,0
bmi,alt_log_adj,REACTOME_ACTIVATION_OF_KAINATE_RECEPTORS_UPON_GLUTAMATE_BINDING,ppgs:bmi,-1.4220394111536016e-4,0.005701249026965972,-0.02494259423553661,0.9801009280670115
bmi,alt_log_adj,REACTOME_ACTIVATION_OF_MATRIX_METALLOPROTEINASES,ppgs,0.005156467950288137,0.005743208410584518,0.8978375120054776,0.3692798079223222
bmi,alt_log_adj,REACTOME_ACTIVATION_OF_MATRIX_METALLOPROTEINASES,bmi,0.28838175567569485,0.005761811562781972,50.050535761786634,0
bmi,alt_log_adj,REACTOME_ACTIVATION_OF_MATRIX_METALLOPROTEINASES,ppgs:bmi,-0.0011363338639705834,0.005748446514251096,-0.19767668728472537,0.8432994479681537
bmi,alt_log_adj,REACTOME_ACTIVATION_OF_NF_KAPPAB_IN_B_CELLS,ppgs,-0.012091612953296544,0.0056865439881287365,-2.126355300959435,0.033482301487655235
bmi,alt_log_adj,REACTOME_ACTIVATION_OF_NF_KAPPAB_IN_B_CELLS,bmi,0.2883250935005412,0.005761839491633094,50.04045911366067,0
bmi,alt_log_adj,REACTOME_ACTIVATION_OF_NF_KAPPAB_IN_B_CELLS,ppgs:bmi,-0.002621816133161515,0.005734160198095824,-0.45722756996432656,0.6475109876649763
bmi,alt_log_adj,REACTOME_ACTIVATION_OF_NIMA_KINASES_NEK9_NEK6_NEK7,ppgs,-0.007766113222009664,0.005888611877727663,-1.3188359809182233,0.18723460607087816
bmi,alt_log_adj,REACTOME_ACTIVATION_OF_NIMA_KINASES_NEK9_NEK6_NEK7,bmi,0.28841154338183744,0.005762086633160463,50.0533160542999,0
bmi,alt_log_adj,REACTOME_ACTIVATION_OF_NIMA_KINASES_NEK9_NEK6_NEK7,ppgs:bmi,-6.504892879178439e-4,0.00567081237724356,-0.11470830714276435,0.9086771416495389
bmi,alt_log_adj,REACTOME_ACTIVATION_OF_NMDA_RECEPTORS_AND_POSTSYNAPTIC_EVENTS,ppgs,-8.235344924752374e-4,0.0057166322114038754,-0.14405938007213445,0.8854546041033307
bmi,alt_log_adj,REACTOME_ACTIVATION_OF_NMDA_RECEPTORS_AND_POSTSYNAPTIC_EVENTS,bmi,0.28841727329232253,0.005761561115738305,50.058875971042056,0
bmi,alt_log_adj,REACTOME_ACTIVATION_OF_NMDA_RECEPTORS_AND_POSTSYNAPTIC_EVENTS,ppgs:bmi,-0.004057025257363036,0.0057703220683694165,-0.7030847168136447,0.4820087298167621
bmi,alt_log_adj,REACTOME_ACTIVATION_OF_NOXA_AND_TRANSLOCATION_TO_MITOCHONDRIA,ppgs,-0.002678920392130484,0.005685995734772238,-0.4711435810174403,0.6375418305887499
bmi,alt_log_adj,REACTOME_ACTIVATION_OF_NOXA_AND_TRANSLOCATION_TO_MITOCHONDRIA,bmi,0.2884034733754214,0.0057615528714883586,50.05655242749153,0
bmi,alt_log_adj,REACTOME_ACTIVATION_OF_NOXA_AND_TRANSLOCATION_TO_MITOCHONDRIA,ppgs:bmi,-0.004685779369029472,0.005657934441555833,-0.8281784487663603,0.407576419148291
bmi,alt_log_adj,REACTOME_ACTIVATION_OF_PPARGC1A_PGC_1ALPHA_BY_PHOSPHORYLATION,ppgs,0.0018102938975395645,0.005699349269585179,0.3176316824800114,0.7507666780812586
bmi,alt_log_adj,REACTOME_ACTIVATION_OF_PPARGC1A_PGC_1ALPHA_BY_PHOSPHORYLATION,bmi,0.28839564536980955,0.00576175357052385,50.05345019356478,0
bmi,alt_log_adj,REACTOME_ACTIVATION_OF_PPARGC1A_PGC_1ALPHA_BY_PHOSPHORYLATION,ppgs:bmi,0.0017413213824315245,0.005716117338306629,0.3046335964382743,0.7606474654795201
bmi,alt_log_adj,REACTOME_ACTIVATION_OF_PUMA_AND_TRANSLOCATION_TO_MITOCHONDRIA,ppgs,-0.001391318619802209,0.005682616765929858,-0.2448376649546144,0.8065839010316742
bmi,alt_log_adj,REACTOME_ACTIVATION_OF_PUMA_AND_TRANSLOCATION_TO_MITOCHONDRIA,bmi,0.2884573172817475,0.005761658264143672,50.06498199952155,0
bmi,alt_log_adj,REACTOME_ACTIVATION_OF_PUMA_AND_TRANSLOCATION_TO_MITOCHONDRIA,ppgs:bmi,-0.005851085006933419,0.005624310231451077,-1.0403204599586666,0.29819991419409697
bmi,alt_log_adj,REACTOME_ACTIVATION_OF_RAC1,ppgs,-0.0021947689637681306,0.005718561063850385,-0.3837974167386722,0.7011314812450857
bmi,alt_log_adj,REACTOME_ACTIVATION_OF_RAC1,bmi,0.28852409393854694,0.005761931696092559,50.074195453272885,0
bmi,alt_log_adj,REACTOME_ACTIVATION_OF_RAC1,ppgs:bmi,0.010309892289875089,0.005955830184436801,1.7310588063467458,0.08345215730878923
bmi,alt_log_adj,REACTOME_ACTIVATION_OF_RAC1_DOWNSTREAM_OF_NMDARS,ppgs,-0.004413347954655031,0.0056910095459581,-0.7754947376233982,0.4380538428704345
bmi,alt_log_adj,REACTOME_ACTIVATION_OF_RAC1_DOWNSTREAM_OF_NMDARS,bmi,0.2884674894217603,0.0057619652956369515,50.06407963619502,0
bmi,alt_log_adj,REACTOME_ACTIVATION_OF_RAC1_DOWNSTREAM_OF_NMDARS,ppgs:bmi,0.004839075571198199,0.0057101185362909215,0.8474562376320616,0.39674802442217005
bmi,alt_log_adj,REACTOME_ACTIVATION_OF_RAS_IN_B_CELLS,ppgs,-1.2252449323584818e-4,0.005776012052889003,-0.021212645007304787,0.9830761765915406
bmi,alt_log_adj,REACTOME_ACTIVATION_OF_RAS_IN_B_CELLS,bmi,0.2884552958552215,0.005761757726937517,50.06376691380617,0
bmi,alt_log_adj,REACTOME_ACTIVATION_OF_RAS_IN_B_CELLS,ppgs:bmi,0.008277171115982989,0.00583570550448508,1.4183668297897316,0.1560946875486274
bmi,alt_log_adj,REACTOME_ACTIVATION_OF_SMO,ppgs,0.0036120386881927594,0.005671470259259788,0.6368787145265195,0.5242089912963039
bmi,alt_log_adj,REACTOME_ACTIVATION_OF_SMO,bmi,0.2884220359546445,0.0057619587259952155,50.05624817363261,0
bmi,alt_log_adj,REACTOME_ACTIVATION_OF_SMO,ppgs:bmi,-0.005976891595840122,0.005708779315345007,-1.0469649054000805,0.2951246910894234
bmi,alt_log_adj,REACTOME_ACTIVATION_OF_THE_AP_1_FAMILY_OF_TRANSCRIPTION_FACTORS,ppgs,-8.686386072178156e-4,0.005733418926149702,-0.15150447200988904,0.8795788614897223
bmi,alt_log_adj,REACTOME_ACTIVATION_OF_THE_AP_1_FAMILY_OF_TRANSCRIPTION_FACTORS,bmi,0.2885318488570212,0.005763495350946749,50.06195568625298,0
bmi,alt_log_adj,REACTOME_ACTIVATION_OF_THE_AP_1_FAMILY_OF_TRANSCRIPTION_FACTORS,ppgs:bmi,0.004532388230523775,0.005776454972916712,0.7846314481414941,0.4326762427181988
bmi,alt_log_adj,REACTOME_ACTIVATION_OF_THE_MRNA_UPON_BINDING_OF_THE_CAP_BINDING_COMPLEX_AND_EIFS_AND_SUBSEQUENT_BINDING_TO_43S,ppgs,0.006307701287888086,0.005690195546895595,1.108521005280633,0.26764627719020984
bmi,alt_log_adj,REACTOME_ACTIVATION_OF_THE_MRNA_UPON_BINDING_OF_THE_CAP_BINDING_COMPLEX_AND_EIFS_AND_SUBSEQUENT_BINDING_TO_43S,bmi,0.28854054240960597,0.005761581741368659,50.08009178067539,0
bmi,alt_log_adj,REACTOME_ACTIVATION_OF_THE_MRNA_UPON_BINDING_OF_THE_CAP_BINDING_COMPLEX_AND_EIFS_AND_SUBSEQUENT_BINDING_TO_43S,ppgs:bmi,0.00965944879056783,0.005668448505907078,1.7040727776748326,0.08837845069283343
bmi,alt_log_adj,REACTOME_ACTIVATION_OF_THE_PHOTOTRANSDUCTION_CASCADE,ppgs,0.0018409211608836178,0.005704360256525503,0.32272175635781347,0.7469083539628039
bmi,alt_log_adj,REACTOME_ACTIVATION_OF_THE_PHOTOTRANSDUCTION_CASCADE,bmi,0.288428882333478,0.005761605515628153,50.06050510593354,0
bmi,alt_log_adj,REACTOME_ACTIVATION_OF_THE_PHOTOTRANSDUCTION_CASCADE,ppgs:bmi,-0.003649305476341975,0.005717149747662168,-0.6383085343941242,0.5232780138993944
bmi,alt_log_adj,REACTOME_ACTIVATION_OF_THE_PRE_REPLICATIVE_COMPLEX,ppgs,-0.002867003401084675,0.0057191462294415435,-0.5012991950311837,0.616164464369853
bmi,alt_log_adj,REACTOME_ACTIVATION_OF_THE_PRE_REPLICATIVE_COMPLEX,bmi,0.2883680357478403,0.005762030162691123,50.04625585180201,0
bmi,alt_log_adj,REACTOME_ACTIVATION_OF_THE_PRE_REPLICATIVE_COMPLEX,ppgs:bmi,-0.0025957514970056787,0.0057859809435114665,-0.44862773008552936,0.6537036555194118
bmi,alt_log_adj,REACTOME_ACTIVATION_OF_THE_TFAP2_AP_2_FAMILY_OF_TRANSCRIPTION_FACTORS,ppgs,-0.0031285222781703243,0.005721649878142224,-0.546786738930298,0.5845295585083081
bmi,alt_log_adj,REACTOME_ACTIVATION_OF_THE_TFAP2_AP_2_FAMILY_OF_TRANSCRIPTION_FACTORS,bmi,0.2884561517628896,0.005762856917738824,50.05436641589763,0
bmi,alt_log_adj,REACTOME_ACTIVATION_OF_THE_TFAP2_AP_2_FAMILY_OF_TRANSCRIPTION_FACTORS,ppgs:bmi,0.0036003687266567726,0.005705873383211606,0.6309934491799519,0.5280498948973726
bmi,alt_log_adj,REACTOME_ACTIVATION_OF_TRKA_RECEPTORS,ppgs,0.005380601906143799,0.005704488767144668,0.9432224561706014,0.34557516776351915
bmi,alt_log_adj,REACTOME_ACTIVATION_OF_TRKA_RECEPTORS,bmi,0.28851707844941177,0.005761548651726233,50.07630689067746,0
bmi,alt_log_adj,REACTOME_ACTIVATION_OF_TRKA_RECEPTORS,ppgs:bmi,0.00891483717554544,0.005763041359614906,1.546898003893753,0.12189900537230913
bmi,alt_log_adj,REACTOME_ACYL_CHAIN_REMODELING_OF_CL,ppgs,-0.003729450231712805,0.005690232187573824,-0.6554126630995969,0.5122074192168855
bmi,alt_log_adj,REACTOME_ACYL_CHAIN_REMODELING_OF_CL,bmi,0.28838835831802234,0.005761718901751875,50.05248663386487,0
bmi,alt_log_adj,REACTOME_ACYL_CHAIN_REMODELING_OF_CL,ppgs:bmi,-0.0039604897120892515,0.0056919696045030525,-0.6958030325664448,0.4865578939225941
bmi,alt_log_adj,REACTOME_ACYL_CHAIN_REMODELING_OF_DAG_AND_TAG,ppgs,0.06551584188839596,0.0056885680532302455,11.517106110947003,1.2657527517751327e-30
bmi,alt_log_adj,REACTOME_ACYL_CHAIN_REMODELING_OF_DAG_AND_TAG,bmi,0.28962196828157394,0.005745029024592778,50.412620552792255,0
bmi,alt_log_adj,REACTOME_ACYL_CHAIN_REMODELING_OF_DAG_AND_TAG,ppgs:bmi,0.03888294190013145,0.005854824746336899,6.641179469028303,3.1680552095332723e-11
bmi,alt_log_adj,REACTOME_ACYL_CHAIN_REMODELLING_OF_PC,ppgs,1.4711941086086597e-4,0.005702151981748765,0.025800682151538627,0.9794164993593948
bmi,alt_log_adj,REACTOME_ACYL_CHAIN_REMODELLING_OF_PC,bmi,0.288471723389314,0.0057622008687234485,50.06276767530002,0
bmi,alt_log_adj,REACTOME_ACYL_CHAIN_REMODELLING_OF_PC,ppgs:bmi,0.004024260213150507,0.005805030438843396,0.6932367117703361,0.4881666923475161
bmi,alt_log_adj,REACTOME_ACYL_CHAIN_REMODELLING_OF_PE,ppgs,-0.0014187904703530005,0.005692977670505351,-0.2492176418860006,0.8031942392021096
bmi,alt_log_adj,REACTOME_ACYL_CHAIN_REMODELLING_OF_PE,bmi,0.2883964426822789,0.005761980146895513,50.0516203336215,0
bmi,alt_log_adj,REACTOME_ACYL_CHAIN_REMODELLING_OF_PE,ppgs:bmi,-0.0010756063464840893,0.00580455522707145,-0.18530383542009313,0.8529920556001391
bmi,alt_log_adj,REACTOME_ACYL_CHAIN_REMODELLING_OF_PG,ppgs,-0.005672288503022007,0.005699571365017113,-0.9952131730181389,0.3196410909690907
bmi,alt_log_adj,REACTOME_ACYL_CHAIN_REMODELLING_OF_PG,bmi,0.2884222312734623,0.005760966445633916,50.06490386557447,0
bmi,alt_log_adj,REACTOME_ACYL_CHAIN_REMODELLING_OF_PG,ppgs:bmi,-0.013362987855124284,0.005695080794837344,-2.346408828341467,0.01896215070180384
bmi,alt_log_adj,REACTOME_ACYL_CHAIN_REMODELLING_OF_PI,ppgs,-0.005142373636785339,0.005699517462832883,-0.9022471937877664,0.3669332358186971
bmi,alt_log_adj,REACTOME_ACYL_CHAIN_REMODELLING_OF_PI,bmi,0.28841135596957895,0.0057615190332654526,50.05821456188373,0
bmi,alt_log_adj,REACTOME_ACYL_CHAIN_REMODELLING_OF_PI,ppgs:bmi,-0.00586526308983982,0.005721819028832752,-1.0250696605894456,0.3053390666721938
bmi,alt_log_adj,REACTOME_ACYL_CHAIN_REMODELLING_OF_PS,ppgs,6.325920198634308e-5,0.005699741093209154,0.011098609735398689,0.9911448505426759
bmi,alt_log_adj,REACTOME_ACYL_CHAIN_REMODELLING_OF_PS,bmi,0.2883893708392294,0.005761697444894045,50.05284876504527,0
bmi,alt_log_adj,REACTOME_ACYL_CHAIN_REMODELLING_OF_PS,ppgs:bmi,0.003748787313161701,0.005686991806781721,0.6591863397255616,0.50978147222915
bmi,alt_log_adj,REACTOME_ADAPTIVE_IMMUNE_SYSTEM,ppgs,0.014482541739536132,0.005708846900189597,2.5368593680547202,0.01119050295947796
bmi,alt_log_adj,REACTOME_ADAPTIVE_IMMUNE_SYSTEM,bmi,0.28843684403278913,0.005760973939606713,50.067375248789965,0
bmi,alt_log_adj,REACTOME_ADAPTIVE_IMMUNE_SYSTEM,ppgs:bmi,0.005720312097949816,0.005821458099739937,0.9826253148168086,0.3258002666329989
bmi,alt_log_adj,REACTOME_ADENYLATE_CYCLASE_ACTIVATING_PATHWAY,ppgs,-0.0016137680976084211,0.005837372797721346,-0.27645452047166924,0.7822010017614126
bmi,alt_log_adj,REACTOME_ADENYLATE_CYCLASE_ACTIVATING_PATHWAY,bmi,0.2884129364447578,0.005761576757258443,50.0579873524057,0
bmi,alt_log_adj,REACTOME_ADENYLATE_CYCLASE_ACTIVATING_PATHWAY,ppgs:bmi,0.0043419312643087835,0.005832274066394185,0.7444662604809981,0.4566006167613106
bmi,alt_log_adj,REACTOME_ADENYLATE_CYCLASE_INHIBITORY_PATHWAY,ppgs,-0.0023143747192817606,0.005742862430238129,-0.4030002019717186,0.6869511150664709
bmi,alt_log_adj,REACTOME_ADENYLATE_CYCLASE_INHIBITORY_PATHWAY,bmi,0.28844972199194363,0.005761589984654622,50.06425704713431,0
bmi,alt_log_adj,REACTOME_ADENYLATE_CYCLASE_INHIBITORY_PATHWAY,ppgs:bmi,0.006048434180749601,0.005817110705306605,1.039766043171909,0.29845747679823614
bmi,alt_log_adj,REACTOME_ADHERENS_JUNCTIONS_INTERACTIONS,ppgs,0.010991111669428084,0.0057283556706886896,1.9187201880058333,0.05502978592929028
bmi,alt_log_adj,REACTOME_ADHERENS_JUNCTIONS_INTERACTIONS,bmi,0.28838538067803143,0.005761245142167557,50.05608571787522,0
bmi,alt_log_adj,REACTOME_ADHERENS_JUNCTIONS_INTERACTIONS,ppgs:bmi,-0.005462598845889048,0.005761343574349452,-0.9481466910269907,0.3430628637936758
bmi,alt_log_adj,REACTOME_ADIPOGENESIS,ppgs,0.010839678748883903,0.005715229945004958,1.896630381137622,0.05788689375060044
bmi,alt_log_adj,REACTOME_ADIPOGENESIS,bmi,0.2888842504141861,0.005763443357161342,50.123551584008226,0
bmi,alt_log_adj,REACTOME_ADIPOGENESIS,ppgs:bmi,0.01153926716387425,0.005742535190831025,2.009437779728148,0.044500186737293994
bmi,alt_log_adj,REACTOME_ADORA2B_MEDIATED_ANTI_INFLAMMATORY_CYTOKINES_PRODUCTION,ppgs,-8.305280684015304e-4,0.005752318874496936,-0.14438143755967692,0.8852003002664548
bmi,alt_log_adj,REACTOME_ADORA2B_MEDIATED_ANTI_INFLAMMATORY_CYTOKINES_PRODUCTION,bmi,0.2884271167079394,0.005761815217888358,50.058376709561465,0
bmi,alt_log_adj,REACTOME_ADORA2B_MEDIATED_ANTI_INFLAMMATORY_CYTOKINES_PRODUCTION,ppgs:bmi,-0.003284121525096736,0.005771807150274641,-0.5689936339852358,0.5693649679814158
bmi,alt_log_adj,REACTOME_ADP_SIGNALLING_THROUGH_P2Y_PURINOCEPTOR_1,ppgs,-9.53895383403946e-5,0.005706796917475916,-0.01671507497459448,0.986664038382616
bmi,alt_log_adj,REACTOME_ADP_SIGNALLING_THROUGH_P2Y_PURINOCEPTOR_1,bmi,0.288398005422358,0.005762075867296666,50.051060080481506,0
bmi,alt_log_adj,REACTOME_ADP_SIGNALLING_THROUGH_P2Y_PURINOCEPTOR_1,ppgs:bmi,-0.002193872075105657,0.005780723853737448,-0.3795151144760598,0.7043082253878031
bmi,alt_log_adj,REACTOME_ADP_SIGNALLING_THROUGH_P2Y_PURINOCEPTOR_12,ppgs,0.005951740268713056,0.0056869069805490485,1.0465689502342517,0.2953073520166716
bmi,alt_log_adj,REACTOME_ADP_SIGNALLING_THROUGH_P2Y_PURINOCEPTOR_12,bmi,0.2883326562348704,0.005761575761772914,50.04406227683563,0
bmi,alt_log_adj,REACTOME_ADP_SIGNALLING_THROUGH_P2Y_PURINOCEPTOR_12,ppgs:bmi,-0.006943615278367984,0.0056903007634123304,-1.2202545290776639,0.22237855207919177
bmi,alt_log_adj,REACTOME_ADRENALINE_NORADRENALINE_INHIBITS_INSULIN_SECRETION,ppgs,0.004611653891732689,0.005703239767768962,0.8086024925332417,0.4187506164508046
bmi,alt_log_adj,REACTOME_ADRENALINE_NORADRENALINE_INHIBITS_INSULIN_SECRETION,bmi,0.28856716874327765,0.005761750062460394,50.0832499874271,0
bmi,alt_log_adj,REACTOME_ADRENALINE_NORADRENALINE_INHIBITS_INSULIN_SECRETION,ppgs:bmi,-0.010385496893065536,0.005714959646577829,-1.817247633460451,0.06918975739905607
bmi,alt_log_adj,REACTOME_ADRENOCEPTORS,ppgs,-0.008327373067746743,0.005690107986770114,-1.4634824307567533,0.14334650521591527
bmi,alt_log_adj,REACTOME_ADRENOCEPTORS,bmi,0.2884184718369025,0.005761610649427095,50.05865362762431,0
bmi,alt_log_adj,REACTOME_ADRENOCEPTORS,ppgs:bmi,0.0023827271914957544,0.005718580270861107,0.41666411567865635,0.6769272599436567
bmi,alt_log_adj,REACTOME_ADVANCED_GLYCOSYLATION_ENDPRODUCT_RECEPTOR_SIGNALING,ppgs,0.004632741981456084,0.005711421012675596,0.8111364879553522,0.41729410386075594
bmi,alt_log_adj,REACTOME_ADVANCED_GLYCOSYLATION_ENDPRODUCT_RECEPTOR_SIGNALING,bmi,0.2884402103534395,0.005761917371470274,50.05976166573141,0
bmi,alt_log_adj,REACTOME_ADVANCED_GLYCOSYLATION_ENDPRODUCT_RECEPTOR_SIGNALING,ppgs:bmi,0.0038902700944414173,0.005811428422464204,0.6694171917189057,0.5032348399071909
bmi,alt_log_adj,REACTOME_AEROBIC_RESPIRATION_AND_RESPIRATORY_ELECTRON_TRANSPORT,ppgs,8.450198390005951e-4,0.005735251182258333,0.14733789543771247,0.8828663704380529
bmi,alt_log_adj,REACTOME_AEROBIC_RESPIRATION_AND_RESPIRATORY_ELECTRON_TRANSPORT,bmi,0.2884672742706814,0.005761372052657886,50.06919734294945,0
bmi,alt_log_adj,REACTOME_AEROBIC_RESPIRATION_AND_RESPIRATORY_ELECTRON_TRANSPORT,ppgs:bmi,-0.010214443258724195,0.005765519562654722,-1.771643153357193,0.07646455235199723
bmi,alt_log_adj,REACTOME_AFLATOXIN_ACTIVATION_AND_DETOXIFICATION,ppgs,-0.0020674162385537235,0.005788363928542734,-0.3571676321799987,0.7209689743953602
bmi,alt_log_adj,REACTOME_AFLATOXIN_ACTIVATION_AND_DETOXIFICATION,bmi,0.28843468232096253,0.005761644347693097,50.06117436534395,0
bmi,alt_log_adj,REACTOME_AFLATOXIN_ACTIVATION_AND_DETOXIFICATION,ppgs:bmi,-0.004479139354525789,0.005738260658973951,-0.7805743971426171,0.4350593727323845
bmi,alt_log_adj,REACTOME_AGGREPHAGY,ppgs,0.01903558159666046,0.005682449717388539,3.349890019864279,8.094907169579218e-4
bmi,alt_log_adj,REACTOME_AGGREPHAGY,bmi,0.288536845681839,0.005760495529468664,50.08889325680165,0
bmi,alt_log_adj,REACTOME_AGGREPHAGY,ppgs:bmi,0.004991839116484122,0.005671245110481628,0.8802016169708793,0.37875755941357925
bmi,alt_log_adj,REACTOME_AKT_PHOSPHORYLATES_TARGETS_IN_THE_CYTOSOL,ppgs,0.0044152781591180485,0.005664817646879582,0.7794210571897523,0.4357382303639352
bmi,alt_log_adj,REACTOME_AKT_PHOSPHORYLATES_TARGETS_IN_THE_CYTOSOL,bmi,0.28839325490058826,0.005761830641641557,50.05236579088768,0
bmi,alt_log_adj,REACTOME_AKT_PHOSPHORYLATES_TARGETS_IN_THE_CYTOSOL,ppgs:bmi,0.0016008300115896257,0.005528256605796903,0.2895723056543727,0.7721455742711395
bmi,alt_log_adj,REACTOME_AKT_PHOSPHORYLATES_TARGETS_IN_THE_NUCLEUS,ppgs,0.004952236659527478,0.005669852249152694,0.8734331058216805,0.3824344514533017
bmi,alt_log_adj,REACTOME_AKT_PHOSPHORYLATES_TARGETS_IN_THE_NUCLEUS,bmi,0.28823456283398846,0.005761150136458256,50.030732754203925,0
bmi,alt_log_adj,REACTOME_AKT_PHOSPHORYLATES_TARGETS_IN_THE_NUCLEUS,ppgs:bmi,0.015002035084383648,0.005597087388264168,2.6803289003204664,0.007359237032996604
bmi,alt_log_adj,REACTOME_ALK_MUTANTS_BIND_TKIS,ppgs,-0.005174289386028712,0.005733496963854297,-0.9024665781893669,0.36681673564217754
bmi,alt_log_adj,REACTOME_ALK_MUTANTS_BIND_TKIS,bmi,0.2884685185658344,0.005761847162998626,50.06528469174238,0
bmi,alt_log_adj,REACTOME_ALK_MUTANTS_BIND_TKIS,ppgs:bmi,-0.0020245558897823354,0.0056714551209870135,-0.3569729190469197,0.721114736444787
bmi,alt_log_adj,REACTOME_ALPHA_DEFENSINS,ppgs,0.014793970902049295,0.005694143036433435,2.598103139909109,0.009378881651665396
bmi,alt_log_adj,REACTOME_ALPHA_DEFENSINS,bmi,0.288493695664998,0.005760758658371502,50.07911505644497,0
bmi,alt_log_adj,REACTOME_ALPHA_DEFENSINS,ppgs:bmi,0.010856102151377289,0.005844594550986727,1.8574602663489261,0.06325606159687257
bmi,alt_log_adj,REACTOME_ALPHA_LINOLENIC_OMEGA3_AND_LINOLEIC_OMEGA6_ACID_METABOLISM,ppgs,0.004076448549496627,0.005713426852237358,0.7134857336801825,0.4755511116156974
bmi,alt_log_adj,REACTOME_ALPHA_LINOLENIC_OMEGA3_AND_LINOLEIC_OMEGA6_ACID_METABOLISM,bmi,0.28842236950618616,0.005761577443005047,50.059618630371936,0
bmi,alt_log_adj,REACTOME_ALPHA_LINOLENIC_OMEGA3_AND_LINOLEIC_OMEGA6_ACID_METABOLISM,ppgs:bmi,0.0024037431471072516,0.005670307017693,0.423917636136258,0.6716290982818673
bmi,alt_log_adj,REACTOME_ALPHA_OXIDATION_OF_PHYTANATE,ppgs,0.0026390662328602205,0.005734381254776916,0.4602181326297056,0.6453631868580763
bmi,alt_log_adj,REACTOME_ALPHA_OXIDATION_OF_PHYTANATE,bmi,0.2884112503022525,0.005761734004419751,50.05632854293794,0
bmi,alt_log_adj,REACTOME_ALPHA_OXIDATION_OF_PHYTANATE,ppgs:bmi,-0.002592301317583733,0.0057373232561127915,-0.4518311417823257,0.6513940900481325
bmi,alt_log_adj,REACTOME_ALPHA_PROTEIN_KINASE_1_SIGNALING_PATHWAY,ppgs,-0.012705164290337141,0.005692688681886237,-2.2318389429522365,0.025633393185707454
bmi,alt_log_adj,REACTOME_ALPHA_PROTEIN_KINASE_1_SIGNALING_PATHWAY,bmi,0.288374893093057,0.005761056325534839,50.05590586137607,0
bmi,alt_log_adj,REACTOME_ALPHA_PROTEIN_KINASE_1_SIGNALING_PATHWAY,ppgs:bmi,-0.004449310079105779,0.005681486828037227,-0.7831242443701791,0.4335606975544216
bmi,alt_log_adj,REACTOME_ALTERNATIVE_COMPLEMENT_ACTIVATION,ppgs,-0.0027338877041085505,0.005735821817450498,-0.47663400138948697,0.6336264408754446
bmi,alt_log_adj,REACTOME_ALTERNATIVE_COMPLEMENT_ACTIVATION,bmi,0.28840058216016895,0.005761577957490399,50.05583267084511,0
bmi,alt_log_adj,REACTOME_ALTERNATIVE_COMPLEMENT_ACTIVATION,ppgs:bmi,0.009764686088726089,0.005704891691086531,1.711633913047409,0.08697509287099514
bmi,alt_log_adj,REACTOME_AMINE_LIGAND_BINDING_RECEPTORS,ppgs,-0.003446483668984398,0.005703742768924437,-0.6042494917130189,0.5456826166964959
bmi,alt_log_adj,REACTOME_AMINE_LIGAND_BINDING_RECEPTORS,bmi,0.2884426793971925,0.0057617637725013455,50.06152469731874,0
bmi,alt_log_adj,REACTOME_AMINE_LIGAND_BINDING_RECEPTORS,ppgs:bmi,-6.979772404460335e-5,0.005725765856080207,-0.01219011147137373,0.9902740249252141
bmi,alt_log_adj,REACTOME_AMINO_ACIDS_REGULATE_MTORC1,ppgs,-0.0016778475615577553,0.005693207556354333,-0.2947104149900643,0.768217264411501
bmi,alt_log_adj,REACTOME_AMINO_ACIDS_REGULATE_MTORC1,bmi,0.2885079814113896,0.005764525088764926,50.04887253829329,0
bmi,alt_log_adj,REACTOME_AMINO_ACIDS_REGULATE_MTORC1,ppgs:bmi,-0.0024548241397601566,0.005436728736139873,-0.45152595593781714,0.6516139763835285
bmi,alt_log_adj,REACTOME_AMINO_ACID_CONJUGATION,ppgs,-5.724103242853482e-4,0.005723855057576262,-0.1000043359811652,0.9203415902604619
bmi,alt_log_adj,REACTOME_AMINO_ACID_CONJUGATION,bmi,0.28839132561972186,0.0057618539384898596,50.051828577818334,0
bmi,alt_log_adj,REACTOME_AMINO_ACID_CONJUGATION,ppgs:bmi,-0.004960032936946421,0.005754442525329431,-0.8619484711357801,0.388723165248853
bmi,alt_log_adj,REACTOME_AMINO_ACID_TRANSPORT_ACROSS_THE_PLASMA_MEMBRANE,ppgs,0.001261837505428345,0.005706942564936259,0.22110569557526966,0.8250117280405875
bmi,alt_log_adj,REACTOME_AMINO_ACID_TRANSPORT_ACROSS_THE_PLASMA_MEMBRANE,bmi,0.28844398095264157,0.0057616889223009,50.06240094570274,0
bmi,alt_log_adj,REACTOME_AMINO_ACID_TRANSPORT_ACROSS_THE_PLASMA_MEMBRANE,ppgs:bmi,-0.005724781260350617,0.005605161695940806,-1.0213409658630255,0.3071016397771185
bmi,alt_log_adj,REACTOME_AMPK_INHIBITS_CHREBP_TRANSCRIPTIONAL_ACTIVATION_ACTIVITY,ppgs,2.8161937023873446e-4,0.005683486090246344,0.049550463530126806,0.9604809715666265
bmi,alt_log_adj,REACTOME_AMPK_INHIBITS_CHREBP_TRANSCRIPTIONAL_ACTIVATION_ACTIVITY,bmi,0.2884216272740459,0.005761716045280668,50.05828558842076,0
bmi,alt_log_adj,REACTOME_AMPK_INHIBITS_CHREBP_TRANSCRIPTIONAL_ACTIVATION_ACTIVITY,ppgs:bmi,-0.001222661620630201,0.005768281695716631,-0.2119628834247322,0.8321375149610785
bmi,alt_log_adj,REACTOME_AMYLOID_FIBER_FORMATION,ppgs,-0.0013093660397496868,0.005687728463666385,-0.23020895742720673,0.8179310628552452
bmi,alt_log_adj,REACTOME_AMYLOID_FIBER_FORMATION,bmi,0.28849923433714064,0.0057622390904168855,50.06720995262769,0
bmi,alt_log_adj,REACTOME_AMYLOID_FIBER_FORMATION,ppgs:bmi,0.005540715965535819,0.005769655493211585,0.9603200697259776,0.33690234280657205
bmi,alt_log_adj,REACTOME_ANCHORING_FIBRIL_FORMATION,ppgs,-0.005328367586009157,0.005863275431166977,-0.9087697906336702,0.3634793816856603
bmi,alt_log_adj,REACTOME_ANCHORING_FIBRIL_FORMATION,bmi,0.2884145263222209,0.005761527870895529,50.05868803987785,0
bmi,alt_log_adj,REACTOME_ANCHORING_FIBRIL_FORMATION,ppgs:bmi,6.0516029629804186e-5,0.005843767323975761,0.010355653515074002,0.9917376044921091
bmi,alt_log_adj,REACTOME_ANCHORING_OF_THE_BASAL_BODY_TO_THE_PLASMA_MEMBRANE,ppgs,0.003183130646999022,0.005690826803953276,0.5593441439454422,0.5759312926436873
bmi,alt_log_adj,REACTOME_ANCHORING_OF_THE_BASAL_BODY_TO_THE_PLASMA_MEMBRANE,bmi,0.28842628590407926,0.005761582695021574,50.0602527415428,0
bmi,alt_log_adj,REACTOME_ANCHORING_OF_THE_BASAL_BODY_TO_THE_PLASMA_MEMBRANE,ppgs:bmi,-0.002000365274727349,0.005691184748278767,-0.3514848600429526,0.7252272410886555
bmi,alt_log_adj,REACTOME_ANDROGEN_BIOSYNTHESIS,ppgs,-0.003367360846466554,0.005707035053072255,-0.5900368256287143,0.5551706638680931
bmi,alt_log_adj,REACTOME_ANDROGEN_BIOSYNTHESIS,bmi,0.2884149142809075,0.005761647264897133,50.057718048461055,0
bmi,alt_log_adj,REACTOME_ANDROGEN_BIOSYNTHESIS,ppgs:bmi,-0.001725781559396124,0.005802368657671252,-0.29742707870077956,0.7661426521618439
bmi,alt_log_adj,REACTOME_ANTIGEN_ACTIVATES_B_CELL_RECEPTOR_BCR_LEADING_TO_GENERATION_OF_SECOND_MESSENGERS,ppgs,0.002327895977989621,0.00567491650089095,0.4102079700422282,0.681656494866907
bmi,alt_log_adj,REACTOME_ANTIGEN_ACTIVATES_B_CELL_RECEPTOR_BCR_LEADING_TO_GENERATION_OF_SECOND_MESSENGERS,bmi,0.28841855387369103,0.005761531497085613,50.05935557578455,0
bmi,alt_log_adj,REACTOME_ANTIGEN_ACTIVATES_B_CELL_RECEPTOR_BCR_LEADING_TO_GENERATION_OF_SECOND_MESSENGERS,ppgs:bmi,0.00415419077950501,0.0057297621171430325,0.7250197642718836,0.4684458898206165
bmi,alt_log_adj,REACTOME_ANTIGEN_PRESENTATION_FOLDING_ASSEMBLY_AND_PEPTIDE_LOADING_OF_CLASS_I_MHC,ppgs,0.00616643612301146,0.005697750973576868,1.0822579209951617,0.27914714372693034
bmi,alt_log_adj,REACTOME_ANTIGEN_PRESENTATION_FOLDING_ASSEMBLY_AND_PEPTIDE_LOADING_OF_CLASS_I_MHC,bmi,0.28846170447653624,0.005761959921783713,50.06312233897628,0
bmi,alt_log_adj,REACTOME_ANTIGEN_PRESENTATION_FOLDING_ASSEMBLY_AND_PEPTIDE_LOADING_OF_CLASS_I_MHC,ppgs:bmi,5.839962497591857e-4,0.005828650235169194,0.10019408030961278,0.9201909541217371
bmi,alt_log_adj,REACTOME_ANTIGEN_PROCESSING_CROSS_PRESENTATION,ppgs,0.00617677048276291,0.005705841593744524,1.082534518577361,0.279024293719501
bmi,alt_log_adj,REACTOME_ANTIGEN_PROCESSING_CROSS_PRESENTATION,bmi,0.2884622734744437,0.005761805298424991,50.06456458244013,0
bmi,alt_log_adj,REACTOME_ANTIGEN_PROCESSING_CROSS_PRESENTATION,ppgs:bmi,0.002018374795185685,0.005790034828678615,0.34859458619980577,0.727396281457493
bmi,alt_log_adj,REACTOME_ANTIGEN_PROCESSING_UBIQUITINATION_PROTEASOME_DEGRADATION,ppgs,0.010266102946995372,0.005706965947627858,1.7988722976807936,0.07204951604178633
bmi,alt_log_adj,REACTOME_ANTIGEN_PROCESSING_UBIQUITINATION_PROTEASOME_DEGRADATION,bmi,0.2883535441068521,0.0057613714683545465,50.04946230089312,0
bmi,alt_log_adj,REACTOME_ANTIGEN_PROCESSING_UBIQUITINATION_PROTEASOME_DEGRADATION,ppgs:bmi,-3.353499703941612e-4,0.005721956959757291,-0.058607566039501596,0.9532650973137164
bmi,alt_log_adj,REACTOME_ANTIGEN_PROCESSING_UB_ATP_INDEPENDENT_PROTEASOMAL_DEGRADATION,ppgs,-0.004063452706387413,0.005681478883761048,-0.7152103861552105,0.47448494239712125
bmi,alt_log_adj,REACTOME_ANTIGEN_PROCESSING_UB_ATP_INDEPENDENT_PROTEASOMAL_DEGRADATION,bmi,0.28833933940837453,0.005762229199003149,50.039547100670084,0
bmi,alt_log_adj,REACTOME_ANTIGEN_PROCESSING_UB_ATP_INDEPENDENT_PROTEASOMAL_DEGRADATION,ppgs:bmi,-0.003157604730194153,0.005887878163037795,-0.5362890743929757,0.5917629884260311
bmi,alt_log_adj,REACTOME_ANTIMICROBIAL_PEPTIDES,ppgs,0.0050585835343509395,0.005763974434272742,0.8776207445113688,0.3801570054575508
bmi,alt_log_adj,REACTOME_ANTIMICROBIAL_PEPTIDES,bmi,0.2884256628041287,0.005761564699473476,50.06030095097025,0
bmi,alt_log_adj,REACTOME_ANTIMICROBIAL_PEPTIDES,ppgs:bmi,0.003245329793435425,0.005816258077598291,0.5579755489074721,0.5768654871709356
bmi,alt_log_adj,REACTOME_ANTIVIRAL_MECHANISM_BY_IFN_STIMULATED_GENES,ppgs,0.014335143635742727,0.005683671810937628,2.5221624528278097,0.011669012776339797
bmi,alt_log_adj,REACTOME_ANTIVIRAL_MECHANISM_BY_IFN_STIMULATED_GENES,bmi,0.2883900716121421,0.005761864711294029,50.05151735806271,0
bmi,alt_log_adj,REACTOME_ANTIVIRAL_MECHANISM_BY_IFN_STIMULATED_GENES,ppgs:bmi,0.00385828302620823,0.005442258814571799,0.7089488312973228,0.4783620607949468
bmi,alt_log_adj,REACTOME_ANTI_INFLAMMATORY_RESPONSE_FAVOURING_LEISHMANIA_PARASITE_INFECTION,ppgs,-0.007038045911464545,0.0056960438547455855,-1.235602479710701,0.21661660173865727
bmi,alt_log_adj,REACTOME_ANTI_INFLAMMATORY_RESPONSE_FAVOURING_LEISHMANIA_PARASITE_INFECTION,bmi,0.2884730761932784,0.005761590175509926,50.068308818536764,0
bmi,alt_log_adj,REACTOME_ANTI_INFLAMMATORY_RESPONSE_FAVOURING_LEISHMANIA_PARASITE_INFECTION,ppgs:bmi,0.0027934439987271423,0.005731718532329405,0.48736587167895523,0.6260028431595476
bmi,alt_log_adj,REACTOME_APC_CDC20_MEDIATED_DEGRADATION_OF_NEK2A,ppgs,0.006963473490550223,0.005676236774501607,1.2267764307914446,0.21991682046352296
bmi,alt_log_adj,REACTOME_APC_CDC20_MEDIATED_DEGRADATION_OF_NEK2A,bmi,0.28846445971029827,0.005761888541862861,50.064220717646094,0
bmi,alt_log_adj,REACTOME_APC_CDC20_MEDIATED_DEGRADATION_OF_NEK2A,ppgs:bmi,-0.005910085361392881,0.0055643247131857395,-1.0621388337362474,0.2881817110177025
bmi,alt_log_adj,REACTOME_APC_C_CDC20_MEDIATED_DEGRADATION_OF_CYCLIN_B,ppgs,0.007900644423628655,0.005676730979524078,1.3917595271162602,0.16400614929639243
bmi,alt_log_adj,REACTOME_APC_C_CDC20_MEDIATED_DEGRADATION_OF_CYCLIN_B,bmi,0.2884765934279841,0.005761992197563971,50.06542590424627,0
bmi,alt_log_adj,REACTOME_APC_C_CDC20_MEDIATED_DEGRADATION_OF_CYCLIN_B,ppgs:bmi,-0.006578795477268637,0.005559706279693903,-1.1832991072382408,0.2367005495776418
bmi,alt_log_adj,REACTOME_APC_C_CDH1_MEDIATED_DEGRADATION_OF_CDC20_AND_OTHER_APC_C_CDH1_TARGETED_PROTEINS_IN_LATE_MITOSIS_EARLY_G1,ppgs,-0.005535415228857694,0.0056744968629133035,-0.9754900500580761,0.3293255588152556
bmi,alt_log_adj,REACTOME_APC_C_CDH1_MEDIATED_DEGRADATION_OF_CDC20_AND_OTHER_APC_C_CDH1_TARGETED_PROTEINS_IN_LATE_MITOSIS_EARLY_G1,bmi,0.2883752421554168,0.005761106399299146,50.0555313803089,0
bmi,alt_log_adj,REACTOME_APC_C_CDH1_MEDIATED_DEGRADATION_OF_CDC20_AND_OTHER_APC_C_CDH1_TARGETED_PROTEINS_IN_LATE_MITOSIS_EARLY_G1,ppgs:bmi,-0.011848343736316172,0.005733044982063845,-2.0666755229349123,0.038773798033644016
bmi,alt_log_adj,REACTOME_APC_C_MEDIATED_DEGRADATION_OF_CELL_CYCLE_PROTEINS,ppgs,-0.0036895556575734867,0.005718164564554743,-0.6452342558386621,0.5187806121135004
bmi,alt_log_adj,REACTOME_APC_C_MEDIATED_DEGRADATION_OF_CELL_CYCLE_PROTEINS,bmi,0.28839904303953673,0.0057614068916394074,50.05705176942863,0
bmi,alt_log_adj,REACTOME_APC_C_MEDIATED_DEGRADATION_OF_CELL_CYCLE_PROTEINS,ppgs:bmi,-0.008600395209504926,0.005724052375142592,-1.5025011383287143,0.1329788731023821
bmi,alt_log_adj,REACTOME_APEX1_INDEPENDENT_RESOLUTION_OF_AP_SITES_VIA_THE_SINGLE_NUCLEOTIDE_REPLACEMENT_PATHWAY,ppgs,0.0032713794765330214,0.005732758118924592,0.5706466954769582,0.5682436817329478
bmi,alt_log_adj,REACTOME_APEX1_INDEPENDENT_RESOLUTION_OF_AP_SITES_VIA_THE_SINGLE_NUCLEOTIDE_REPLACEMENT_PATHWAY,bmi,0.28838349748266456,0.0057616627927331516,50.05213041040614,0
bmi,alt_log_adj,REACTOME_APEX1_INDEPENDENT_RESOLUTION_OF_AP_SITES_VIA_THE_SINGLE_NUCLEOTIDE_REPLACEMENT_PATHWAY,ppgs:bmi,-0.003765277429774899,0.00566861692333413,-0.6642321188217217,0.5065471618860233
bmi,alt_log_adj,REACTOME_APOBEC3G_MEDIATED_RESISTANCE_TO_HIV_1_INFECTION,ppgs,0.005150257267115287,0.005888564933030287,0.8746201028074486,0.3817880556014518
bmi,alt_log_adj,REACTOME_APOBEC3G_MEDIATED_RESISTANCE_TO_HIV_1_INFECTION,bmi,0.2884229435218665,0.005761585577800195,50.059647579163084,0
bmi,alt_log_adj,REACTOME_APOBEC3G_MEDIATED_RESISTANCE_TO_HIV_1_INFECTION,ppgs:bmi,0.008243771492923354,0.005874185127104643,1.4033898003801368,0.16051158610475388
bmi,alt_log_adj,REACTOME_APOPTOSIS,ppgs,0.0034233882610528446,0.005693752641507393,0.6012534222327086,0.5476760151411207
bmi,alt_log_adj,REACTOME_APOPTOSIS,bmi,0.2884497111403222,0.005761501510215525,50.06502395753636,0
bmi,alt_log_adj,REACTOME_APOPTOSIS,ppgs:bmi,-0.009579035916654951,0.00560409897321563,-1.7092909961864047,0.08740800518516069
bmi,alt_log_adj,REACTOME_APOPTOSIS_INDUCED_DNA_FRAGMENTATION,ppgs,0.004980878535869931,0.005715537804804079,0.8714627924748141,0.3835088933397679
bmi,alt_log_adj,REACTOME_APOPTOSIS_INDUCED_DNA_FRAGMENTATION,bmi,0.28840787826642433,0.0057616529616313404,50.056447374915344,0
bmi,alt_log_adj,REACTOME_APOPTOSIS_INDUCED_DNA_FRAGMENTATION,ppgs:bmi,0.0016696604718017555,0.005755741302778788,0.2900860869121529,0.7717525012009634
bmi,alt_log_adj,REACTOME_APOPTOTIC_CLEAVAGE_OF_CELLULAR_PROTEINS,ppgs,-0.004472231692155272,0.005685253764811398,-0.7866371277630442,0.4315008943502868
bmi,alt_log_adj,REACTOME_APOPTOTIC_CLEAVAGE_OF_CELLULAR_PROTEINS,bmi,0.2883565071564529,0.005761274947306149,50.05081510495908,0
bmi,alt_log_adj,REACTOME_APOPTOTIC_CLEAVAGE_OF_CELLULAR_PROTEINS,ppgs:bmi,-0.010434327423834641,0.005726262063375365,-1.8221882457269325,0.06843695835080314
bmi,alt_log_adj,REACTOME_APOPTOTIC_CLEAVAGE_OF_CELL_ADHESION_PROTEINS,ppgs,-0.004135063607411585,0.0056992452720748335,-0.7255458240536818,0.46812323267871625
bmi,alt_log_adj,REACTOME_APOPTOTIC_CLEAVAGE_OF_CELL_ADHESION_PROTEINS,bmi,0.28838199986888424,0.005761394080809175,50.05420490666759,0
bmi,alt_log_adj,REACTOME_APOPTOTIC_CLEAVAGE_OF_CELL_ADHESION_PROTEINS,ppgs:bmi,-0.008150192540566871,0.005616803654241422,-1.4510374658392071,0.14678049309225177
bmi,alt_log_adj,REACTOME_APOPTOTIC_EXECUTION_PHASE,ppgs,8.292320444941985e-4,0.005705715883911644,0.14533356749016837,0.8844485463104476
bmi,alt_log_adj,REACTOME_APOPTOTIC_EXECUTION_PHASE,bmi,0.28838412969803195,0.005761533721506513,50.053361420338256,0
bmi,alt_log_adj,REACTOME_APOPTOTIC_EXECUTION_PHASE,ppgs:bmi,-0.006864724119513776,0.005650753990671266,-1.2148333002722527,0.22443979583833143
bmi,alt_log_adj,REACTOME_APOPTOTIC_FACTOR_MEDIATED_RESPONSE,ppgs,0.0014776898556998444,0.005721214413490735,0.25828255137850153,0.7961907265552001
bmi,alt_log_adj,REACTOME_APOPTOTIC_FACTOR_MEDIATED_RESPONSE,bmi,0.28838722937344585,0.005762410513043767,50.046283360176055,0
bmi,alt_log_adj,REACTOME_APOPTOTIC_FACTOR_MEDIATED_RESPONSE,ppgs:bmi,-9.025882038875751e-4,0.005759164321417242,-0.15672207867572388,0.8754650019038386
bmi,alt_log_adj,REACTOME_AQUAPORIN_MEDIATED_TRANSPORT,ppgs,-0.0011689818213038536,0.005789693180317219,-0.20190738695410537,0.8399905758577976
bmi,alt_log_adj,REACTOME_AQUAPORIN_MEDIATED_TRANSPORT,bmi,0.28846763845580037,0.005761780868670349,50.065707986976996,0
bmi,alt_log_adj,REACTOME_AQUAPORIN_MEDIATED_TRANSPORT,ppgs:bmi,-0.00633534540004092,0.005763990365594017,-1.099124911425493,0.27172291966962864
bmi,alt_log_adj,REACTOME_ARACHIDONATE_METABOLISM,ppgs,-0.0010582326558368654,0.005762621148212299,-0.18363738108398017,0.8542992493205723
bmi,alt_log_adj,REACTOME_ARACHIDONATE_METABOLISM,bmi,0.2884067398846956,0.005761655767075169,50.056225422696784,0
bmi,alt_log_adj,REACTOME_ARACHIDONATE_METABOLISM,ppgs:bmi,-0.0015638111174469502,0.005896509231340116,-0.26520964456991764,0.7908498939394315
bmi,alt_log_adj,REACTOME_ARACHIDONATE_PRODUCTION_FROM_DAG,ppgs,0.0033338478649493956,0.005732660505635308,0.5815533401414864,0.5608722037605531
bmi,alt_log_adj,REACTOME_ARACHIDONATE_PRODUCTION_FROM_DAG,bmi,0.2884484646310098,0.005761763439856615,50.06253166099926,0
bmi,alt_log_adj,REACTOME_ARACHIDONATE_PRODUCTION_FROM_DAG,ppgs:bmi,-0.002418158735520157,0.005803154250015533,-0.4166973048344673,0.6769029810156222
bmi,alt_log_adj,REACTOME_ARMS_MEDIATED_ACTIVATION,ppgs,0.008459046608661296,0.005695950963465419,1.485098215016024,0.1375289283861677
bmi,alt_log_adj,REACTOME_ARMS_MEDIATED_ACTIVATION,bmi,0.28844636458466993,0.005761767352981462,50.06213318130792,0
bmi,alt_log_adj,REACTOME_ARMS_MEDIATED_ACTIVATION,ppgs:bmi,0.003924241392015578,0.0055760992617957545,0.7037610357660304,0.48158738305068793
bmi,alt_log_adj,REACTOME_ARYL_HYDROCARBON_RECEPTOR_SIGNALLING,ppgs,-0.004488240639229104,0.0056921608697565506,-0.7884950446632515,0.4304137895993363
bmi,alt_log_adj,REACTOME_ARYL_HYDROCARBON_RECEPTOR_SIGNALLING,bmi,0.28836465397964517,0.005762992385513314,50.037313029342194,0
bmi,alt_log_adj,REACTOME_ARYL_HYDROCARBON_RECEPTOR_SIGNALLING,ppgs:bmi,-0.0012512365095457983,0.005922810431388774,-0.21125722729782012,0.8326880759152594
bmi,alt_log_adj,REACTOME_ASPARAGINE_N_LINKED_GLYCOSYLATION,ppgs,0.005966576467908184,0.005674581260903702,1.051456696728664,0.2930578505882859
bmi,alt_log_adj,REACTOME_ASPARAGINE_N_LINKED_GLYCOSYLATION,bmi,0.2883836064360981,0.00576160750820613,50.05262958737813,0
bmi,alt_log_adj,REACTOME_ASPARAGINE_N_LINKED_GLYCOSYLATION,ppgs:bmi,0.0016311808247537044,0.005686539639742991,0.2868494599691962,0.7742296863969056
bmi,alt_log_adj,REACTOME_ASPARTATE_AND_ASPARAGINE_METABOLISM,ppgs,0.005232681757586727,0.005705012638648342,0.9172077415110649,0.3590415938864896
bmi,alt_log_adj,REACTOME_ASPARTATE_AND_ASPARAGINE_METABOLISM,bmi,0.2884797579301492,0.005761724746923003,50.06829909467807,0
bmi,alt_log_adj,REACTOME_ASPARTATE_AND_ASPARAGINE_METABOLISM,ppgs:bmi,0.004550565901979446,0.005756752531202238,0.7904744692975552,0.42925733918918607
bmi,alt_log_adj,REACTOME_ASPIRIN_ADME,ppgs,0.016417971813351993,0.005688432562080452,2.8862031208378056,0.003902147145314028
bmi,alt_log_adj,REACTOME_ASPIRIN_ADME,bmi,0.2885548344002206,0.005760931502240316,50.08822519205569,0
bmi,alt_log_adj,REACTOME_ASPIRIN_ADME,ppgs:bmi,-0.0064806280827091394,0.005579679141833275,-1.1614696684117658,0.2454607306057812
bmi,alt_log_adj,REACTOME_ASSEMBLY_AND_CELL_SURFACE_PRESENTATION_OF_NMDA_RECEPTORS,ppgs,0.003966071669106778,0.0057103414659327115,0.694541945130241,0.48734809750203023
bmi,alt_log_adj,REACTOME_ASSEMBLY_AND_CELL_SURFACE_PRESENTATION_OF_NMDA_RECEPTORS,bmi,0.28839535298372126,0.005761510663416383,50.05550971465399,0
bmi,alt_log_adj,REACTOME_ASSEMBLY_AND_CELL_SURFACE_PRESENTATION_OF_NMDA_RECEPTORS,ppgs:bmi,0.005613523165540845,0.00572856811630958,0.9799173286530024,0.3271352910113008
bmi,alt_log_adj,REACTOME_ASSEMBLY_OF_ACTIVE_LPL_AND_LIPC_LIPASE_COMPLEXES,ppgs,0.008951060294523852,0.0057042203478865966,1.5691996011059082,0.11661259828696882
bmi,alt_log_adj,REACTOME_ASSEMBLY_OF_ACTIVE_LPL_AND_LIPC_LIPASE_COMPLEXES,bmi,0.28839204172024663,0.005761601587214687,50.05414507664059,0
bmi,alt_log_adj,REACTOME_ASSEMBLY_OF_ACTIVE_LPL_AND_LIPC_LIPASE_COMPLEXES,ppgs:bmi,-0.0016170064656476424,0.005731624863752098,-0.2821200800969902,0.7778534961797042
bmi,alt_log_adj,REACTOME_ASSEMBLY_OF_COLLAGEN_FIBRILS_AND_OTHER_MULTIMERIC_STRUCTURES,ppgs,-0.0039658155709455575,0.005777192026233303,-0.6864607499521262,0.4924282217738005
bmi,alt_log_adj,REACTOME_ASSEMBLY_OF_COLLAGEN_FIBRILS_AND_OTHER_MULTIMERIC_STRUCTURES,bmi,0.2884914339459339,0.005762302999735358,50.06530096719719,0
bmi,alt_log_adj,REACTOME_ASSEMBLY_OF_COLLAGEN_FIBRILS_AND_OTHER_MULTIMERIC_STRUCTURES,ppgs:bmi,0.0038020221478319107,0.005815792751620144,0.6537409963195054,0.5132839887323719
bmi,alt_log_adj,REACTOME_ASSEMBLY_OF_THE_HIV_VIRION,ppgs,0.006631989868597573,0.0057640416351696375,1.1505797994469884,0.2499148527034845
bmi,alt_log_adj,REACTOME_ASSEMBLY_OF_THE_HIV_VIRION,bmi,0.2883884352920034,0.005761904716830522,50.05088585543959,0
bmi,alt_log_adj,REACTOME_ASSEMBLY_OF_THE_HIV_VIRION,ppgs:bmi,-0.005217443210509405,0.005771010820312953,-0.904077876989056,0.3659617909574763
bmi,alt_log_adj,REACTOME_ASSEMBLY_OF_THE_ORC_COMPLEX_AT_THE_ORIGIN_OF_REPLICATION,ppgs,0.012277989468256229,0.00572509397467168,2.1445917783315234,0.0319939750040059
bmi,alt_log_adj,REACTOME_ASSEMBLY_OF_THE_ORC_COMPLEX_AT_THE_ORIGIN_OF_REPLICATION,bmi,0.28881959830285164,0.00576084715842038,50.134917723115876,0
bmi,alt_log_adj,REACTOME_ASSEMBLY_OF_THE_ORC_COMPLEX_AT_THE_ORIGIN_OF_REPLICATION,ppgs:bmi,0.0196728580796431,0.005785276526334125,3.4005043648464843,6.73543935534187e-4
bmi,alt_log_adj,REACTOME_ASSOCIATION_OF_TRIC_CCT_WITH_TARGET_PROTEINS_DURING_BIOSYNTHESIS,ppgs,0.007238675940429451,0.005689682993197815,1.2722459140664784,0.20329619447565062
bmi,alt_log_adj,REACTOME_ASSOCIATION_OF_TRIC_CCT_WITH_TARGET_PROTEINS_DURING_BIOSYNTHESIS,bmi,0.2883951793168591,0.0057614998497571845,50.055573520324465,0
bmi,alt_log_adj,REACTOME_ASSOCIATION_OF_TRIC_CCT_WITH_TARGET_PROTEINS_DURING_BIOSYNTHESIS,ppgs:bmi,-0.0016282971673300124,0.005796098946986476,-0.280929843024264,0.7787662608258425
bmi,alt_log_adj,REACTOME_ASYMMETRIC_LOCALIZATION_OF_PCP_PROTEINS,ppgs,-0.00490736169265139,0.0056873059113314185,-0.8628622706708877,0.3882204965572793
bmi,alt_log_adj,REACTOME_ASYMMETRIC_LOCALIZATION_OF_PCP_PROTEINS,bmi,0.28827605461894834,0.005762087334322499,50.029796129919916,0
bmi,alt_log_adj,REACTOME_ASYMMETRIC_LOCALIZATION_OF_PCP_PROTEINS,ppgs:bmi,-0.007814632369436638,0.005859374574664498,-1.333697354531067,0.18231377757692085
bmi,alt_log_adj,REACTOME_ATF4_ACTIVATES_GENES_IN_RESPONSE_TO_ENDOPLASMIC_RETICULUM_STRESS,ppgs,0.004247722269700398,0.005703935754093871,0.7447002303018037,0.4564591333053857
bmi,alt_log_adj,REACTOME_ATF4_ACTIVATES_GENES_IN_RESPONSE_TO_ENDOPLASMIC_RETICULUM_STRESS,bmi,0.28840516076404105,0.005761527387015549,50.057066710123536,0
bmi,alt_log_adj,REACTOME_ATF4_ACTIVATES_GENES_IN_RESPONSE_TO_ENDOPLASMIC_RETICULUM_STRESS,ppgs:bmi,0.0030167520229146694,0.005721144179435894,0.5272987235242377,0.5979902870518528
bmi,alt_log_adj,REACTOME_ATF6_ATF6_ALPHA_ACTIVATES_CHAPERONES,ppgs,0.004873748990855857,0.005777972428479611,0.8435050618852318,0.3989531533297469
bmi,alt_log_adj,REACTOME_ATF6_ATF6_ALPHA_ACTIVATES_CHAPERONES,bmi,0.2883627255544091,0.005761797110650151,50.04735849191864,0
bmi,alt_log_adj,REACTOME_ATF6_ATF6_ALPHA_ACTIVATES_CHAPERONES,ppgs:bmi,-0.00275808586927156,0.0058180224774254255,-0.474058991688884,0.6354614918036091
bmi,alt_log_adj,REACTOME_ATF6_ATF6_ALPHA_ACTIVATES_CHAPERONE_GENES,ppgs,0.007038801362983364,0.005728631172832955,1.2287056280326905,0.219192395201324
bmi,alt_log_adj,REACTOME_ATF6_ATF6_ALPHA_ACTIVATES_CHAPERONE_GENES,bmi,0.28841230382065947,0.005761734702671439,50.05650532415811,0
bmi,alt_log_adj,REACTOME_ATF6_ATF6_ALPHA_ACTIVATES_CHAPERONE_GENES,ppgs:bmi,-0.004283651103371476,0.005736083332376262,-0.7467902495755595,0.4551963756149694
bmi,alt_log_adj,REACTOME_ATORVASTATIN_ADME,ppgs,0.025503478681428358,0.005694903218503279,4.478298875837809,7.553367351908902e-6
bmi,alt_log_adj,REACTOME_ATORVASTATIN_ADME,bmi,0.28852046178750756,0.005760031217910618,50.0900864721641,0
bmi,alt_log_adj,REACTOME_ATORVASTATIN_ADME,ppgs:bmi,-0.004109208856017061,0.005595468250225028,-0.7343815874304718,0.4627222797058088
bmi,alt_log_adj,REACTOME_ATP_DEPENDENT_CHROMATIN_REMODELERS,ppgs,0.017306219455954976,0.005702160033084443,3.035028718159915,0.0024073079714163844
bmi,alt_log_adj,REACTOME_ATP_DEPENDENT_CHROMATIN_REMODELERS,bmi,0.2883741256744268,0.005760711169035516,50.05877177534448,0
bmi,alt_log_adj,REACTOME_ATP_DEPENDENT_CHROMATIN_REMODELERS,ppgs:bmi,-0.001953157212485304,0.005704199705840192,-0.34240687795092134,0.7320472516876328
bmi,alt_log_adj,REACTOME_ATTACHMENT_AND_ENTRY,ppgs,-0.01253418614134979,0.005699024680783879,-2.199356353660458,0.027860637960322822
bmi,alt_log_adj,REACTOME_ATTACHMENT_AND_ENTRY,bmi,0.2882875413592287,0.005761306643667892,50.0385692325678,0
bmi,alt_log_adj,REACTOME_ATTACHMENT_AND_ENTRY,ppgs:bmi,-0.005507720565051765,0.005698042680643939,-0.9665986855032357,0.33375293798459216
bmi,alt_log_adj,REACTOME_ATTACHMENT_OF_GPI_ANCHOR_TO_UPAR,ppgs,0.003176843826493783,0.0057893331961016365,0.5487408858472638,0.5831876050456727
bmi,alt_log_adj,REACTOME_ATTACHMENT_OF_GPI_ANCHOR_TO_UPAR,bmi,0.28856492912172566,0.0057648899722270094,50.055583109464166,0
bmi,alt_log_adj,REACTOME_ATTACHMENT_OF_GPI_ANCHOR_TO_UPAR,ppgs:bmi,0.0042405413832667695,0.005851841486645593,0.7246507604390944,0.46867229063547156
bmi,alt_log_adj,REACTOME_ATTENUATION_PHASE,ppgs,-0.007935620794691187,0.00568624289891837,-1.3955824497403535,0.16285120141710757
bmi,alt_log_adj,REACTOME_ATTENUATION_PHASE,bmi,0.28838606935174776,0.005761554955127274,50.053513608354926,0
bmi,alt_log_adj,REACTOME_ATTENUATION_PHASE,ppgs:bmi,0.0034705956158523938,0.0057627789172487055,0.6022434082044124,0.5470169418345641
bmi,alt_log_adj,REACTOME_AUF1_HNRNP_D0_BINDS_AND_DESTABILIZES_MRNA,ppgs,-0.009652086441280157,0.005685155930600297,-1.697769869306116,0.08956218042727632
bmi,alt_log_adj,REACTOME_AUF1_HNRNP_D0_BINDS_AND_DESTABILIZES_MRNA,bmi,0.2882865754746044,0.0057617886068848795,50.034215960322605,0
bmi,alt_log_adj,REACTOME_AUF1_HNRNP_D0_BINDS_AND_DESTABILIZES_MRNA,ppgs:bmi,-0.006599887838499077,0.005845511142356595,-1.1290523065940745,0.25888532309545836
bmi,alt_log_adj,REACTOME_AURKA_ACTIVATION_BY_TPX2,ppgs,-6.838870827919615e-4,0.005702293316741845,-0.11993193699525762,0.9045379149007848
bmi,alt_log_adj,REACTOME_AURKA_ACTIVATION_BY_TPX2,bmi,0.2884269936364853,0.005761608908628674,50.06014781817846,0
bmi,alt_log_adj,REACTOME_AURKA_ACTIVATION_BY_TPX2,ppgs:bmi,-0.006158416475014301,0.005729887530236268,-1.0747883693208136,0.2824786366115929
bmi,alt_log_adj,REACTOME_AUTOPHAGY,ppgs,0.00693017673094703,0.005691038710383953,1.2177349485081042,0.22333484747805574
bmi,alt_log_adj,REACTOME_AUTOPHAGY,bmi,0.28838971442581535,0.005761697232253056,50.05291024517152,0
bmi,alt_log_adj,REACTOME_AUTOPHAGY,ppgs:bmi,0.0044105216108622355,0.005580772430516914,0.7903066584017142,0.4293553101733436
bmi,alt_log_adj,REACTOME_AZATHIOPRINE_ADME,ppgs,-9.36614470983217e-4,0.005691623633220676,-0.16456015564986012,0.8692913680401976
bmi,alt_log_adj,REACTOME_AZATHIOPRINE_ADME,bmi,0.28842474349676833,0.005761667850687039,50.059245164987374,0
bmi,alt_log_adj,REACTOME_AZATHIOPRINE_ADME,ppgs:bmi,0.002169453717252609,0.005649894460378188,0.3839812818569697,0.7009952008708021
bmi,alt_log_adj,REACTOME_A_TETRASACCHARIDE_LINKER_SEQUENCE_IS_REQUIRED_FOR_GAG_SYNTHESIS,ppgs,-0.0036797885352144654,0.005720979588974285,-0.6432095199756193,0.5200933596028339
bmi,alt_log_adj,REACTOME_A_TETRASACCHARIDE_LINKER_SEQUENCE_IS_REQUIRED_FOR_GAG_SYNTHESIS,bmi,0.2883917785276573,0.005762350664958994,50.047592605110836,0
bmi,alt_log_adj,REACTOME_A_TETRASACCHARIDE_LINKER_SEQUENCE_IS_REQUIRED_FOR_GAG_SYNTHESIS,ppgs:bmi,-0.001286715285611927,0.005817415813898702,-0.2211833100425392,0.8249512971513882
bmi,alt_log_adj,REACTOME_BACTERIAL_INFECTION_PATHWAYS,ppgs,0.0047125656574054,0.005702761521739424,0.8263655492940901,0.40860371488021074
bmi,alt_log_adj,REACTOME_BACTERIAL_INFECTION_PATHWAYS,bmi,0.2883792928496181,0.005761623994711887,50.051737689633576,0
bmi,alt_log_adj,REACTOME_BACTERIAL_INFECTION_PATHWAYS,ppgs:bmi,-0.0037767464565182035,0.005732781522520463,-0.6587982538113064,0.5100306795461469
bmi,alt_log_adj,REACTOME_BASE_EXCISION_REPAIR,ppgs,-1.8224107989167065e-4,0.005684584625898462,-0.032058820808365925,0.9744253684483183
bmi,alt_log_adj,REACTOME_BASE_EXCISION_REPAIR,bmi,0.2883986408058684,0.005761993496550643,50.05188585834317,0
bmi,alt_log_adj,REACTOME_BASE_EXCISION_REPAIR,ppgs:bmi,0.001357984138446476,0.005575011780269132,0.243584084118459,0.8075547187010552
bmi,alt_log_adj,REACTOME_BASE_EXCISION_REPAIR_AP_SITE_FORMATION,ppgs,-0.005023630204821081,0.0057110350707858144,-0.8796356776933346,0.3790641612119402
bmi,alt_log_adj,REACTOME_BASE_EXCISION_REPAIR_AP_SITE_FORMATION,bmi,0.2882894250992509,0.005761642086618965,50.03598293076624,0
bmi,alt_log_adj,REACTOME_BASE_EXCISION_REPAIR_AP_SITE_FORMATION,ppgs:bmi,0.00955368665764722,0.005575010453388314,1.7136625549896132,0.08660165032628415
bmi,alt_log_adj,REACTOME_BASIGIN_INTERACTIONS,ppgs,-0.00350858250798639,0.005716905598003357,-0.6137205605094775,0.5394049238623367
bmi,alt_log_adj,REACTOME_BASIGIN_INTERACTIONS,bmi,0.28860329372429394,0.005762450249556032,50.08343347459345,0
bmi,alt_log_adj,REACTOME_BASIGIN_INTERACTIONS,ppgs:bmi,-0.008694058822815254,0.005553902266508921,-1.5653964376078546,0.1175011452925201
bmi,alt_log_adj,REACTOME_BBSOME_MEDIATED_CARGO_TARGETING_TO_CILIUM,ppgs,-0.0020056205365774652,0.005691177151227165,-0.35240873430639946,0.7245343724285049
bmi,alt_log_adj,REACTOME_BBSOME_MEDIATED_CARGO_TARGETING_TO_CILIUM,bmi,0.2885338760962013,0.005761790206747371,50.077122863361524,0
bmi,alt_log_adj,REACTOME_BBSOME_MEDIATED_CARGO_TARGETING_TO_CILIUM,ppgs:bmi,-0.01190184168811789,0.005814759406492015,-2.0468330426242263,0.04068368110664161
bmi,alt_log_adj,REACTOME_BETA_CATENIN_INDEPENDENT_WNT_SIGNALING,ppgs,0.006939507136561831,0.005691702244757678,1.2192322855527868,0.22276618591198083
bmi,alt_log_adj,REACTOME_BETA_CATENIN_INDEPENDENT_WNT_SIGNALING,bmi,0.2888198057146493,0.005763616567643259,50.11086395581441,0
bmi,alt_log_adj,REACTOME_BETA_CATENIN_INDEPENDENT_WNT_SIGNALING,ppgs:bmi,0.012817706775767376,0.005870149870057557,2.1835399537493747,0.02900424003260159
bmi,alt_log_adj,REACTOME_BETA_CATENIN_PHOSPHORYLATION_CASCADE,ppgs,0.010292072368281944,0.005704946593823931,1.8040611246780032,0.0712323357336061
bmi,alt_log_adj,REACTOME_BETA_CATENIN_PHOSPHORYLATION_CASCADE,bmi,0.2882219895216736,0.005761710554186874,50.02368425332139,0
bmi,alt_log_adj,REACTOME_BETA_CATENIN_PHOSPHORYLATION_CASCADE,ppgs:bmi,0.007061143998787285,0.005523785096853408,1.2783162043739944,0.2011484225924985
bmi,alt_log_adj,REACTOME_BETA_DEFENSINS,ppgs,-0.003753546358779195,0.005827695071710957,-0.6440876388676919,0.5195238166135384
bmi,alt_log_adj,REACTOME_BETA_DEFENSINS,bmi,0.2883981283283689,0.005761648585540395,50.054793180573604,0
bmi,alt_log_adj,REACTOME_BETA_DEFENSINS,ppgs:bmi,0.0014958161073829234,0.005820517082911955,0.2569902443503489,0.7971881692205661
bmi,alt_log_adj,REACTOME_BETA_OXIDATION_OF_BUTANOYL_COA_TO_ACETYL_COA,ppgs,9.092739680729002e-4,0.005687557861127008,0.1598707196084199,0.8729840532120821
bmi,alt_log_adj,REACTOME_BETA_OXIDATION_OF_BUTANOYL_COA_TO_ACETYL_COA,bmi,0.2884328882500225,0.0057621067831251935,50.05684537029443,0
bmi,alt_log_adj,REACTOME_BETA_OXIDATION_OF_BUTANOYL_COA_TO_ACETYL_COA,ppgs:bmi,-0.0030585732107659353,0.0056471288288545965,-0.5416156251187036,0.5880875821491789
bmi,alt_log_adj,REACTOME_BETA_OXIDATION_OF_DECANOYL_COA_TO_OCTANOYL_COA_COA,ppgs,0.007063663610155006,0.005703904344847567,1.238390965748879,0.2155813837476884
bmi,alt_log_adj,REACTOME_BETA_OXIDATION_OF_DECANOYL_COA_TO_OCTANOYL_COA_COA,bmi,0.2883583699598185,0.005761488837172412,50.049280335208856,0
bmi,alt_log_adj,REACTOME_BETA_OXIDATION_OF_DECANOYL_COA_TO_OCTANOYL_COA_COA,ppgs:bmi,0.0068068555276751,0.005733497594944148,1.1872082293498212,0.23515544374459874
bmi,alt_log_adj,REACTOME_BETA_OXIDATION_OF_HEXANOYL_COA_TO_BUTANOYL_COA,ppgs,0.0045595437221613395,0.005730696489546237,0.7956351781111983,0.42625077556827806
bmi,alt_log_adj,REACTOME_BETA_OXIDATION_OF_HEXANOYL_COA_TO_BUTANOYL_COA,bmi,0.28844427800293787,0.005761258864648108,50.06618948731368,0
bmi,alt_log_adj,REACTOME_BETA_OXIDATION_OF_HEXANOYL_COA_TO_BUTANOYL_COA,ppgs:bmi,0.009806421337196057,0.005717492229390972,1.7151612881580844,0.08632658855101512
bmi,alt_log_adj,REACTOME_BETA_OXIDATION_OF_LAUROYL_COA_TO_DECANOYL_COA_COA,ppgs,-0.007936584986551696,0.005678046216242033,-1.3977668874637055,0.1621940182034937
bmi,alt_log_adj,REACTOME_BETA_OXIDATION_OF_LAUROYL_COA_TO_DECANOYL_COA_COA,bmi,0.28843653787390605,0.005761846069448667,50.059743769153776,0
bmi,alt_log_adj,REACTOME_BETA_OXIDATION_OF_LAUROYL_COA_TO_DECANOYL_COA_COA,ppgs:bmi,0.001106417568236947,0.005876298470661503,0.18828478059120712,0.850654763045995
bmi,alt_log_adj,REACTOME_BETA_OXIDATION_OF_OCTANOYL_COA_TO_HEXANOYL_COA,ppgs,0.007063663610155006,0.005703904344847567,1.238390965748879,0.2155813837476884
bmi,alt_log_adj,REACTOME_BETA_OXIDATION_OF_OCTANOYL_COA_TO_HEXANOYL_COA,bmi,0.2883583699598185,0.005761488837172412,50.049280335208856,0
bmi,alt_log_adj,REACTOME_BETA_OXIDATION_OF_OCTANOYL_COA_TO_HEXANOYL_COA,ppgs:bmi,0.0068068555276751,0.005733497594944148,1.1872082293498212,0.23515544374459874
bmi,alt_log_adj,REACTOME_BETA_OXIDATION_OF_PRISTANOYL_COA,ppgs,0.006700882367951067,0.005715388802322744,1.1724280883966838,0.24103508024898065
bmi,alt_log_adj,REACTOME_BETA_OXIDATION_OF_PRISTANOYL_COA,bmi,0.28842879738267047,0.005761445825127804,50.06187789265073,0
bmi,alt_log_adj,REACTOME_BETA_OXIDATION_OF_PRISTANOYL_COA,ppgs:bmi,0.00290051434044342,0.005685688817234061,0.5101429982681402,0.6099552550157457
bmi,alt_log_adj,REACTOME_BETA_OXIDATION_OF_VERY_LONG_CHAIN_FATTY_ACIDS,ppgs,0.005418420255817517,0.005706119244922185,0.949580620951676,0.34233348433014066
bmi,alt_log_adj,REACTOME_BETA_OXIDATION_OF_VERY_LONG_CHAIN_FATTY_ACIDS,bmi,0.28835087538089205,0.005761348196215762,50.04920125645073,0
bmi,alt_log_adj,REACTOME_BETA_OXIDATION_OF_VERY_LONG_CHAIN_FATTY_ACIDS,ppgs:bmi,0.010587032093561866,0.0057214219531300245,1.8504197348650377,0.06426347425206323
bmi,alt_log_adj,REACTOME_BH3_ONLY_PROTEINS_ASSOCIATE_WITH_AND_INACTIVATE_ANTI_APOPTOTIC_BCL_2_MEMBERS,ppgs,0.02475590248990212,0.005691002393453359,4.350007393843316,1.3660803409502345e-5
bmi,alt_log_adj,REACTOME_BH3_ONLY_PROTEINS_ASSOCIATE_WITH_AND_INACTIVATE_ANTI_APOPTOTIC_BCL_2_MEMBERS,bmi,0.28858131511041857,0.005759527254350602,50.10503507773689,0
bmi,alt_log_adj,REACTOME_BH3_ONLY_PROTEINS_ASSOCIATE_WITH_AND_INACTIVATE_ANTI_APOPTOTIC_BCL_2_MEMBERS,ppgs:bmi,0.009239934738017515,0.005682741025998559,1.6259644238132238,0.10396833928275785
bmi,alt_log_adj,REACTOME_BICARBONATE_TRANSPORTERS,ppgs,-4.196471575988167e-4,0.005685824273769543,-0.07380586127763007,0.9411653838656837
bmi,alt_log_adj,REACTOME_BICARBONATE_TRANSPORTERS,bmi,0.288417585677759,0.005761860809922733,50.05632645291664,0
bmi,alt_log_adj,REACTOME_BICARBONATE_TRANSPORTERS,ppgs:bmi,1.1301214286081047e-4,0.005772777155485916,0.019576737472606947,0.9843811588626492
bmi,alt_log_adj,REACTOME_BILE_ACID_AND_BILE_SALT_METABOLISM,ppgs,0.016155722938000827,0.00573280215051587,2.8181197456024263,0.004833923140727211
bmi,alt_log_adj,REACTOME_BILE_ACID_AND_BILE_SALT_METABOLISM,bmi,0.2885204666608912,0.0057610418072877485,50.0813006244654,0
bmi,alt_log_adj,REACTOME_BILE_ACID_AND_BILE_SALT_METABOLISM,ppgs:bmi,-0.0011343759752101942,0.0057600856786099094,-0.19693734407852678,0.8438779814007864
bmi,alt_log_adj,REACTOME_BINDING_AND_UPTAKE_OF_LIGANDS_BY_SCAVENGER_RECEPTORS,ppgs,0.015487153604873552,0.005771078610527793,2.683580427516855,0.0072880741369139804
bmi,alt_log_adj,REACTOME_BINDING_AND_UPTAKE_OF_LIGANDS_BY_SCAVENGER_RECEPTORS,bmi,0.2883604036262985,0.005760629037578317,50.0571034422173,0
bmi,alt_log_adj,REACTOME_BINDING_AND_UPTAKE_OF_LIGANDS_BY_SCAVENGER_RECEPTORS,ppgs:bmi,0.00955242915814579,0.005759460178811461,1.6585632787753828,0.09721488970247819
bmi,alt_log_adj,REACTOME_BINDING_OF_TCF_LEF_CTNNB1_TO_TARGET_GENE_PROMOTERS,ppgs,0.011914353670159044,0.005692343678322819,2.0930488992662974,0.03635365527169132
bmi,alt_log_adj,REACTOME_BINDING_OF_TCF_LEF_CTNNB1_TO_TARGET_GENE_PROMOTERS,bmi,0.288209679147302,0.0057619697674039395,50.019297355174274,0
bmi,alt_log_adj,REACTOME_BINDING_OF_TCF_LEF_CTNNB1_TO_TARGET_GENE_PROMOTERS,ppgs:bmi,0.0068579776965391834,0.005603799210946436,1.2238086052660204,0.22103460884198953
bmi,alt_log_adj,REACTOME_BIOLOGICAL_OXIDATIONS,ppgs,-4.4662538198853344e-4,0.005702039612698856,-0.07832730256623723,0.937568252699615
bmi,alt_log_adj,REACTOME_BIOLOGICAL_OXIDATIONS,bmi,0.2885081230441648,0.005761326004408329,50.076687697139555,0
bmi,alt_log_adj,REACTOME_BIOLOGICAL_OXIDATIONS,ppgs:bmi,0.012695905901324961,0.00568944599224443,2.231483683759612,0.025656893699035642
bmi,alt_log_adj,REACTOME_BIOSYNTHESIS_OF_EPA_DERIVED_SPMS,ppgs,0.008793337650190337,0.005687577270754273,1.5460603402095292,0.12210115858751865
bmi,alt_log_adj,REACTOME_BIOSYNTHESIS_OF_EPA_DERIVED_SPMS,bmi,0.2884610788354203,0.005761061223291942,50.07082335267913,0
bmi,alt_log_adj,REACTOME_BIOSYNTHESIS_OF_EPA_DERIVED_SPMS,ppgs:bmi,-0.01356291704935199,0.005688275708495869,-2.3843635126712917,0.017115229660061716
bmi,alt_log_adj,REACTOME_BIOSYNTHESIS_OF_LIPOXINS_LX,ppgs,0.0012843672377032404,0.0056905081655249275,0.22570343462195216,0.8214337136594051
bmi,alt_log_adj,REACTOME_BIOSYNTHESIS_OF_LIPOXINS_LX,bmi,0.2885833998710654,0.005760918731922426,50.09329471564421,0
bmi,alt_log_adj,REACTOME_BIOSYNTHESIS_OF_LIPOXINS_LX,ppgs:bmi,-0.016753393295861542,0.0054812262560907125,-3.0565046055607086,0.0022414233074036422
bmi,alt_log_adj,REACTOME_BIOSYNTHESIS_OF_MARESINS,ppgs,0.00490139032262699,0.00578597763644682,0.8471153244271685,0.39693799572564414
bmi,alt_log_adj,REACTOME_BIOSYNTHESIS_OF_MARESINS,bmi,0.2885946844635583,0.005761894443601586,50.08677046904845,0
bmi,alt_log_adj,REACTOME_BIOSYNTHESIS_OF_MARESINS,ppgs:bmi,-0.010184674245174809,0.005608471682960173,-1.8159446674426816,0.06938941931803909
bmi,alt_log_adj,REACTOME_BIOSYNTHESIS_OF_MARESIN_LIKE_SPMS,ppgs,-0.0022113982826182715,0.00578037194519771,-0.38257024004406576,0.7020413077175904
bmi,alt_log_adj,REACTOME_BIOSYNTHESIS_OF_MARESIN_LIKE_SPMS,bmi,0.28848305622810294,0.005761910965041684,50.067253377979945,0
bmi,alt_log_adj,REACTOME_BIOSYNTHESIS_OF_MARESIN_LIKE_SPMS,ppgs:bmi,-0.005701614600820995,0.0056086494273792295,-1.0165753225701621,0.30936417449331177
bmi,alt_log_adj,REACTOME_BIOSYNTHESIS_OF_SPECIALIZED_PRORESOLVING_MEDIATORS_SPMS,ppgs,-0.0045296026533866145,0.005704767111063723,-0.794003079389864,0.4272002850019654
bmi,alt_log_adj,REACTOME_BIOSYNTHESIS_OF_SPECIALIZED_PRORESOLVING_MEDIATORS_SPMS,bmi,0.288484283974263,0.005761718609942312,50.06913796110418,0
bmi,alt_log_adj,REACTOME_BIOSYNTHESIS_OF_SPECIALIZED_PRORESOLVING_MEDIATORS_SPMS,ppgs:bmi,-0.009825398437791158,0.005619040878361504,-1.7485899552053474,0.08037274739792914
bmi,alt_log_adj,REACTOME_BIOSYNTHESIS_OF_THE_N_GLYCAN_PRECURSOR_DOLICHOL_LIPID_LINKED_OLIGOSACCHARIDE_LLO_AND_TRANSFER_TO_A_NASCENT_PROTEIN,ppgs,0.0056434062829975725,0.005671056248754667,0.9951243710969776,0.31968427275795797
bmi,alt_log_adj,REACTOME_BIOSYNTHESIS_OF_THE_N_GLYCAN_PRECURSOR_DOLICHOL_LIPID_LINKED_OLIGOSACCHARIDE_LLO_AND_TRANSFER_TO_A_NASCENT_PROTEIN,bmi,0.288377944660037,0.0057616465886398145,50.05130742115095,0
bmi,alt_log_adj,REACTOME_BIOSYNTHESIS_OF_THE_N_GLYCAN_PRECURSOR_DOLICHOL_LIPID_LINKED_OLIGOSACCHARIDE_LLO_AND_TRANSFER_TO_A_NASCENT_PROTEIN,ppgs:bmi,0.002264176221000134,0.005670853477312789,0.3992655126884084,0.6897005834309036
bmi,alt_log_adj,REACTOME_BIOTIN_TRANSPORT_AND_METABOLISM,ppgs,0.01573266250165854,0.005704748584902588,2.7578187307490576,0.005822571501588274
bmi,alt_log_adj,REACTOME_BIOTIN_TRANSPORT_AND_METABOLISM,bmi,0.2881786465239504,0.005761749399024996,50.01582445996628,0
bmi,alt_log_adj,REACTOME_BIOTIN_TRANSPORT_AND_METABOLISM,ppgs:bmi,-0.00126382688609734,0.0057097175549515235,-0.2213466557555613,0.824824119011209
bmi,alt_log_adj,REACTOME_BLOOD_GROUP_SYSTEMS_BIOSYNTHESIS,ppgs,0.004502416654009874,0.005704128361190745,0.7893259704047031,0.4299281130858664
bmi,alt_log_adj,REACTOME_BLOOD_GROUP_SYSTEMS_BIOSYNTHESIS,bmi,0.28844379247883967,0.00576174787875918,50.06185597641204,0
bmi,alt_log_adj,REACTOME_BLOOD_GROUP_SYSTEMS_BIOSYNTHESIS,ppgs:bmi,-0.010388707608398221,0.005664844176059711,-1.8338911513757263,0.06668063026505183
bmi,alt_log_adj,REACTOME_BMAL1_CLOCK_NPAS2_ACTIVATES_CIRCADIAN_EXPRESSION,ppgs,0.007015242869320534,0.005776333092715083,1.214480321117202,0.2245744764889894
bmi,alt_log_adj,REACTOME_BMAL1_CLOCK_NPAS2_ACTIVATES_CIRCADIAN_EXPRESSION,bmi,0.2884837412854287,0.005761957077643571,50.066971585877894,0
bmi,alt_log_adj,REACTOME_BMAL1_CLOCK_NPAS2_ACTIVATES_CIRCADIAN_EXPRESSION,ppgs:bmi,0.005561905611268901,0.005790406074774738,0.9605380934333303,0.3367926610710896
bmi,alt_log_adj,REACTOME_BRANCHED_CHAIN_AMINO_ACID_CATABOLISM,ppgs,-0.0031471001412117874,0.005708810016820297,-0.5512707783126868,0.5814524119453255
bmi,alt_log_adj,REACTOME_BRANCHED_CHAIN_AMINO_ACID_CATABOLISM,bmi,0.2885617232952644,0.005762113753826149,50.07914380441624,0
bmi,alt_log_adj,REACTOME_BRANCHED_CHAIN_AMINO_ACID_CATABOLISM,ppgs:bmi,-0.008464206890792591,0.005782641196374523,-1.4637267994596135,0.14327969797689744
bmi,alt_log_adj,REACTOME_BRANCHED_CHAIN_KETOACID_DEHYDROGENASE_KINASE_DEFICIENCY,ppgs,3.795505153464701e-4,0.005738245365659657,0.06614400241890628,0.9472636451046282
bmi,alt_log_adj,REACTOME_BRANCHED_CHAIN_KETOACID_DEHYDROGENASE_KINASE_DEFICIENCY,bmi,0.2884110528543581,0.005761600712655762,50.05745230155274,0
bmi,alt_log_adj,REACTOME_BRANCHED_CHAIN_KETOACID_DEHYDROGENASE_KINASE_DEFICIENCY,ppgs:bmi,-0.002802233530601564,0.0058536026713621155,-0.4787194635384251,0.6321419096079552
bmi,alt_log_adj,REACTOME_BUDDING_AND_MATURATION_OF_HIV_VIRION,ppgs,0.00494429050904085,0.0056914045110649505,0.8687294145809531,0.3850025033387632
bmi,alt_log_adj,REACTOME_BUDDING_AND_MATURATION_OF_HIV_VIRION,bmi,0.2886028293970184,0.005763349597487484,50.075537587175695,0
bmi,alt_log_adj,REACTOME_BUDDING_AND_MATURATION_OF_HIV_VIRION,ppgs:bmi,-0.007956687130341608,0.005501564005633785,-1.4462591223502435,0.14811559242217104
bmi,alt_log_adj,REACTOME_BUTYRATE_RESPONSE_FACTOR_1_BRF1_BINDS_AND_DESTABILIZES_MRNA,ppgs,0.001987886885606007,0.005918386437699153,0.3358832523918162,0.7369613925940692
bmi,alt_log_adj,REACTOME_BUTYRATE_RESPONSE_FACTOR_1_BRF1_BINDS_AND_DESTABILIZES_MRNA,bmi,0.2883771556585683,0.005761724656882438,50.05049231467506,0
bmi,alt_log_adj,REACTOME_BUTYRATE_RESPONSE_FACTOR_1_BRF1_BINDS_AND_DESTABILIZES_MRNA,ppgs:bmi,0.00468558545309751,0.0058263471474968055,0.804206363692317,0.4212845480806747
bmi,alt_log_adj,REACTOME_BUTYROPHILIN_BTN_FAMILY_INTERACTIONS,ppgs,0.0030632360216183824,0.005684755592943613,0.5388509622859993,0.589993927322229
bmi,alt_log_adj,REACTOME_BUTYROPHILIN_BTN_FAMILY_INTERACTIONS,bmi,0.2883272594898348,0.005762543149627966,50.03472460044823,0
bmi,alt_log_adj,REACTOME_BUTYROPHILIN_BTN_FAMILY_INTERACTIONS,ppgs:bmi,0.0036070948079683354,0.005436599805972276,0.6634835994376169,0.5070262752451458
bmi,alt_log_adj,REACTOME_B_WICH_COMPLEX_POSITIVELY_REGULATES_RRNA_EXPRESSION,ppgs,0.012816122373538753,0.005743180405982116,2.231537487519883,0.025653333365344422
bmi,alt_log_adj,REACTOME_B_WICH_COMPLEX_POSITIVELY_REGULATES_RRNA_EXPRESSION,bmi,0.28850520362718424,0.005761680163939999,50.07310288287441,0
bmi,alt_log_adj,REACTOME_B_WICH_COMPLEX_POSITIVELY_REGULATES_RRNA_EXPRESSION,ppgs:bmi,-0.001184369736994606,0.005887012357863488,-0.20118349767222793,0.8405565380501351
bmi,alt_log_adj,REACTOME_CA2_ACTIVATED_K_CHANNELS,ppgs,-0.014446587777641004,0.005723427356912937,-2.5241148138609564,0.011604418474578899
bmi,alt_log_adj,REACTOME_CA2_ACTIVATED_K_CHANNELS,bmi,0.2885093505647285,0.0057629671320892015,50.06264029483325,0
bmi,alt_log_adj,REACTOME_CA2_ACTIVATED_K_CHANNELS,ppgs:bmi,0.004433108678914832,0.005722279601941018,0.7747102531325288,0.4385173525498628
bmi,alt_log_adj,REACTOME_CA2_PATHWAY,ppgs,0.00738060661859119,0.005698869029296029,1.295100234915015,0.19529620101466685
bmi,alt_log_adj,REACTOME_CA2_PATHWAY,bmi,0.2887535582409103,0.005763330601381212,50.10185571719745,0
bmi,alt_log_adj,REACTOME_CA2_PATHWAY,ppgs:bmi,0.01179220150880441,0.005866662145791649,2.0100358970327528,0.044436845389943004
bmi,alt_log_adj,REACTOME_CALCINEURIN_ACTIVATES_NFAT,ppgs,-0.001348276120799559,0.005817259137576663,-0.2317717139486449,0.8167170007955402
bmi,alt_log_adj,REACTOME_CALCINEURIN_ACTIVATES_NFAT,bmi,0.2884025206266547,0.005762050151607523,50.052067066128345,0
bmi,alt_log_adj,REACTOME_CALCINEURIN_ACTIVATES_NFAT,ppgs:bmi,0.00369880614576711,0.005707695574185501,0.6480384417304766,0.5169653356401698
bmi,alt_log_adj,REACTOME_CALCITONIN_LIKE_LIGAND_RECEPTORS,ppgs,0.005873468376518658,0.005686357496555027,1.0329052262501943,0.30165706446903634
bmi,alt_log_adj,REACTOME_CALCITONIN_LIKE_LIGAND_RECEPTORS,bmi,0.2884118102121745,0.005761525765443371,50.05823491097069,0
bmi,alt_log_adj,REACTOME_CALCITONIN_LIKE_LIGAND_RECEPTORS,ppgs:bmi,-6.523822979557735e-4,0.00573114829896116,-0.11383099231161506,0.9093725760632156
bmi,alt_log_adj,REACTOME_CALNEXIN_CALRETICULIN_CYCLE,ppgs,0.015686996140451204,0.00567433010977311,2.764554729276837,0.005703736536464483
bmi,alt_log_adj,REACTOME_CALNEXIN_CALRETICULIN_CYCLE,bmi,0.2883230950835618,0.005760971904765228,50.0476481832993,0
bmi,alt_log_adj,REACTOME_CALNEXIN_CALRETICULIN_CYCLE,ppgs:bmi,0.004684138051414398,0.005682473870782808,0.8243131702722848,0.40976857258678157
bmi,alt_log_adj,REACTOME_CAMK_IV_MEDIATED_PHOSPHORYLATION_OF_CREB,ppgs,-0.0011967132673250903,0.0057219931401695555,-0.2091427301658088,0.8343383211339862
bmi,alt_log_adj,REACTOME_CAMK_IV_MEDIATED_PHOSPHORYLATION_OF_CREB,bmi,0.2884456062533226,0.00576152851851707,50.06407680293218,0
bmi,alt_log_adj,REACTOME_CAMK_IV_MEDIATED_PHOSPHORYLATION_OF_CREB,ppgs:bmi,-0.008094121244381339,0.005737395061387663,-1.4107658890102073,0.15832462890862695
bmi,alt_log_adj,REACTOME_CARBOXYTERMINAL_POST_TRANSLATIONAL_MODIFICATIONS_OF_TUBULIN,ppgs,-0.001461813916870342,0.005712512101228539,-0.25589686130484746,0.7980323349965038
bmi,alt_log_adj,REACTOME_CARBOXYTERMINAL_POST_TRANSLATIONAL_MODIFICATIONS_OF_TUBULIN,bmi,0.288360132511372,0.005761305671269096,50.051177452602026,0
bmi,alt_log_adj,REACTOME_CARBOXYTERMINAL_POST_TRANSLATIONAL_MODIFICATIONS_OF_TUBULIN,ppgs:bmi,-0.0115728817077307,0.005713516268947709,-2.0255270420122815,0.0428226244631411
bmi,alt_log_adj,REACTOME_CARDIAC_CONDUCTION,ppgs,0.008267165525414255,0.0056972963245045345,1.4510682005175868,0.14677193552259235
bmi,alt_log_adj,REACTOME_CARDIAC_CONDUCTION,bmi,0.2884208350105613,0.005761452779987032,50.06043545343619,0
bmi,alt_log_adj,REACTOME_CARDIAC_CONDUCTION,ppgs:bmi,-0.004625401743011725,0.0057453611569268205,-0.8050671866702704,0.4207876619892209
bmi,alt_log_adj,REACTOME_CARDIOGENESIS,ppgs,-0.0010081985324603057,0.005706060645980482,-0.17668906711857515,0.8597538911629318
bmi,alt_log_adj,REACTOME_CARDIOGENESIS,bmi,0.2883319064840545,0.00576308596052092,50.03081829062158,0
bmi,alt_log_adj,REACTOME_CARDIOGENESIS,ppgs:bmi,-0.0038497936458648948,0.005761956137889958,-0.6681400471879848,0.5040496403884505
bmi,alt_log_adj,REACTOME_CARGO_CONCENTRATION_IN_THE_ER,ppgs,-0.0016017700174827691,0.0056969819225872916,-0.2811611550200116,0.7785888491947187
bmi,alt_log_adj,REACTOME_CARGO_CONCENTRATION_IN_THE_ER,bmi,0.2886510143559985,0.00576202445249854,50.09541641754629,0
bmi,alt_log_adj,REACTOME_CARGO_CONCENTRATION_IN_THE_ER,ppgs:bmi,0.013771341085655446,0.005841945704318678,2.357320965081023,0.018414087178542808
bmi,alt_log_adj,REACTOME_CARGO_RECOGNITION_FOR_CLATHRIN_MEDIATED_ENDOCYTOSIS,ppgs,0.003900590039996356,0.005700842972887435,0.6842128538791756,0.49384635987094283
bmi,alt_log_adj,REACTOME_CARGO_RECOGNITION_FOR_CLATHRIN_MEDIATED_ENDOCYTOSIS,bmi,0.28845954891370806,0.00576187102101281,50.06352066225238,0
bmi,alt_log_adj,REACTOME_CARGO_RECOGNITION_FOR_CLATHRIN_MEDIATED_ENDOCYTOSIS,ppgs:bmi,-0.0029725315026057093,0.005679459990307202,-0.5233827701363779,0.6007120029905393
bmi,alt_log_adj,REACTOME_CARGO_TRAFFICKING_TO_THE_PERICILIARY_MEMBRANE,ppgs,0.001382640813121881,0.00569187358236236,0.24291488437240177,0.8080730923083658
bmi,alt_log_adj,REACTOME_CARGO_TRAFFICKING_TO_THE_PERICILIARY_MEMBRANE,bmi,0.2883871682894581,0.0057617289258905125,50.052193013382,0
bmi,alt_log_adj,REACTOME_CARGO_TRAFFICKING_TO_THE_PERICILIARY_MEMBRANE,ppgs:bmi,-0.003955184074629529,0.005809917783298727,-0.6807642073695359,0.49602626161078733
bmi,alt_log_adj,REACTOME_CARNITINE_SHUTTLE,ppgs,0.001854157907719027,0.005711056426458308,0.32466110807959164,0.7454399682858136
bmi,alt_log_adj,REACTOME_CARNITINE_SHUTTLE,bmi,0.28847547584248723,0.005761801558161565,50.06688844288,0
bmi,alt_log_adj,REACTOME_CARNITINE_SHUTTLE,ppgs:bmi,0.005593255861800272,0.00569300495477833,0.9824786569183757,0.32587247742227043
bmi,alt_log_adj,REACTOME_CASPASE_ACTIVATION_VIA_DEATH_RECEPTORS_IN_THE_PRESENCE_OF_LIGAND,ppgs,0.012322534923234216,0.00572241354574185,2.1533807063635995,0.03129717726392448
bmi,alt_log_adj,REACTOME_CASPASE_ACTIVATION_VIA_DEATH_RECEPTORS_IN_THE_PRESENCE_OF_LIGAND,bmi,0.28843962890527264,0.005761022142373044,50.06743973153007,0
bmi,alt_log_adj,REACTOME_CASPASE_ACTIVATION_VIA_DEATH_RECEPTORS_IN_THE_PRESENCE_OF_LIGAND,ppgs:bmi,-0.006004388812553857,0.005766684133889025,-1.0412203396520219,0.29778217778173866
bmi,alt_log_adj,REACTOME_CASPASE_ACTIVATION_VIA_DEPENDENCE_RECEPTORS_IN_THE_ABSENCE_OF_LIGAND,ppgs,0.002359742930817286,0.005697598006831389,0.41416451774729757,0.6787567590117096
bmi,alt_log_adj,REACTOME_CASPASE_ACTIVATION_VIA_DEPENDENCE_RECEPTORS_IN_THE_ABSENCE_OF_LIGAND,bmi,0.2883947621922212,0.005761614812440623,50.05450235401228,0
bmi,alt_log_adj,REACTOME_CASPASE_ACTIVATION_VIA_DEPENDENCE_RECEPTORS_IN_THE_ABSENCE_OF_LIGAND,ppgs:bmi,0.0033215559713574345,0.005727523777576821,0.5799287965178394,0.5619672445850377
bmi,alt_log_adj,REACTOME_CASPASE_ACTIVATION_VIA_EXTRINSIC_APOPTOTIC_SIGNALLING_PATHWAY,ppgs,0.00834477342046684,0.005720461854010484,1.4587586865239754,0.14464261659332228
bmi,alt_log_adj,REACTOME_CASPASE_ACTIVATION_VIA_EXTRINSIC_APOPTOTIC_SIGNALLING_PATHWAY,bmi,0.2884317932739927,0.005761545009775246,50.061536061009484,0
bmi,alt_log_adj,REACTOME_CASPASE_ACTIVATION_VIA_EXTRINSIC_APOPTOTIC_SIGNALLING_PATHWAY,ppgs:bmi,-0.005873131980232923,0.005735653201849967,-1.023969158096695,0.3058585803763902
bmi,alt_log_adj,REACTOME_CASPASE_MEDIATED_CLEAVAGE_OF_CYTOSKELETAL_PROTEINS,ppgs,0.0019213956060099454,0.005686791868453969,0.3378698659024957,0.7354637589045416
bmi,alt_log_adj,REACTOME_CASPASE_MEDIATED_CLEAVAGE_OF_CYTOSKELETAL_PROTEINS,bmi,0.28839772952039305,0.005761587264882134,50.05525669605438,0
bmi,alt_log_adj,REACTOME_CASPASE_MEDIATED_CLEAVAGE_OF_CYTOSKELETAL_PROTEINS,ppgs:bmi,0.004648758097401758,0.005598374579917847,0.8303763942622746,0.4063330007687751
bmi,alt_log_adj,REACTOME_CATION_COUPLED_CHLORIDE_COTRANSPORTERS,ppgs,0.007630180137275569,0.005732227235577434,1.3311021743727063,0.18316609854577307
bmi,alt_log_adj,REACTOME_CATION_COUPLED_CHLORIDE_COTRANSPORTERS,bmi,0.2883042870296592,0.0057619906782627696,50.03553513498263,0
bmi,alt_log_adj,REACTOME_CATION_COUPLED_CHLORIDE_COTRANSPORTERS,ppgs:bmi,-0.009014135923632776,0.0058899404702598655,-1.530429037296377,0.12592172434968638
bmi,alt_log_adj,REACTOME_CA_DEPENDENT_EVENTS,ppgs,-0.0011305711019915785,0.005722925668895402,-0.19755124693237422,0.8433975986510078
bmi,alt_log_adj,REACTOME_CA_DEPENDENT_EVENTS,bmi,0.2884123752113786,0.005761521349139984,50.05837134569146,0
bmi,alt_log_adj,REACTOME_CA_DEPENDENT_EVENTS,ppgs:bmi,-0.008058862920336113,0.005733029693601693,-1.4056900715742235,0.15982713606258608
bmi,alt_log_adj,REACTOME_CD163_MEDIATING_AN_ANTI_INFLAMMATORY_RESPONSE,ppgs,0.001970776515011499,0.005688160946592112,0.34646989308420145,0.7289921780549067
bmi,alt_log_adj,REACTOME_CD163_MEDIATING_AN_ANTI_INFLAMMATORY_RESPONSE,bmi,0.28844109866820167,0.005761983440248894,50.05934183242675,0
bmi,alt_log_adj,REACTOME_CD163_MEDIATING_AN_ANTI_INFLAMMATORY_RESPONSE,ppgs:bmi,-0.003173329497580878,0.005654609552436348,-0.5611933888898863,0.5746701452514054
bmi,alt_log_adj,REACTOME_CD209_DC_SIGN_SIGNALING,ppgs,-0.004528341419003392,0.005699912034489947,-0.7944581234942878,0.4269354292272909
bmi,alt_log_adj,REACTOME_CD209_DC_SIGN_SIGNALING,bmi,0.28849954822336504,0.0057619254083782455,50.06999011196264,0
bmi,alt_log_adj,REACTOME_CD209_DC_SIGN_SIGNALING,ppgs:bmi,-0.00570814533565788,0.005669134355820634,-1.0068812939310907,0.3140004164454504
bmi,alt_log_adj,REACTOME_CD22_MEDIATED_BCR_REGULATION,ppgs,0.005639412510068627,0.005697053621642852,0.9898822943573412,0.3222401034781439
bmi,alt_log_adj,REACTOME_CD22_MEDIATED_BCR_REGULATION,bmi,0.28845236715777167,0.005761358854311868,50.06672461339404,0
bmi,alt_log_adj,REACTOME_CD22_MEDIATED_BCR_REGULATION,ppgs:bmi,-0.008064518283220988,0.005609682410260954,-1.4376069255667254,0.1505566526757496
bmi,alt_log_adj,REACTOME_CD28_DEPENDENT_PI3K_AKT_SIGNALING,ppgs,0.004886903930381844,0.005724631077473255,0.8536626839783764,0.3932991289485751
bmi,alt_log_adj,REACTOME_CD28_DEPENDENT_PI3K_AKT_SIGNALING,bmi,0.2884924510830875,0.005763503136077599,50.055052330451836,0
bmi,alt_log_adj,REACTOME_CD28_DEPENDENT_PI3K_AKT_SIGNALING,ppgs:bmi,-0.00718273578288565,0.005592303863399055,-1.2843965489600409,0.19901373583238327
bmi,alt_log_adj,REACTOME_CD28_DEPENDENT_VAV1_PATHWAY,ppgs,0.007083806382833737,0.005704406707764794,1.2418129957654167,0.2143158407100835
bmi,alt_log_adj,REACTOME_CD28_DEPENDENT_VAV1_PATHWAY,bmi,0.28836734988395857,0.005761651861646653,50.049422771188496,0
bmi,alt_log_adj,REACTOME_CD28_DEPENDENT_VAV1_PATHWAY,ppgs:bmi,0.0040701503543349275,0.00568289833630144,0.7162103056349718,0.47386740032871166
bmi,alt_log_adj,REACTOME_CDC42_GTPASE_CYCLE,ppgs,-0.003926578920546216,0.005710885960306757,-0.6875603799196337,0.49173529058994425
bmi,alt_log_adj,REACTOME_CDC42_GTPASE_CYCLE,bmi,0.2884083837508744,0.0057615083127991506,50.05779183034019,0
bmi,alt_log_adj,REACTOME_CDC42_GTPASE_CYCLE,ppgs:bmi,0.003914930834734906,0.005629686256028918,0.6954083507837309,0.48680512898237704
bmi,alt_log_adj,REACTOME_CDC6_ASSOCIATION_WITH_THE_ORC_ORIGIN_COMPLEX,ppgs,-0.003963064233591108,0.005700787294429341,-0.6951784076321721,0.486949200385436
bmi,alt_log_adj,REACTOME_CDC6_ASSOCIATION_WITH_THE_ORC_ORIGIN_COMPLEX,bmi,0.2884032076142647,0.0057622473368182416,50.05047349694524,0
bmi,alt_log_adj,REACTOME_CDC6_ASSOCIATION_WITH_THE_ORC_ORIGIN_COMPLEX,ppgs:bmi,0.003773665071040803,0.005804720776214159,0.6501027726439562,0.5156311065097003
bmi,alt_log_adj,REACTOME_CDH11_HOMOTYPIC_AND_HETEROTYPIC_INTERACTIONS,ppgs,0.0033713684824295525,0.005715036892017746,0.5899119369007713,0.5552543926707725
bmi,alt_log_adj,REACTOME_CDH11_HOMOTYPIC_AND_HETEROTYPIC_INTERACTIONS,bmi,0.288522968537734,0.005763980947168072,50.05619747572024,0
bmi,alt_log_adj,REACTOME_CDH11_HOMOTYPIC_AND_HETEROTYPIC_INTERACTIONS,ppgs:bmi,0.0033857960806469092,0.0057755517144999664,0.5862290302321436,0.5577262832213437
bmi,alt_log_adj,REACTOME_CDK_MEDIATED_PHOSPHORYLATION_AND_REMOVAL_OF_CDC6,ppgs,-0.0064348210305332516,0.005678182853653077,-1.1332535771357537,0.2571173647483443
bmi,alt_log_adj,REACTOME_CDK_MEDIATED_PHOSPHORYLATION_AND_REMOVAL_OF_CDC6,bmi,0.28836452575114535,0.00576120373074565,50.05282562951883,0
bmi,alt_log_adj,REACTOME_CDK_MEDIATED_PHOSPHORYLATION_AND_REMOVAL_OF_CDC6,ppgs:bmi,-0.010384216586776709,0.005762864411652825,-1.8019192965531616,0.071568723402042
bmi,alt_log_adj,REACTOME_CELLULAR_HEXOSE_TRANSPORT,ppgs,-6.645914243595635e-4,0.005693478479744877,-0.11672853892816394,0.9070760009709311
bmi,alt_log_adj,REACTOME_CELLULAR_HEXOSE_TRANSPORT,bmi,0.2884308577109451,0.005761330960604593,50.06323359709876,0
bmi,alt_log_adj,REACTOME_CELLULAR_HEXOSE_TRANSPORT,ppgs:bmi,-0.009634007726489592,0.0056319678675404794,-1.7105935177674998,0.08716711772195285
bmi,alt_log_adj,REACTOME_CELLULAR_RESPONSES_TO_MECHANICAL_STIMULI,ppgs,-0.004552352663934481,0.005729071758518487,-0.7946056282443388,0.4268495954901269
bmi,alt_log_adj,REACTOME_CELLULAR_RESPONSES_TO_MECHANICAL_STIMULI,bmi,0.2884212860708352,0.005761535460677223,50.0597953513131,0
bmi,alt_log_adj,REACTOME_CELLULAR_RESPONSES_TO_MECHANICAL_STIMULI,ppgs:bmi,0.0018152996603243285,0.0057740845483292644,0.31438744014401154,0.7532291078543096
bmi,alt_log_adj,REACTOME_CELLULAR_RESPONSES_TO_STIMULI,ppgs,0.013029221295313309,0.00571101291422149,2.2814203874181604,0.022530963376820434
bmi,alt_log_adj,REACTOME_CELLULAR_RESPONSES_TO_STIMULI,bmi,0.28839029049763754,0.005761292718463128,50.05652456668926,0
bmi,alt_log_adj,REACTOME_CELLULAR_RESPONSES_TO_STIMULI,ppgs:bmi,0.004907013956916166,0.005717116490901869,0.8583022516202201,0.3907328432794399
bmi,alt_log_adj,REACTOME_CELLULAR_RESPONSE_TO_CHEMICAL_STRESS,ppgs,0.011357568930753216,0.005730244521030199,1.9820391414485958,0.04748450122876689
bmi,alt_log_adj,REACTOME_CELLULAR_RESPONSE_TO_CHEMICAL_STRESS,bmi,0.2884004093691611,0.0057613539268546905,50.05774910388264,0
bmi,alt_log_adj,REACTOME_CELLULAR_RESPONSE_TO_CHEMICAL_STRESS,ppgs:bmi,0.004631654036955928,0.00573023338295298,0.8082836644550562,0.41893408696673085
bmi,alt_log_adj,REACTOME_CELLULAR_RESPONSE_TO_HEAT_STRESS,ppgs,-0.0028985827653121303,0.0056934660124222485,-0.5091068883151103,0.6106812663069496
bmi,alt_log_adj,REACTOME_CELLULAR_RESPONSE_TO_HEAT_STRESS,bmi,0.2881952684195424,0.005764792904357422,49.992302100168224,0
bmi,alt_log_adj,REACTOME_CELLULAR_RESPONSE_TO_HEAT_STRESS,ppgs:bmi,0.006267481872248809,0.005347876035814452,1.1719572088574612,0.2412240858689529
bmi,alt_log_adj,REACTOME_CELLULAR_RESPONSE_TO_HYPOXIA,ppgs,-0.002253661273487852,0.005699600022661376,-0.3954069170691605,0.6925455803805864
bmi,alt_log_adj,REACTOME_CELLULAR_RESPONSE_TO_HYPOXIA,bmi,0.2884214540691655,0.005761747093761951,50.057985776819265,0
bmi,alt_log_adj,REACTOME_CELLULAR_RESPONSE_TO_HYPOXIA,ppgs:bmi,-0.005371570181753391,0.005751745791217859,-0.9339025709298653,0.35036210703062376
bmi,alt_log_adj,REACTOME_CELLULAR_RESPONSE_TO_MITOCHONDRIAL_STRESS,ppgs,0.003505154741462094,0.005697904359611281,0.6151655977779908,0.5384503026599459
bmi,alt_log_adj,REACTOME_CELLULAR_RESPONSE_TO_MITOCHONDRIAL_STRESS,bmi,0.28847328681481216,0.005762221839424476,50.06285680310159,0
bmi,alt_log_adj,REACTOME_CELLULAR_RESPONSE_TO_MITOCHONDRIAL_STRESS,ppgs:bmi,0.0054590965438082156,0.005645551231826365,0.966973165177029,0.33356569801388913
bmi,alt_log_adj,REACTOME_CELLULAR_RESPONSE_TO_STARVATION,ppgs,0.006682662730096201,0.005697317787896329,1.172948917171724,0.2408261470802695
bmi,alt_log_adj,REACTOME_CELLULAR_RESPONSE_TO_STARVATION,bmi,0.28823825747176807,0.005762667187172205,50.01820304899636,0
bmi,alt_log_adj,REACTOME_CELLULAR_RESPONSE_TO_STARVATION,ppgs:bmi,0.005677888038678683,0.005569592103157443,1.0194441412432782,0.3080008591858081
bmi,alt_log_adj,REACTOME_CELLULAR_SENESCENCE,ppgs,-6.140662320437843e-5,0.005706083070822316,-0.01076160694511743,0.99141372143172
bmi,alt_log_adj,REACTOME_CELLULAR_SENESCENCE,bmi,0.2884047251415763,0.00576215739201644,50.05151812429934,0
bmi,alt_log_adj,REACTOME_CELLULAR_SENESCENCE,ppgs:bmi,-7.953084802079031e-4,0.0057651857555853425,-0.1379501917067293,0.8902807621198834
bmi,alt_log_adj,REACTOME_CELL_CELL_COMMUNICATION,ppgs,0.005088667828672345,0.005709937520622572,0.891195010504688,0.3728321245015518
bmi,alt_log_adj,REACTOME_CELL_CELL_COMMUNICATION,bmi,0.2883358095756911,0.005761709111296344,50.043451345084925,0
bmi,alt_log_adj,REACTOME_CELL_CELL_COMMUNICATION,ppgs:bmi,0.006195049819912986,0.005683925890943296,1.0899244534106451,0.27575568844292647
bmi,alt_log_adj,REACTOME_CELL_CELL_JUNCTION_ORGANIZATION,ppgs,0.00748213807895803,0.005722047622606921,1.307598009040901,0.19102029696136322
bmi,alt_log_adj,REACTOME_CELL_CELL_JUNCTION_ORGANIZATION,bmi,0.28836186378211975,0.005761401034607309,50.050649494801945,0
bmi,alt_log_adj,REACTOME_CELL_CELL_JUNCTION_ORGANIZATION,ppgs:bmi,0.0059301143881141825,0.005726716685265447,1.0355173328850138,0.30043620923799447
bmi,alt_log_adj,REACTOME_CELL_CYCLE,ppgs,0.031044376229158316,0.0056676017558156865,5.477515458333466,4.3500182299402646e-8
bmi,alt_log_adj,REACTOME_CELL_CYCLE,bmi,0.28850967009067224,0.0057580017570772,50.1058669765189,0
bmi,alt_log_adj,REACTOME_CELL_CYCLE,ppgs:bmi,0.014491186438201983,0.005767971353751619,2.512354092878181,0.011998375373045
bmi,alt_log_adj,REACTOME_CELL_CYCLE_CHECKPOINTS,ppgs,0.0026908687743070862,0.00570096684697878,0.4720021790221616,0.6369288663110824
bmi,alt_log_adj,REACTOME_CELL_CYCLE_CHECKPOINTS,bmi,0.28832576787099395,0.005763583175446509,50.025437144603565,0
bmi,alt_log_adj,REACTOME_CELL_CYCLE_CHECKPOINTS,ppgs:bmi,0.0028966136928306025,0.00559365506879612,0.5178391690594569,0.6045745282233687
bmi,alt_log_adj,REACTOME_CELL_CYCLE_MITOTIC,ppgs,0.031693684968970855,0.005670053989577826,5.5896619374748955,2.2960261504269867e-8
bmi,alt_log_adj,REACTOME_CELL_CYCLE_MITOTIC,bmi,0.28852946010153907,0.005757922682681918,50.109992093042166,0
bmi,alt_log_adj,REACTOME_CELL_CYCLE_MITOTIC,ppgs:bmi,0.014251193150317339,0.005796965326094915,2.4583885444623754,0.013962144651398094
bmi,alt_log_adj,REACTOME_CELL_DEATH_SIGNALLING_VIA_NRAGE_NRIF_AND_NADE,ppgs,-0.007210579263411434,0.005708238597736093,-1.263188134124452,0.20653196524606018
bmi,alt_log_adj,REACTOME_CELL_DEATH_SIGNALLING_VIA_NRAGE_NRIF_AND_NADE,bmi,0.28832236915179965,0.00576148388622524,50.04307481291946,0
bmi,alt_log_adj,REACTOME_CELL_DEATH_SIGNALLING_VIA_NRAGE_NRIF_AND_NADE,ppgs:bmi,-0.007965298596672242,0.005831689720373054,-1.3658646084762378,0.1719922989328688
bmi,alt_log_adj,REACTOME_CELL_EXTRACELLULAR_MATRIX_INTERACTIONS,ppgs,0.015986346941806465,0.005700854881771659,2.8042016984018323,0.0050475639489914615
bmi,alt_log_adj,REACTOME_CELL_EXTRACELLULAR_MATRIX_INTERACTIONS,bmi,0.2885669757217573,0.005761333672360438,50.08683616193513,0
bmi,alt_log_adj,REACTOME_CELL_EXTRACELLULAR_MATRIX_INTERACTIONS,ppgs:bmi,-0.013102012664076356,0.005583593319629442,-2.3465198688478046,0.01895650261072525
bmi,alt_log_adj,REACTOME_CELL_JUNCTION_ORGANIZATION,ppgs,0.007018370860008611,0.005721086762129967,1.2267548372917287,0.21992493866492938
bmi,alt_log_adj,REACTOME_CELL_JUNCTION_ORGANIZATION,bmi,0.2883534844235403,0.005761473561087659,50.048565070409616,0
bmi,alt_log_adj,REACTOME_CELL_JUNCTION_ORGANIZATION,ppgs:bmi,0.005776513407555048,0.005719389274058831,1.0099878030256328,0.3125097541456313
bmi,alt_log_adj,REACTOME_CELL_SURFACE_INTERACTIONS_AT_THE_VASCULAR_WALL,ppgs,-0.013512592192155426,0.005668718468559879,-2.3837119918901633,0.017145551729516078
bmi,alt_log_adj,REACTOME_CELL_SURFACE_INTERACTIONS_AT_THE_VASCULAR_WALL,bmi,0.28832829490519735,0.00576134604104712,50.04530067296459,0
bmi,alt_log_adj,REACTOME_CELL_SURFACE_INTERACTIONS_AT_THE_VASCULAR_WALL,ppgs:bmi,0.004264356774459048,0.005851878698633877,0.728715852475644,0.4661815136136903
bmi,alt_log_adj,REACTOME_CGMP_EFFECTS,ppgs,9.886189100998953e-4,0.0056955587803196,0.17357715866544354,0.8621990236036989
bmi,alt_log_adj,REACTOME_CGMP_EFFECTS,bmi,0.2886409099400892,0.005762710260040137,50.08770125778956,0
bmi,alt_log_adj,REACTOME_CGMP_EFFECTS,ppgs:bmi,0.010214850537869948,0.005790980385158865,1.7639242163638793,0.07775550855681006
bmi,alt_log_adj,REACTOME_CHAPERONE_MEDIATED_AUTOPHAGY,ppgs,0.004482871637962217,0.005721463334987279,0.783518372048116,0.4333293153054676
bmi,alt_log_adj,REACTOME_CHAPERONE_MEDIATED_AUTOPHAGY,bmi,0.28841205079904386,0.005761939244308037,50.05468446824622,0
bmi,alt_log_adj,REACTOME_CHAPERONE_MEDIATED_AUTOPHAGY,ppgs:bmi,0.0016389013423104262,0.005700314238368506,0.28751070095032133,0.7737234111125086
bmi,alt_log_adj,REACTOME_CHEMOKINE_RECEPTORS_BIND_CHEMOKINES,ppgs,-0.0015314775319437428,0.005703486565624048,-0.2685160233696765,0.788304096643765
bmi,alt_log_adj,REACTOME_CHEMOKINE_RECEPTORS_BIND_CHEMOKINES,bmi,0.2881572624947387,0.005762524517729375,50.00538593947401,0
bmi,alt_log_adj,REACTOME_CHEMOKINE_RECEPTORS_BIND_CHEMOKINES,ppgs:bmi,-0.011815929274794744,0.005779986824189948,-2.0442830812941724,0.04093480862863447
bmi,alt_log_adj,REACTOME_CHK1_CHK2_CDS1_MEDIATED_INACTIVATION_OF_CYCLIN_B_CDK1_COMPLEX,ppgs,0.006310580756969366,0.005714140111179833,1.1043797726665092,0.26943780513823384
bmi,alt_log_adj,REACTOME_CHK1_CHK2_CDS1_MEDIATED_INACTIVATION_OF_CYCLIN_B_CDK1_COMPLEX,bmi,0.28847204606561166,0.005761788744729825,50.066404522288394,0
bmi,alt_log_adj,REACTOME_CHK1_CHK2_CDS1_MEDIATED_INACTIVATION_OF_CYCLIN_B_CDK1_COMPLEX,ppgs:bmi,6.874009624235796e-4,0.00571938572149445,0.12018790057124612,0.9043351539841654
bmi,alt_log_adj,REACTOME_CHL1_INTERACTIONS,ppgs,2.9183659569594105e-4,0.005705241115692874,0.05115236845875162,0.9592044669861672
bmi,alt_log_adj,REACTOME_CHL1_INTERACTIONS,bmi,0.28846239155217906,0.005761720085054772,50.06532550937641,0
bmi,alt_log_adj,REACTOME_CHL1_INTERACTIONS,ppgs:bmi,0.005702261539089665,0.005759442076826599,0.9900718616535789,0.32214744617337293
bmi,alt_log_adj,REACTOME_CHOLESTEROL_BIOSYNTHESIS,ppgs,0.009568698631248719,0.005689528746364436,1.6818086449361984,0.09261696629206344
bmi,alt_log_adj,REACTOME_CHOLESTEROL_BIOSYNTHESIS,bmi,0.2883574000100777,0.005761489509432541,50.04910614485845,0
bmi,alt_log_adj,REACTOME_CHOLESTEROL_BIOSYNTHESIS,ppgs:bmi,-0.005869641660936423,0.005770581766713146,-1.0171663617687026,0.30908297616744007
bmi,alt_log_adj,REACTOME_CHOLINE_CATABOLISM,ppgs,-0.006886068291651956,0.005671021839275283,-1.2142552941626383,0.22466036659178348
bmi,alt_log_adj,REACTOME_CHOLINE_CATABOLISM,bmi,0.28844099314119065,0.0057614969236183654,50.06355066489256,0
bmi,alt_log_adj,REACTOME_CHOLINE_CATABOLISM,ppgs:bmi,0.0016079195571161344,0.005700427884250381,0.2820699761080443,0.7778919135728182
bmi,alt_log_adj,REACTOME_CHONDROITIN_SULFATE_BIOSYNTHESIS,ppgs,6.517046703504998e-4,0.0057152591843335964,0.1140288916619779,0.9092156981071062
bmi,alt_log_adj,REACTOME_CHONDROITIN_SULFATE_BIOSYNTHESIS,bmi,0.2884497113697569,0.005762285570114569,50.058211773773955,0
bmi,alt_log_adj,REACTOME_CHONDROITIN_SULFATE_BIOSYNTHESIS,ppgs:bmi,0.0023527439434477414,0.005764559363639318,0.4081394248948097,0.6831743996467918
bmi,alt_log_adj,REACTOME_CHONDROITIN_SULFATE_DERMATAN_SULFATE_METABOLISM,ppgs,-6.023892850931502e-4,0.005705158192655368,-0.10558678037510795,0.9159109609136944
bmi,alt_log_adj,REACTOME_CHONDROITIN_SULFATE_DERMATAN_SULFATE_METABOLISM,bmi,0.2883883593331799,0.0057624703158467684,50.045960070304076,0
bmi,alt_log_adj,REACTOME_CHONDROITIN_SULFATE_DERMATAN_SULFATE_METABOLISM,ppgs:bmi,-0.0015555852618337287,0.0057784840829205545,-0.269203001948481,0.7877754295224867
bmi,alt_log_adj,REACTOME_CHREBP_ACTIVATES_METABOLIC_GENE_EXPRESSION,ppgs,0.008971637451990934,0.005710828794442088,1.570986939885563,0.11619684302524516
bmi,alt_log_adj,REACTOME_CHREBP_ACTIVATES_METABOLIC_GENE_EXPRESSION,bmi,0.28843991544798303,0.005761453551719691,50.06374048817747,0
bmi,alt_log_adj,REACTOME_CHREBP_ACTIVATES_METABOLIC_GENE_EXPRESSION,ppgs:bmi,0.0016052032227303493,0.005723391381274719,0.280463647476933,0.779123858424913
bmi,alt_log_adj,REACTOME_CHROMATIN_MODIFICATIONS_DURING_THE_MATERNAL_TO_ZYGOTIC_TRANSITION_MZT,ppgs,-6.288758261773837e-4,0.00584614841873489,-0.10757096487014484,0.9143367912510479
bmi,alt_log_adj,REACTOME_CHROMATIN_MODIFICATIONS_DURING_THE_MATERNAL_TO_ZYGOTIC_TRANSITION_MZT,bmi,0.2885402925343915,0.005762635168539425,50.07089362686894,0
bmi,alt_log_adj,REACTOME_CHROMATIN_MODIFICATIONS_DURING_THE_MATERNAL_TO_ZYGOTIC_TRANSITION_MZT,ppgs:bmi,-0.006392664684624803,0.00563911151011475,-1.1336297700725408,0.2569594668116912
bmi,alt_log_adj,REACTOME_CHROMATIN_ORGANIZATION,ppgs,0.011168798108703913,0.005685244361379421,1.964523844317926,0.04947912717136754
bmi,alt_log_adj,REACTOME_CHROMATIN_ORGANIZATION,bmi,0.2883719856454073,0.005761294949519674,50.05332797090161,0
bmi,alt_log_adj,REACTOME_CHROMATIN_ORGANIZATION,ppgs:bmi,0.007450690430916155,0.005644349929266866,1.3200263137980022,0.18683689137822024
bmi,alt_log_adj,REACTOME_CHROMOSOME_MAINTENANCE,ppgs,-6.850760245246657e-4,0.005682328424456755,-0.12056255347299126,0.9040383848610481
bmi,alt_log_adj,REACTOME_CHROMOSOME_MAINTENANCE,bmi,0.288434945750606,0.005762221544532158,50.05620549669866,0
bmi,alt_log_adj,REACTOME_CHROMOSOME_MAINTENANCE,ppgs:bmi,-0.0011696916423646613,0.005505843624545952,-0.21244548921621828,0.8317610278217655
bmi,alt_log_adj,REACTOME_CHYLOMICRON_ASSEMBLY,ppgs,0.017799056053697988,0.005742143563632532,3.099723275194141,0.0019389120650839787
bmi,alt_log_adj,REACTOME_CHYLOMICRON_ASSEMBLY,bmi,0.28796520414649207,0.005760527095294418,49.98938454464023,0
bmi,alt_log_adj,REACTOME_CHYLOMICRON_ASSEMBLY,ppgs:bmi,0.018991613327347504,0.005769433487545106,3.2917639779271353,9.968280268240956e-4
bmi,alt_log_adj,REACTOME_CHYLOMICRON_CLEARANCE,ppgs,0.01442697889711285,0.005690364404422271,2.5353347996309186,0.011239317299834269
bmi,alt_log_adj,REACTOME_CHYLOMICRON_CLEARANCE,bmi,0.2883487726249774,0.00576094356707969,50.052351540590735,0
bmi,alt_log_adj,REACTOME_CHYLOMICRON_CLEARANCE,ppgs:bmi,0.005264688772329367,0.005699742227910156,0.9236713805318344,0.35566529896259624
bmi,alt_log_adj,REACTOME_CHYLOMICRON_REMODELING,ppgs,0.018816078681389705,0.005721471764434192,3.288678063283332,0.001007816779506583
bmi,alt_log_adj,REACTOME_CHYLOMICRON_REMODELING,bmi,0.2880249240067376,0.005760176756964785,50.002792650152436,0
bmi,alt_log_adj,REACTOME_CHYLOMICRON_REMODELING,ppgs:bmi,0.018821585698582506,0.005764045786246273,3.2653428505882345,0.0010946134294066924
bmi,alt_log_adj,REACTOME_CILIUM_ASSEMBLY,ppgs,0.003951299438590226,0.0056912162796379446,0.6942803162703902,0.48751212218087436
bmi,alt_log_adj,REACTOME_CILIUM_ASSEMBLY,bmi,0.28841553610836035,0.005761508877827453,50.05902832473217,0
bmi,alt_log_adj,REACTOME_CILIUM_ASSEMBLY,ppgs:bmi,0.0037482735633981045,0.005734438887915958,0.653642603341148,0.5133473914585625
bmi,alt_log_adj,REACTOME_CIPROFLOXACIN_ADME,ppgs,0.0017351541733662441,0.005694007598319697,0.3047333786274343,0.760571462544751
bmi,alt_log_adj,REACTOME_CIPROFLOXACIN_ADME,bmi,0.28844513999228916,0.005762023355717716,50.0596964269612,0
bmi,alt_log_adj,REACTOME_CIPROFLOXACIN_ADME,ppgs:bmi,0.0022034397843194494,0.0058317202812992,0.3778370151574834,0.7055545032438628
bmi,alt_log_adj,REACTOME_CIRCADIAN_CLOCK,ppgs,0.005274057344251589,0.005716987939174163,0.9225237835666036,0.356263281804434
bmi,alt_log_adj,REACTOME_CIRCADIAN_CLOCK,bmi,0.28846691878192815,0.005761880312838855,50.064719001391694,0
bmi,alt_log_adj,REACTOME_CIRCADIAN_CLOCK,ppgs:bmi,-7.602267251605789e-4,0.005731270738010237,-0.13264540446827883,0.8944747635593289
bmi,alt_log_adj,REACTOME_CITRIC_ACID_CYCLE_TCA_CYCLE,ppgs,-0.0011356103387281276,0.005704412231750971,-0.19907578425122893,0.8422048911941721
bmi,alt_log_adj,REACTOME_CITRIC_ACID_CYCLE_TCA_CYCLE,bmi,0.28838646848762334,0.005761877311289212,50.050782567443676,0
bmi,alt_log_adj,REACTOME_CITRIC_ACID_CYCLE_TCA_CYCLE,ppgs:bmi,-0.002914719661729862,0.005760131656266798,-0.506016153043787,0.6128492449666232
bmi,alt_log_adj,REACTOME_CLASS_A_1_RHODOPSIN_LIKE_RECEPTORS,ppgs,-0.016934196601871936,0.005701721418051821,-2.970014730684274,0.002980348792260241
bmi,alt_log_adj,REACTOME_CLASS_A_1_RHODOPSIN_LIKE_RECEPTORS,bmi,0.2886459076085087,0.005761383970383747,50.10009905472122,0
bmi,alt_log_adj,REACTOME_CLASS_A_1_RHODOPSIN_LIKE_RECEPTORS,ppgs:bmi,-0.004610231877081278,0.005657403698312373,-0.8149024045175579,0.41513502260392254
bmi,alt_log_adj,REACTOME_CLASS_B_2_SECRETIN_FAMILY_RECEPTORS,ppgs,0.007046315682252616,0.005693036539595539,1.2377077914826138,0.21583468015320575
bmi,alt_log_adj,REACTOME_CLASS_B_2_SECRETIN_FAMILY_RECEPTORS,bmi,0.2883800650773463,0.005761418093263498,50.05366047198221,0
bmi,alt_log_adj,REACTOME_CLASS_B_2_SECRETIN_FAMILY_RECEPTORS,ppgs:bmi,0.005948438298661271,0.0057231270610150885,1.0393685541565139,0.2986422276707987
bmi,alt_log_adj,REACTOME_CLASS_C_3_METABOTROPIC_GLUTAMATE_PHEROMONE_RECEPTORS,ppgs,-0.009961939128159713,0.00568089358338695,-1.753586646525493,0.07951216709956468
bmi,alt_log_adj,REACTOME_CLASS_C_3_METABOTROPIC_GLUTAMATE_PHEROMONE_RECEPTORS,bmi,0.2884595054747855,0.005761417642316585,50.06745273178981,0
bmi,alt_log_adj,REACTOME_CLASS_C_3_METABOTROPIC_GLUTAMATE_PHEROMONE_RECEPTORS,ppgs:bmi,-0.00221330136069636,0.005636780700076227,-0.3926534450180808,0.6945784122352181
bmi,alt_log_adj,REACTOME_CLASS_I_MHC_MEDIATED_ANTIGEN_PROCESSING_PRESENTATION,ppgs,0.011053620073896714,0.005707530200526117,1.936673076715003,0.052795243658208216
bmi,alt_log_adj,REACTOME_CLASS_I_MHC_MEDIATED_ANTIGEN_PROCESSING_PRESENTATION,bmi,0.2883558676092061,0.005761333467594046,50.05019571096352,0
bmi,alt_log_adj,REACTOME_CLASS_I_MHC_MEDIATED_ANTIGEN_PROCESSING_PRESENTATION,ppgs:bmi,8.772305092328143e-5,0.005715086359242522,0.015349383265471469,0.9877535529836141
bmi,alt_log_adj,REACTOME_CLASS_I_PEROXISOMAL_MEMBRANE_PROTEIN_IMPORT,ppgs,0.007606444634004244,0.005731614496567631,1.327103321160094,0.18448519535589047
bmi,alt_log_adj,REACTOME_CLASS_I_PEROXISOMAL_MEMBRANE_PROTEIN_IMPORT,bmi,0.2884132412287519,0.005761364576255832,50.05988380207394,0
bmi,alt_log_adj,REACTOME_CLASS_I_PEROXISOMAL_MEMBRANE_PROTEIN_IMPORT,ppgs:bmi,-0.006246743459859878,0.005801666021874687,-1.0767154531658776,0.2816165693108003
bmi,alt_log_adj,REACTOME_CLATHRIN_MEDIATED_ENDOCYTOSIS,ppgs,0.012679933607842002,0.005711508787374608,2.2200672501583507,0.026422081478882215
bmi,alt_log_adj,REACTOME_CLATHRIN_MEDIATED_ENDOCYTOSIS,bmi,0.2885034713335499,0.005760943260564297,50.0792072208832,0
bmi,alt_log_adj,REACTOME_CLATHRIN_MEDIATED_ENDOCYTOSIS,ppgs:bmi,-0.009075219995180347,0.005710076388997094,-1.589334253507999,0.11199610103026815
bmi,alt_log_adj,REACTOME_CLEC7A_DECTIN_1_INDUCES_NFAT_ACTIVATION,ppgs,0.001907689971440548,0.005854311987064868,0.32586066059608687,0.7445321860246547
bmi,alt_log_adj,REACTOME_CLEC7A_DECTIN_1_INDUCES_NFAT_ACTIVATION,bmi,0.2885079382964818,0.005761566894842718,50.07456193118758,0
bmi,alt_log_adj,REACTOME_CLEC7A_DECTIN_1_INDUCES_NFAT_ACTIVATION,ppgs:bmi,0.009907980085608696,0.005903453314647888,1.6783363156314988,0.09329248467260644
bmi,alt_log_adj,REACTOME_CLEC7A_DECTIN_1_SIGNALING,ppgs,-0.008508825267798392,0.005704231434416027,-1.491669011965586,0.13579706409045583
bmi,alt_log_adj,REACTOME_CLEC7A_DECTIN_1_SIGNALING,bmi,0.28833099585052935,0.005762138595403637,50.038885923453186,0
bmi,alt_log_adj,REACTOME_CLEC7A_DECTIN_1_SIGNALING,ppgs:bmi,-0.0016869616202121627,0.005789619943946549,-0.29137691878652566,0.7707651971111826
bmi,alt_log_adj,REACTOME_CLEC7A_INFLAMMASOME_PATHWAY,ppgs,-0.0017473595172946377,0.005713140263574271,-0.3058492241885638,0.759721693524245
bmi,alt_log_adj,REACTOME_CLEC7A_INFLAMMASOME_PATHWAY,bmi,0.2885209689630956,0.005761412806842373,50.07816288054245,0
bmi,alt_log_adj,REACTOME_CLEC7A_INFLAMMASOME_PATHWAY,ppgs:bmi,-0.0128149462133496,0.005709405267926156,-2.2445325934980285,0.02480583526501983
bmi,alt_log_adj,REACTOME_COBALAMIN_CBL_METABOLISM,ppgs,0.008820736714734616,0.005696115677492877,1.5485529462802323,0.1215003876998981
bmi,alt_log_adj,REACTOME_COBALAMIN_CBL_METABOLISM,bmi,0.2884024277968227,0.005761469170361791,50.05709815830057,0
bmi,alt_log_adj,REACTOME_COBALAMIN_CBL_METABOLISM,ppgs:bmi,0.002065591189050542,0.005667773859755923,0.36444488438702366,0.715528542059489
bmi,alt_log_adj,REACTOME_COBALAMIN_CBL_VITAMIN_B12_TRANSPORT_AND_METABOLISM,ppgs,0.012994509903496822,0.0057196932515547185,2.2718893010503094,0.023100655730416333
bmi,alt_log_adj,REACTOME_COBALAMIN_CBL_VITAMIN_B12_TRANSPORT_AND_METABOLISM,bmi,0.28838531121025185,0.0057620140756615605,50.04939374035478,0
bmi,alt_log_adj,REACTOME_COBALAMIN_CBL_VITAMIN_B12_TRANSPORT_AND_METABOLISM,ppgs:bmi,-0.0013746365927238837,0.005651945759779502,-0.24321475313972443,0.807840798381201
bmi,alt_log_adj,REACTOME_COENZYME_A_BIOSYNTHESIS,ppgs,-0.003452147238888913,0.0056938506384254725,-0.6062939578344014,0.5443244249734022
bmi,alt_log_adj,REACTOME_COENZYME_A_BIOSYNTHESIS,bmi,0.28835842022265507,0.005761592485771804,50.04838869370809,0
bmi,alt_log_adj,REACTOME_COENZYME_A_BIOSYNTHESIS,ppgs:bmi,-0.006650022673467826,0.0057419881208952295,-1.158139399360343,0.2468169107604581
bmi,alt_log_adj,REACTOME_COHESIN_LOADING_ONTO_CHROMATIN,ppgs,0.029846055836221578,0.00567198722969788,5.262010407913301,1.435237908698877e-7
bmi,alt_log_adj,REACTOME_COHESIN_LOADING_ONTO_CHROMATIN,bmi,0.28847541558701145,0.00575830916733188,50.0972433407352,0
bmi,alt_log_adj,REACTOME_COHESIN_LOADING_ONTO_CHROMATIN,ppgs:bmi,0.013375572495810527,0.005780299112136734,2.313993140549804,0.020675212176582167
bmi,alt_log_adj,REACTOME_COLLAGEN_BIOSYNTHESIS_AND_MODIFYING_ENZYMES,ppgs,-0.001465831530074893,0.005654878440323099,-0.25921539172664176,0.7954709382072588
bmi,alt_log_adj,REACTOME_COLLAGEN_BIOSYNTHESIS_AND_MODIFYING_ENZYMES,bmi,0.2883903569224454,0.005761535042218562,50.05443077395509,0
bmi,alt_log_adj,REACTOME_COLLAGEN_BIOSYNTHESIS_AND_MODIFYING_ENZYMES,ppgs:bmi,-0.005963743864282944,0.00572703958275852,-1.0413310014893264,0.2977308340632453
bmi,alt_log_adj,REACTOME_COLLAGEN_CHAIN_TRIMERIZATION,ppgs,-6.202925230883007e-4,0.005653013403189201,-0.1097277644412371,0.912626057229944
bmi,alt_log_adj,REACTOME_COLLAGEN_CHAIN_TRIMERIZATION,bmi,0.28838773353260705,0.005761666799816969,50.052830813084896,0
bmi,alt_log_adj,REACTOME_COLLAGEN_CHAIN_TRIMERIZATION,ppgs:bmi,-0.004131408656853813,0.005767366984759916,-0.7163422524994385,0.4737859440396439
bmi,alt_log_adj,REACTOME_COLLAGEN_DEGRADATION,ppgs,-0.006747952375209712,0.005724118693890984,-1.1788631116981214,0.2384625829714267
bmi,alt_log_adj,REACTOME_COLLAGEN_DEGRADATION,bmi,0.2888436794086552,0.005763201953505539,50.118611448790624,0
bmi,alt_log_adj,REACTOME_COLLAGEN_DEGRADATION,ppgs:bmi,0.01496130253913629,0.0059233920239029495,2.525799825296422,0.011548924784345369
bmi,alt_log_adj,REACTOME_COLLAGEN_FORMATION,ppgs,-0.0013794100927539547,0.005655726865503372,-0.24389616499473302,0.8073130043753083
bmi,alt_log_adj,REACTOME_COLLAGEN_FORMATION,bmi,0.2883950539103306,0.005761488578478728,50.05564967838205,0
bmi,alt_log_adj,REACTOME_COLLAGEN_FORMATION,ppgs:bmi,-0.006633051068877244,0.005743261703310559,-1.1549275327387203,0.24812983855453366
bmi,alt_log_adj,REACTOME_COMMON_PATHWAY_OF_FIBRIN_CLOT_FORMATION,ppgs,0.001988940509552891,0.005690216382285065,0.34953688505500674,0.7266888810773655
bmi,alt_log_adj,REACTOME_COMMON_PATHWAY_OF_FIBRIN_CLOT_FORMATION,bmi,0.28842518850914534,0.0057614807332685425,50.060948194045075,0
bmi,alt_log_adj,REACTOME_COMMON_PATHWAY_OF_FIBRIN_CLOT_FORMATION,ppgs:bmi,-0.006036934696507454,0.005686487030079495,-1.0616281483760035,0.2884135739869546
bmi,alt_log_adj,REACTOME_COMPLEMENT_CASCADE,ppgs,-0.0013997848967135943,0.005813145651704625,-0.2407964603988766,0.8097146144904457
bmi,alt_log_adj,REACTOME_COMPLEMENT_CASCADE,bmi,0.288429576608008,0.005761877780139386,50.058260104404816,0
bmi,alt_log_adj,REACTOME_COMPLEMENT_CASCADE,ppgs:bmi,-6.369621882210148e-4,0.005880751960407319,-0.1083130512066176,0.91374813673246
bmi,alt_log_adj,REACTOME_COMPLEX_III_ASSEMBLY,ppgs,-7.065326193439715e-4,0.005845764473388728,-0.12086231365636972,0.9038009492227781
bmi,alt_log_adj,REACTOME_COMPLEX_III_ASSEMBLY,bmi,0.28832122380155073,0.005761296227877069,50.04450602738609,0
bmi,alt_log_adj,REACTOME_COMPLEX_III_ASSEMBLY,ppgs:bmi,-0.013553457412444837,0.0059479722656192325,-2.2786685625262932,0.02269417798343947
bmi,alt_log_adj,REACTOME_COMPLEX_IV_ASSEMBLY,ppgs,0.0037338045252444034,0.005696961755256773,0.6554027718018468,0.5122137858424887
bmi,alt_log_adj,REACTOME_COMPLEX_IV_ASSEMBLY,bmi,0.28841690798874,0.005761952918344254,50.055408656761294,0
bmi,alt_log_adj,REACTOME_COMPLEX_IV_ASSEMBLY,ppgs:bmi,-0.002021597452294444,0.0056759324510736045,-0.3561701041583147,0.7217158297943022
bmi,alt_log_adj,REACTOME_COMPLEX_I_BIOGENESIS,ppgs,-0.004168890931673359,0.005698164060655832,-0.7316200248529767,0.4644065700771608
bmi,alt_log_adj,REACTOME_COMPLEX_I_BIOGENESIS,bmi,0.28844241028126244,0.005761642327748808,50.062533193372104,0
bmi,alt_log_adj,REACTOME_COMPLEX_I_BIOGENESIS,ppgs:bmi,-0.003973694469264076,0.00575709670414116,-0.6902254162945956,0.49005809302776693
bmi,alt_log_adj,REACTOME_CONDENSATION_OF_PROMETAPHASE_CHROMOSOMES,ppgs,0.010741042035144076,0.0057380021332188455,1.8719132174875432,0.06122889921308729
bmi,alt_log_adj,REACTOME_CONDENSATION_OF_PROMETAPHASE_CHROMOSOMES,bmi,0.28845311181160105,0.005761318324274583,50.06720607612332,0
bmi,alt_log_adj,REACTOME_CONDENSATION_OF_PROMETAPHASE_CHROMOSOMES,ppgs:bmi,-0.00624004778663267,0.005803516926866804,-1.0752183314474348,0.2822861412130355
bmi,alt_log_adj,REACTOME_CONDENSATION_OF_PROPHASE_CHROMOSOMES,ppgs,2.5698427335899807e-4,0.005769578797047115,0.044541253772376464,0.9644732825594543
bmi,alt_log_adj,REACTOME_CONDENSATION_OF_PROPHASE_CHROMOSOMES,bmi,0.2882232561716579,0.00576359201274592,50.00757436235343,0
bmi,alt_log_adj,REACTOME_CONDENSATION_OF_PROPHASE_CHROMOSOMES,ppgs:bmi,-0.008491928442917625,0.006031840812027401,-1.4078502247580615,0.15918639017723676
bmi,alt_log_adj,REACTOME_CONJUGATION_OF_BENZOATE_WITH_GLYCINE,ppgs,-5.430959811389206e-4,0.0056807977345589514,-0.0956020626883111,0.9238373026736972
bmi,alt_log_adj,REACTOME_CONJUGATION_OF_BENZOATE_WITH_GLYCINE,bmi,0.288597139685694,0.005762693856269708,50.08024838447829,0
bmi,alt_log_adj,REACTOME_CONJUGATION_OF_BENZOATE_WITH_GLYCINE,ppgs:bmi,-0.010085995399706834,0.00555700542267795,-1.8150054989232562,0.06953362745031848
bmi,alt_log_adj,REACTOME_CONSTITUTIVE_SIGNALING_BY_ABERRANT_PI3K_IN_CANCER,ppgs,-0.0013771120618848512,0.005695875850399077,-0.24177353897001896,0.8089573923657037
bmi,alt_log_adj,REACTOME_CONSTITUTIVE_SIGNALING_BY_ABERRANT_PI3K_IN_CANCER,bmi,0.2885540187573945,0.005762036757926897,50.07847587234281,0
bmi,alt_log_adj,REACTOME_CONSTITUTIVE_SIGNALING_BY_ABERRANT_PI3K_IN_CANCER,ppgs:bmi,-0.008902098476012268,0.005704647115042079,-1.5604994132834462,0.11865307142524702
bmi,alt_log_adj,REACTOME_CONSTITUTIVE_SIGNALING_BY_AKT1_E17K_IN_CANCER,ppgs,0.004734561729982586,0.005666923083943857,0.8354730882790806,0.4034584345271539
bmi,alt_log_adj,REACTOME_CONSTITUTIVE_SIGNALING_BY_AKT1_E17K_IN_CANCER,bmi,0.28829858491290816,0.005762145864782671,50.03319799225212,0
bmi,alt_log_adj,REACTOME_CONSTITUTIVE_SIGNALING_BY_AKT1_E17K_IN_CANCER,ppgs:bmi,0.006015248457841774,0.005520881789969632,1.0895448746557679,0.27592293892808434
bmi,alt_log_adj,REACTOME_CONSTITUTIVE_SIGNALING_BY_EGFRVIII,ppgs,-7.570240899510129e-4,0.005689246757907792,-0.13306227030824144,0.8941450781532072
bmi,alt_log_adj,REACTOME_CONSTITUTIVE_SIGNALING_BY_EGFRVIII,bmi,0.28845098352144527,0.00576146263791827,50.065582587144625,0
bmi,alt_log_adj,REACTOME_CONSTITUTIVE_SIGNALING_BY_EGFRVIII,ppgs:bmi,-0.009387444920503397,0.005584040040372671,-1.6811206317705583,0.09275050171721776
bmi,alt_log_adj,REACTOME_CONSTITUTIVE_SIGNALING_BY_LIGAND_RESPONSIVE_EGFR_CANCER_VARIANTS,ppgs,-7.590614403738404e-4,0.005689080334066348,-0.13342427875882898,0.893858792476101
bmi,alt_log_adj,REACTOME_CONSTITUTIVE_SIGNALING_BY_LIGAND_RESPONSIVE_EGFR_CANCER_VARIANTS,bmi,0.2884530689412276,0.00576145920272104,50.065974398464206,0
bmi,alt_log_adj,REACTOME_CONSTITUTIVE_SIGNALING_BY_LIGAND_RESPONSIVE_EGFR_CANCER_VARIANTS,ppgs:bmi,-0.009690210233168382,0.00558966589001514,-1.7335938182777744,0.08300105090138497
bmi,alt_log_adj,REACTOME_CONSTITUTIVE_SIGNALING_BY_OVEREXPRESSED_ERBB2,ppgs,0.003882825412667301,0.005680769066701757,0.6835034776236136,0.4942943398638169
bmi,alt_log_adj,REACTOME_CONSTITUTIVE_SIGNALING_BY_OVEREXPRESSED_ERBB2,bmi,0.28847957158610704,0.005761513143532319,50.07010561278412,0
bmi,alt_log_adj,REACTOME_CONSTITUTIVE_SIGNALING_BY_OVEREXPRESSED_ERBB2,ppgs:bmi,0.008573714436839849,0.0058261851095391705,1.4715829098533393,0.14114464393661233
bmi,alt_log_adj,REACTOME_CONVERSION_FROM_APC_C_CDC20_TO_APC_C_CDH1_IN_LATE_ANAPHASE,ppgs,0.00630990917404706,0.005701090685312423,1.1067898271295913,0.2683941991937803
bmi,alt_log_adj,REACTOME_CONVERSION_FROM_APC_C_CDC20_TO_APC_C_CDH1_IN_LATE_ANAPHASE,bmi,0.28843199119972357,0.0057617107098873336,50.06013070124509,0
bmi,alt_log_adj,REACTOME_CONVERSION_FROM_APC_C_CDC20_TO_APC_C_CDH1_IN_LATE_ANAPHASE,ppgs:bmi,-0.001378136879155988,0.005642382777991186,-0.2442473212791557,0.807041047182268
bmi,alt_log_adj,REACTOME_COOPERATION_OF_PDCL_PHLP1_AND_TRIC_CCT_IN_G_PROTEIN_BETA_FOLDING,ppgs,-0.0018460692687389596,0.005676922550242026,-0.32518838374151426,0.7450408996193945
bmi,alt_log_adj,REACTOME_COOPERATION_OF_PDCL_PHLP1_AND_TRIC_CCT_IN_G_PROTEIN_BETA_FOLDING,bmi,0.2884118725933964,0.005761547411102522,50.05805767346906,0
bmi,alt_log_adj,REACTOME_COOPERATION_OF_PDCL_PHLP1_AND_TRIC_CCT_IN_G_PROTEIN_BETA_FOLDING,ppgs:bmi,-0.004839382489847931,0.005709509407424042,-0.8476004056592515,0.39666770439004606
bmi,alt_log_adj,REACTOME_COOPERATION_OF_PREFOLDIN_AND_TRIC_CCT_IN_ACTIN_AND_TUBULIN_FOLDING,ppgs,0.013985803566208852,0.00571002174287795,2.4493433118101864,0.014317704854047389
bmi,alt_log_adj,REACTOME_COOPERATION_OF_PREFOLDIN_AND_TRIC_CCT_IN_ACTIN_AND_TUBULIN_FOLDING,bmi,0.28844759450774554,0.005761445370030213,50.06514441813287,0
bmi,alt_log_adj,REACTOME_COOPERATION_OF_PREFOLDIN_AND_TRIC_CCT_IN_ACTIN_AND_TUBULIN_FOLDING,ppgs:bmi,0.0024230465422906116,0.005772496128928127,0.41975715326127694,0.6746660495066714
bmi,alt_log_adj,REACTOME_COPII_MEDIATED_VESICLE_TRANSPORT,ppgs,0.007377460795206185,0.005682687349832631,1.29823450438875,0.19421732650969104
bmi,alt_log_adj,REACTOME_COPII_MEDIATED_VESICLE_TRANSPORT,bmi,0.2885048270071782,0.005761602278554861,50.07371440424064,0
bmi,alt_log_adj,REACTOME_COPII_MEDIATED_VESICLE_TRANSPORT,ppgs:bmi,0.006164832825922126,0.005799756875186869,1.06294676804422,0.2878151469516425
bmi,alt_log_adj,REACTOME_COPI_DEPENDENT_GOLGI_TO_ER_RETROGRADE_TRAFFIC,ppgs,0.027836698610642488,0.005707008129475818,4.87763430138994,1.0794728802759816e-6
bmi,alt_log_adj,REACTOME_COPI_DEPENDENT_GOLGI_TO_ER_RETROGRADE_TRAFFIC,bmi,0.2883347513354463,0.005759208063348514,50.06499993816909,0
bmi,alt_log_adj,REACTOME_COPI_DEPENDENT_GOLGI_TO_ER_RETROGRADE_TRAFFIC,ppgs:bmi,-0.0016443192726976518,0.005727679955333998,-0.287082952525368,0.7740509032093255
bmi,alt_log_adj,REACTOME_COPI_INDEPENDENT_GOLGI_TO_ER_RETROGRADE_TRAFFIC,ppgs,0.005162179676024116,0.005704378918236863,0.9049503460439244,0.3654993838941092
bmi,alt_log_adj,REACTOME_COPI_INDEPENDENT_GOLGI_TO_ER_RETROGRADE_TRAFFIC,bmi,0.2883908223368921,0.005761362289094628,50.056012426569936,0
bmi,alt_log_adj,REACTOME_COPI_INDEPENDENT_GOLGI_TO_ER_RETROGRADE_TRAFFIC,ppgs:bmi,-0.00809892635679206,0.005691655912388273,-1.4229472901136206,0.15476244013245463
bmi,alt_log_adj,REACTOME_COPI_MEDIATED_ANTEROGRADE_TRANSPORT,ppgs,0.0017883688362753903,0.00570272895814199,0.31359877865527386,0.7538280946211916
bmi,alt_log_adj,REACTOME_COPI_MEDIATED_ANTEROGRADE_TRANSPORT,bmi,0.28841825118631886,0.00576178858364544,50.0570694323947,0
bmi,alt_log_adj,REACTOME_COPI_MEDIATED_ANTEROGRADE_TRANSPORT,ppgs:bmi,-0.002679699319975854,0.005660195754470107,-0.47342873572165367,0.6359109782546218
bmi,alt_log_adj,REACTOME_CO_INHIBITION_BY_BTLA,ppgs,0.014622392804345912,0.005753555678084025,2.541453254731563,0.011044550380006688
bmi,alt_log_adj,REACTOME_CO_INHIBITION_BY_BTLA,bmi,0.28858701325934577,0.005761103191795039,50.09231802519199,0
bmi,alt_log_adj,REACTOME_CO_INHIBITION_BY_BTLA,ppgs:bmi,0.007333656258884524,0.005765511463033223,1.2719871091933106,0.20338813377458048
bmi,alt_log_adj,REACTOME_CO_INHIBITION_BY_CTLA4,ppgs,0.020191407465507273,0.00571189875900594,3.534972925364183,4.084666116067305e-4
bmi,alt_log_adj,REACTOME_CO_INHIBITION_BY_CTLA4,bmi,0.288182860483542,0.005760886426067118,50.02404824013875,0
bmi,alt_log_adj,REACTOME_CO_INHIBITION_BY_CTLA4,ppgs:bmi,0.005048485879776771,0.005641222767980465,0.8949275870529233,0.3708333969166163
bmi,alt_log_adj,REACTOME_CO_INHIBITION_BY_PD_1,ppgs,0.0167280835738365,0.005715532689802086,2.92677594228155,0.003427674688761012
bmi,alt_log_adj,REACTOME_CO_INHIBITION_BY_PD_1,bmi,0.288276814255506,0.005760935899664741,50.03992741392633,0
bmi,alt_log_adj,REACTOME_CO_INHIBITION_BY_PD_1,ppgs:bmi,0.004672556376907266,0.005671954280351206,0.823800077707598,0.41006009401737464
bmi,alt_log_adj,REACTOME_CO_STIMULATION_BY_CD28,ppgs,0.009116181066138266,0.005710600439222404,1.5963612168564871,0.11041931642855042
bmi,alt_log_adj,REACTOME_CO_STIMULATION_BY_CD28,bmi,0.28814567245453193,0.00576314460324821,49.9979945483457,0
bmi,alt_log_adj,REACTOME_CO_STIMULATION_BY_CD28,ppgs:bmi,0.005623413653766072,0.005520406965232886,1.0186592563160497,0.308373455273725
bmi,alt_log_adj,REACTOME_CO_STIMULATION_BY_ICOS,ppgs,5.32758893863908e-4,0.0057025460446156855,0.0934247421582744,0.9255667953076179
bmi,alt_log_adj,REACTOME_CO_STIMULATION_BY_ICOS,bmi,0.2885615459790878,0.005762124604642219,50.079018726288915,0
bmi,alt_log_adj,REACTOME_CO_STIMULATION_BY_ICOS,ppgs:bmi,-0.010227884278678531,0.0055252552796656714,-1.8511152446330792,0.06416336943231053
bmi,alt_log_adj,REACTOME_CREATINE_METABOLISM,ppgs,0.0016887826193149073,0.005753005898816226,0.29354786854336473,0.7691055652181511
bmi,alt_log_adj,REACTOME_CREATINE_METABOLISM,bmi,0.28846003001815707,0.005762254176503987,50.060275229505486,0
bmi,alt_log_adj,REACTOME_CREATINE_METABOLISM,ppgs:bmi,-0.003148691949654017,0.005718973026340941,-0.5505694702792789,0.5819331805062677
bmi,alt_log_adj,REACTOME_CREATION_OF_C4_AND_C2_ACTIVATORS,ppgs,0.002835905599694377,0.005758090484693435,0.49250799500858533,0.6223640857240921
bmi,alt_log_adj,REACTOME_CREATION_OF_C4_AND_C2_ACTIVATORS,bmi,0.28839467700265353,0.005761476339347613,50.05569059323937,0
bmi,alt_log_adj,REACTOME_CREATION_OF_C4_AND_C2_ACTIVATORS,ppgs:bmi,-0.0074993855112781204,0.005776247917686838,-1.2983143414456026,0.19418990234127814
bmi,alt_log_adj,REACTOME_CREB1_PHOSPHORYLATION_THROUGH_NMDA_RECEPTOR_MEDIATED_ACTIVATION_OF_RAS_SIGNALING,ppgs,5.793340358211178e-4,0.0056839161366812165,0.10192515545441973,0.9188168036672802
bmi,alt_log_adj,REACTOME_CREB1_PHOSPHORYLATION_THROUGH_NMDA_RECEPTOR_MEDIATED_ACTIVATION_OF_RAS_SIGNALING,bmi,0.28848308386862215,0.0057619231240691885,50.06715252127305,0
bmi,alt_log_adj,REACTOME_CREB1_PHOSPHORYLATION_THROUGH_NMDA_RECEPTOR_MEDIATED_ACTIVATION_OF_RAS_SIGNALING,ppgs:bmi,0.00644087714894162,0.005808929723958591,1.1087889602755217,0.26753064058333104
bmi,alt_log_adj,REACTOME_CREB1_PHOSPHORYLATION_THROUGH_THE_ACTIVATION_OF_ADENYLATE_CYCLASE,ppgs,0.005740033462962939,0.005924591905227445,0.968848750223342,0.3326289248747598
bmi,alt_log_adj,REACTOME_CREB1_PHOSPHORYLATION_THROUGH_THE_ACTIVATION_OF_ADENYLATE_CYCLASE,bmi,0.28849876192688234,0.005761830137308605,50.070681545923236,0
bmi,alt_log_adj,REACTOME_CREB1_PHOSPHORYLATION_THROUGH_THE_ACTIVATION_OF_ADENYLATE_CYCLASE,ppgs:bmi,0.005590355518232674,0.0059203302239191555,0.9442641384507021,0.34504273444478295
bmi,alt_log_adj,REACTOME_CREB1_PHOSPHORYLATION_THROUGH_THE_ACTIVATION_OF_CAMKII_CAMKK_CAMKIV_CASCASDE,ppgs,-0.0012643122232848304,0.005721658949502617,-0.22096951853356042,0.8251177584560763
bmi,alt_log_adj,REACTOME_CREB1_PHOSPHORYLATION_THROUGH_THE_ACTIVATION_OF_CAMKII_CAMKK_CAMKIV_CASCASDE,bmi,0.2884446671946978,0.005761500137999562,50.06416042451889,0
bmi,alt_log_adj,REACTOME_CREB1_PHOSPHORYLATION_THROUGH_THE_ACTIVATION_OF_CAMKII_CAMKK_CAMKIV_CASCASDE,ppgs:bmi,-0.008551331280080414,0.005734755774659961,-1.4911413172756185,0.13593552353128383
bmi,alt_log_adj,REACTOME_CREB3_FACTORS_ACTIVATE_GENES,ppgs,0.007446546682763594,0.005678807660313354,1.311287003925873,0.18977143823963102
bmi,alt_log_adj,REACTOME_CREB3_FACTORS_ACTIVATE_GENES,bmi,0.2884842840845807,0.005761308805877683,50.07269941688757,0
bmi,alt_log_adj,REACTOME_CREB3_FACTORS_ACTIVATE_GENES,ppgs:bmi,0.010021230871608942,0.005709174092095624,1.755285564944215,0.0792212747058694
bmi,alt_log_adj,REACTOME_CREB_PHOSPHORYLATION,ppgs,-0.0030978879658864664,0.00571215602128554,-0.5423325193399176,0.5875937203368897
bmi,alt_log_adj,REACTOME_CREB_PHOSPHORYLATION,bmi,0.2882724043560417,0.005761947628586122,50.03037565386177,0
bmi,alt_log_adj,REACTOME_CREB_PHOSPHORYLATION,ppgs:bmi,-0.009696162817740888,0.005910431776724373,-1.6405168326153339,0.10090884602619268
bmi,alt_log_adj,REACTOME_CRISTAE_FORMATION,ppgs,6.83390662713065e-4,0.0057140145828614266,0.11959904070998031,0.9048016271839492
bmi,alt_log_adj,REACTOME_CRISTAE_FORMATION,bmi,0.2884157307466175,0.005761651446647453,50.057823423948825,0
bmi,alt_log_adj,REACTOME_CRISTAE_FORMATION,ppgs:bmi,-4.03573472539306e-4,0.005701827263857592,-0.07077967357893387,0.9435736086615129
bmi,alt_log_adj,REACTOME_CRMPS_IN_SEMA3A_SIGNALING,ppgs,-0.0035095250164443345,0.005695894738976212,-0.6161499074814613,0.537800533125508
bmi,alt_log_adj,REACTOME_CRMPS_IN_SEMA3A_SIGNALING,bmi,0.2885594421160395,0.005761648179011212,50.082794566877,0
bmi,alt_log_adj,REACTOME_CRMPS_IN_SEMA3A_SIGNALING,ppgs:bmi,0.011397516024252825,0.005958857342990639,1.9127016084148485,0.055796328579099
bmi,alt_log_adj,REACTOME_CROSSLINKING_OF_COLLAGEN_FIBRILS,ppgs,-0.0037754248287852343,0.0058601791263251275,-0.64425075537798,0.519418055618701
bmi,alt_log_adj,REACTOME_CROSSLINKING_OF_COLLAGEN_FIBRILS,bmi,0.28840181311274743,0.005761602928868883,50.0558293713181,0
bmi,alt_log_adj,REACTOME_CROSSLINKING_OF_COLLAGEN_FIBRILS,ppgs:bmi,-0.00220763654470265,0.005862726364328385,-0.3765545938038249,0.7065074550709701
bmi,alt_log_adj,REACTOME_CROSS_PRESENTATION_OF_PARTICULATE_EXOGENOUS_ANTIGENS_PHAGOSOMES,ppgs,0.006099316352617626,0.005687101506529055,1.0724824140408482,0.2835125384116093
bmi,alt_log_adj,REACTOME_CROSS_PRESENTATION_OF_PARTICULATE_EXOGENOUS_ANTIGENS_PHAGOSOMES,bmi,0.288354576392737,0.005761399221101009,50.049400384657275,0
bmi,alt_log_adj,REACTOME_CROSS_PRESENTATION_OF_PARTICULATE_EXOGENOUS_ANTIGENS_PHAGOSOMES,ppgs:bmi,0.008119612823924618,0.005692170338355164,1.426452889017179,0.1537486690805094
bmi,alt_log_adj,REACTOME_CROSS_PRESENTATION_OF_SOLUBLE_EXOGENOUS_ANTIGENS_ENDOSOMES,ppgs,-0.006581718454029195,0.0056923467489040265,-1.156239903216789,0.2475927862629221
bmi,alt_log_adj,REACTOME_CROSS_PRESENTATION_OF_SOLUBLE_EXOGENOUS_ANTIGENS_ENDOSOMES,bmi,0.2883620065285005,0.0057615928240242155,50.04900820587535,0
bmi,alt_log_adj,REACTOME_CROSS_PRESENTATION_OF_SOLUBLE_EXOGENOUS_ANTIGENS_ENDOSOMES,ppgs:bmi,-0.0057000016352655464,0.005777385671474059,-0.9866057001195891,0.3238443953304164
bmi,alt_log_adj,REACTOME_CS_DS_DEGRADATION,ppgs,-0.0014817724879306088,0.005726778204475489,-0.2587445217928295,0.7958342441418459
bmi,alt_log_adj,REACTOME_CS_DS_DEGRADATION,bmi,0.2884585192578259,0.005762357537085184,50.059115110677254,0
bmi,alt_log_adj,REACTOME_CS_DS_DEGRADATION,ppgs:bmi,0.0027067877687623576,0.005812403801751872,0.4656916245128264,0.6414398260115226
bmi,alt_log_adj,REACTOME_CYCLIN_A_B1_B2_ASSOCIATED_EVENTS_DURING_G2_M_TRANSITION,ppgs,0.010188047889081925,0.005769909208453822,1.765720658854534,0.0774534879647319
bmi,alt_log_adj,REACTOME_CYCLIN_A_B1_B2_ASSOCIATED_EVENTS_DURING_G2_M_TRANSITION,bmi,0.28844600918606467,0.005761318958027383,50.06596775624894,0
bmi,alt_log_adj,REACTOME_CYCLIN_A_B1_B2_ASSOCIATED_EVENTS_DURING_G2_M_TRANSITION,ppgs:bmi,7.042930916873759e-4,0.005850869799550141,0.12037408382280652,0.9041876732978109
bmi,alt_log_adj,REACTOME_CYCLIN_A_CDK2_ASSOCIATED_EVENTS_AT_S_PHASE_ENTRY,ppgs,-0.004929504847960985,0.005679889476118558,-0.8678874595513502,0.3854632914777322
bmi,alt_log_adj,REACTOME_CYCLIN_A_CDK2_ASSOCIATED_EVENTS_AT_S_PHASE_ENTRY,bmi,0.28836593057422616,0.005761851105893877,50.04744573827197,0
bmi,alt_log_adj,REACTOME_CYCLIN_A_CDK2_ASSOCIATED_EVENTS_AT_S_PHASE_ENTRY,ppgs:bmi,-0.003668381608508533,0.005771366271659587,-0.6356175359242398,0.5250308678592696
bmi,alt_log_adj,REACTOME_CYCLIN_D_ASSOCIATED_EVENTS_IN_G1,ppgs,0.00250152617064014,0.005705405397627862,0.438448453054747,0.6610645702014832
bmi,alt_log_adj,REACTOME_CYCLIN_D_ASSOCIATED_EVENTS_IN_G1,bmi,0.2883946107235693,0.005761408221032085,50.05627090800155,0
bmi,alt_log_adj,REACTOME_CYCLIN_D_ASSOCIATED_EVENTS_IN_G1,ppgs:bmi,-0.007833708722193236,0.005706044884869693,-1.3728789170525657,0.16980085163769898
bmi,alt_log_adj,REACTOME_CYP2E1_REACTIONS,ppgs,-0.002464564392865755,0.005692751628786537,-0.4329302512344281,0.6650687357819756
bmi,alt_log_adj,REACTOME_CYP2E1_REACTIONS,bmi,0.2884080239403964,0.005761790417346384,50.0552784898455,0
bmi,alt_log_adj,REACTOME_CYP2E1_REACTIONS,ppgs:bmi,2.3710651711586717e-4,0.005694419569249399,0.041638399530001785,0.9667872546165134
bmi,alt_log_adj,REACTOME_CYTOCHROME_C_MEDIATED_APOPTOTIC_RESPONSE,ppgs,0.0013445168210198452,0.00572287193213708,0.23493742948704516,0.8142589948507412
bmi,alt_log_adj,REACTOME_CYTOCHROME_C_MEDIATED_APOPTOTIC_RESPONSE,bmi,0.28836602532444394,0.0057624381833003505,50.042363345455726,0
bmi,alt_log_adj,REACTOME_CYTOCHROME_C_MEDIATED_APOPTOTIC_RESPONSE,ppgs:bmi,-0.0025740911694895133,0.00575464424303235,-0.447306742307518,0.654657017167975
bmi,alt_log_adj,REACTOME_CYTOCHROME_P450_ARRANGED_BY_SUBSTRATE_TYPE,ppgs,-0.003950521158300507,0.005724646759695829,-0.6900899433855046,0.49014327640428534
bmi,alt_log_adj,REACTOME_CYTOCHROME_P450_ARRANGED_BY_SUBSTRATE_TYPE,bmi,0.288397412229968,0.005762421594135008,50.047954235680855,0
bmi,alt_log_adj,REACTOME_CYTOCHROME_P450_ARRANGED_BY_SUBSTRATE_TYPE,ppgs:bmi,0.001951363957774794,0.0057637049233430614,0.33856069728201227,0.7349432021657457
bmi,alt_log_adj,REACTOME_CYTOKINE_SIGNALING_IN_IMMUNE_SYSTEM,ppgs,0.014901620283523797,0.005712587585696803,2.6085587415472675,0.009097210916537233
bmi,alt_log_adj,REACTOME_CYTOKINE_SIGNALING_IN_IMMUNE_SYSTEM,bmi,0.28843126877979053,0.005760897182101922,50.067074565381056,0
bmi,alt_log_adj,REACTOME_CYTOKINE_SIGNALING_IN_IMMUNE_SYSTEM,ppgs:bmi,0.002552520809271126,0.0057552440832355995,0.44351217296002127,0.6573987011631924
bmi,alt_log_adj,REACTOME_CYTOPROTECTION_BY_HMOX1,ppgs,0.011560588740648864,0.005733478792310506,2.0163306012666213,0.0437748300029902
bmi,alt_log_adj,REACTOME_CYTOPROTECTION_BY_HMOX1,bmi,0.2883699412052404,0.0057613676372197,50.0523416249828,0
bmi,alt_log_adj,REACTOME_CYTOPROTECTION_BY_HMOX1,ppgs:bmi,0.005718678783652288,0.005732308542466633,0.9976222914880852,0.31847106287545246
bmi,alt_log_adj,REACTOME_CYTOSOLIC_IRON_SULFUR_CLUSTER_ASSEMBLY,ppgs,0.0037815095698971873,0.005680401438348109,0.6657116774121637,0.5056008246776564
bmi,alt_log_adj,REACTOME_CYTOSOLIC_IRON_SULFUR_CLUSTER_ASSEMBLY,bmi,0.28848877908226117,0.0057613339789399955,50.07326083452275,0
bmi,alt_log_adj,REACTOME_CYTOSOLIC_IRON_SULFUR_CLUSTER_ASSEMBLY,ppgs:bmi,-0.01036351142397266,0.0056600852386822645,-1.830981511222861,0.06711379326645406
bmi,alt_log_adj,REACTOME_CYTOSOLIC_SENSORS_OF_PATHOGEN_ASSOCIATED_DNA,ppgs,0.004623579054063427,0.00569067675520734,0.8124831637700299,0.4165212662980786
bmi,alt_log_adj,REACTOME_CYTOSOLIC_SENSORS_OF_PATHOGEN_ASSOCIATED_DNA,bmi,0.28847054369287617,0.00576158193587561,50.06794087170023,0
bmi,alt_log_adj,REACTOME_CYTOSOLIC_SENSORS_OF_PATHOGEN_ASSOCIATED_DNA,ppgs:bmi,0.0061451266041061695,0.005775606706686985,1.063979407910749,0.2873470908909969
bmi,alt_log_adj,REACTOME_CYTOSOLIC_SULFONATION_OF_SMALL_MOLECULES,ppgs,0.0038133934855793207,0.005798886691543348,0.6576078630990465,0.5107954800630938
bmi,alt_log_adj,REACTOME_CYTOSOLIC_SULFONATION_OF_SMALL_MOLECULES,bmi,0.28836708946893946,0.005761709154743621,50.04887989382917,0
bmi,alt_log_adj,REACTOME_CYTOSOLIC_SULFONATION_OF_SMALL_MOLECULES,ppgs:bmi,0.005009657344488828,0.005878180652351091,0.8522462375301649,0.3940846384064771
bmi,alt_log_adj,REACTOME_CYTOSOLIC_TRNA_AMINOACYLATION,ppgs,0.011690879121230919,0.005680666798747372,2.0580117678806373,0.03959812509479557
bmi,alt_log_adj,REACTOME_CYTOSOLIC_TRNA_AMINOACYLATION,bmi,0.28844684789596414,0.005761193342256851,50.067204962604144,0
bmi,alt_log_adj,REACTOME_CYTOSOLIC_TRNA_AMINOACYLATION,ppgs:bmi,-3.5161606115557276e-4,0.0057283182170337465,-0.06138207547723275,0.9510553598615819
bmi,alt_log_adj,REACTOME_C_TYPE_LECTIN_RECEPTORS_CLRS,ppgs,-0.00955880682060298,0.005698187561299789,-1.6775170556903467,0.09345244127836513
bmi,alt_log_adj,REACTOME_C_TYPE_LECTIN_RECEPTORS_CLRS,bmi,0.2883554755438688,0.005761382024288279,50.049705839371114,0
bmi,alt_log_adj,REACTOME_C_TYPE_LECTIN_RECEPTORS_CLRS,ppgs:bmi,-0.004543167789353051,0.0057155250578302804,-0.7948819650661669,0.4266888208160913
bmi,alt_log_adj,REACTOME_DAG_AND_IP3_SIGNALING,ppgs,-3.032986811190306e-4,0.005721231109804682,-0.053012835052102095,0.9577220547489207
bmi,alt_log_adj,REACTOME_DAG_AND_IP3_SIGNALING,bmi,0.2884305852165606,0.005761550775659253,50.061276286080734,0
bmi,alt_log_adj,REACTOME_DAG_AND_IP3_SIGNALING,ppgs:bmi,-0.007508139574032467,0.005723429445371928,-1.311825304338064,0.1895897081412243
bmi,alt_log_adj,REACTOME_DAP12_INTERACTIONS,ppgs,-0.004856561831167988,0.005731700858009616,-0.8473159977254069,0.39682616540513416
bmi,alt_log_adj,REACTOME_DAP12_INTERACTIONS,bmi,0.28839979016255446,0.005761531581537553,50.05609811924186,0
bmi,alt_log_adj,REACTOME_DAP12_INTERACTIONS,ppgs:bmi,-0.0034201269789312498,0.0058001883790140705,-0.5896579137508308,0.5554247157388008
bmi,alt_log_adj,REACTOME_DAP12_SIGNALING,ppgs,-0.0016675444586697118,0.00568873968255728,-0.29313073751339147,0.7694243686746288
bmi,alt_log_adj,REACTOME_DAP12_SIGNALING,bmi,0.28841709878440663,0.005761895022123917,50.05594473293475,0
bmi,alt_log_adj,REACTOME_DAP12_SIGNALING,ppgs:bmi,4.713437823455888e-5,0.005604420488093006,0.008410214461013275,0.9932897580142219
bmi,alt_log_adj,REACTOME_DARPP_32_EVENTS,ppgs,0.0016937557491798758,0.005686060252873806,0.29787861434001345,0.7657979936784304
bmi,alt_log_adj,REACTOME_DARPP_32_EVENTS,bmi,0.28838802216316933,0.005761693658440307,50.052647582314556,0
bmi,alt_log_adj,REACTOME_DARPP_32_EVENTS,ppgs:bmi,0.003479349257936994,0.005678354916079921,0.6127389550949343,0.5400538756710302
bmi,alt_log_adj,REACTOME_DCC_MEDIATED_ATTRACTIVE_SIGNALING,ppgs,0.002005550119509672,0.0057290131392754564,0.35006903820145757,0.7262894872152628
bmi,alt_log_adj,REACTOME_DCC_MEDIATED_ATTRACTIVE_SIGNALING,bmi,0.28841694237964927,0.005761794368313608,50.05679202398621,0
bmi,alt_log_adj,REACTOME_DCC_MEDIATED_ATTRACTIVE_SIGNALING,ppgs:bmi,-0.004097666073935043,0.0057387117922794995,-0.7140393562624602,0.47520872250694846
bmi,alt_log_adj,REACTOME_DDX58_IFIH1_MEDIATED_INDUCTION_OF_INTERFERON_ALPHA_BETA,ppgs,0.0037996727735425196,0.005703872160836362,0.6661567206277238,0.5053163537818994
bmi,alt_log_adj,REACTOME_DDX58_IFIH1_MEDIATED_INDUCTION_OF_INTERFERON_ALPHA_BETA,bmi,0.28848848251850584,0.005761796974697097,50.06918566992235,0
bmi,alt_log_adj,REACTOME_DDX58_IFIH1_MEDIATED_INDUCTION_OF_INTERFERON_ALPHA_BETA,ppgs:bmi,0.007369531364379488,0.005735179107427937,1.2849696977788914,0.19881337201779342
bmi,alt_log_adj,REACTOME_DEACTIVATION_OF_THE_BETA_CATENIN_TRANSACTIVATING_COMPLEX,ppgs,0.005268558760399579,0.005682084890909487,0.9272228172494412,0.3538187523842138
bmi,alt_log_adj,REACTOME_DEACTIVATION_OF_THE_BETA_CATENIN_TRANSACTIVATING_COMPLEX,bmi,0.2883146174476205,0.005761749741931508,50.03942037770092,0
bmi,alt_log_adj,REACTOME_DEACTIVATION_OF_THE_BETA_CATENIN_TRANSACTIVATING_COMPLEX,ppgs:bmi,0.007087816653072606,0.005723455998458406,1.2383805614967052,0.21558523966316323
bmi,alt_log_adj,REACTOME_DEADENYLATION_DEPENDENT_MRNA_DECAY,ppgs,0.010209136175368453,0.005693552333992819,1.7931048274406411,0.07296682023492201
bmi,alt_log_adj,REACTOME_DEADENYLATION_DEPENDENT_MRNA_DECAY,bmi,0.2889103946507784,0.005761401692785643,50.14585166185313,0
bmi,alt_log_adj,REACTOME_DEADENYLATION_DEPENDENT_MRNA_DECAY,ppgs:bmi,0.02004659250926237,0.005676072147840259,3.5317719696163627,4.134405057031171e-4
bmi,alt_log_adj,REACTOME_DEADENYLATION_OF_MRNA,ppgs,0.013148819017996088,0.005713911673314704,2.301193957793245,0.021387889011316125
bmi,alt_log_adj,REACTOME_DEADENYLATION_OF_MRNA,bmi,0.28834676572168083,0.005761159507962002,50.05012711819237,0
bmi,alt_log_adj,REACTOME_DEADENYLATION_OF_MRNA,ppgs:bmi,8.444850007962814e-4,0.005695787310622284,0.1482648411434483,0.8821348158927705
bmi,alt_log_adj,REACTOME_DEATH_RECEPTOR_SIGNALING,ppgs,-0.0060462752853494735,0.005710345163610089,-1.0588283391133941,0.2896869867556655
bmi,alt_log_adj,REACTOME_DEATH_RECEPTOR_SIGNALING,bmi,0.288380914998479,0.005761492022547527,50.05316571990448,0
bmi,alt_log_adj,REACTOME_DEATH_RECEPTOR_SIGNALING,ppgs:bmi,-0.005541118719271101,0.005826133771190104,-0.9510798991042078,0.34157192634051614
bmi,alt_log_adj,REACTOME_DECTIN_1_MEDIATED_NONCANONICAL_NF_KB_SIGNALING,ppgs,-0.011612586750478828,0.0056845640463781925,-2.042828026166326,0.04107869438988836
bmi,alt_log_adj,REACTOME_DECTIN_1_MEDIATED_NONCANONICAL_NF_KB_SIGNALING,bmi,0.2882231063231249,0.005761739489528571,50.02362686597403,0
bmi,alt_log_adj,REACTOME_DECTIN_1_MEDIATED_NONCANONICAL_NF_KB_SIGNALING,ppgs:bmi,-0.008199332892601868,0.005787766165431053,-1.4166662332653532,0.1565915225202707
bmi,alt_log_adj,REACTOME_DECTIN_2_FAMILY,ppgs,3.157633132566071e-4,0.005700264877936952,0.05539449832915284,0.9558245691860747
bmi,alt_log_adj,REACTOME_DECTIN_2_FAMILY,bmi,0.28842047278816,0.005761675234074281,50.05843978890977,0
bmi,alt_log_adj,REACTOME_DECTIN_2_FAMILY,ppgs:bmi,-0.001094895097958393,0.005681592378874902,-0.19270919575811063,0.847188101755448
bmi,alt_log_adj,REACTOME_DEFECTIVE_B4GALT1_CAUSES_B4GALT1_CDG_CDG_2D,ppgs,0.0034070575257408673,0.005697816097008803,0.597958492821395,0.5498724058580797
bmi,alt_log_adj,REACTOME_DEFECTIVE_B4GALT1_CAUSES_B4GALT1_CDG_CDG_2D,bmi,0.2884442312519487,0.005761839273643881,50.061138041695465,0
bmi,alt_log_adj,REACTOME_DEFECTIVE_B4GALT1_CAUSES_B4GALT1_CDG_CDG_2D,ppgs:bmi,-0.0025979485371956474,0.0055088280219758754,-0.4715973210330552,0.6372178687690975
bmi,alt_log_adj,REACTOME_DEFECTIVE_B4GALT7_CAUSES_EDS_PROGEROID_TYPE,ppgs,-0.003847745886132658,0.005720720892542267,-0.6725980795792215,0.5012085060499512
bmi,alt_log_adj,REACTOME_DEFECTIVE_B4GALT7_CAUSES_EDS_PROGEROID_TYPE,bmi,0.28839915829046847,0.005762281137252094,50.049477181184486,0
bmi,alt_log_adj,REACTOME_DEFECTIVE_B4GALT7_CAUSES_EDS_PROGEROID_TYPE,ppgs:bmi,-8.867511489956474e-4,0.005799986249800748,-0.1528884915935983,0.8784872997393914
bmi,alt_log_adj,REACTOME_DEFECTIVE_C1GALT1C1_CAUSES_TNPS,ppgs,0.002735240681803546,0.005696488989193028,0.4801625504749766,0.6311155185125739
bmi,alt_log_adj,REACTOME_DEFECTIVE_C1GALT1C1_CAUSES_TNPS,bmi,0.2884264899748483,0.005761681966555328,50.05942564151742,0
bmi,alt_log_adj,REACTOME_DEFECTIVE_C1GALT1C1_CAUSES_TNPS,ppgs:bmi,7.191319342247946e-4,0.005732736332679351,0.12544305066419978,0.9001736973047191
bmi,alt_log_adj,REACTOME_DEFECTIVE_CFTR_CAUSES_CYSTIC_FIBROSIS,ppgs,0.030494344061202525,0.005896613144826774,5.171501557289012,2.3379748805343466e-7
bmi,alt_log_adj,REACTOME_DEFECTIVE_CFTR_CAUSES_CYSTIC_FIBROSIS,bmi,0.28821268826183677,0.005758056497859972,50.05381388129021,0
bmi,alt_log_adj,REACTOME_DEFECTIVE_CFTR_CAUSES_CYSTIC_FIBROSIS,ppgs:bmi,0.018997952707076028,0.005919274387614537,3.209507021135438,0.0013311078873797086
bmi,alt_log_adj,REACTOME_DEFECTIVE_CHST14_CAUSES_EDS_MUSCULOCONTRACTURAL_TYPE,ppgs,-0.0013919750458023228,0.005728164665398445,-0.24300541746131848,0.808002958889803
bmi,alt_log_adj,REACTOME_DEFECTIVE_CHST14_CAUSES_EDS_MUSCULOCONTRACTURAL_TYPE,bmi,0.2884602718410892,0.0057623370080167975,50.059597597254644,0
bmi,alt_log_adj,REACTOME_DEFECTIVE_CHST14_CAUSES_EDS_MUSCULOCONTRACTURAL_TYPE,ppgs:bmi,0.0028400980553183203,0.005810446642443226,0.4887916936664428,0.6249929605516262
bmi,alt_log_adj,REACTOME_DEFECTIVE_CHST3_CAUSES_SEDCJD,ppgs,-0.0013886987022587733,0.005728151528904222,-0.2424340025314287,0.808445643686248
bmi,alt_log_adj,REACTOME_DEFECTIVE_CHST3_CAUSES_SEDCJD,bmi,0.2884603639916454,0.005762337530894314,50.05960904669122,0
bmi,alt_log_adj,REACTOME_DEFECTIVE_CHST3_CAUSES_SEDCJD,ppgs:bmi,0.0028458140167188454,0.005810478654547125,0.4897727340400412,0.6242985168104168
bmi,alt_log_adj,REACTOME_DEFECTIVE_CHST6_CAUSES_MCDC1,ppgs,0.004992009735881954,0.005754918876760194,0.8674335542836131,0.38571184611345033
bmi,alt_log_adj,REACTOME_DEFECTIVE_CHST6_CAUSES_MCDC1,bmi,0.2884150398935103,0.005761797729484551,50.0564326334503,0
bmi,alt_log_adj,REACTOME_DEFECTIVE_CHST6_CAUSES_MCDC1,ppgs:bmi,4.869684311179792e-4,0.0055829892960829516,0.0872236010661239,0.930494395977699
bmi,alt_log_adj,REACTOME_DEFECTIVE_CHSY1_CAUSES_TPBS,ppgs,-0.0014456212230650146,0.005727444440703599,-0.25240248736265775,0.8007318076801646
bmi,alt_log_adj,REACTOME_DEFECTIVE_CHSY1_CAUSES_TPBS,bmi,0.28846075490254014,0.005762341091314416,50.05964595489451,0
bmi,alt_log_adj,REACTOME_DEFECTIVE_CHSY1_CAUSES_TPBS,ppgs:bmi,0.0028610120770336273,0.005810768674506605,0.4923637882171513,0.6224660067070968
bmi,alt_log_adj,REACTOME_DEFECTIVE_CSF2RB_CAUSES_SMDP5,ppgs,0.0013194635217151118,0.0056951787049668474,0.23168079353934734,0.8167876223130575
bmi,alt_log_adj,REACTOME_DEFECTIVE_CSF2RB_CAUSES_SMDP5,bmi,0.28841892153871584,0.005762047347323518,50.05493779440861,0
bmi,alt_log_adj,REACTOME_DEFECTIVE_CSF2RB_CAUSES_SMDP5,ppgs:bmi,-0.002392614500007435,0.005550210058257893,-0.43108539584868105,0.666409556954197
bmi,alt_log_adj,REACTOME_DEFECTIVE_EXT2_CAUSES_EXOSTOSES_2,ppgs,-0.012251604985373532,0.005696360236813954,-2.150777773181355,0.03150217112395586
bmi,alt_log_adj,REACTOME_DEFECTIVE_EXT2_CAUSES_EXOSTOSES_2,bmi,0.2882826252228769,0.005761361790167034,50.037236980134,0
bmi,alt_log_adj,REACTOME_DEFECTIVE_EXT2_CAUSES_EXOSTOSES_2,ppgs:bmi,-0.005093156516361868,0.005688004619549236,-0.8954206012521648,0.37056989490518144
bmi,alt_log_adj,REACTOME_DEFECTIVE_F9_ACTIVATION,ppgs,-8.960914816873619e-4,0.005726779751426527,-0.15647388595032796,0.8756606159366704
bmi,alt_log_adj,REACTOME_DEFECTIVE_F9_ACTIVATION,bmi,0.2884919215433583,0.005761515272764263,50.07223063472771,0
bmi,alt_log_adj,REACTOME_DEFECTIVE_F9_ACTIVATION,ppgs:bmi,-0.009429673499720763,0.005724971350439006,-1.6471127840661894,0.09954594964682958
bmi,alt_log_adj,REACTOME_DEFECTIVE_FACTOR_IX_CAUSES_HEMOPHILIA_B,ppgs,-0.0012210221605963231,0.005758834317393021,-0.2120259228345139,0.8320883348978326
bmi,alt_log_adj,REACTOME_DEFECTIVE_FACTOR_IX_CAUSES_HEMOPHILIA_B,bmi,0.2884728622548448,0.00576191808232983,50.065422335577686,0
bmi,alt_log_adj,REACTOME_DEFECTIVE_FACTOR_IX_CAUSES_HEMOPHILIA_B,ppgs:bmi,-0.00485886180584836,0.005764106643638627,-0.8429514070858991,0.3992627332247962
bmi,alt_log_adj,REACTOME_DEFECTIVE_FACTOR_VIII_CAUSES_HEMOPHILIA_A,ppgs,0.0032112526661001893,0.005780037490115311,0.5555764424697746,0.578504823755527
bmi,alt_log_adj,REACTOME_DEFECTIVE_FACTOR_VIII_CAUSES_HEMOPHILIA_A,bmi,0.2883067746719135,0.005761671496201667,50.03873873440673,0
bmi,alt_log_adj,REACTOME_DEFECTIVE_FACTOR_VIII_CAUSES_HEMOPHILIA_A,ppgs:bmi,0.009334087824152395,0.005776669133520174,1.6158252460729752,0.10614322953105897
bmi,alt_log_adj,REACTOME_DEFECTIVE_GALNT3_CAUSES_HFTC,ppgs,0.003776685004006754,0.0056964368000181976,0.6629907671396774,0.5073418579982913
bmi,alt_log_adj,REACTOME_DEFECTIVE_GALNT3_CAUSES_HFTC,bmi,0.28842928028927267,0.005761685556998507,50.05987873443185,0
bmi,alt_log_adj,REACTOME_DEFECTIVE_GALNT3_CAUSES_HFTC,ppgs:bmi,6.631105358790258e-4,0.005743285696473867,0.1154583927952857,0.9080826153888681
bmi,alt_log_adj,REACTOME_DEFECTIVE_INTRINSIC_PATHWAY_FOR_APOPTOSIS,ppgs,0.008946660008921739,0.005694599494464213,1.5710780042773669,0.11617569164079791
bmi,alt_log_adj,REACTOME_DEFECTIVE_INTRINSIC_PATHWAY_FOR_APOPTOSIS,bmi,0.288255568889866,0.00576135486985885,50.032600907454274,0
bmi,alt_log_adj,REACTOME_DEFECTIVE_INTRINSIC_PATHWAY_FOR_APOPTOSIS,ppgs:bmi,0.010457163552306137,0.005595292851903355,1.8689215790999958,0.061644029674943236
bmi,alt_log_adj,REACTOME_DEFECTIVE_LFNG_CAUSES_SCDO3,ppgs,-0.003055838093422122,0.005693119479033202,-0.5367598738576026,0.5914377044875008
bmi,alt_log_adj,REACTOME_DEFECTIVE_LFNG_CAUSES_SCDO3,bmi,0.2884022083924855,0.005761536485768553,50.056475231018936,0
bmi,alt_log_adj,REACTOME_DEFECTIVE_LFNG_CAUSES_SCDO3,ppgs:bmi,0.005105095197129567,0.005631293624151281,0.906558161917721,0.3646482003147694
bmi,alt_log_adj,REACTOME_DEFECTIVE_RIPK1_MEDIATED_REGULATED_NECROSIS,ppgs,0.0045598870595536965,0.005701690455036494,0.7997430052565894,0.4238664121206387
bmi,alt_log_adj,REACTOME_DEFECTIVE_RIPK1_MEDIATED_REGULATED_NECROSIS,bmi,0.28851565342968266,0.005761319681534457,50.078049713922496,0
bmi,alt_log_adj,REACTOME_DEFECTIVE_RIPK1_MEDIATED_REGULATED_NECROSIS,ppgs:bmi,-0.013042768716080741,0.005673922005087444,-2.2987218901469078,0.021527975684769066
bmi,alt_log_adj,REACTOME_DEFECTIVE_ST3GAL3_CAUSES_MCT12_AND_EIEE15,ppgs,0.002630773041673865,0.005710869197717415,0.46066070690699107,0.6450455837364814
bmi,alt_log_adj,REACTOME_DEFECTIVE_ST3GAL3_CAUSES_MCT12_AND_EIEE15,bmi,0.2884288980488014,0.005761638174837233,50.06022407107325,0
bmi,alt_log_adj,REACTOME_DEFECTIVE_ST3GAL3_CAUSES_MCT12_AND_EIEE15,ppgs:bmi,-0.00144783208649009,0.0056369626681006734,-0.25684613713752424,0.7972994162011064
bmi,alt_log_adj,REACTOME_DEFECTS_IN_BIOTIN_BTN_METABOLISM,ppgs,0.01569727571623813,0.005705039119004815,2.7514755620074274,0.005936512187995942
bmi,alt_log_adj,REACTOME_DEFECTS_IN_BIOTIN_BTN_METABOLISM,bmi,0.28818017923195594,0.0057617546136695015,50.01604520752438,0
bmi,alt_log_adj,REACTOME_DEFECTS_IN_BIOTIN_BTN_METABOLISM,ppgs:bmi,-0.0013158366683935288,0.005709696021945965,-0.23045651875965692,0.8177387101508008
bmi,alt_log_adj,REACTOME_DEFECTS_IN_COBALAMIN_B12_METABOLISM,ppgs,0.006561178237041188,0.005697083827470518,1.1516731078107243,0.2494651397599336
bmi,alt_log_adj,REACTOME_DEFECTS_IN_COBALAMIN_B12_METABOLISM,bmi,0.28837338569392784,0.005761707136153926,50.04999019898533,0
bmi,alt_log_adj,REACTOME_DEFECTS_IN_COBALAMIN_B12_METABOLISM,ppgs:bmi,5.032465994845512e-4,0.005590699346248189,0.09001496383851698,0.9282759596181831
bmi,alt_log_adj,REACTOME_DEFECTS_IN_VITAMIN_AND_COFACTOR_METABOLISM,ppgs,0.01603717690680915,0.005704706026560067,2.8112188134047553,0.0049388074009553235
bmi,alt_log_adj,REACTOME_DEFECTS_IN_VITAMIN_AND_COFACTOR_METABOLISM,bmi,0.2881750661672406,0.005761735377147025,50.015324777017625,0
bmi,alt_log_adj,REACTOME_DEFECTS_IN_VITAMIN_AND_COFACTOR_METABOLISM,ppgs:bmi,-0.001299484028818428,0.005709680753339246,-0.22759311508939245,0.8199642142071277
bmi,alt_log_adj,REACTOME_DEFECTS_OF_CONTACT_ACTIVATION_SYSTEM_CAS_AND_KALLIKREIN_KININ_SYSTEM_KKS,ppgs,0.00858495335774968,0.005809926875448369,1.4776353544186653,0.1395165154772752
bmi,alt_log_adj,REACTOME_DEFECTS_OF_CONTACT_ACTIVATION_SYSTEM_CAS_AND_KALLIKREIN_KININ_SYSTEM_KKS,bmi,0.2884044973920174,0.00576138855957675,50.05815775306856,0
bmi,alt_log_adj,REACTOME_DEFECTS_OF_CONTACT_ACTIVATION_SYSTEM_CAS_AND_KALLIKREIN_KININ_SYSTEM_KKS,ppgs:bmi,0.004728340505893574,0.005761920290570796,0.8206188679200156,0.41187029730166347
bmi,alt_log_adj,REACTOME_DEFECTS_OF_PLATELET_ADHESION_TO_EXPOSED_COLLAGEN,ppgs,0.003772598348090896,0.00574580668277425,0.6565828884220954,0.5114544842260067
bmi,alt_log_adj,REACTOME_DEFECTS_OF_PLATELET_ADHESION_TO_EXPOSED_COLLAGEN,bmi,0.2884348797025268,0.005761652860779065,50.061134655642185,0
bmi,alt_log_adj,REACTOME_DEFECTS_OF_PLATELET_ADHESION_TO_EXPOSED_COLLAGEN,ppgs:bmi,0.0030469290730964563,0.005833839955757264,0.5222853379941494,0.6014757573504996
bmi,alt_log_adj,REACTOME_DEFENSINS,ppgs,0.01197302801057002,0.005689080902881163,2.1045627958123134,0.035338162730453176
bmi,alt_log_adj,REACTOME_DEFENSINS,bmi,0.2884689390834186,0.005761080952718965,50.07201625022723,0
bmi,alt_log_adj,REACTOME_DEFENSINS,ppgs:bmi,0.010351733492255917,0.0057785537403955214,1.7914055933911548,0.07323889528001232
bmi,alt_log_adj,REACTOME_DEGRADATION_OF_AXIN,ppgs,-0.008403713807094688,0.005680629756706555,-1.4793630577971146,0.13905441983501318
bmi,alt_log_adj,REACTOME_DEGRADATION_OF_AXIN,bmi,0.2883008013088347,0.005761583002384962,50.03847053656865,0
bmi,alt_log_adj,REACTOME_DEGRADATION_OF_AXIN,ppgs:bmi,-0.007630514020723542,0.005734713352682259,-1.3305833354607992,0.18333685161894023
bmi,alt_log_adj,REACTOME_DEGRADATION_OF_BETA_CATENIN_BY_THE_DESTRUCTION_COMPLEX,ppgs,0.006122218836079394,0.00569198523859468,1.0755858596694001,0.2821216681998814
bmi,alt_log_adj,REACTOME_DEGRADATION_OF_BETA_CATENIN_BY_THE_DESTRUCTION_COMPLEX,bmi,0.28825163814854293,0.005761621246796487,50.029605522718704,0
bmi,alt_log_adj,REACTOME_DEGRADATION_OF_BETA_CATENIN_BY_THE_DESTRUCTION_COMPLEX,ppgs:bmi,0.01076133912752689,0.005706726979715981,1.8857287488567525,0.05934173205332195
bmi,alt_log_adj,REACTOME_DEGRADATION_OF_CRY_AND_PER_PROTEINS,ppgs,-0.010037599025486427,0.005679100140596044,-1.767462939019938,0.0771614868487328
bmi,alt_log_adj,REACTOME_DEGRADATION_OF_CRY_AND_PER_PROTEINS,bmi,0.2882569658180728,0.005761655419850203,50.030233468138775,0
bmi,alt_log_adj,REACTOME_DEGRADATION_OF_CRY_AND_PER_PROTEINS,ppgs:bmi,-0.008023164537090935,0.005790887174878795,-1.3854810661647647,0.16591631854089434
bmi,alt_log_adj,REACTOME_DEGRADATION_OF_CYSTEINE_AND_HOMOCYSTEINE,ppgs,0.0052115768831813795,0.005739801619737456,0.9079716039767525,0.3639009429388006
bmi,alt_log_adj,REACTOME_DEGRADATION_OF_CYSTEINE_AND_HOMOCYSTEINE,bmi,0.28852757354488884,0.005763642328624576,50.05993729207386,0
bmi,alt_log_adj,REACTOME_DEGRADATION_OF_CYSTEINE_AND_HOMOCYSTEINE,ppgs:bmi,0.00164033012317617,0.005812899134393558,0.2821879556572248,0.7778014532438613
bmi,alt_log_adj,REACTOME_DEGRADATION_OF_DVL,ppgs,0.002997889077928928,0.005691963785325681,0.5266880097968502,0.5984143843530205
bmi,alt_log_adj,REACTOME_DEGRADATION_OF_DVL,bmi,0.2883991512532829,0.005761844429546738,50.05326936186824,0
bmi,alt_log_adj,REACTOME_DEGRADATION_OF_DVL,ppgs:bmi,-0.004866604059130464,0.005731897758035075,-0.8490388811119969,0.39586682714100274
bmi,alt_log_adj,REACTOME_DEGRADATION_OF_GLI1_BY_THE_PROTEASOME,ppgs,-0.01049166417201585,0.0056822910575014115,-1.8463792272951947,0.06484757847353427
bmi,alt_log_adj,REACTOME_DEGRADATION_OF_GLI1_BY_THE_PROTEASOME,bmi,0.2883179661837611,0.005761591602169949,50.04137503865665,0
bmi,alt_log_adj,REACTOME_DEGRADATION_OF_GLI1_BY_THE_PROTEASOME,ppgs:bmi,-0.005518173023186278,0.005773380107603414,-0.9557958977824734,0.33918351176673
bmi,alt_log_adj,REACTOME_DEGRADATION_OF_THE_EXTRACELLULAR_MATRIX,ppgs,-0.005441677377424703,0.005700956075012441,-0.9545201376442509,0.33982856001580086
bmi,alt_log_adj,REACTOME_DEGRADATION_OF_THE_EXTRACELLULAR_MATRIX,bmi,0.2887383445755763,0.005763599570538696,50.09687800857916,0
bmi,alt_log_adj,REACTOME_DEGRADATION_OF_THE_EXTRACELLULAR_MATRIX,ppgs:bmi,0.01123993667749127,0.005756807024442698,1.9524602144501066,0.0508934187078807
bmi,alt_log_adj,REACTOME_DEPOLYMERIZATION_OF_THE_NUCLEAR_LAMINA,ppgs,9.207566607190556e-4,0.005690675563391457,0.1618009409361434,0.8714637651695483
bmi,alt_log_adj,REACTOME_DEPOLYMERIZATION_OF_THE_NUCLEAR_LAMINA,bmi,0.2884112123934916,0.005761640235047981,50.05713661868195,0
bmi,alt_log_adj,REACTOME_DEPOLYMERIZATION_OF_THE_NUCLEAR_LAMINA,ppgs:bmi,-2.9855506568687444e-4,0.005677691478300284,-0.05258388322576698,0.9580638290421857
bmi,alt_log_adj,REACTOME_DEPOSITION_OF_NEW_CENPA_CONTAINING_NUCLEOSOMES_AT_THE_CENTROMERE,ppgs,-0.002033527922790568,0.005678221438476962,-0.35812761880170885,0.7202504776902381
bmi,alt_log_adj,REACTOME_DEPOSITION_OF_NEW_CENPA_CONTAINING_NUCLEOSOMES_AT_THE_CENTROMERE,bmi,0.28838809721890474,0.00576166246990199,50.05293154977377,0
bmi,alt_log_adj,REACTOME_DEPOSITION_OF_NEW_CENPA_CONTAINING_NUCLEOSOMES_AT_THE_CENTROMERE,ppgs:bmi,-0.010175789793128557,0.005838601831969797,-1.742847018169674,0.08137118365517143
bmi,alt_log_adj,REACTOME_DERMATAN_SULFATE_BIOSYNTHESIS,ppgs,-8.908879881961416e-4,0.005723060977335821,-0.15566634563639833,0.876297134393651
bmi,alt_log_adj,REACTOME_DERMATAN_SULFATE_BIOSYNTHESIS,bmi,0.28846387553121294,0.0057623827612086785,50.05982550709747,0
bmi,alt_log_adj,REACTOME_DERMATAN_SULFATE_BIOSYNTHESIS,ppgs:bmi,0.0029819560953922124,0.005820866495797009,0.5122873196877735,0.6084539295553862
bmi,alt_log_adj,REACTOME_DETOXIFICATION_OF_REACTIVE_OXYGEN_SPECIES,ppgs,0.012461058302915513,0.005680032031113751,2.193835921110488,0.02825529576807276
bmi,alt_log_adj,REACTOME_DETOXIFICATION_OF_REACTIVE_OXYGEN_SPECIES,bmi,0.2886199659684023,0.005761169865227446,50.09745810662845,0
bmi,alt_log_adj,REACTOME_DETOXIFICATION_OF_REACTIVE_OXYGEN_SPECIES,ppgs:bmi,0.01383435824157816,0.005704219032070946,2.425285243045011,0.015302565952749843
bmi,alt_log_adj,REACTOME_DEUBIQUITINATION,ppgs,0.00555095326118174,0.005683928831233659,0.9766049903156411,0.32877308129358374
bmi,alt_log_adj,REACTOME_DEUBIQUITINATION,bmi,0.2883358990987111,0.005761841768347269,50.04231471309869,0
bmi,alt_log_adj,REACTOME_DEUBIQUITINATION,ppgs:bmi,-0.005176635412839544,0.0057010129431583675,-0.9080202877020102,0.36387522193946475
bmi,alt_log_adj,REACTOME_DEVELOPMENTAL_CELL_LINEAGES,ppgs,0.017745573078193237,0.005704884545883955,3.1105928499458555,0.001868973894798663
bmi,alt_log_adj,REACTOME_DEVELOPMENTAL_CELL_LINEAGES,bmi,0.28857867298491735,0.0057609223739155425,50.092442538637826,0
bmi,alt_log_adj,REACTOME_DEVELOPMENTAL_CELL_LINEAGES,ppgs:bmi,0.007536937047787299,0.005862772652223349,1.285558471200321,0.19860769967997285
bmi,alt_log_adj,REACTOME_DEVELOPMENTAL_CELL_LINEAGES_OF_THE_EXOCRINE_PANCREAS,ppgs,0.015310840060071296,0.005705324515946114,2.6836054666615747,0.007287528534654791
bmi,alt_log_adj,REACTOME_DEVELOPMENTAL_CELL_LINEAGES_OF_THE_EXOCRINE_PANCREAS,bmi,0.28855587526875054,0.005761748242004224,50.08130573375702,0
bmi,alt_log_adj,REACTOME_DEVELOPMENTAL_CELL_LINEAGES_OF_THE_EXOCRINE_PANCREAS,ppgs:bmi,0.0038517150290982233,0.005868262485921507,0.6563637939405125,0.5115954078823948
bmi,alt_log_adj,REACTOME_DEVELOPMENTAL_LINEAGE_OF_MULTIPOTENT_PANCREATIC_PROGENITOR_CELLS,ppgs,0.012297114969807505,0.00572043940248825,2.149680138986974,0.03158895988183361
bmi,alt_log_adj,REACTOME_DEVELOPMENTAL_LINEAGE_OF_MULTIPOTENT_PANCREATIC_PROGENITOR_CELLS,bmi,0.28840517592937853,0.00576101235086207,50.061544458626614,0
bmi,alt_log_adj,REACTOME_DEVELOPMENTAL_LINEAGE_OF_MULTIPOTENT_PANCREATIC_PROGENITOR_CELLS,ppgs:bmi,-0.007830235830720816,0.005697305954743687,-1.3743751683550032,0.16933610586572057
bmi,alt_log_adj,REACTOME_DEVELOPMENTAL_LINEAGE_OF_PANCREATIC_ACINAR_CELLS,ppgs,0.01175977677070433,0.005696457315733094,2.064401806053194,0.038988710749969596
bmi,alt_log_adj,REACTOME_DEVELOPMENTAL_LINEAGE_OF_PANCREATIC_ACINAR_CELLS,bmi,0.28849775717718645,0.00576242146176738,50.06536906252288,0
bmi,alt_log_adj,REACTOME_DEVELOPMENTAL_LINEAGE_OF_PANCREATIC_ACINAR_CELLS,ppgs:bmi,-4.468964821803964e-4,0.00587465940831567,-0.07607189644863625,0.9393624355415847
bmi,alt_log_adj,REACTOME_DEVELOPMENTAL_LINEAGE_OF_PANCREATIC_DUCTAL_CELLS,ppgs,0.011632412245109284,0.005712220725949685,2.0364080456949316,0.04171867250421133
bmi,alt_log_adj,REACTOME_DEVELOPMENTAL_LINEAGE_OF_PANCREATIC_DUCTAL_CELLS,bmi,0.2884542701276606,0.005761652210669429,50.064505732140674,0
bmi,alt_log_adj,REACTOME_DEVELOPMENTAL_LINEAGE_OF_PANCREATIC_DUCTAL_CELLS,ppgs:bmi,4.769505042365484e-4,0.005810569663224492,0.08208326065776339,0.9345810837741235
bmi,alt_log_adj,REACTOME_DEX_H_BOX_HELICASES_ACTIVATE_TYPE_I_IFN_AND_INFLAMMATORY_CYTOKINES_PRODUCTION,ppgs,-0.005003281465856997,0.005706870901141605,-0.8767118710984225,0.3806505864330373
bmi,alt_log_adj,REACTOME_DEX_H_BOX_HELICASES_ACTIVATE_TYPE_I_IFN_AND_INFLAMMATORY_CYTOKINES_PRODUCTION,bmi,0.28845190779184304,0.005761076450869311,50.06909910878156,0
bmi,alt_log_adj,REACTOME_DEX_H_BOX_HELICASES_ACTIVATE_TYPE_I_IFN_AND_INFLAMMATORY_CYTOKINES_PRODUCTION,ppgs:bmi,-0.012496826593008157,0.005737734056815414,-2.1780072881147454,0.02941370788648082
bmi,alt_log_adj,REACTOME_DIFFERENTIATION_OF_KERATINOCYTES_IN_INTERFOLLICULAR_EPIDERMIS_IN_MAMMALIAN_SKIN,ppgs,0.007620264731907203,0.005697214709592777,1.3375421359978692,0.1810564687001842
bmi,alt_log_adj,REACTOME_DIFFERENTIATION_OF_KERATINOCYTES_IN_INTERFOLLICULAR_EPIDERMIS_IN_MAMMALIAN_SKIN,bmi,0.2884297986408869,0.00576134213877649,50.06295264077815,0
bmi,alt_log_adj,REACTOME_DIFFERENTIATION_OF_KERATINOCYTES_IN_INTERFOLLICULAR_EPIDERMIS_IN_MAMMALIAN_SKIN,ppgs:bmi,0.006811038649839715,0.005661498901429611,1.2030451243432776,0.2289689062374802
bmi,alt_log_adj,REACTOME_DIGESTION,ppgs,0.002556528696640077,0.0057612071467685235,0.4437487893616255,0.6572276037664169
bmi,alt_log_adj,REACTOME_DIGESTION,bmi,0.28833259043704973,0.005761235227569637,50.04700885276683,0
bmi,alt_log_adj,REACTOME_DIGESTION,ppgs:bmi,-0.012370017290515586,0.005726628648627028,-2.1600872082881306,0.03077427346082706
bmi,alt_log_adj,REACTOME_DIGESTION_AND_ABSORPTION,ppgs,0.0020955610171447653,0.005760954829738121,0.363752377700907,0.7160456396471808
bmi,alt_log_adj,REACTOME_DIGESTION_AND_ABSORPTION,bmi,0.2883200934562157,0.005761337058827403,50.04395516392458,0
bmi,alt_log_adj,REACTOME_DIGESTION_AND_ABSORPTION,ppgs:bmi,-0.011817570501770397,0.005724598433499839,-2.0643492533231727,0.0389936899971033
bmi,alt_log_adj,REACTOME_DIGESTION_OF_DIETARY_CARBOHYDRATE,ppgs,0.0015149570819679534,0.005760235660659899,0.2630026219785595,0.7925504695544974
bmi,alt_log_adj,REACTOME_DIGESTION_OF_DIETARY_CARBOHYDRATE,bmi,0.28835289849196166,0.0057613704183885305,50.04935936277027,0
bmi,alt_log_adj,REACTOME_DIGESTION_OF_DIETARY_CARBOHYDRATE,ppgs:bmi,-0.010402169754751386,0.005731495633221691,-1.8149136665928671,0.06954774138653756
bmi,alt_log_adj,REACTOME_DIGESTION_OF_DIETARY_LIPID,ppgs,0.009503467285655473,0.005703810275022627,1.6661611847911215,0.09569236299254884
bmi,alt_log_adj,REACTOME_DIGESTION_OF_DIETARY_LIPID,bmi,0.28839094679975374,0.005760989179729879,50.05927589908715,0
bmi,alt_log_adj,REACTOME_DIGESTION_OF_DIETARY_LIPID,ppgs:bmi,-0.011292809383643094,0.005711551866437869,-1.9771875748869099,0.048030104122344146
bmi,alt_log_adj,REACTOME_DISASSEMBLY_OF_THE_DESTRUCTION_COMPLEX_AND_RECRUITMENT_OF_AXIN_TO_THE_MEMBRANE,ppgs,0.013250963077982047,0.005684418988689899,2.331102458201454,0.01975493104562991
bmi,alt_log_adj,REACTOME_DISASSEMBLY_OF_THE_DESTRUCTION_COMPLEX_AND_RECRUITMENT_OF_AXIN_TO_THE_MEMBRANE,bmi,0.28821679038656833,0.00576131427312867,50.02622261570411,0
bmi,alt_log_adj,REACTOME_DISASSEMBLY_OF_THE_DESTRUCTION_COMPLEX_AND_RECRUITMENT_OF_AXIN_TO_THE_MEMBRANE,ppgs:bmi,0.0071410335811303086,0.005544073626877974,1.2880481143883415,0.19773972868662235
bmi,alt_log_adj,REACTOME_DISEASES_ASSOCIATED_WITH_GLYCOSAMINOGLYCAN_METABOLISM,ppgs,-0.003871366174502276,0.005720068091603017,-0.6768042115067459,0.4985357080850993
bmi,alt_log_adj,REACTOME_DISEASES_ASSOCIATED_WITH_GLYCOSAMINOGLYCAN_METABOLISM,bmi,0.2883976369867408,0.005762318465233481,50.04888895446624,0
bmi,alt_log_adj,REACTOME_DISEASES_ASSOCIATED_WITH_GLYCOSAMINOGLYCAN_METABOLISM,ppgs:bmi,-8.87580456896159e-4,0.005806845093434739,-0.1528507205917485,0.8785170862767255
bmi,alt_log_adj,REACTOME_DISEASES_ASSOCIATED_WITH_GLYCOSYLATION_PRECURSOR_BIOSYNTHESIS,ppgs,0.0035832451250729837,0.0056955601088462034,0.6291295424145512,0.5292693206840349
bmi,alt_log_adj,REACTOME_DISEASES_ASSOCIATED_WITH_GLYCOSYLATION_PRECURSOR_BIOSYNTHESIS,bmi,0.28841141417968724,0.005761320292769183,50.05995145620728,0
bmi,alt_log_adj,REACTOME_DISEASES_ASSOCIATED_WITH_GLYCOSYLATION_PRECURSOR_BIOSYNTHESIS,ppgs:bmi,0.011350230798705075,0.00577205256603685,1.9664115440477112,0.0492608323847479
bmi,alt_log_adj,REACTOME_DISEASES_ASSOCIATED_WITH_N_GLYCOSYLATION_OF_PROTEINS,ppgs,0.0010493942865834607,0.005759002007150528,0.18221807967430906,0.8554128879237375
bmi,alt_log_adj,REACTOME_DISEASES_ASSOCIATED_WITH_N_GLYCOSYLATION_OF_PROTEINS,bmi,0.2884406167775479,0.005762109307610861,50.058164706553235,0
bmi,alt_log_adj,REACTOME_DISEASES_ASSOCIATED_WITH_N_GLYCOSYLATION_OF_PROTEINS,ppgs:bmi,-0.0020894784581371945,0.005608153735812189,-0.3725786696599162,0.7094648361036913
bmi,alt_log_adj,REACTOME_DISEASES_ASSOCIATED_WITH_O_GLYCOSYLATION_OF_PROTEINS,ppgs,0.006579107787468628,0.005710084202256483,1.1521910280882948,0.24925230000945792
bmi,alt_log_adj,REACTOME_DISEASES_ASSOCIATED_WITH_O_GLYCOSYLATION_OF_PROTEINS,bmi,0.2883438840037265,0.005762278762204887,50.039905374760835,0
bmi,alt_log_adj,REACTOME_DISEASES_ASSOCIATED_WITH_O_GLYCOSYLATION_OF_PROTEINS,ppgs:bmi,0.0021710744520407606,0.005629801956524324,0.38563957823147277,0.6997665108553174
bmi,alt_log_adj,REACTOME_DISEASES_ASSOCIATED_WITH_SURFACTANT_METABOLISM,ppgs,0.001478279345973961,0.00570072153027459,0.2593144285549335,0.795394530672076
bmi,alt_log_adj,REACTOME_DISEASES_ASSOCIATED_WITH_SURFACTANT_METABOLISM,bmi,0.28840773165631595,0.005761797229221772,50.055168584138165,0
bmi,alt_log_adj,REACTOME_DISEASES_ASSOCIATED_WITH_SURFACTANT_METABOLISM,ppgs:bmi,-0.0018970584172272053,0.005541251673446308,-0.34235196829588416,0.7320885687375682
bmi,alt_log_adj,REACTOME_DISEASES_OF_BASE_EXCISION_REPAIR,ppgs,3.9467931288212854e-5,0.0056978705867697585,0.006926786189187221,0.9944733171808607
bmi,alt_log_adj,REACTOME_DISEASES_OF_BASE_EXCISION_REPAIR,bmi,0.2883332644670396,0.005761277865492282,50.04675545924263,0
bmi,alt_log_adj,REACTOME_DISEASES_OF_BASE_EXCISION_REPAIR,ppgs:bmi,0.01191426211433748,0.005607310795017916,2.124772916978898,0.0336141926372371
bmi,alt_log_adj,REACTOME_DISEASES_OF_BRANCHED_CHAIN_AMINO_ACID_CATABOLISM,ppgs,-0.0014404989323699687,0.005729551541071552,-0.2514156513025387,0.8014945906468529
bmi,alt_log_adj,REACTOME_DISEASES_OF_BRANCHED_CHAIN_AMINO_ACID_CATABOLISM,bmi,0.2884250108676393,0.005761606490364173,50.0598246947283,0
bmi,alt_log_adj,REACTOME_DISEASES_OF_BRANCHED_CHAIN_AMINO_ACID_CATABOLISM,ppgs:bmi,-0.002730149564665422,0.005804083559382446,-0.4703842625167012,0.6380841246053314
bmi,alt_log_adj,REACTOME_DISEASES_OF_CARBOHYDRATE_METABOLISM,ppgs,0.010510166860519836,0.005710216752776628,1.8405898261934106,0.06569213495322887
bmi,alt_log_adj,REACTOME_DISEASES_OF_CARBOHYDRATE_METABOLISM,bmi,0.28840109157342403,0.005761494331318395,50.0566476314539,0
bmi,alt_log_adj,REACTOME_DISEASES_OF_CARBOHYDRATE_METABOLISM,ppgs:bmi,0.0021144980469220507,0.005784012870165571,0.3655763039236671,0.7146839873036948
bmi,alt_log_adj,REACTOME_DISEASES_OF_DNA_REPAIR,ppgs,0.0016127554342390943,0.005751570477546765,0.2804026205599045,0.7791706728860561
bmi,alt_log_adj,REACTOME_DISEASES_OF_DNA_REPAIR,bmi,0.2883736327812337,0.0057620555782005875,50.04700646627378,0
bmi,alt_log_adj,REACTOME_DISEASES_OF_DNA_REPAIR,ppgs:bmi,0.0031261814867942633,0.005687998094926917,0.5496101501128282,0.5825911251146448
bmi,alt_log_adj,REACTOME_DISEASES_OF_GLYCOSYLATION,ppgs,0.0022221956331659677,0.005700403752220948,0.38983126981140115,0.6966642481650867
bmi,alt_log_adj,REACTOME_DISEASES_OF_GLYCOSYLATION,bmi,0.2884170501951554,0.005761430278227317,50.0599740458711,0
bmi,alt_log_adj,REACTOME_DISEASES_OF_GLYCOSYLATION,ppgs:bmi,0.009179923454681242,0.005748143817460137,1.5970239691632253,0.11027151053014965
bmi,alt_log_adj,REACTOME_DISEASES_OF_HEMOSTASIS,ppgs,0.009142903896703494,0.0058487234379885405,1.563230676512868,0.11800950964995754
bmi,alt_log_adj,REACTOME_DISEASES_OF_HEMOSTASIS,bmi,0.28841726259786915,0.0057612968905779395,50.06116991984019,0
bmi,alt_log_adj,REACTOME_DISEASES_OF_HEMOSTASIS,ppgs:bmi,0.005082626595742666,0.005841855476958392,0.8700363464638422,0.384287908433135
bmi,alt_log_adj,REACTOME_DISEASES_OF_IMMUNE_SYSTEM,ppgs,0.004514266154569449,0.005707982064280405,0.7908690153073482,0.4290270474110016
bmi,alt_log_adj,REACTOME_DISEASES_OF_IMMUNE_SYSTEM,bmi,0.28837496756146935,0.005761766187419778,50.04975179157848,0
bmi,alt_log_adj,REACTOME_DISEASES_OF_IMMUNE_SYSTEM,ppgs:bmi,-2.5879316056920724e-4,0.005677877824977352,-0.04557920556704468,0.9636459645476732
bmi,alt_log_adj,REACTOME_DISEASES_OF_METABOLISM,ppgs,0.012584960702015154,0.005701471244824912,2.2073181046801245,0.027299824145665574
bmi,alt_log_adj,REACTOME_DISEASES_OF_METABOLISM,bmi,0.28820169037597293,0.00576199714464043,50.01767323748956,0
bmi,alt_log_adj,REACTOME_DISEASES_OF_METABOLISM,ppgs:bmi,0.0021462085234790723,0.005683246765361899,0.3776377504069904,0.7057025442153286
bmi,alt_log_adj,REACTOME_DISEASES_OF_MISMATCH_REPAIR_MMR,ppgs,-0.003863116866029427,0.005723131530605244,-0.6750005386685368,0.49968092787969975
bmi,alt_log_adj,REACTOME_DISEASES_OF_MISMATCH_REPAIR_MMR,bmi,0.2884138656431517,0.005761485364852881,50.05894268213876,0
bmi,alt_log_adj,REACTOME_DISEASES_OF_MISMATCH_REPAIR_MMR,ppgs:bmi,-0.006077425442164902,0.005687382526953594,-1.0685803906037303,0.28526788758660554
bmi,alt_log_adj,REACTOME_DISEASES_OF_MITOTIC_CELL_CYCLE,ppgs,7.660733935240392e-4,0.005679530933448843,0.1348832152691258,0.8927051681603303
bmi,alt_log_adj,REACTOME_DISEASES_OF_MITOTIC_CELL_CYCLE,bmi,0.28841280587383494,0.005761505454536927,50.058584192907915,0
bmi,alt_log_adj,REACTOME_DISEASES_OF_MITOTIC_CELL_CYCLE,ppgs:bmi,-0.006619556814595235,0.005595705929556374,-1.1829708168956676,0.23683063439244936
bmi,alt_log_adj,REACTOME_DISEASES_OF_PROGRAMMED_CELL_DEATH,ppgs,0.006171662760609065,0.0056988518820215075,1.082965988303567,0.2788327311352796
bmi,alt_log_adj,REACTOME_DISEASES_OF_PROGRAMMED_CELL_DEATH,bmi,0.2884150053954449,0.00576134808222731,50.06033332461749,0
bmi,alt_log_adj,REACTOME_DISEASES_OF_PROGRAMMED_CELL_DEATH,ppgs:bmi,0.007317399604385526,0.005640437220913312,1.2973107079810164,0.19453485895496958
bmi,alt_log_adj,REACTOME_DISEASES_OF_SIGNAL_TRANSDUCTION_BY_GROWTH_FACTOR_RECEPTORS_AND_SECOND_MESSENGERS,ppgs,0.016959681898139803,0.005691931206667933,2.979600645607246,0.0028886898978973275
bmi,alt_log_adj,REACTOME_DISEASES_OF_SIGNAL_TRANSDUCTION_BY_GROWTH_FACTOR_RECEPTORS_AND_SECOND_MESSENGERS,bmi,0.2883456088488684,0.005762155081262066,50.041278789343686,0
bmi,alt_log_adj,REACTOME_DISEASES_OF_SIGNAL_TRANSDUCTION_BY_GROWTH_FACTOR_RECEPTORS_AND_SECOND_MESSENGERS,ppgs:bmi,-0.006288617316309285,0.005614398778356529,-1.120087397523643,0.26268600995123864
bmi,alt_log_adj,REACTOME_DISINHIBITION_OF_SNARE_FORMATION,ppgs,-0.006717401211063375,0.005705421314175955,-1.1773716332522206,0.2390570916140779
bmi,alt_log_adj,REACTOME_DISINHIBITION_OF_SNARE_FORMATION,bmi,0.28843436715459375,0.005761570802185441,50.06175868656977,0
bmi,alt_log_adj,REACTOME_DISINHIBITION_OF_SNARE_FORMATION,ppgs:bmi,-0.0017929803523736806,0.005584283372232205,-0.32107617627165164,0.7481550307989742
bmi,alt_log_adj,REACTOME_DISORDERS_OF_TRANSMEMBRANE_TRANSPORTERS,ppgs,0.03269483945327905,0.005886243244700904,5.554449263154833,2.809850303284054e-8
bmi,alt_log_adj,REACTOME_DISORDERS_OF_TRANSMEMBRANE_TRANSPORTERS,bmi,0.28819721735123993,0.0057576672362392835,50.0545108854677,0
bmi,alt_log_adj,REACTOME_DISORDERS_OF_TRANSMEMBRANE_TRANSPORTERS,ppgs:bmi,0.01906019695123983,0.005910403382804426,3.224855516070709,0.001261790304763393
bmi,alt_log_adj,REACTOME_DISPLACEMENT_OF_DNA_GLYCOSYLASE_BY_APEX1,ppgs,0.003871093985102932,0.005735266390796777,0.674963239949023,0.49970462497179846
bmi,alt_log_adj,REACTOME_DISPLACEMENT_OF_DNA_GLYCOSYLASE_BY_APEX1,bmi,0.28847283251405126,0.005761947136318631,50.065164724569065,0
bmi,alt_log_adj,REACTOME_DISPLACEMENT_OF_DNA_GLYCOSYLASE_BY_APEX1,ppgs:bmi,-0.003265265542596,0.00568557732646615,-0.5743067687069018,0.5657647865481192
bmi,alt_log_adj,REACTOME_DISSOLUTION_OF_FIBRIN_CLOT,ppgs,0.013774375584065216,0.005697512608180953,2.4176121285430496,0.01562898517224255
bmi,alt_log_adj,REACTOME_DISSOLUTION_OF_FIBRIN_CLOT,bmi,0.28853745973399875,0.0057611887763358545,50.08297261828488,0
bmi,alt_log_adj,REACTOME_DISSOLUTION_OF_FIBRIN_CLOT,ppgs:bmi,0.003309679623586916,0.005657543169078984,0.5850029818023842,0.5585503679414927
bmi,alt_log_adj,REACTOME_DNA_DAMAGE_BYPASS,ppgs,9.951744207213216e-4,0.005687873873198675,0.17496422088587346,0.8611089970179787
bmi,alt_log_adj,REACTOME_DNA_DAMAGE_BYPASS,bmi,0.28833754451525545,0.0057625166775533195,50.036739266788445,0
bmi,alt_log_adj,REACTOME_DNA_DAMAGE_BYPASS,ppgs:bmi,0.003908239324414332,0.0055234763864321365,0.7075687576060845,0.4792189169663664
bmi,alt_log_adj,REACTOME_DNA_DAMAGE_RECOGNITION_IN_GG_NER,ppgs,0.00782400793202467,0.005706710656969949,1.371018858730596,0.17037993083274725
bmi,alt_log_adj,REACTOME_DNA_DAMAGE_RECOGNITION_IN_GG_NER,bmi,0.28859118035819936,0.005762132321755933,50.08409461000629,0
bmi,alt_log_adj,REACTOME_DNA_DAMAGE_RECOGNITION_IN_GG_NER,ppgs:bmi,0.008344968199525925,0.005868541162034229,1.4219834144663792,0.15504206773741663
bmi,alt_log_adj,REACTOME_DNA_DAMAGE_REVERSAL,ppgs,0.0020935206771269333,0.005782998940803807,0.36201297952095846,0.7173450294993631
bmi,alt_log_adj,REACTOME_DNA_DAMAGE_REVERSAL,bmi,0.28846289705268124,0.005763192576288491,50.052621569423934,0
bmi,alt_log_adj,REACTOME_DNA_DAMAGE_REVERSAL,ppgs:bmi,-0.00414045763965665,0.005675640415131131,-0.7295137353343037,0.4656934964710836
bmi,alt_log_adj,REACTOME_DNA_DAMAGE_TELOMERE_STRESS_INDUCED_SENESCENCE,ppgs,-0.0014770739985584397,0.005693154117583318,-0.2594473938438613,0.7952919502023492
bmi,alt_log_adj,REACTOME_DNA_DAMAGE_TELOMERE_STRESS_INDUCED_SENESCENCE,bmi,0.2883992338712466,0.005761907001672169,50.052740140989776,0
bmi,alt_log_adj,REACTOME_DNA_DAMAGE_TELOMERE_STRESS_INDUCED_SENESCENCE,ppgs:bmi,-3.252883131014958e-4,0.005727751533103423,-0.05679162429122469,0.9547115862747476
bmi,alt_log_adj,REACTOME_DNA_DOUBLE_STRAND_BREAK_REPAIR,ppgs,0.004784693828148787,0.005882471951715028,0.8133814946204401,0.4160061972543079
bmi,alt_log_adj,REACTOME_DNA_DOUBLE_STRAND_BREAK_REPAIR,bmi,0.288414637587513,0.005761514109146143,50.05882692010904,0
bmi,alt_log_adj,REACTOME_DNA_DOUBLE_STRAND_BREAK_REPAIR,ppgs:bmi,0.0025185436328004746,0.005887603626599149,0.42777058248658945,0.6688214058363551
bmi,alt_log_adj,REACTOME_DNA_DOUBLE_STRAND_BREAK_RESPONSE,ppgs,0.010841708757425775,0.005729721615911288,1.8921876984945711,0.05847615704457869
bmi,alt_log_adj,REACTOME_DNA_DOUBLE_STRAND_BREAK_RESPONSE,bmi,0.2882368054332605,0.005761758582925214,50.025838688806054,0
bmi,alt_log_adj,REACTOME_DNA_DOUBLE_STRAND_BREAK_RESPONSE,ppgs:bmi,0.005437575700702987,0.0057246825114269,0.9498475574582824,0.34219781459753984
bmi,alt_log_adj,REACTOME_DNA_METHYLATION,ppgs,-0.001287144423964413,0.005758859917231944,-0.22350681253991891,0.82314269212337
bmi,alt_log_adj,REACTOME_DNA_METHYLATION,bmi,0.288369373613908,0.00576256619856439,50.041832696993325,0
bmi,alt_log_adj,REACTOME_DNA_METHYLATION,ppgs:bmi,-0.002542645911192018,0.005745884561450639,-0.44251601019810377,0.6581192236250737
bmi,alt_log_adj,REACTOME_DNA_REPAIR,ppgs,0.0056572195872360885,0.005870559629768304,0.9636593347165037,0.33522496851277384
bmi,alt_log_adj,REACTOME_DNA_REPAIR,bmi,0.2883685478253418,0.005761711438046247,50.04911317168036,0
bmi,alt_log_adj,REACTOME_DNA_REPAIR,ppgs:bmi,0.00284208153644013,0.005855366819955205,0.48538061300519386,0.6274101330320456
bmi,alt_log_adj,REACTOME_DNA_REPLICATION,ppgs,-0.0028155711074431588,0.005676323835239897,-0.4960201688923136,0.6198840267198296
bmi,alt_log_adj,REACTOME_DNA_REPLICATION,bmi,0.28843871072859967,0.005761544937421939,50.062737314631526,0
bmi,alt_log_adj,REACTOME_DNA_REPLICATION,ppgs:bmi,-0.005024217974734062,0.0055981204767007854,-0.8974830026693263,0.36946886123520983
bmi,alt_log_adj,REACTOME_DNA_REPLICATION_INITIATION,ppgs,0.004440739735529327,0.005695991092327355,0.7796254705368335,0.4356178678351259
bmi,alt_log_adj,REACTOME_DNA_REPLICATION_INITIATION,bmi,0.2884372733747538,0.005761742663108045,50.06076984687175,0
bmi,alt_log_adj,REACTOME_DNA_REPLICATION_INITIATION,ppgs:bmi,-0.0025020722838166396,0.005694105744911313,-0.4394144394056402,0.6603646152180633
bmi,alt_log_adj,REACTOME_DNA_REPLICATION_PRE_INITIATION,ppgs,-0.005995636423620356,0.005689212631973812,-1.0538604920344194,0.2919557753903073
bmi,alt_log_adj,REACTOME_DNA_REPLICATION_PRE_INITIATION,bmi,0.288303661492873,0.005761963792135007,50.035660044654065,0
bmi,alt_log_adj,REACTOME_DNA_REPLICATION_PRE_INITIATION,ppgs:bmi,-0.005422985415469304,0.005751371301275205,-0.9429030280599183,0.345738541378119
bmi,alt_log_adj,REACTOME_DNA_STRAND_ELONGATION,ppgs,-7.655185148892971e-4,0.00568668503705709,-0.1346159511034674,0.8929164849407902
bmi,alt_log_adj,REACTOME_DNA_STRAND_ELONGATION,bmi,0.2884132845507457,0.005762038338913842,50.05403775309005,0
bmi,alt_log_adj,REACTOME_DNA_STRAND_ELONGATION,ppgs:bmi,2.1915982322513907e-4,0.005531284529705166,0.039621867587567576,0.9683948723298031
bmi,alt_log_adj,REACTOME_DOPAMINE_CLEARANCE_FROM_THE_SYNAPTIC_CLEFT,ppgs,0.005765524510609205,0.005695038897362881,1.012376669328626,0.31136662980292384
bmi,alt_log_adj,REACTOME_DOPAMINE_CLEARANCE_FROM_THE_SYNAPTIC_CLEFT,bmi,0.2883944244456203,0.005761347233182025,50.056768455932556,0
bmi,alt_log_adj,REACTOME_DOPAMINE_CLEARANCE_FROM_THE_SYNAPTIC_CLEFT,ppgs:bmi,-0.007206279652049349,0.005646031063816066,-1.2763443152540388,0.2018442875670916
bmi,alt_log_adj,REACTOME_DOPAMINE_NEUROTRANSMITTER_RELEASE_CYCLE,ppgs,-0.0024220889765190073,0.005713443734842843,-0.4239280351617273,0.6716215141833497
bmi,alt_log_adj,REACTOME_DOPAMINE_NEUROTRANSMITTER_RELEASE_CYCLE,bmi,0.2883303764788577,0.0057617868975590415,50.041832786458606,0
bmi,alt_log_adj,REACTOME_DOPAMINE_NEUROTRANSMITTER_RELEASE_CYCLE,ppgs:bmi,0.007174177805987745,0.00575132424114946,1.2473958179332127,0.21226270399317282
bmi,alt_log_adj,REACTOME_DOPAMINE_RECEPTORS,ppgs,0.001168130004726423,0.005696943144009375,0.2050450522671568,0.8375383983058247
bmi,alt_log_adj,REACTOME_DOPAMINE_RECEPTORS,bmi,0.28841384054507696,0.005761734047843019,50.05677772528367,0
bmi,alt_log_adj,REACTOME_DOPAMINE_RECEPTORS,ppgs:bmi,0.0038119649920472223,0.005720657645638602,0.6663508337985308,0.5051923033698564
bmi,alt_log_adj,REACTOME_DOWNREGULATION_OF_ERBB2_ERBB3_SIGNALING,ppgs,6.493285032132542e-4,0.005705695443174217,0.1138035686762869,0.9093943154931519
bmi,alt_log_adj,REACTOME_DOWNREGULATION_OF_ERBB2_ERBB3_SIGNALING,bmi,0.2883624566558517,0.005761677463055565,50.04835111039446,0
bmi,alt_log_adj,REACTOME_DOWNREGULATION_OF_ERBB2_ERBB3_SIGNALING,ppgs:bmi,0.0062559950172426625,0.0057652934620634165,1.0851130230244381,0.27788082783116186
bmi,alt_log_adj,REACTOME_DOWNREGULATION_OF_ERBB2_SIGNALING,ppgs,-0.0055612555840026685,0.005697294392941792,-0.9761222082700065,0.3290122366553194
bmi,alt_log_adj,REACTOME_DOWNREGULATION_OF_ERBB2_SIGNALING,bmi,0.2884093028080444,0.005762145722663123,50.05241392519811,0
bmi,alt_log_adj,REACTOME_DOWNREGULATION_OF_ERBB2_SIGNALING,ppgs:bmi,-9.137595974221156e-4,0.005672806618983125,-0.1610771631742862,0.8720337743439678
bmi,alt_log_adj,REACTOME_DOWNREGULATION_OF_ERBB4_SIGNALING,ppgs,-0.0021061753044608633,0.005724680864451333,-0.3679113918017025,0.712942052555841
bmi,alt_log_adj,REACTOME_DOWNREGULATION_OF_ERBB4_SIGNALING,bmi,0.28848169006026864,0.00576181299031234,50.06786762175536,0
bmi,alt_log_adj,REACTOME_DOWNREGULATION_OF_ERBB4_SIGNALING,ppgs:bmi,-0.006322820610126593,0.005679478649490051,-1.1132748268530435,0.2655998540501634
bmi,alt_log_adj,REACTOME_DOWNREGULATION_OF_SMAD2_3_SMAD4_TRANSCRIPTIONAL_ACTIVITY,ppgs,0.008575602794954795,0.005695494072247602,1.5056819805574164,0.13215997375803026
bmi,alt_log_adj,REACTOME_DOWNREGULATION_OF_SMAD2_3_SMAD4_TRANSCRIPTIONAL_ACTIVITY,bmi,0.28829278627971217,0.005761508802690843,50.03772382419489,0
bmi,alt_log_adj,REACTOME_DOWNREGULATION_OF_SMAD2_3_SMAD4_TRANSCRIPTIONAL_ACTIVITY,ppgs:bmi,-0.008505208552982145,0.005695235135744243,-1.4933902376746557,0.1353461963453175
bmi,alt_log_adj,REACTOME_DOWNREGULATION_OF_TGF_BETA_RECEPTOR_SIGNALING,ppgs,0.0071655853769891815,0.005699613368789022,1.2572055178738606,0.20868958336141236
bmi,alt_log_adj,REACTOME_DOWNREGULATION_OF_TGF_BETA_RECEPTOR_SIGNALING,bmi,0.2883372488497942,0.0057615757261819745,50.04485969689177,0
bmi,alt_log_adj,REACTOME_DOWNREGULATION_OF_TGF_BETA_RECEPTOR_SIGNALING,ppgs:bmi,-0.005659642495704663,0.005729524648071978,-0.9878031500587348,0.32325749544683724
bmi,alt_log_adj,REACTOME_DOWNSTREAM_SIGNALING_EVENTS_OF_B_CELL_RECEPTOR_BCR,ppgs,-0.011491614096401698,0.0057590964508540746,-1.9953849001256942,0.04601047024315275
bmi,alt_log_adj,REACTOME_DOWNSTREAM_SIGNALING_EVENTS_OF_B_CELL_RECEPTOR_BCR,bmi,0.2884622743611888,0.0057617591686328976,50.06496556322273,0
bmi,alt_log_adj,REACTOME_DOWNSTREAM_SIGNALING_EVENTS_OF_B_CELL_RECEPTOR_BCR,ppgs:bmi,0.001358099494607418,0.005840710129840813,0.23252300908903906,0.8161334968266541
bmi,alt_log_adj,REACTOME_DOWNSTREAM_SIGNALING_OF_ACTIVATED_FGFR1,ppgs,0.0024707461065753946,0.0056995347012095314,0.43349961638992446,0.6646551432750734
bmi,alt_log_adj,REACTOME_DOWNSTREAM_SIGNALING_OF_ACTIVATED_FGFR1,bmi,0.28843618443270375,0.005762050985866685,50.057902149805315,0
bmi,alt_log_adj,REACTOME_DOWNSTREAM_SIGNALING_OF_ACTIVATED_FGFR1,ppgs:bmi,-0.003165250038244693,0.00569577528117769,-0.555718911296344,0.5784074120613054
bmi,alt_log_adj,REACTOME_DOWNSTREAM_SIGNALING_OF_ACTIVATED_FGFR2,ppgs,0.0018237780941630507,0.005707213679631309,0.3195566517286713,0.7493067942550418
bmi,alt_log_adj,REACTOME_DOWNSTREAM_SIGNALING_OF_ACTIVATED_FGFR2,bmi,0.2884578204858612,0.005762214610445994,50.06023551481965,0
bmi,alt_log_adj,REACTOME_DOWNSTREAM_SIGNALING_OF_ACTIVATED_FGFR2,ppgs:bmi,-0.003858304876376762,0.005710315177787699,-0.675672840508876,0.49925389492266115
bmi,alt_log_adj,REACTOME_DOWNSTREAM_SIGNALING_OF_ACTIVATED_FGFR3,ppgs,0.0022295729038450647,0.005705329453675019,0.39078775764805523,0.6959570615193904
bmi,alt_log_adj,REACTOME_DOWNSTREAM_SIGNALING_OF_ACTIVATED_FGFR3,bmi,0.28843326511829986,0.005762116429827296,50.05682697163842,0
bmi,alt_log_adj,REACTOME_DOWNSTREAM_SIGNALING_OF_ACTIVATED_FGFR3,ppgs:bmi,-0.00287182668424752,0.005717599041977395,-0.5022784324614545,0.6154755795781683
bmi,alt_log_adj,REACTOME_DOWNSTREAM_SIGNALING_OF_ACTIVATED_FGFR4,ppgs,0.0028371196031345227,0.00570429485142812,0.4973655249297334,0.6189351697848915
bmi,alt_log_adj,REACTOME_DOWNSTREAM_SIGNALING_OF_ACTIVATED_FGFR4,bmi,0.28842596520996594,0.005762103001208388,50.05567674675015,0
bmi,alt_log_adj,REACTOME_DOWNSTREAM_SIGNALING_OF_ACTIVATED_FGFR4,ppgs:bmi,-0.0026230376592679704,0.005716213514875767,-0.4588767813591683,0.6463261713433185
bmi,alt_log_adj,REACTOME_DOWNSTREAM_SIGNAL_TRANSDUCTION,ppgs,4.472833923653127e-4,0.005720967136726828,0.07818317806685036,0.9376828948204894
bmi,alt_log_adj,REACTOME_DOWNSTREAM_SIGNAL_TRANSDUCTION,bmi,0.28841964078147686,0.0057615869423006255,50.059062489181095,0
bmi,alt_log_adj,REACTOME_DOWNSTREAM_SIGNAL_TRANSDUCTION,ppgs:bmi,-0.00326511086347369,0.005625849217148117,-0.5803765329368099,0.5616653399960467
bmi,alt_log_adj,REACTOME_DOWNSTREAM_TCR_SIGNALING,ppgs,-0.0032670663756598156,0.005690707279146097,-0.5741055048872671,0.5659009635072081
bmi,alt_log_adj,REACTOME_DOWNSTREAM_TCR_SIGNALING,bmi,0.28839236705293264,0.005761396664153325,50.05598188496084,0
bmi,alt_log_adj,REACTOME_DOWNSTREAM_TCR_SIGNALING,ppgs:bmi,-0.008293486040086851,0.005759840313517809,-1.4398812447322213,0.14991204293312985
bmi,alt_log_adj,REACTOME_DRUG_ADME,ppgs,0.02149949774293022,0.00569616986577979,3.7743779152532344,1.6073417184299686e-4
bmi,alt_log_adj,REACTOME_DRUG_ADME,bmi,0.28863543749553,0.00576047461588087,50.106190330185655,0
bmi,alt_log_adj,REACTOME_DRUG_ADME,ppgs:bmi,-0.004069557073475821,0.005677293014300591,-0.71681293588775,0.4734954343227762
bmi,alt_log_adj,REACTOME_DRUG_MEDIATED_INHIBITION_OF_CDK4_CDK6_ACTIVITY,ppgs,0.006572222404106748,0.005919175606942954,1.1103273226761168,0.2668674213381221
bmi,alt_log_adj,REACTOME_DRUG_MEDIATED_INHIBITION_OF_CDK4_CDK6_ACTIVITY,bmi,0.28842973823334506,0.0057618020885096466,50.05894576083063,0
bmi,alt_log_adj,REACTOME_DRUG_MEDIATED_INHIBITION_OF_CDK4_CDK6_ACTIVITY,ppgs:bmi,0.0011011666732737998,0.006010124719533133,0.18321860604572254,0.8546278062741834
bmi,alt_log_adj,REACTOME_DUAL_INCISION_IN_GG_NER,ppgs,0.007642033453044918,0.00567302245611561,1.3470832368743193,0.177964194148938
bmi,alt_log_adj,REACTOME_DUAL_INCISION_IN_GG_NER,bmi,0.2883631393555696,0.00576233464821877,50.04276165125315,0
bmi,alt_log_adj,REACTOME_DUAL_INCISION_IN_GG_NER,ppgs:bmi,0.0034612518859984155,0.005565072867474878,0.6219598500188085,0.5339732709692223
bmi,alt_log_adj,REACTOME_DUAL_INCISION_IN_TC_NER,ppgs,0.008863916931394522,0.005677970257157186,1.5611066155588593,0.11850976027144625
bmi,alt_log_adj,REACTOME_DUAL_INCISION_IN_TC_NER,bmi,0.2883816076414679,0.005762342986266194,50.045894235866996,0
bmi,alt_log_adj,REACTOME_DUAL_INCISION_IN_TC_NER,ppgs:bmi,0.0027693574310636206,0.0055442597054158145,0.49949994737050674,0.6174311004234043
bmi,alt_log_adj,REACTOME_E2F_ENABLED_INHIBITION_OF_PRE_REPLICATION_COMPLEX_FORMATION,ppgs,-0.0035354746328690448,0.005701225233654726,-0.6201254095345846,0.5351802092412297
bmi,alt_log_adj,REACTOME_E2F_ENABLED_INHIBITION_OF_PRE_REPLICATION_COMPLEX_FORMATION,bmi,0.2883872521107753,0.005761986137064249,50.04997326455033,0
bmi,alt_log_adj,REACTOME_E2F_ENABLED_INHIBITION_OF_PRE_REPLICATION_COMPLEX_FORMATION,ppgs:bmi,0.001607879703451653,0.005794529022324882,0.2774823798891837,0.7814117570641689
bmi,alt_log_adj,REACTOME_E2F_MEDIATED_REGULATION_OF_DNA_REPLICATION,ppgs,3.276805224226459e-4,0.005678571933617383,0.05770474095481005,0.9539842239682125
bmi,alt_log_adj,REACTOME_E2F_MEDIATED_REGULATION_OF_DNA_REPLICATION,bmi,0.28837542054729437,0.005761541000930888,50.05178657944146,0
bmi,alt_log_adj,REACTOME_E2F_MEDIATED_REGULATION_OF_DNA_REPLICATION,ppgs:bmi,-0.007655898126023781,0.005727971305662737,-1.3365810890943315,0.1813701422669463
bmi,alt_log_adj,REACTOME_E3_UBIQUITIN_LIGASES_UBIQUITINATE_TARGET_PROTEINS,ppgs,0.003999813204436651,0.005679040960959659,0.704311384956229,0.4812446634159372
bmi,alt_log_adj,REACTOME_E3_UBIQUITIN_LIGASES_UBIQUITINATE_TARGET_PROTEINS,bmi,0.28842131720265124,0.005761603319305641,50.059211163709605,0
bmi,alt_log_adj,REACTOME_E3_UBIQUITIN_LIGASES_UBIQUITINATE_TARGET_PROTEINS,ppgs:bmi,-0.00148855564310355,0.005668377176273841,-0.26260702081262444,0.7928553964332681
bmi,alt_log_adj,REACTOME_EARLY_PHASE_OF_HIV_LIFE_CYCLE,ppgs,0.0051365744048860506,0.00587035945677335,0.8750016830671855,0.3815804031755432
bmi,alt_log_adj,REACTOME_EARLY_PHASE_OF_HIV_LIFE_CYCLE,bmi,0.2885448606600468,0.005761147725784466,50.08461410712344,0
bmi,alt_log_adj,REACTOME_EARLY_PHASE_OF_HIV_LIFE_CYCLE,ppgs:bmi,0.014385677427197879,0.00587715886822372,2.4477264865133255,0.014382095593002178
bmi,alt_log_adj,REACTOME_EARLY_SARS_COV_2_INFECTION_EVENTS,ppgs,-0.013069484770873427,0.005698198521177863,-2.2936169602198873,0.021819791137395628
bmi,alt_log_adj,REACTOME_EARLY_SARS_COV_2_INFECTION_EVENTS,bmi,0.28829985567124633,0.005760996056647018,50.04340444541824,0
bmi,alt_log_adj,REACTOME_EARLY_SARS_COV_2_INFECTION_EVENTS,ppgs:bmi,-0.008661124263387106,0.005674132683098484,-1.5264225824655038,0.12691581357254994
bmi,alt_log_adj,REACTOME_ECM_PROTEOGLYCANS,ppgs,-0.0012486009174784824,0.0057359670810516105,-0.21767923348150886,0.8276806116916449
bmi,alt_log_adj,REACTOME_ECM_PROTEOGLYCANS,bmi,0.2884058703085531,0.0057620804966981055,50.0523848068108,0
bmi,alt_log_adj,REACTOME_ECM_PROTEOGLYCANS,ppgs:bmi,-7.027525555318611e-4,0.0058111340014778655,-0.12093208577760206,0.9037456849837848
bmi,alt_log_adj,REACTOME_EFFECTS_OF_PIP2_HYDROLYSIS,ppgs,1.3315175512637083e-4,0.005683245436375269,0.02342882365666298,0.9813083782614062
bmi,alt_log_adj,REACTOME_EFFECTS_OF_PIP2_HYDROLYSIS,bmi,0.28839738804351556,0.0057618191535240195,50.05318292003788,0
bmi,alt_log_adj,REACTOME_EFFECTS_OF_PIP2_HYDROLYSIS,ppgs:bmi,-0.0019611704636331682,0.005734135933727115,-0.3420167373601889,0.7323408318068928
bmi,alt_log_adj,REACTOME_EGFR_DOWNREGULATION,ppgs,-0.0013486358353882522,0.0056839742119418665,-0.23726987229372137,0.8124491478263436
bmi,alt_log_adj,REACTOME_EGFR_DOWNREGULATION,bmi,0.2885435488095606,0.005761670057874294,50.079845932034445,0
bmi,alt_log_adj,REACTOME_EGFR_DOWNREGULATION,ppgs:bmi,-0.010430807944208462,0.005632536752375473,-1.851884577550135,0.06405278924954187
bmi,alt_log_adj,REACTOME_EGFR_INTERACTS_WITH_PHOSPHOLIPASE_C_GAMMA,ppgs,-0.003114983620164266,0.005846460652508203,-0.5327981842874286,0.5941774672317934
bmi,alt_log_adj,REACTOME_EGFR_INTERACTS_WITH_PHOSPHOLIPASE_C_GAMMA,bmi,0.2884009209470153,0.005761605054452882,50.055656057876334,0
bmi,alt_log_adj,REACTOME_EGFR_INTERACTS_WITH_PHOSPHOLIPASE_C_GAMMA,ppgs:bmi,-0.002331694005959129,0.005828843417699986,-0.40002687306347245,0.68913973792523
bmi,alt_log_adj,REACTOME_EGFR_TRANSACTIVATION_BY_GASTRIN,ppgs,-0.006065402915452159,0.005702284005532163,-1.0636795553444391,0.2874829496063829
bmi,alt_log_adj,REACTOME_EGFR_TRANSACTIVATION_BY_GASTRIN,bmi,0.2884156250945901,0.005761382569506972,50.06014122739834,0
bmi,alt_log_adj,REACTOME_EGFR_TRANSACTIVATION_BY_GASTRIN,ppgs:bmi,0.005993190124129016,0.005662694519013678,1.0583636648605412,0.2898986962488623
bmi,alt_log_adj,REACTOME_EGR2_AND_SOX10_MEDIATED_INITIATION_OF_SCHWANN_CELL_MYELINATION,ppgs,0.0021358459660166924,0.005705066689617797,0.37437703750309365,0.7081266245380891
bmi,alt_log_adj,REACTOME_EGR2_AND_SOX10_MEDIATED_INITIATION_OF_SCHWANN_CELL_MYELINATION,bmi,0.2884221008408491,0.005761670897888966,50.05876002854048,0
bmi,alt_log_adj,REACTOME_EGR2_AND_SOX10_MEDIATED_INITIATION_OF_SCHWANN_CELL_MYELINATION,ppgs:bmi,2.987065997861138e-5,0.005734213322502698,0.005209199291800035,0.9958437157633688
bmi,alt_log_adj,REACTOME_EICOSANOIDS,ppgs,-0.007239665102301887,0.005754399148746631,-1.2581096505755536,0.20836246604992398
bmi,alt_log_adj,REACTOME_EICOSANOIDS,bmi,0.28837785314453834,0.005761941160372035,50.04873273053668,0
bmi,alt_log_adj,REACTOME_EICOSANOIDS,ppgs:bmi,0.002002679129532709,0.00587310925024197,0.3409912951049224,0.7331126620420026
bmi,alt_log_adj,REACTOME_EICOSANOID_LIGAND_BINDING_RECEPTORS,ppgs,-0.01550883905342799,0.005703166573590189,-2.7193382576699054,0.006545249987025162
bmi,alt_log_adj,REACTOME_EICOSANOID_LIGAND_BINDING_RECEPTORS,bmi,0.2885922309777021,0.005761629615118259,50.088646833605715,0
bmi,alt_log_adj,REACTOME_EICOSANOID_LIGAND_BINDING_RECEPTORS,ppgs:bmi,-0.001624771555356956,0.005670091283326075,-0.28655121658003807,0.7744580661410805
bmi,alt_log_adj,REACTOME_ELASTIC_FIBRE_FORMATION,ppgs,0.002223086304745742,0.005686040653886303,0.39097263633285917,0.6958204005030715
bmi,alt_log_adj,REACTOME_ELASTIC_FIBRE_FORMATION,bmi,0.28842014250325126,0.0057613277180404866,50.06140192305312,0
bmi,alt_log_adj,REACTOME_ELASTIC_FIBRE_FORMATION,ppgs:bmi,-0.009056953577284596,0.00567264657559661,-1.5966010673478364,0.11036580731836991
bmi,alt_log_adj,REACTOME_ELECTRIC_TRANSMISSION_ACROSS_GAP_JUNCTIONS,ppgs,0.014974079037621602,0.0056965271527773375,2.6286329611052586,0.008577505917974817
bmi,alt_log_adj,REACTOME_ELECTRIC_TRANSMISSION_ACROSS_GAP_JUNCTIONS,bmi,0.28853936933128865,0.005762067918185737,50.075662666284416,0
bmi,alt_log_adj,REACTOME_ELECTRIC_TRANSMISSION_ACROSS_GAP_JUNCTIONS,ppgs:bmi,0.003204088074460533,0.005889287102708803,0.5440536381707047,0.5864088415178771
bmi,alt_log_adj,REACTOME_ELEVATION_OF_CYTOSOLIC_CA2_LEVELS,ppgs,-0.0024000699299971174,0.005682522085886328,-0.4223599827193224,0.6727654854883087
bmi,alt_log_adj,REACTOME_ELEVATION_OF_CYTOSOLIC_CA2_LEVELS,bmi,0.2883798811125549,0.0057615923623887825,50.05211458468945,0
bmi,alt_log_adj,REACTOME_ELEVATION_OF_CYTOSOLIC_CA2_LEVELS,ppgs:bmi,-0.005421147594494683,0.005631150755826298,-0.9627068834706061,0.3357028530370674
bmi,alt_log_adj,REACTOME_ENDOGENOUS_STEROLS,ppgs,0.0074643130152321205,0.005692157711391643,1.3113327834002009,0.18975597810752
bmi,alt_log_adj,REACTOME_ENDOGENOUS_STEROLS,bmi,0.288600480143136,0.005761813043110548,50.08848395180371,0
bmi,alt_log_adj,REACTOME_ENDOGENOUS_STEROLS,ppgs:bmi,0.010075733074081682,0.005707649795725782,1.7653033095385378,0.07752356799109443
bmi,alt_log_adj,REACTOME_ENDOSOMAL_SORTING_COMPLEX_REQUIRED_FOR_TRANSPORT_ESCRT,ppgs,0.003958480446158478,0.005683950157594369,0.696431238206676,0.4861645157673883
bmi,alt_log_adj,REACTOME_ENDOSOMAL_SORTING_COMPLEX_REQUIRED_FOR_TRANSPORT_ESCRT,bmi,0.28870122751356464,0.00576415378210443,50.085622005761785,0
bmi,alt_log_adj,REACTOME_ENDOSOMAL_SORTING_COMPLEX_REQUIRED_FOR_TRANSPORT_ESCRT,ppgs:bmi,-0.00987606434442878,0.005503961230706224,-1.7943557249878306,0.07276706016957732
bmi,alt_log_adj,REACTOME_ENDOSOMAL_VACUOLAR_PATHWAY,ppgs,0.006343632539783252,0.005749202701391774,1.1033934389280757,0.2698657110738725
bmi,alt_log_adj,REACTOME_ENDOSOMAL_VACUOLAR_PATHWAY,bmi,0.28836459507178347,0.005762708040996707,50.03977175666677,0
bmi,alt_log_adj,REACTOME_ENDOSOMAL_VACUOLAR_PATHWAY,ppgs:bmi,2.6865862651483953e-4,0.005606942402774672,0.04791535336298267,0.9617840407729882
bmi,alt_log_adj,REACTOME_ENERGY_DEPENDENT_REGULATION_OF_MTOR_BY_LKB1_AMPK,ppgs,7.598602749336693e-5,0.005670593681029346,0.013400012726634592,0.989308750986134
bmi,alt_log_adj,REACTOME_ENERGY_DEPENDENT_REGULATION_OF_MTOR_BY_LKB1_AMPK,bmi,0.28838712938938527,0.005762489983600712,50.04557582053888,0
bmi,alt_log_adj,REACTOME_ENERGY_DEPENDENT_REGULATION_OF_MTOR_BY_LKB1_AMPK,ppgs:bmi,0.0014895849478452196,0.005483300879228956,0.27165843725407246,0.7858866402539112
bmi,alt_log_adj,REACTOME_ENHANCED_BINDING_OF_GP1BA_VARIANT_TO_VWF_MULTIMER_COLLAGEN,ppgs,0.0029426095569075475,0.005742490534359773,0.5124274109466368,0.6083559033514754
bmi,alt_log_adj,REACTOME_ENHANCED_BINDING_OF_GP1BA_VARIANT_TO_VWF_MULTIMER_COLLAGEN,bmi,0.2884483665851413,0.005761797774587493,50.062216320285955,0
bmi,alt_log_adj,REACTOME_ENHANCED_BINDING_OF_GP1BA_VARIANT_TO_VWF_MULTIMER_COLLAGEN,ppgs:bmi,0.0028866165357480855,0.005834345600611477,0.4947626920567663,0.6207714766715545
bmi,alt_log_adj,REACTOME_ENOS_ACTIVATION,ppgs,-6.235467053552804e-4,0.005705632360328276,-0.10928616952098966,0.9129762895528626
bmi,alt_log_adj,REACTOME_ENOS_ACTIVATION,bmi,0.2884040917041842,0.005761565720820273,50.056548111912214,0
bmi,alt_log_adj,REACTOME_ENOS_ACTIVATION,ppgs:bmi,-0.0047406957293004565,0.005721187400707514,-0.8286209482867483,0.4073259067971109
bmi,alt_log_adj,REACTOME_EPHA_MEDIATED_GROWTH_CONE_COLLAPSE,ppgs,0.002315081346712737,0.0056780853686192075,0.40772218035103563,0.6834807305336794
bmi,alt_log_adj,REACTOME_EPHA_MEDIATED_GROWTH_CONE_COLLAPSE,bmi,0.2884221176042406,0.005761602197413926,50.05935983114173,0
bmi,alt_log_adj,REACTOME_EPHA_MEDIATED_GROWTH_CONE_COLLAPSE,ppgs:bmi,0.004579072470119769,0.00571095250820232,0.801805384223228,0.422672264574649
bmi,alt_log_adj,REACTOME_EPHB_MEDIATED_FORWARD_SIGNALING,ppgs,0.015711883835895897,0.005694159277985875,2.75929826842734,0.005796280170801827
bmi,alt_log_adj,REACTOME_EPHB_MEDIATED_FORWARD_SIGNALING,bmi,0.288599920936857,0.005761419407181696,50.091809073492,0
bmi,alt_log_adj,REACTOME_EPHB_MEDIATED_FORWARD_SIGNALING,ppgs:bmi,-0.013614546265039896,0.005571227235382753,-2.443724818577527,0.014542563297538752
bmi,alt_log_adj,REACTOME_EPHRIN_SIGNALING,ppgs,-0.002785275442883893,0.005694345573569183,-0.4891300338026549,0.6247534238953572
bmi,alt_log_adj,REACTOME_EPHRIN_SIGNALING,bmi,0.28838339208433283,0.005761509765235874,50.053441517082376,0
bmi,alt_log_adj,REACTOME_EPHRIN_SIGNALING,ppgs:bmi,0.0065709836215827894,0.005721414831194349,1.1484892837618441,0.25077632526159105
bmi,alt_log_adj,REACTOME_EPH_EPHRIN_MEDIATED_REPULSION_OF_CELLS,ppgs,0.016655130046591013,0.005696246827217064,2.923877871129397,0.0034597385369933556
bmi,alt_log_adj,REACTOME_EPH_EPHRIN_MEDIATED_REPULSION_OF_CELLS,bmi,0.2885110051214243,0.0057614172406297995,50.07639493401561,0
bmi,alt_log_adj,REACTOME_EPH_EPHRIN_MEDIATED_REPULSION_OF_CELLS,ppgs:bmi,-0.01134047028963318,0.005605174631755721,-2.023214446412525,0.043060408698822904
bmi,alt_log_adj,REACTOME_EPH_EPHRIN_SIGNALING,ppgs,0.016605021685483563,0.005694098212257704,2.916181117097327,0.0035462240484193863
bmi,alt_log_adj,REACTOME_EPH_EPHRIN_SIGNALING,bmi,0.2885351605361918,0.005761448085480094,50.080319436246135,0
bmi,alt_log_adj,REACTOME_EPH_EPHRIN_SIGNALING,ppgs:bmi,-0.011284681397934314,0.005584505289415463,-2.02071281395733,0.04331888557557404
bmi,alt_log_adj,REACTOME_EPIGENETIC_REGULATION_BY_WDR5_CONTAINING_HISTONE_MODIFYING_COMPLEXES,ppgs,0.01663175443646143,0.005712877270490522,2.9112745905415514,0.0036023787089306024
bmi,alt_log_adj,REACTOME_EPIGENETIC_REGULATION_BY_WDR5_CONTAINING_HISTONE_MODIFYING_COMPLEXES,bmi,0.28882006269107874,0.005762107640138747,50.12403112346651,0
bmi,alt_log_adj,REACTOME_EPIGENETIC_REGULATION_BY_WDR5_CONTAINING_HISTONE_MODIFYING_COMPLEXES,ppgs:bmi,0.008157642064716097,0.005733684792677548,1.422757329655472,0.15481751876543162
bmi,alt_log_adj,REACTOME_EPIGENETIC_REGULATION_OF_GENE_EXPRESSION,ppgs,0.014305084665717628,0.005717286814273008,2.502075745090395,0.012352338285562906
bmi,alt_log_adj,REACTOME_EPIGENETIC_REGULATION_OF_GENE_EXPRESSION,bmi,0.28881713667054576,0.005763216367459125,50.11388055831034,0
bmi,alt_log_adj,REACTOME_EPIGENETIC_REGULATION_OF_GENE_EXPRESSION,ppgs:bmi,0.008393319405931732,0.005745627017962329,1.460818702587555,0.1440762848459581
bmi,alt_log_adj,REACTOME_EPIGENETIC_REGULATION_OF_GENE_EXPRESSION_BY_MLL3_AND_MLL4_COMPLEXES,ppgs,0.01577384158762023,0.005705671089761812,2.764590061268099,0.005703119027286659
bmi,alt_log_adj,REACTOME_EPIGENETIC_REGULATION_OF_GENE_EXPRESSION_BY_MLL3_AND_MLL4_COMPLEXES,bmi,0.2887951804613787,0.005762255980700324,50.118422615837964,0
bmi,alt_log_adj,REACTOME_EPIGENETIC_REGULATION_OF_GENE_EXPRESSION_BY_MLL3_AND_MLL4_COMPLEXES,ppgs:bmi,0.007632674371541271,0.005718617809855425,1.3347061519633596,0.18198325879409147
bmi,alt_log_adj,REACTOME_EPITHELIAL_MESENCHYMAL_TRANSITION_EMT_DURING_GASTRULATION,ppgs,0.011967692443792895,0.005665325794124868,2.112445581894653,0.03465696926522453
bmi,alt_log_adj,REACTOME_EPITHELIAL_MESENCHYMAL_TRANSITION_EMT_DURING_GASTRULATION,bmi,0.28846540839409407,0.00576097171425339,50.07235284290553,0
bmi,alt_log_adj,REACTOME_EPITHELIAL_MESENCHYMAL_TRANSITION_EMT_DURING_GASTRULATION,ppgs:bmi,-0.008152999067965822,0.005731594657082174,-1.4224660946481393,0.15490199064912075
bmi,alt_log_adj,REACTOME_ERBB2_ACTIVATES_PTK6_SIGNALING,ppgs,-0.0067075937644887115,0.005698810995706278,-1.1770163582442885,0.2391988595734403
bmi,alt_log_adj,REACTOME_ERBB2_ACTIVATES_PTK6_SIGNALING,bmi,0.2883785019811134,0.005761853660161555,50.049605385678554,0
bmi,alt_log_adj,REACTOME_ERBB2_ACTIVATES_PTK6_SIGNALING,ppgs:bmi,0.0013665976647579162,0.0056737114054471625,0.24086485319748308,0.8096616052276606
bmi,alt_log_adj,REACTOME_ERBB2_REGULATES_CELL_MOTILITY,ppgs,-0.0058184291434853165,0.005702507905150009,-1.0203281153245958,0.30758158088150994
bmi,alt_log_adj,REACTOME_ERBB2_REGULATES_CELL_MOTILITY,bmi,0.28838878402157353,0.00576158346835337,50.05373706822189,0
bmi,alt_log_adj,REACTOME_ERBB2_REGULATES_CELL_MOTILITY,ppgs:bmi,-1.517097007731634e-4,0.005786395295443708,-0.02621834372301212,0.9790833692845746
bmi,alt_log_adj,REACTOME_ERCC6_CSB_AND_EHMT2_G9A_POSITIVELY_REGULATE_RRNA_EXPRESSION,ppgs,0.006368014756872632,0.005735430056519446,1.110294205337598,0.26688168697255776
bmi,alt_log_adj,REACTOME_ERCC6_CSB_AND_EHMT2_G9A_POSITIVELY_REGULATE_RRNA_EXPRESSION,bmi,0.28854781674137936,0.005762793605018943,50.07082268052716,0
bmi,alt_log_adj,REACTOME_ERCC6_CSB_AND_EHMT2_G9A_POSITIVELY_REGULATE_RRNA_EXPRESSION,ppgs:bmi,0.004461317406098115,0.005808079961031778,0.7681225871596957,0.44242075730087427
bmi,alt_log_adj,REACTOME_ERKS_ARE_INACTIVATED,ppgs,0.0014027122963467817,0.005700131192414859,0.24608421262538047,0.805618825522093
bmi,alt_log_adj,REACTOME_ERKS_ARE_INACTIVATED,bmi,0.28859224213496354,0.005762793005431758,50.07853689399377,0
bmi,alt_log_adj,REACTOME_ERKS_ARE_INACTIVATED,ppgs:bmi,0.008957111478644872,0.005790906580669792,1.5467546149930929,0.12193359081362741
bmi,alt_log_adj,REACTOME_ERK_MAPK_TARGETS,ppgs,0.0019143836939635047,0.005707376467417706,0.33542271215020525,0.7373087196018624
bmi,alt_log_adj,REACTOME_ERK_MAPK_TARGETS,bmi,0.28832311727778964,0.00576255249679844,50.033924625932045,0
bmi,alt_log_adj,REACTOME_ERK_MAPK_TARGETS,ppgs:bmi,-0.005549979426086292,0.0058608750758446584,-0.946954056222814,0.3436702625468766
bmi,alt_log_adj,REACTOME_ERYTHROCYTES_TAKE_UP_CARBON_DIOXIDE_AND_RELEASE_OXYGEN,ppgs,0.004753380808927982,0.0056901412056222,0.835371326854131,0.4035157091580648
bmi,alt_log_adj,REACTOME_ERYTHROCYTES_TAKE_UP_CARBON_DIOXIDE_AND_RELEASE_OXYGEN,bmi,0.28842502114441015,0.005761625851698743,50.05965825763776,0
bmi,alt_log_adj,REACTOME_ERYTHROCYTES_TAKE_UP_CARBON_DIOXIDE_AND_RELEASE_OXYGEN,ppgs:bmi,-0.0030107878970211284,0.005673623326009713,-0.5306640437722943,0.5956557637418918
bmi,alt_log_adj,REACTOME_ERYTHROCYTES_TAKE_UP_OXYGEN_AND_RELEASE_CARBON_DIOXIDE,ppgs,0.002750133433594951,0.005675465788185048,0.48456523856069506,0.6279885206285465
bmi,alt_log_adj,REACTOME_ERYTHROCYTES_TAKE_UP_OXYGEN_AND_RELEASE_CARBON_DIOXIDE,bmi,0.28847334831898225,0.005761914701351982,50.06553607107279,0
bmi,alt_log_adj,REACTOME_ERYTHROCYTES_TAKE_UP_OXYGEN_AND_RELEASE_CARBON_DIOXIDE,ppgs:bmi,-0.0044012242591031136,0.005554898415132639,-0.7923140857289686,0.4281841907163022
bmi,alt_log_adj,REACTOME_ERYTHROPOIETIN_ACTIVATES_PHOSPHOINOSITIDE_3_KINASE_PI3K,ppgs,0.0019935551781167147,0.00570323538948554,0.34954811470556246,0.7266804521841128
bmi,alt_log_adj,REACTOME_ERYTHROPOIETIN_ACTIVATES_PHOSPHOINOSITIDE_3_KINASE_PI3K,bmi,0.2885295456931875,0.005762217113153944,50.07266127382367,0
bmi,alt_log_adj,REACTOME_ERYTHROPOIETIN_ACTIVATES_PHOSPHOINOSITIDE_3_KINASE_PI3K,ppgs:bmi,-0.009222239886937631,0.005549669470059127,-1.661763810744458,0.09657119807467905
bmi,alt_log_adj,REACTOME_ERYTHROPOIETIN_ACTIVATES_PHOSPHOLIPASE_C_GAMMA_PLCG,ppgs,-8.842126313849582e-4,0.005718438270202949,-0.1546248450372058,0.8771181828451903
bmi,alt_log_adj,REACTOME_ERYTHROPOIETIN_ACTIVATES_PHOSPHOLIPASE_C_GAMMA_PLCG,bmi,0.28859912228858225,0.0057642623690515584,50.066965001120835,0
bmi,alt_log_adj,REACTOME_ERYTHROPOIETIN_ACTIVATES_PHOSPHOLIPASE_C_GAMMA_PLCG,ppgs:bmi,-0.005717364316128777,0.005390690953844455,-1.0605995344718009,0.288880970197067
bmi,alt_log_adj,REACTOME_ERYTHROPOIETIN_ACTIVATES_RAS,ppgs,1.7432430507637823e-4,0.005728600121518723,0.030430524277921266,0.9757239154924124
bmi,alt_log_adj,REACTOME_ERYTHROPOIETIN_ACTIVATES_RAS,bmi,0.28843707849415795,0.00576240849834918,50.054951601711274,0
bmi,alt_log_adj,REACTOME_ERYTHROPOIETIN_ACTIVATES_RAS,ppgs:bmi,-0.002194321794750458,0.005686936868886334,-0.38585302515942466,0.6996084175318322
bmi,alt_log_adj,REACTOME_ERYTHROPOIETIN_ACTIVATES_STAT5,ppgs,0.0030770898968843882,0.0056868779770407,0.5410859718297708,0.5884525786204302
bmi,alt_log_adj,REACTOME_ERYTHROPOIETIN_ACTIVATES_STAT5,bmi,0.2884682514834374,0.0057628031402451995,50.05693313882026,0
bmi,alt_log_adj,REACTOME_ERYTHROPOIETIN_ACTIVATES_STAT5,ppgs:bmi,-0.004440225342948896,0.005548864637907005,-0.8002042999239065,0.4235991445597146
bmi,alt_log_adj,REACTOME_ER_QUALITY_CONTROL_COMPARTMENT_ERQC,ppgs,0.015763707217635075,0.005674617764952322,2.7779328706499267,0.00547418776071633
bmi,alt_log_adj,REACTOME_ER_QUALITY_CONTROL_COMPARTMENT_ERQC,bmi,0.28831888773198944,0.00576094791057103,50.04712630762375,0
bmi,alt_log_adj,REACTOME_ER_QUALITY_CONTROL_COMPARTMENT_ERQC,ppgs:bmi,0.005073722883626651,0.005689515486787429,0.8917671276946495,0.3725253337334976
bmi,alt_log_adj,REACTOME_ER_TO_GOLGI_ANTEROGRADE_TRANSPORT,ppgs,0.009268391773636508,0.005697326139325138,1.626796772202051,0.10379138187174883
bmi,alt_log_adj,REACTOME_ER_TO_GOLGI_ANTEROGRADE_TRANSPORT,bmi,0.28858496530806504,0.0057620406929236425,50.08381243514577,0
bmi,alt_log_adj,REACTOME_ER_TO_GOLGI_ANTEROGRADE_TRANSPORT,ppgs:bmi,0.006066293618786442,0.005829936883666285,1.0405419029119092,0.29809708106619726
bmi,alt_log_adj,REACTOME_ESR_MEDIATED_SIGNALING,ppgs,0.004874825355669462,0.005676911356471798,0.8587108463675514,0.39050732556836476
bmi,alt_log_adj,REACTOME_ESR_MEDIATED_SIGNALING,bmi,0.2883758343381316,0.005761592139526563,50.05141414987902,0
bmi,alt_log_adj,REACTOME_ESR_MEDIATED_SIGNALING,ppgs:bmi,0.003939617380139744,0.005632413038205913,0.6994546304428388,0.48427369609882087
bmi,alt_log_adj,REACTOME_ESTABLISHMENT_OF_SISTER_CHROMATID_COHESION,ppgs,0.0021547219137447024,0.005699603038111784,0.37804771654036773,0.7053979777095123
bmi,alt_log_adj,REACTOME_ESTABLISHMENT_OF_SISTER_CHROMATID_COHESION,bmi,0.28843295959301485,0.005761740053141669,50.0600438292496,0
bmi,alt_log_adj,REACTOME_ESTABLISHMENT_OF_SISTER_CHROMATID_COHESION,ppgs:bmi,-0.001980958307550036,0.005658458545094914,-0.35008797745231296,0.7262752742179198
bmi,alt_log_adj,REACTOME_ESTROGEN_BIOSYNTHESIS,ppgs,0.004096926571848255,0.005873912746405105,0.6974782821477246,0.48550924631556236
bmi,alt_log_adj,REACTOME_ESTROGEN_BIOSYNTHESIS,bmi,0.2883162902654626,0.005761676691274723,50.040345148501395,0
bmi,alt_log_adj,REACTOME_ESTROGEN_BIOSYNTHESIS,ppgs:bmi,0.010082940148687129,0.0059416133992550675,1.697003738067388,0.08970693138956215
bmi,alt_log_adj,REACTOME_ESTROGEN_DEPENDENT_GENE_EXPRESSION,ppgs,0.009751758067084483,0.00566930170934834,1.7200986236108082,0.08542542994057935
bmi,alt_log_adj,REACTOME_ESTROGEN_DEPENDENT_GENE_EXPRESSION,bmi,0.28845607664925443,0.005761201135249552,50.06873911836784,0
bmi,alt_log_adj,REACTOME_ESTROGEN_DEPENDENT_GENE_EXPRESSION,ppgs:bmi,0.0063435736539661095,0.005628991272408406,1.1269467915255738,0.2597745172667812
bmi,alt_log_adj,REACTOME_ESTROGEN_DEPENDENT_NUCLEAR_EVENTS_DOWNSTREAM_OF_ESR_MEMBRANE_SIGNALING,ppgs,0.01594878379484946,0.005713688009161771,2.7913291326505654,0.005252717169908471
bmi,alt_log_adj,REACTOME_ESTROGEN_DEPENDENT_NUCLEAR_EVENTS_DOWNSTREAM_OF_ESR_MEMBRANE_SIGNALING,bmi,0.2883186534312444,0.0057604033962560044,50.05181644373,0
bmi,alt_log_adj,REACTOME_ESTROGEN_DEPENDENT_NUCLEAR_EVENTS_DOWNSTREAM_OF_ESR_MEMBRANE_SIGNALING,ppgs:bmi,0.012127270472574597,0.005656298637204164,2.144029382184274,0.032039011706665524
bmi,alt_log_adj,REACTOME_ESTROGEN_STIMULATED_SIGNALING_THROUGH_PRKCZ,ppgs,8.343884603670327e-4,0.00573441007738708,0.14550554444254657,0.8843127730211169
bmi,alt_log_adj,REACTOME_ESTROGEN_STIMULATED_SIGNALING_THROUGH_PRKCZ,bmi,0.2884018329631393,0.005761902768464469,50.05322799641716,0
bmi,alt_log_adj,REACTOME_ESTROGEN_STIMULATED_SIGNALING_THROUGH_PRKCZ,ppgs:bmi,-9.838282454268745e-4,0.005977504230348585,-0.16458846493689583,0.8692690845307127
bmi,alt_log_adj,REACTOME_ETHANOL_OXIDATION,ppgs,0.010431640778209518,0.005700001291730441,1.8301120024909008,0.06724368710379658
bmi,alt_log_adj,REACTOME_ETHANOL_OXIDATION,bmi,0.2884609295704488,0.005761768456948177,50.06465145654903,0
bmi,alt_log_adj,REACTOME_ETHANOL_OXIDATION,ppgs:bmi,4.40772470102928e-4,0.0057633771715539005,0.07647815802832293,0.9390392301474022
bmi,alt_log_adj,REACTOME_EUKARYOTIC_TRANSLATION_ELONGATION,ppgs,0.013200342793549175,0.005831691135891186,2.2635531419535524,0.023609139044913557
bmi,alt_log_adj,REACTOME_EUKARYOTIC_TRANSLATION_ELONGATION,bmi,0.2883922433268608,0.0057608139373239164,50.06102374846501,0
bmi,alt_log_adj,REACTOME_EUKARYOTIC_TRANSLATION_ELONGATION,ppgs:bmi,0.009889896120576924,0.00579593941013856,1.706349121468903,0.08795405037323814
bmi,alt_log_adj,REACTOME_EUKARYOTIC_TRANSLATION_INITIATION,ppgs,0.011489006643614979,0.005755690168305855,1.9961127697387302,0.045931198259969865
bmi,alt_log_adj,REACTOME_EUKARYOTIC_TRANSLATION_INITIATION,bmi,0.2883899589898909,0.005760530164321071,50.063093285421616,0
bmi,alt_log_adj,REACTOME_EUKARYOTIC_TRANSLATION_INITIATION,ppgs:bmi,0.015662030343509964,0.005690459221430416,2.752331531438861,0.005921020242376136
bmi,alt_log_adj,REACTOME_EVASION_BY_RSV_OF_HOST_INTERFERON_RESPONSES,ppgs,-0.005951306087656409,0.0056951396007415955,-1.0449798433178805,0.2960411960385939
bmi,alt_log_adj,REACTOME_EVASION_BY_RSV_OF_HOST_INTERFERON_RESPONSES,bmi,0.2884160103873075,0.00576144576623031,50.05965899701889,0
bmi,alt_log_adj,REACTOME_EVASION_BY_RSV_OF_HOST_INTERFERON_RESPONSES,ppgs:bmi,0.005029391214798134,0.005676303993326834,0.8860327460810377,0.3756073976630985
bmi,alt_log_adj,REACTOME_EXPORT_OF_VIRAL_RIBONUCLEOPROTEINS_FROM_NUCLEUS,ppgs,-0.004595118519614387,0.005685955741629995,-0.8081523544003356,0.4190096634563565
bmi,alt_log_adj,REACTOME_EXPORT_OF_VIRAL_RIBONUCLEOPROTEINS_FROM_NUCLEUS,bmi,0.2883047910845525,0.005763958075019626,50.01854408588334,0
bmi,alt_log_adj,REACTOME_EXPORT_OF_VIRAL_RIBONUCLEOPROTEINS_FROM_NUCLEUS,ppgs:bmi,0.004033302800454668,0.005395446956524955,0.7475382174922534,0.45474494322823633
bmi,alt_log_adj,REACTOME_EXPRESSION_OF_BMAL_ARNTL_CLOCK_AND_NPAS2,ppgs,0.008369115488250922,0.0057820176494896135,1.4474385924763953,0.14778518173810903
bmi,alt_log_adj,REACTOME_EXPRESSION_OF_BMAL_ARNTL_CLOCK_AND_NPAS2,bmi,0.28849915473255183,0.005761599109883861,50.07275744639013,0
bmi,alt_log_adj,REACTOME_EXPRESSION_OF_BMAL_ARNTL_CLOCK_AND_NPAS2,ppgs:bmi,0.00354012059818169,0.005779452736276739,0.6125356084254994,0.5401883595703139
bmi,alt_log_adj,REACTOME_EXPRESSION_OF_NOTCH2NL_GENES,ppgs,-5.181843629681428e-4,0.006559407632910514,-0.0789986523124827,0.9370342526128423
bmi,alt_log_adj,REACTOME_EXPRESSION_OF_NOTCH2NL_GENES,bmi,0.2884227441044912,0.005761669626284502,50.05888272189686,0
bmi,alt_log_adj,REACTOME_EXPRESSION_OF_NOTCH2NL_GENES,ppgs:bmi,0.0016710212263851536,0.006442953105569273,0.2593564160727364,0.7953621376306059
bmi,alt_log_adj,REACTOME_EXTENSION_OF_TELOMERES,ppgs,-6.897767722167329e-4,0.005685958168037796,-0.1213123191961105,0.9034445226015942
bmi,alt_log_adj,REACTOME_EXTENSION_OF_TELOMERES,bmi,0.28841991646621606,0.005762034434339252,50.05522263930898,0
bmi,alt_log_adj,REACTOME_EXTENSION_OF_TELOMERES,ppgs:bmi,-2.496147201677538e-4,0.005550694050256343,-0.04497000157236663,0.9641315367820937
bmi,alt_log_adj,REACTOME_EXTRACELLULAR_MATRIX_ORGANIZATION,ppgs,0.005105640258724986,0.005686161069996556,0.8979063723089501,0.36924309296628366
bmi,alt_log_adj,REACTOME_EXTRACELLULAR_MATRIX_ORGANIZATION,bmi,0.2883921460188886,0.0057614348681186076,50.05561160028575,0
bmi,alt_log_adj,REACTOME_EXTRACELLULAR_MATRIX_ORGANIZATION,ppgs:bmi,-0.006128810360893324,0.0057671381355423315,-1.0627125997073037,0.28792135797853013
bmi,alt_log_adj,REACTOME_EXTRA_NUCLEAR_ESTROGEN_SIGNALING,ppgs,0.0033756540356931304,0.005689704643256687,0.593291611313055,0.5529907451177298
bmi,alt_log_adj,REACTOME_EXTRA_NUCLEAR_ESTROGEN_SIGNALING,bmi,0.2883891054672385,0.005761721898721854,50.05259027361474,0
bmi,alt_log_adj,REACTOME_EXTRA_NUCLEAR_ESTROGEN_SIGNALING,ppgs:bmi,-0.0026609787952955894,0.0057568444782950135,-0.46222870972600655,0.6439208644264758
bmi,alt_log_adj,REACTOME_EXTRINSIC_PATHWAY_OF_FIBRIN_CLOT_FORMATION,ppgs,0.005274917667865623,0.005730768772091449,0.9204555056477243,0.35734260690463393
bmi,alt_log_adj,REACTOME_EXTRINSIC_PATHWAY_OF_FIBRIN_CLOT_FORMATION,bmi,0.28839048226276337,0.005761674594241283,50.05324017274523,0
bmi,alt_log_adj,REACTOME_EXTRINSIC_PATHWAY_OF_FIBRIN_CLOT_FORMATION,ppgs:bmi,-0.001999606303560753,0.005614988989906651,-0.3561193632178425,0.7217538269492247
bmi,alt_log_adj,REACTOME_FACTORS_INVOLVED_IN_MEGAKARYOCYTE_DEVELOPMENT_AND_PLATELET_PRODUCTION,ppgs,0.019075878949247543,0.005727124217035855,3.330795391604149,8.670878369373309e-4
bmi,alt_log_adj,REACTOME_FACTORS_INVOLVED_IN_MEGAKARYOCYTE_DEVELOPMENT_AND_PLATELET_PRODUCTION,bmi,0.28866510502502624,0.005761293874449497,50.10421466351753,0
bmi,alt_log_adj,REACTOME_FACTORS_INVOLVED_IN_MEGAKARYOCYTE_DEVELOPMENT_AND_PLATELET_PRODUCTION,ppgs:bmi,0.008710852821894361,0.0057756074046071025,1.508214151631197,0.13151087056904812
bmi,alt_log_adj,REACTOME_FANCONI_ANEMIA_PATHWAY,ppgs,-0.0045745456992540064,0.005759275953929979,-0.7942918060962952,0.42703222220198356
bmi,alt_log_adj,REACTOME_FANCONI_ANEMIA_PATHWAY,bmi,0.28846204797574054,0.005762017187710206,50.06268440000502,0
bmi,alt_log_adj,REACTOME_FANCONI_ANEMIA_PATHWAY,ppgs:bmi,8.477443776806374e-5,0.005753068286649085,0.014735517387269048,0.9882432873506017
bmi,alt_log_adj,REACTOME_FASL_CD95L_SIGNALING,ppgs,0.0026744273680460277,0.00569090719520502,0.4699474576389888,0.6383961719673055
bmi,alt_log_adj,REACTOME_FASL_CD95L_SIGNALING,bmi,0.28828569531962855,0.0057611886930041874,50.03927326138336,0
bmi,alt_log_adj,REACTOME_FASL_CD95L_SIGNALING,ppgs:bmi,-0.015726968552491876,0.005780737002348251,-2.720581916475921,0.006520686184906455
bmi,alt_log_adj,REACTOME_FASTK_FAMILY_PROTEINS_REGULATE_PROCESSING_AND_STABILITY_OF_MITOCHONDRIAL_RNAS,ppgs,0.002424281133604281,0.005726006757408152,0.4233807671406975,0.6720206868519885
bmi,alt_log_adj,REACTOME_FASTK_FAMILY_PROTEINS_REGULATE_PROCESSING_AND_STABILITY_OF_MITOCHONDRIAL_RNAS,bmi,0.28847456101412144,0.005762026475112118,50.06477534598768,0
bmi,alt_log_adj,REACTOME_FASTK_FAMILY_PROTEINS_REGULATE_PROCESSING_AND_STABILITY_OF_MITOCHONDRIAL_RNAS,ppgs:bmi,-0.004331026341098924,0.0056420872887870226,-0.7676283827983881,0.4427143886977838
bmi,alt_log_adj,REACTOME_FATTY_ACIDS,ppgs,-0.007192353331571678,0.0057558298155239605,-1.24957713519835,0.21146437654013067
bmi,alt_log_adj,REACTOME_FATTY_ACIDS,bmi,0.28840103990824295,0.005761542542178612,50.056219805189514,0
bmi,alt_log_adj,REACTOME_FATTY_ACIDS,ppgs:bmi,0.002872119043734036,0.00587605949877623,0.4887831793282887,0.6249989890088197
bmi,alt_log_adj,REACTOME_FATTY_ACIDS_BOUND_TO_GPR40_FFAR1_REGULATE_INSULIN_SECRETION,ppgs,-0.009643812273470739,0.0057222220731011665,-1.685326460642633,0.09193660952729593
bmi,alt_log_adj,REACTOME_FATTY_ACIDS_BOUND_TO_GPR40_FFAR1_REGULATE_INSULIN_SECRETION,bmi,0.28842614714098264,0.005761066513088088,50.06471397018785,0
bmi,alt_log_adj,REACTOME_FATTY_ACIDS_BOUND_TO_GPR40_FFAR1_REGULATE_INSULIN_SECRETION,ppgs:bmi,0.009190218202126623,0.005674678319905781,1.619513509671366,0.10534794581413323
bmi,alt_log_adj,REACTOME_FATTY_ACID_METABOLISM,ppgs,0.016930860681811797,0.005704721415692557,2.967868095230445,0.0030012348403955394
bmi,alt_log_adj,REACTOME_FATTY_ACID_METABOLISM,bmi,0.2882166646700614,0.005761728934647917,50.02260049702833,0
bmi,alt_log_adj,REACTOME_FATTY_ACID_METABOLISM,ppgs:bmi,-0.003505093204057781,0.005690595746142161,-0.6159448606824685,0.5379358576061519
bmi,alt_log_adj,REACTOME_FATTY_ACYL_COA_BIOSYNTHESIS,ppgs,0.008912814570798271,0.0057548516352526795,1.5487479323012876,0.12145348960604772
bmi,alt_log_adj,REACTOME_FATTY_ACYL_COA_BIOSYNTHESIS,bmi,0.2885158632153734,0.00576186430581384,50.073352634190805,0
bmi,alt_log_adj,REACTOME_FATTY_ACYL_COA_BIOSYNTHESIS,ppgs:bmi,-0.0020526985472395704,0.005828108226106416,-0.35220666254012184,0.7246858988985201
bmi,alt_log_adj,REACTOME_FBXL7_DOWN_REGULATES_AURKA_DURING_MITOTIC_ENTRY_AND_IN_EARLY_MITOSIS,ppgs,-0.003560525856532159,0.00566459169014296,-0.6285582529677969,0.5296433626104523
bmi,alt_log_adj,REACTOME_FBXL7_DOWN_REGULATES_AURKA_DURING_MITOTIC_ENTRY_AND_IN_EARLY_MITOSIS,bmi,0.2884015783255115,0.005761607046735287,50.05575284571501,0
bmi,alt_log_adj,REACTOME_FBXL7_DOWN_REGULATES_AURKA_DURING_MITOTIC_ENTRY_AND_IN_EARLY_MITOSIS,ppgs:bmi,5.681938570271213e-4,0.0057223298580987335,0.09929414611130193,0.9209054282763169
bmi,alt_log_adj,REACTOME_FBXW7_MUTANTS_AND_NOTCH1_IN_CANCER,ppgs,0.0022478369085836814,0.005694007592550126,0.3947723764058,0.6930138530409053
bmi,alt_log_adj,REACTOME_FBXW7_MUTANTS_AND_NOTCH1_IN_CANCER,bmi,0.2884200832856131,0.005761584228249377,50.05916287250873,0
bmi,alt_log_adj,REACTOME_FBXW7_MUTANTS_AND_NOTCH1_IN_CANCER,ppgs:bmi,-0.00189323428815403,0.0058054352441282075,-0.3261140997255812,0.7443404369069232
bmi,alt_log_adj,REACTOME_FCERI_MEDIATED_CA_2_MOBILIZATION,ppgs,-0.00461048220933213,0.005718628369020566,-0.8062216867087257,0.42012179944508743
bmi,alt_log_adj,REACTOME_FCERI_MEDIATED_CA_2_MOBILIZATION,bmi,0.28842195327682973,0.005761855643848993,50.05712935289024,0
bmi,alt_log_adj,REACTOME_FCERI_MEDIATED_CA_2_MOBILIZATION,ppgs:bmi,0.00121193663349276,0.005738841886772808,0.2111813946793162,0.8327472462777847
bmi,alt_log_adj,REACTOME_FCERI_MEDIATED_MAPK_ACTIVATION,ppgs,-0.003744371859298818,0.005727339905554196,-0.6537715450880858,0.5132643044661697
bmi,alt_log_adj,REACTOME_FCERI_MEDIATED_MAPK_ACTIVATION,bmi,0.2883588723500794,0.005762403987486382,50.0414189939266,0
bmi,alt_log_adj,REACTOME_FCERI_MEDIATED_MAPK_ACTIVATION,ppgs:bmi,-0.0026878328576617878,0.005753662986158612,-0.46715159788256877,0.6403950108664189
bmi,alt_log_adj,REACTOME_FCERI_MEDIATED_NF_KB_ACTIVATION,ppgs,-0.013195680708216391,0.005700051265058199,-2.31501088228926,0.020619441943313586
bmi,alt_log_adj,REACTOME_FCERI_MEDIATED_NF_KB_ACTIVATION,bmi,0.28811600590524117,0.005761414239035521,50.00786160334701,0
bmi,alt_log_adj,REACTOME_FCERI_MEDIATED_NF_KB_ACTIVATION,ppgs:bmi,-0.012667292900412021,0.0057436111762018864,-2.2054579448026983,0.027429971482059497
bmi,alt_log_adj,REACTOME_FCGAMMA_RECEPTOR_FCGR_DEPENDENT_PHAGOCYTOSIS,ppgs,0.0158242793173859,0.005704220720141336,2.7741351700349024,0.005538487798407676
bmi,alt_log_adj,REACTOME_FCGAMMA_RECEPTOR_FCGR_DEPENDENT_PHAGOCYTOSIS,bmi,0.28847649237094636,0.005761612209205688,50.06871026655168,0
bmi,alt_log_adj,REACTOME_FCGAMMA_RECEPTOR_FCGR_DEPENDENT_PHAGOCYTOSIS,ppgs:bmi,-0.009498577663166892,0.005615580814667772,-1.6914684298295235,0.09075836391853458
bmi,alt_log_adj,REACTOME_FCGR3A_MEDIATED_IL10_SYNTHESIS,ppgs,-0.009568840097793864,0.0057318744172778335,-1.6694085391944564,0.09504748410975182
bmi,alt_log_adj,REACTOME_FCGR3A_MEDIATED_IL10_SYNTHESIS,bmi,0.28845811149883355,0.005761039330515442,50.07049855933289,0
bmi,alt_log_adj,REACTOME_FCGR3A_MEDIATED_IL10_SYNTHESIS,ppgs:bmi,0.010214750706424575,0.00575773669571521,1.7740913220339138,0.0760587774943603
bmi,alt_log_adj,REACTOME_FCGR_ACTIVATION,ppgs,-0.01191182375121286,0.005679998194539535,-2.097152735482256,0.035988892044130395
bmi,alt_log_adj,REACTOME_FCGR_ACTIVATION,bmi,0.28849157011224585,0.0057612819953768955,50.074197087339954,0
bmi,alt_log_adj,REACTOME_FCGR_ACTIVATION,ppgs:bmi,0.005395456568218246,0.005771451440903577,0.9348526316932044,0.3498722143539589
bmi,alt_log_adj,REACTOME_FC_EPSILON_RECEPTOR_FCERI_SIGNALING,ppgs,-0.003833026525583384,0.0057128343486941,-0.6709500558964356,0.50225781332214
bmi,alt_log_adj,REACTOME_FC_EPSILON_RECEPTOR_FCERI_SIGNALING,bmi,0.2882932607391613,0.005762804023543665,50.02655991100039,0
bmi,alt_log_adj,REACTOME_FC_EPSILON_RECEPTOR_FCERI_SIGNALING,ppgs:bmi,-0.00536804097198241,0.00579939680190211,-0.9256205697499053,0.354651079227565
bmi,alt_log_adj,REACTOME_FERTILIZATION,ppgs,-0.004127612090169662,0.005704704289159964,-0.7235453199586382,0.4693508915189215
bmi,alt_log_adj,REACTOME_FERTILIZATION,bmi,0.2884959762555702,0.005762439501815584,50.06490326964356,0
bmi,alt_log_adj,REACTOME_FERTILIZATION,ppgs:bmi,0.005174648932513642,0.005954761964178251,0.8689934146221975,0.38485808983781056
bmi,alt_log_adj,REACTOME_FGFR1B_LIGAND_BINDING_AND_ACTIVATION,ppgs,0.003152175574583045,0.005756282120719134,0.5476061646174567,0.5839666669175589
bmi,alt_log_adj,REACTOME_FGFR1B_LIGAND_BINDING_AND_ACTIVATION,bmi,0.28841413617237327,0.005761911096496714,50.05529091688542,0
bmi,alt_log_adj,REACTOME_FGFR1B_LIGAND_BINDING_AND_ACTIVATION,ppgs:bmi,-0.002267725431825134,0.005745679645591355,-0.3946835834408474,0.6930793890421085
bmi,alt_log_adj,REACTOME_FGFR1C_LIGAND_BINDING_AND_ACTIVATION,ppgs,0.002706821583604435,0.005758582332635486,0.47004999273243436,0.6383229165591668
bmi,alt_log_adj,REACTOME_FGFR1C_LIGAND_BINDING_AND_ACTIVATION,bmi,0.2884234736323724,0.0057619655095077875,50.05643875452681,0
bmi,alt_log_adj,REACTOME_FGFR1C_LIGAND_BINDING_AND_ACTIVATION,ppgs:bmi,-0.0027301488648627846,0.005738648723475782,-0.4757476884225786,0.6342578080084778
bmi,alt_log_adj,REACTOME_FGFR1_LIGAND_BINDING_AND_ACTIVATION,ppgs,0.0027962124926690416,0.005758020047780967,0.485620485768654,0.627240022332677
bmi,alt_log_adj,REACTOME_FGFR1_LIGAND_BINDING_AND_ACTIVATION,bmi,0.2884229072980575,0.005761938790402176,50.05657258603504,0
bmi,alt_log_adj,REACTOME_FGFR1_LIGAND_BINDING_AND_ACTIVATION,ppgs:bmi,-0.0027451912587409346,0.005737161339393472,-0.4784929508416359,0.6323030805088625
bmi,alt_log_adj,REACTOME_FGFR1_MUTANT_RECEPTOR_ACTIVATION,ppgs,-0.0014207226650258971,0.005712883742580475,-0.24868748062150575,0.8036043352117535
bmi,alt_log_adj,REACTOME_FGFR1_MUTANT_RECEPTOR_ACTIVATION,bmi,0.288477237911724,0.005761670811661594,50.06833040996502,0
bmi,alt_log_adj,REACTOME_FGFR1_MUTANT_RECEPTOR_ACTIVATION,ppgs:bmi,-0.008174246330158065,0.005700271337408628,-1.4340100402789104,0.15158042769265082
bmi,alt_log_adj,REACTOME_FGFR2B_LIGAND_BINDING_AND_ACTIVATION,ppgs,0.0040458189122158025,0.005755830813101666,0.7029078935062751,0.4821189238040008
bmi,alt_log_adj,REACTOME_FGFR2B_LIGAND_BINDING_AND_ACTIVATION,bmi,0.2884213395159911,0.005762020484038845,50.05559079752252,0
bmi,alt_log_adj,REACTOME_FGFR2B_LIGAND_BINDING_AND_ACTIVATION,ppgs:bmi,-0.0026792521793262947,0.005741783546239383,-0.4666236819535086,0.6407727264187172
bmi,alt_log_adj,REACTOME_FGFR2C_LIGAND_BINDING_AND_ACTIVATION,ppgs,0.002087732055835002,0.005764487210213751,0.3621713397396171,0.7172266950888685
bmi,alt_log_adj,REACTOME_FGFR2C_LIGAND_BINDING_AND_ACTIVATION,bmi,0.2884396634069427,0.005762021383489312,50.05876309890958,0
bmi,alt_log_adj,REACTOME_FGFR2C_LIGAND_BINDING_AND_ACTIVATION,ppgs:bmi,-0.003049076417940072,0.005730882993774975,-0.5320430414042745,0.5947003548941452
bmi,alt_log_adj,REACTOME_FGFR2_ALTERNATIVE_SPLICING,ppgs,-0.001530546770425826,0.005743524579811542,-0.26648214857575253,0.7898698440879234
bmi,alt_log_adj,REACTOME_FGFR2_ALTERNATIVE_SPLICING,bmi,0.28842903328647335,0.005761556878969322,50.06095389586262,0
bmi,alt_log_adj,REACTOME_FGFR2_ALTERNATIVE_SPLICING,ppgs:bmi,-0.005478658576884411,0.005709283006565384,-0.9596053603550976,0.33726205449345015
bmi,alt_log_adj,REACTOME_FGFR2_LIGAND_BINDING_AND_ACTIVATION,ppgs,0.003349294691769765,0.005766656412190797,0.5808035805097225,0.5613774587969258
bmi,alt_log_adj,REACTOME_FGFR2_LIGAND_BINDING_AND_ACTIVATION,bmi,0.2884250841001417,0.0057620317830855425,50.05614251327357,0
bmi,alt_log_adj,REACTOME_FGFR2_LIGAND_BINDING_AND_ACTIVATION,ppgs:bmi,-0.0024668008532162922,0.0057407737244351284,-0.42969832493424337,0.6674183680349459
bmi,alt_log_adj,REACTOME_FGFR2_MUTANT_RECEPTOR_ACTIVATION,ppgs,0.0015885759648587919,0.005767651609734807,0.2754285578167634,0.7829890137122772
bmi,alt_log_adj,REACTOME_FGFR2_MUTANT_RECEPTOR_ACTIVATION,bmi,0.28845257280588155,0.005762018552818737,50.06102812091306,0
bmi,alt_log_adj,REACTOME_FGFR2_MUTANT_RECEPTOR_ACTIVATION,ppgs:bmi,-0.0040858191928134,0.005735758910368237,-0.7123415151616074,0.47625918473468976
bmi,alt_log_adj,REACTOME_FGFR3B_LIGAND_BINDING_AND_ACTIVATION,ppgs,0.003376919325170175,0.0057547610749904944,0.5868044356951436,0.5573397302928108
bmi,alt_log_adj,REACTOME_FGFR3B_LIGAND_BINDING_AND_ACTIVATION,bmi,0.28840953532903746,0.005761972249617818,50.05396118458695,0
bmi,alt_log_adj,REACTOME_FGFR3B_LIGAND_BINDING_AND_ACTIVATION,ppgs:bmi,-0.0017620814231360429,0.005735737991235197,-0.3072109335936694,0.7586850805318524
bmi,alt_log_adj,REACTOME_FGFR3_LIGAND_BINDING_AND_ACTIVATION,ppgs,0.0029428949715530886,0.005754905295877167,0.5113715726410629,0.60909487944140706
bmi,alt_log_adj,REACTOME_FGFR3_LIGAND_BINDING_AND_ACTIVATION,bmi,0.288414406274116,0.005761957036652014,50.05493870216347,0
bmi,alt_log_adj,REACTOME_FGFR3_LIGAND_BINDING_AND_ACTIVATION,ppgs:bmi,-0.0017223941010418697,0.005733024832406297,-0.30043374159238323,0.7638485327428182
bmi,alt_log_adj,REACTOME_FGFRL1_MODULATION_OF_FGFR1_SIGNALING,ppgs,-0.009223131607268432,0.0057416208662401744,-1.6063637467773242,0.10820514941818497
bmi,alt_log_adj,REACTOME_FGFRL1_MODULATION_OF_FGFR1_SIGNALING,bmi,0.28834985870547897,0.005761600346240205,50.04683445175866,0
bmi,alt_log_adj,REACTOME_FGFRL1_MODULATION_OF_FGFR1_SIGNALING,ppgs:bmi,0.0012532505198770386,0.005759698192830988,0.21758961631651833,0.8277504416776316
bmi,alt_log_adj,REACTOME_FIBRONECTIN_MATRIX_FORMATION,ppgs,0.006886571732188408,0.0058495404450661075,1.1772842323018728,0.239091962349462
bmi,alt_log_adj,REACTOME_FIBRONECTIN_MATRIX_FORMATION,bmi,0.288410850079699,0.005761531575627766,50.05801778466766,0
bmi,alt_log_adj,REACTOME_FIBRONECTIN_MATRIX_FORMATION,ppgs:bmi,0.00384129534738436,0.005815303778934309,0.6605493871703296,0.50890670378304
bmi,alt_log_adj,REACTOME_FICOLINS_BIND_TO_REPETITIVE_CARBOHYDRATE_STRUCTURES_ON_THE_TARGET_CELL_SURFACE,ppgs,-0.005149060655735249,0.005670299128703244,-0.9080756656506058,0.36384596557344395
bmi,alt_log_adj,REACTOME_FICOLINS_BIND_TO_REPETITIVE_CARBOHYDRATE_STRUCTURES_ON_THE_TARGET_CELL_SURFACE,bmi,0.2884033804672607,0.005761481500024978,50.05715638694846,0
bmi,alt_log_adj,REACTOME_FICOLINS_BIND_TO_REPETITIVE_CARBOHYDRATE_STRUCTURES_ON_THE_TARGET_CELL_SURFACE,ppgs:bmi,0.006395128904389395,0.005717104152917679,1.1185958368671123,0.2633220789463883
bmi,alt_log_adj,REACTOME_FLT3_SIGNALING,ppgs,0.0022239982719165336,0.005705756287088216,0.3897815048548968,0.6967010494916975
bmi,alt_log_adj,REACTOME_FLT3_SIGNALING,bmi,0.28841219418178293,0.0057620838204269055,50.053453432826814,0
bmi,alt_log_adj,REACTOME_FLT3_SIGNALING,ppgs:bmi,-0.0018293263448593256,0.005740045342491085,-0.3186954519884381,0.7499598116981625
bmi,alt_log_adj,REACTOME_FLT3_SIGNALING_BY_CBL_MUTANTS,ppgs,-0.0046301274151120285,0.005706911924555096,-0.8113192346967906,0.41718917863233074
bmi,alt_log_adj,REACTOME_FLT3_SIGNALING_BY_CBL_MUTANTS,bmi,0.288420647639694,0.005761436814826088,50.06054165125824,0
bmi,alt_log_adj,REACTOME_FLT3_SIGNALING_BY_CBL_MUTANTS,ppgs:bmi,0.007634434787738324,0.005642591995616248,1.3530013854748928,0.1760659777267753
bmi,alt_log_adj,REACTOME_FLT3_SIGNALING_IN_DISEASE,ppgs,-6.209375426581011e-4,0.00570948168949291,-0.10875550118687743,0.9133971890398956
bmi,alt_log_adj,REACTOME_FLT3_SIGNALING_IN_DISEASE,bmi,0.28844110672370277,0.005761301215411795,50.06527101067152,0
bmi,alt_log_adj,REACTOME_FLT3_SIGNALING_IN_DISEASE,ppgs:bmi,-0.010446917306461252,0.005730560044979741,-1.8230185574293523,0.06831110740814479
bmi,alt_log_adj,REACTOME_FLT3_SIGNALING_THROUGH_SRC_FAMILY_KINASES,ppgs,3.626550830645476e-4,0.005705571922467321,0.06356156542983703,0.9493197843227048
bmi,alt_log_adj,REACTOME_FLT3_SIGNALING_THROUGH_SRC_FAMILY_KINASES,bmi,0.2883767525895451,0.00576282264259995,50.040886293776566,0
bmi,alt_log_adj,REACTOME_FLT3_SIGNALING_THROUGH_SRC_FAMILY_KINASES,ppgs:bmi,0.0023123629102558196,0.005662282700617823,0.408379982511914,0.6829978117463773
bmi,alt_log_adj,REACTOME_FOLDING_OF_ACTIN_BY_CCT_TRIC,ppgs,0.003602492371919688,0.00572836245247588,0.6288869466286371,0.529428139680858
bmi,alt_log_adj,REACTOME_FOLDING_OF_ACTIN_BY_CCT_TRIC,bmi,0.2883747527581998,0.005762471221994828,50.04359096102721,0
bmi,alt_log_adj,REACTOME_FOLDING_OF_ACTIN_BY_CCT_TRIC,ppgs:bmi,-0.0013325497605220712,0.005833763848882789,-0.2284202437809108,0.8193212007319695
bmi,alt_log_adj,REACTOME_FORMATION_OF_APOPTOSOME,ppgs,-0.001357855606088429,0.0057086675331780344,-0.23785858927617498,0.8119924938098997
bmi,alt_log_adj,REACTOME_FORMATION_OF_APOPTOSOME,bmi,0.2884174269092269,0.005762204396596387,50.053314158655844,0
bmi,alt_log_adj,REACTOME_FORMATION_OF_APOPTOSOME,ppgs:bmi,-0.0015020400058527578,0.00573645402708025,-0.2618411999402475,0.7934457763089574
bmi,alt_log_adj,REACTOME_FORMATION_OF_AXIAL_MESODERM,ppgs,0.012650136427535647,0.005763997621355654,2.1946810631334746,0.028194565697779186
bmi,alt_log_adj,REACTOME_FORMATION_OF_AXIAL_MESODERM,bmi,0.2883001273069293,0.005761783273437886,50.03661429544001,0
bmi,alt_log_adj,REACTOME_FORMATION_OF_AXIAL_MESODERM,ppgs:bmi,-0.003464178559204866,0.0057807612382761485,-0.5992599272683161,0.549004354867427
bmi,alt_log_adj,REACTOME_FORMATION_OF_DEFINITIVE_ENDODERM,ppgs,0.014277598915013944,0.005702215058870812,2.5038688943873826,0.01228992802790218
bmi,alt_log_adj,REACTOME_FORMATION_OF_DEFINITIVE_ENDODERM,bmi,0.2883038842670004,0.005761626569449744,50.03862725079984,0
bmi,alt_log_adj,REACTOME_FORMATION_OF_DEFINITIVE_ENDODERM,ppgs:bmi,0.0028832226311189357,0.005674192901314931,0.5081291174381436,0.6113667502364765
bmi,alt_log_adj,REACTOME_FORMATION_OF_FIBRIN_CLOT_CLOTTING_CASCADE,ppgs,0.003184208192059618,0.005695174804279499,0.5591063139391127,0.5760935826511564
bmi,alt_log_adj,REACTOME_FORMATION_OF_FIBRIN_CLOT_CLOTTING_CASCADE,bmi,0.28840739932912446,0.005761359076240716,50.058917611729584,0
bmi,alt_log_adj,REACTOME_FORMATION_OF_FIBRIN_CLOT_CLOTTING_CASCADE,ppgs:bmi,-0.008283320653260668,0.005739955033173741,-1.4430985269723702,0.14900376771895243
bmi,alt_log_adj,REACTOME_FORMATION_OF_INCISION_COMPLEX_IN_GG_NER,ppgs,0.008910360606853367,0.005708707083362836,1.5608368894633369,0.11857340393643481
bmi,alt_log_adj,REACTOME_FORMATION_OF_INCISION_COMPLEX_IN_GG_NER,bmi,0.2884621502038873,0.005763590062880783,50.049040104650835,0
bmi,alt_log_adj,REACTOME_FORMATION_OF_INCISION_COMPLEX_IN_GG_NER,ppgs:bmi,-2.490618477972819e-4,0.005614753707403312,-0.04435846357229923,0.9646189827388869
bmi,alt_log_adj,REACTOME_FORMATION_OF_INTERMEDIATE_MESODERM,ppgs,0.0021428540852676714,0.005698896900741219,0.37601208138876213,0.706910728127572
bmi,alt_log_adj,REACTOME_FORMATION_OF_INTERMEDIATE_MESODERM,bmi,0.28849480367324204,0.005762335251139731,50.06560554007695,0
bmi,alt_log_adj,REACTOME_FORMATION_OF_INTERMEDIATE_MESODERM,ppgs:bmi,0.0043998746814589915,0.005818353104410006,0.7562061983010481,0.4495318610158531
bmi,alt_log_adj,REACTOME_FORMATION_OF_LATERAL_PLATE_MESODERM,ppgs,0.009153580657613574,0.005734094431216198,1.596342851938716,0.11042341436869284
bmi,alt_log_adj,REACTOME_FORMATION_OF_LATERAL_PLATE_MESODERM,bmi,0.2883592220622961,0.005761577528054591,50.04865779523082,0
bmi,alt_log_adj,REACTOME_FORMATION_OF_LATERAL_PLATE_MESODERM,ppgs:bmi,-3.7260904918164274e-4,0.005732283423655822,-0.06500185382390035,0.9481729825880006
bmi,alt_log_adj,REACTOME_FORMATION_OF_NEURONAL_PROGENITOR_AND_NEURONAL_BAF_NPBAF_AND_NBAF,ppgs,0.0163998391827747,0.005704134589267662,2.8750792826016105,0.004042266843714659
bmi,alt_log_adj,REACTOME_FORMATION_OF_NEURONAL_PROGENITOR_AND_NEURONAL_BAF_NPBAF_AND_NBAF,bmi,0.28838511772426717,0.005760794708313502,50.05995393449685,0
bmi,alt_log_adj,REACTOME_FORMATION_OF_NEURONAL_PROGENITOR_AND_NEURONAL_BAF_NPBAF_AND_NBAF,ppgs:bmi,-5.198819876442779e-5,0.0057019231482499325,-0.009117660377513912,0.9927253245068355
bmi,alt_log_adj,REACTOME_FORMATION_OF_PARAXIAL_MESODERM,ppgs,-0.011914371827560994,0.005719675391240402,-2.0830503503411535,0.037255573795009614
bmi,alt_log_adj,REACTOME_FORMATION_OF_PARAXIAL_MESODERM,bmi,0.28832326535578123,0.005761973561777479,50.038977490003965,0
bmi,alt_log_adj,REACTOME_FORMATION_OF_PARAXIAL_MESODERM,ppgs:bmi,5.2772913692647606e-5,0.005744156467165793,0.009187234713104208,0.9926698150332798
bmi,alt_log_adj,REACTOME_FORMATION_OF_RNA_POL_II_ELONGATION_COMPLEX,ppgs,0.015021261854569064,0.005699476717945299,2.635551051076902,0.008404650847228726
bmi,alt_log_adj,REACTOME_FORMATION_OF_RNA_POL_II_ELONGATION_COMPLEX,bmi,0.2883945872932,0.005762877745281011,50.04350257635688,0
bmi,alt_log_adj,REACTOME_FORMATION_OF_RNA_POL_II_ELONGATION_COMPLEX,ppgs:bmi,0.0014403324244724968,0.005603045149969847,0.25706243407305895,0.797132442200849
bmi,alt_log_adj,REACTOME_FORMATION_OF_SENESCENCE_ASSOCIATED_HETEROCHROMATIN_FOCI_SAHF,ppgs,-2.954264732646961e-4,0.005697168677056311,-0.051854963405672055,0.9586446253253635
bmi,alt_log_adj,REACTOME_FORMATION_OF_SENESCENCE_ASSOCIATED_HETEROCHROMATIN_FOCI_SAHF,bmi,0.2884154102754557,0.0057621189433312864,50.0537064770677,0
bmi,alt_log_adj,REACTOME_FORMATION_OF_SENESCENCE_ASSOCIATED_HETEROCHROMATIN_FOCI_SAHF,ppgs:bmi,9.559200857474185e-4,0.0057429668737278275,0.16645056584261986,0.8678035702499087
bmi,alt_log_adj,REACTOME_FORMATION_OF_TC_NER_PRE_INCISION_COMPLEX,ppgs,0.013799591193312753,0.005690480044175159,2.425031119727443,0.015313279667556901
bmi,alt_log_adj,REACTOME_FORMATION_OF_TC_NER_PRE_INCISION_COMPLEX,bmi,0.28847934297101036,0.005762185633810343,50.06422238088302,0
bmi,alt_log_adj,REACTOME_FORMATION_OF_TC_NER_PRE_INCISION_COMPLEX,ppgs:bmi,0.0011253756833401731,0.005582171277361763,0.2016017831455803,0.8402294976298326
bmi,alt_log_adj,REACTOME_FORMATION_OF_THE_ACTIVE_COFACTOR_UDP_GLUCURONATE,ppgs,-0.0015623451399252456,0.005707092049357625,-0.2737550273262368,0.7842748811964828
bmi,alt_log_adj,REACTOME_FORMATION_OF_THE_ACTIVE_COFACTOR_UDP_GLUCURONATE,bmi,0.2884258371484094,0.005761534331154654,50.06059507252937,0
bmi,alt_log_adj,REACTOME_FORMATION_OF_THE_ACTIVE_COFACTOR_UDP_GLUCURONATE,ppgs:bmi,0.005318570841751605,0.005688906535490045,0.9349021307648291,0.34984670239796223
bmi,alt_log_adj,REACTOME_FORMATION_OF_THE_ANTERIOR_NEURAL_PLATE,ppgs,-0.006594072171306672,0.005710798209444718,-1.1546673388671245,0.2482364126468642
bmi,alt_log_adj,REACTOME_FORMATION_OF_THE_ANTERIOR_NEURAL_PLATE,bmi,0.2884856644587289,0.005761417818377437,50.0719915744583,0
bmi,alt_log_adj,REACTOME_FORMATION_OF_THE_ANTERIOR_NEURAL_PLATE,ppgs:bmi,0.010209925169769728,0.005747807735389569,1.7763164044104425,0.07569150388286416
bmi,alt_log_adj,REACTOME_FORMATION_OF_THE_BETA_CATENIN_TCF_TRANSACTIVATING_COMPLEX,ppgs,0.009556906186893374,0.0056925071566860065,1.6788571228528935,0.09319091381602046
bmi,alt_log_adj,REACTOME_FORMATION_OF_THE_BETA_CATENIN_TCF_TRANSACTIVATING_COMPLEX,bmi,0.2883198631258929,0.005761320663363982,50.04405759938132,0
bmi,alt_log_adj,REACTOME_FORMATION_OF_THE_BETA_CATENIN_TCF_TRANSACTIVATING_COMPLEX,ppgs:bmi,0.007792560432790003,0.005682394066135797,1.3713516419478426,0.17027621916448787
bmi,alt_log_adj,REACTOME_FORMATION_OF_THE_CANONICAL_BAF_CBAF_COMPLEX,ppgs,0.016325918674038042,0.005704405771049513,2.861984110052948,0.004213062051562117
bmi,alt_log_adj,REACTOME_FORMATION_OF_THE_CANONICAL_BAF_CBAF_COMPLEX,bmi,0.2883759125075848,0.005760784331788022,50.05844619391943,0
bmi,alt_log_adj,REACTOME_FORMATION_OF_THE_CANONICAL_BAF_CBAF_COMPLEX,ppgs:bmi,-6.522808485142861e-5,0.005685948486017696,-0.011471803694991407,0.9908471064328388
bmi,alt_log_adj,REACTOME_FORMATION_OF_THE_CORNIFIED_ENVELOPE,ppgs,0.0026551326617801608,0.005682270758114147,0.4672661291242933,0.6403130778552604
bmi,alt_log_adj,REACTOME_FORMATION_OF_THE_CORNIFIED_ENVELOPE,bmi,0.288459859425658,0.005761885029743649,50.06345283472132,0
bmi,alt_log_adj,REACTOME_FORMATION_OF_THE_CORNIFIED_ENVELOPE,ppgs:bmi,-0.006057974257338819,0.005588037884109131,-1.0840968481201712,0.27833108014429653
bmi,alt_log_adj,REACTOME_FORMATION_OF_THE_DYSTROPHIN_GLYCOPROTEIN_COMPLEX_DGC,ppgs,0.011389726883160853,0.005697981663868616,1.9989054993602515,0.04562810995408477
bmi,alt_log_adj,REACTOME_FORMATION_OF_THE_DYSTROPHIN_GLYCOPROTEIN_COMPLEX_DGC,bmi,0.2884832099479521,0.005761361150360003,50.072058046547916,0
bmi,alt_log_adj,REACTOME_FORMATION_OF_THE_DYSTROPHIN_GLYCOPROTEIN_COMPLEX_DGC,ppgs:bmi,-0.005645550433853628,0.005705075963706701,-0.9895662160798999,0.32239463588984074
bmi,alt_log_adj,REACTOME_FORMATION_OF_THE_EARLY_ELONGATION_COMPLEX,ppgs,0.014558783000801687,0.005692203580497823,2.5576708202569978,0.010542733660236404
bmi,alt_log_adj,REACTOME_FORMATION_OF_THE_EARLY_ELONGATION_COMPLEX,bmi,0.28829965842833893,0.005763249073421077,50.02380684151199,0
bmi,alt_log_adj,REACTOME_FORMATION_OF_THE_EARLY_ELONGATION_COMPLEX,ppgs:bmi,0.004123633432284179,0.005609469919528554,0.7351199830715464,0.4622725065812304
bmi,alt_log_adj,REACTOME_FORMATION_OF_THE_EMBRYONIC_STEM_CELL_BAF_ESBAF_COMPLEX,ppgs,0.014384647385644267,0.005718603791882895,2.5154124868839722,0.01189480169463122
bmi,alt_log_adj,REACTOME_FORMATION_OF_THE_EMBRYONIC_STEM_CELL_BAF_ESBAF_COMPLEX,bmi,0.2884761073832758,0.0057608182624375994,50.075543827555435,0
bmi,alt_log_adj,REACTOME_FORMATION_OF_THE_EMBRYONIC_STEM_CELL_BAF_ESBAF_COMPLEX,ppgs:bmi,0.010645997980457688,0.005799460923713213,1.8356875096662242,0.06641435476451914
bmi,alt_log_adj,REACTOME_FORMATION_OF_THE_NEPHRIC_DUCT,ppgs,0.007649128727635082,0.005686049034654058,1.345244946186163,0.17855690667645036
bmi,alt_log_adj,REACTOME_FORMATION_OF_THE_NEPHRIC_DUCT,bmi,0.28837731052881077,0.005761829596736025,50.0496076267461,0
bmi,alt_log_adj,REACTOME_FORMATION_OF_THE_NEPHRIC_DUCT,ppgs:bmi,6.936336489365154e-4,0.005675739003837244,0.12221027930769277,0.9027333520498724
bmi,alt_log_adj,REACTOME_FORMATION_OF_THE_NON_CANONICAL_BAF_NCBAF_COMPLEX,ppgs,0.006826216483351136,0.005716848143273718,1.1940524415333071,0.2324674464312186
bmi,alt_log_adj,REACTOME_FORMATION_OF_THE_NON_CANONICAL_BAF_NCBAF_COMPLEX,bmi,0.28841259329237257,0.005761466793329271,50.05888320423921,0
bmi,alt_log_adj,REACTOME_FORMATION_OF_THE_NON_CANONICAL_BAF_NCBAF_COMPLEX,ppgs:bmi,-0.0029886649685477817,0.005701475436564465,-0.52419150127018,0.6001494498117987
bmi,alt_log_adj,REACTOME_FORMATION_OF_THE_POLYBROMO_BAF_PBAF_COMPLEX,ppgs,0.0053044574260747305,0.005803120158073104,0.9140698937097398,0.36068789513284705
bmi,alt_log_adj,REACTOME_FORMATION_OF_THE_POLYBROMO_BAF_PBAF_COMPLEX,bmi,0.28841577409716856,0.005761426512070481,50.059785279378794,0
bmi,alt_log_adj,REACTOME_FORMATION_OF_THE_POLYBROMO_BAF_PBAF_COMPLEX,ppgs:bmi,-0.006086370117377261,0.005691990889802576,-1.0692866933925054,0.2849496094136578
bmi,alt_log_adj,REACTOME_FORMATION_OF_THE_POSTERIOR_NEURAL_PLATE,ppgs,-0.009048848012613854,0.005712386867507929,-1.5840747873859393,0.11318785598831609
bmi,alt_log_adj,REACTOME_FORMATION_OF_THE_POSTERIOR_NEURAL_PLATE,bmi,0.2885483319709153,0.005761539342288753,50.08181231238289,0
bmi,alt_log_adj,REACTOME_FORMATION_OF_THE_POSTERIOR_NEURAL_PLATE,ppgs:bmi,0.00782154938648464,0.0057975562756079685,1.3491114212021034,0.1773119557818099
bmi,alt_log_adj,REACTOME_FORMATION_OF_THE_URETERIC_BUD,ppgs,4.0807049716646236e-4,0.005718044228712567,0.07136539712606255,0.9431074518940854
bmi,alt_log_adj,REACTOME_FORMATION_OF_THE_URETERIC_BUD,bmi,0.28861937795410775,0.005762334915265744,50.08722717409031,0
bmi,alt_log_adj,REACTOME_FORMATION_OF_THE_URETERIC_BUD,ppgs:bmi,0.011757521974325676,0.005945904764812206,1.97741511836963,0.04800439754932064
bmi,alt_log_adj,REACTOME_FORMATION_OF_TUBULIN_FOLDING_INTERMEDIATES_BY_CCT_TRIC,ppgs,0.014264156875615682,0.005699951620791181,2.5025049026005153,0.012337376030189591
bmi,alt_log_adj,REACTOME_FORMATION_OF_TUBULIN_FOLDING_INTERMEDIATES_BY_CCT_TRIC,bmi,0.28861322541783585,0.00576174021419354,50.09132912776292,0
bmi,alt_log_adj,REACTOME_FORMATION_OF_TUBULIN_FOLDING_INTERMEDIATES_BY_CCT_TRIC,ppgs:bmi,0.008198178705909933,0.005809242910059495,1.4112301435551389,0.1581877392805815
bmi,alt_log_adj,REACTOME_FORMATION_OF_WDR5_CONTAINING_HISTONE_MODIFYING_COMPLEXES,ppgs,0.0034549894146345666,0.005705498960641743,0.6055542974362327,0.5448156064483868
bmi,alt_log_adj,REACTOME_FORMATION_OF_WDR5_CONTAINING_HISTONE_MODIFYING_COMPLEXES,bmi,0.28841818736192726,0.005761717740133371,50.05767383447892,0
bmi,alt_log_adj,REACTOME_FORMATION_OF_WDR5_CONTAINING_HISTONE_MODIFYING_COMPLEXES,ppgs:bmi,-0.0011431875344548382,0.005761593900403389,-0.19841515285810055,0.8427216856793551
bmi,alt_log_adj,REACTOME_FORMATION_OF_XYLULOSE_5_PHOSPHATE,ppgs,0.0021282699380868694,0.005701584499038705,0.37327692651853156,0.7089451385657477
bmi,alt_log_adj,REACTOME_FORMATION_OF_XYLULOSE_5_PHOSPHATE,bmi,0.28833264388301466,0.0057620489624037475,50.03995033092035,0
bmi,alt_log_adj,REACTOME_FORMATION_OF_XYLULOSE_5_PHOSPHATE,ppgs:bmi,-0.0059448361340543555,0.005930565214477493,-1.0024063338081208,0.3161559404732909
bmi,alt_log_adj,REACTOME_FORMYL_PEPTIDE_RECEPTORS_BIND_FORMYL_PEPTIDES_AND_MANY_OTHER_LIGANDS,ppgs,0.0041523698714306225,0.005705858219984103,0.727738003879492,0.4667799920861555
bmi,alt_log_adj,REACTOME_FORMYL_PEPTIDE_RECEPTORS_BIND_FORMYL_PEPTIDES_AND_MANY_OTHER_LIGANDS,bmi,0.28849391409748726,0.005761446174592699,50.0731770036682,0
bmi,alt_log_adj,REACTOME_FORMYL_PEPTIDE_RECEPTORS_BIND_FORMYL_PEPTIDES_AND_MANY_OTHER_LIGANDS,ppgs:bmi,0.009540259815195393,0.0057387338062094536,1.662432888047986,0.0964370649760171
bmi,alt_log_adj,REACTOME_FOXO_MEDIATED_TRANSCRIPTION,ppgs,0.004263312944163684,0.005700227761201789,0.7479197538704738,0.45451476599186513
bmi,alt_log_adj,REACTOME_FOXO_MEDIATED_TRANSCRIPTION,bmi,0.2882011230285526,0.005761786364486697,50.019404538305494,0
bmi,alt_log_adj,REACTOME_FOXO_MEDIATED_TRANSCRIPTION,ppgs:bmi,0.012775903485993402,0.005555202801313311,2.299808655585542,0.021466292958629493
bmi,alt_log_adj,REACTOME_FOXO_MEDIATED_TRANSCRIPTION_OF_CELL_CYCLE_GENES,ppgs,0.0034081488717413867,0.005676163526282102,0.6004317627497477,0.5482233247948205
bmi,alt_log_adj,REACTOME_FOXO_MEDIATED_TRANSCRIPTION_OF_CELL_CYCLE_GENES,bmi,0.2881479695400531,0.0057619970508619575,50.008350750014365,0
bmi,alt_log_adj,REACTOME_FOXO_MEDIATED_TRANSCRIPTION_OF_CELL_CYCLE_GENES,ppgs:bmi,0.013243227946791525,0.005543660582154317,2.388895883962125,0.01690559016487416
bmi,alt_log_adj,REACTOME_FOXO_MEDIATED_TRANSCRIPTION_OF_CELL_DEATH_GENES,ppgs,-2.578376212940511e-4,0.005684195307327617,-0.0453604437134078,0.9638203293639027
bmi,alt_log_adj,REACTOME_FOXO_MEDIATED_TRANSCRIPTION_OF_CELL_DEATH_GENES,bmi,0.288361276860908,0.005761280329100051,50.05159624057938,0
bmi,alt_log_adj,REACTOME_FOXO_MEDIATED_TRANSCRIPTION_OF_CELL_DEATH_GENES,ppgs:bmi,0.011104050368744192,0.005692550649686195,1.9506282951309901,0.05111111870886472
bmi,alt_log_adj,REACTOME_FOXO_MEDIATED_TRANSCRIPTION_OF_OXIDATIVE_STRESS_METABOLIC_AND_NEURONAL_GENES,ppgs,0.005328001117278162,0.005698819905415615,0.9349306006696119,0.3498320294664774
bmi,alt_log_adj,REACTOME_FOXO_MEDIATED_TRANSCRIPTION_OF_OXIDATIVE_STRESS_METABOLIC_AND_NEURONAL_GENES,bmi,0.2882114799586138,0.005761665686462308,50.02224975249772,0
bmi,alt_log_adj,REACTOME_FOXO_MEDIATED_TRANSCRIPTION_OF_OXIDATIVE_STRESS_METABOLIC_AND_NEURONAL_GENES,ppgs:bmi,0.012042964834210246,0.0054934378192135385,2.192245590200266,0.028369879161943418
bmi,alt_log_adj,REACTOME_FREE_FATTY_ACIDS_REGULATE_INSULIN_SECRETION,ppgs,-0.004878028000190645,0.005712855202599624,-0.8538686571245333,0.3931849828095354
bmi,alt_log_adj,REACTOME_FREE_FATTY_ACIDS_REGULATE_INSULIN_SECRETION,bmi,0.2883850123173244,0.005761434412582796,50.05437737649158,0
bmi,alt_log_adj,REACTOME_FREE_FATTY_ACIDS_REGULATE_INSULIN_SECRETION,ppgs:bmi,0.0063947075261505506,0.005678202549641166,1.126185173960493,0.26009668127067537
bmi,alt_log_adj,REACTOME_FREE_FATTY_ACID_RECEPTORS,ppgs,-0.0031013460675909173,0.0059108578064522715,-0.524686292437199,0.5998053907453145
bmi,alt_log_adj,REACTOME_FREE_FATTY_ACID_RECEPTORS,bmi,0.2884168097143837,0.005761595091640382,50.0585003157986,0
bmi,alt_log_adj,REACTOME_FREE_FATTY_ACID_RECEPTORS,ppgs:bmi,-0.0027739623964271303,0.005798227234075482,-0.47841560608816575,0.6323581177325537
bmi,alt_log_adj,REACTOME_FRS_MEDIATED_FGFR1_SIGNALING,ppgs,0.003930605866380695,0.005717033520701621,0.6875254189341035,0.4917573131763763
bmi,alt_log_adj,REACTOME_FRS_MEDIATED_FGFR1_SIGNALING,bmi,0.28842131546993854,0.005761942907971281,50.05626054901134,0
bmi,alt_log_adj,REACTOME_FRS_MEDIATED_FGFR1_SIGNALING,ppgs:bmi,-0.0026457035077618466,0.005717098663599575,-0.4627703077099023,0.6435325685758144
bmi,alt_log_adj,REACTOME_FRS_MEDIATED_FGFR2_SIGNALING,ppgs,0.0035741283135303885,0.0057227640759333065,0.6245458079533875,0.5322742229482165
bmi,alt_log_adj,REACTOME_FRS_MEDIATED_FGFR2_SIGNALING,bmi,0.28843654786677914,0.005762033064257917,50.05812091845856,0
bmi,alt_log_adj,REACTOME_FRS_MEDIATED_FGFR2_SIGNALING,ppgs:bmi,-0.0029878012443032486,0.005713637442449082,-0.5229245422724204,0.6010308519027905
bmi,alt_log_adj,REACTOME_FRS_MEDIATED_FGFR3_SIGNALING,ppgs,0.004232164676359859,0.005719496348170275,0.739954083144711,0.4593339839578976
bmi,alt_log_adj,REACTOME_FRS_MEDIATED_FGFR3_SIGNALING,bmi,0.28841221782060505,0.0057619343565440085,50.05475591596185,0
bmi,alt_log_adj,REACTOME_FRS_MEDIATED_FGFR3_SIGNALING,ppgs:bmi,-0.0018350183949263263,0.005720431820625619,-0.3207831947773548,0.7483770601573811
bmi,alt_log_adj,REACTOME_FRS_MEDIATED_FGFR4_SIGNALING,ppgs,0.004760427307200828,0.005718305081688618,0.8324892147578583,0.4051398764780496
bmi,alt_log_adj,REACTOME_FRS_MEDIATED_FGFR4_SIGNALING,bmi,0.28840659796331863,0.005761908217106548,50.05400764751291,0
bmi,alt_log_adj,REACTOME_FRS_MEDIATED_FGFR4_SIGNALING,ppgs:bmi,-0.0015655320366444229,0.005719321979412848,-0.2737268582324407,0.7842965301456635
bmi,alt_log_adj,REACTOME_FRUCTOSE_CATABOLISM,ppgs,0.021585766272186443,0.00571071651285453,3.779870043207011,1.572315997103069e-4
bmi,alt_log_adj,REACTOME_FRUCTOSE_CATABOLISM,bmi,0.28794437293786324,0.00576087074628044,49.98278656464862,0
bmi,alt_log_adj,REACTOME_FRUCTOSE_CATABOLISM,ppgs:bmi,0.011481112207316282,0.005577631161066247,2.058420837766816,0.03955887153154629
bmi,alt_log_adj,REACTOME_FRUCTOSE_METABOLISM,ppgs,-0.010620971365315089,0.005693787210683414,-1.8653614847753108,0.06214107459217945
bmi,alt_log_adj,REACTOME_FRUCTOSE_METABOLISM,bmi,0.28841106027667046,0.005761060124362728,50.06215072413841,0
bmi,alt_log_adj,REACTOME_FRUCTOSE_METABOLISM,ppgs:bmi,0.008115620971693471,0.005714105220729285,1.4202785314929294,0.15553760642553915
bmi,alt_log_adj,REACTOME_G0_AND_EARLY_G1,ppgs,-6.520738650628813e-4,0.005674162372642263,-0.1149198458272587,0.9085094685334103
bmi,alt_log_adj,REACTOME_G0_AND_EARLY_G1,bmi,0.28840787814638924,0.005761601609328198,50.056893499795024,0
bmi,alt_log_adj,REACTOME_G0_AND_EARLY_G1,ppgs:bmi,-0.002474846691035807,0.005650446268995342,-0.4379913679766463,0.661395878035251
bmi,alt_log_adj,REACTOME_G1_S_DNA_DAMAGE_CHECKPOINTS,ppgs,-9.727009513183305e-4,0.00569084816463056,-0.17092372229570396,0.8642849633352623
bmi,alt_log_adj,REACTOME_G1_S_DNA_DAMAGE_CHECKPOINTS,bmi,0.2883905633103511,0.0057616450303461285,50.05351107043576,0
bmi,alt_log_adj,REACTOME_G1_S_DNA_DAMAGE_CHECKPOINTS,ppgs:bmi,-0.004061503839420208,0.005784815082293681,-0.7020974364162079,0.4826241653672908
bmi,alt_log_adj,REACTOME_G1_S_SPECIFIC_TRANSCRIPTION,ppgs,2.418959056638254e-4,0.005682440913246165,0.04256901380178881,0.9660453963010099
bmi,alt_log_adj,REACTOME_G1_S_SPECIFIC_TRANSCRIPTION,bmi,0.2884254635300869,0.005761598314307781,50.05997429807624,0
bmi,alt_log_adj,REACTOME_G1_S_SPECIFIC_TRANSCRIPTION,ppgs:bmi,-0.0033970110315513858,0.005602933833525395,-0.6062914773730192,0.5443260717893431
bmi,alt_log_adj,REACTOME_G2_M_CHECKPOINTS,ppgs,-0.004402610675350971,0.005690212443679102,-0.7737163979249234,0.4391049727383096
bmi,alt_log_adj,REACTOME_G2_M_CHECKPOINTS,bmi,0.2884969672332149,0.0057629931058226945,50.060265895811895,0
bmi,alt_log_adj,REACTOME_G2_M_CHECKPOINTS,ppgs:bmi,-0.0028957099564092077,0.005610612751950095,-0.5161129602827674,0.6057795420880732
bmi,alt_log_adj,REACTOME_G2_M_DNA_DAMAGE_CHECKPOINT,ppgs,0.005622867128062296,0.005709434976235597,0.9848377556564489,0.32471217702663313
bmi,alt_log_adj,REACTOME_G2_M_DNA_DAMAGE_CHECKPOINT,bmi,0.2883887955817855,0.005764457967924453,50.02877932088081,0
bmi,alt_log_adj,REACTOME_G2_M_DNA_DAMAGE_CHECKPOINT,ppgs:bmi,-5.412955435171368e-4,0.005558252893673623,-0.09738591493978924,0.9224206182895032
bmi,alt_log_adj,REACTOME_G2_M_DNA_REPLICATION_CHECKPOINT,ppgs,0.005777591313718123,0.005723379340931663,1.009472021607716,0.31275692920605797
bmi,alt_log_adj,REACTOME_G2_M_DNA_REPLICATION_CHECKPOINT,bmi,0.28845669418259595,0.00576240223021067,50.05841013150694,0
bmi,alt_log_adj,REACTOME_G2_M_DNA_REPLICATION_CHECKPOINT,ppgs:bmi,-0.004640264907398567,0.005630556419006401,-0.824121909467948,0.40987722594379195
bmi,alt_log_adj,REACTOME_G2_PHASE,ppgs,0.00559206524806275,0.005685645221830052,0.9835410107180094,0.3253496355126797
bmi,alt_log_adj,REACTOME_G2_PHASE,bmi,0.2886176605770166,0.005762094973541812,50.08901482920382,0
bmi,alt_log_adj,REACTOME_G2_PHASE,ppgs:bmi,0.010916162155580158,0.005754017773636883,1.897137371663086,0.05781996299010839
bmi,alt_log_adj,REACTOME_GAB1_SIGNALOSOME,ppgs,0.0037062369152727837,0.005708827464070143,0.6492115830437797,0.5162068855124796
bmi,alt_log_adj,REACTOME_GAB1_SIGNALOSOME,bmi,0.28843290678839595,0.005761633698431546,50.06095872893035,0
bmi,alt_log_adj,REACTOME_GAB1_SIGNALOSOME,ppgs:bmi,-0.003870155966305317,0.005581941214423208,-0.6933351351506891,0.48810493894452134
bmi,alt_log_adj,REACTOME_GABA_B_RECEPTOR_ACTIVATION,ppgs,-0.0025646831372657863,0.0057101095587281875,-0.44914779845958297,0.6533284751848789
bmi,alt_log_adj,REACTOME_GABA_B_RECEPTOR_ACTIVATION,bmi,0.2884664309429761,0.005761848841664027,50.064907787422406,0
bmi,alt_log_adj,REACTOME_GABA_B_RECEPTOR_ACTIVATION,ppgs:bmi,-0.006234595498264877,0.0057214429922322445,-1.0896893505238656,0.2758592716282899
bmi,alt_log_adj,REACTOME_GABA_RECEPTOR_ACTIVATION,ppgs,-0.0018071739495336455,0.005706081310448575,-0.3167101643337041,0.7514658676345015
bmi,alt_log_adj,REACTOME_GABA_RECEPTOR_ACTIVATION,bmi,0.2884244574041038,0.005762286105402313,50.053824494014165,0
bmi,alt_log_adj,REACTOME_GABA_RECEPTOR_ACTIVATION,ppgs:bmi,4.746436668872879e-5,0.0058443344595997026,0.008121432306250963,0.9935201629326444
bmi,alt_log_adj,REACTOME_GABA_SYNTHESIS_RELEASE_REUPTAKE_AND_DEGRADATION,ppgs,-2.4456469863144096e-4,0.005736390994329141,-0.042633896272623636,0.9659936749928613
bmi,alt_log_adj,REACTOME_GABA_SYNTHESIS_RELEASE_REUPTAKE_AND_DEGRADATION,bmi,0.28841694614369096,0.005761871074979715,50.05612628094188,0
bmi,alt_log_adj,REACTOME_GABA_SYNTHESIS_RELEASE_REUPTAKE_AND_DEGRADATION,ppgs:bmi,-2.8383178580429844e-4,0.005681232081996297,-0.04995954780720106,0.9601549761933823
bmi,alt_log_adj,REACTOME_GALACTOSE_CATABOLISM,ppgs,-0.008479303493928092,0.005696489005784706,-1.4885139750673575,0.13662652318046964
bmi,alt_log_adj,REACTOME_GALACTOSE_CATABOLISM,bmi,0.28835952575220725,0.005761397004615979,50.050278694763826,0
bmi,alt_log_adj,REACTOME_GALACTOSE_CATABOLISM,ppgs:bmi,0.007555136064386601,0.005650758105106669,1.3370128262186483,0.18122917886170364
bmi,alt_log_adj,REACTOME_GAMMA_CARBOXYLATION_HYPUSINYLATION_HYDROXYLATION_AND_ARYLSULFATASE_ACTIVATION,ppgs,-0.006637860342823839,0.00571844920256455,-1.1607798037004442,0.24574123300188155
bmi,alt_log_adj,REACTOME_GAMMA_CARBOXYLATION_HYPUSINYLATION_HYDROXYLATION_AND_ARYLSULFATASE_ACTIVATION,bmi,0.288382445735901,0.005761385500934371,50.05435683641229,0
bmi,alt_log_adj,REACTOME_GAMMA_CARBOXYLATION_HYPUSINYLATION_HYDROXYLATION_AND_ARYLSULFATASE_ACTIVATION,ppgs:bmi,-0.007520045708378961,0.0057928207839074135,-1.298166469998488,0.1942406986847658
bmi,alt_log_adj,REACTOME_GAMMA_CARBOXYLATION_TRANSPORT_AND_AMINO_TERMINAL_CLEAVAGE_OF_PROTEINS,ppgs,-0.0010737693185545244,0.0057208806214951065,-0.18769301259670462,0.8511186514182651
bmi,alt_log_adj,REACTOME_GAMMA_CARBOXYLATION_TRANSPORT_AND_AMINO_TERMINAL_CLEAVAGE_OF_PROTEINS,bmi,0.28841393868168735,0.0057616431700664205,50.057584298189454,0
bmi,alt_log_adj,REACTOME_GAMMA_CARBOXYLATION_TRANSPORT_AND_AMINO_TERMINAL_CLEAVAGE_OF_PROTEINS,ppgs:bmi,-0.0011762248119700665,0.005626174710485281,-0.2090629730672925,0.8344005813615357
bmi,alt_log_adj,REACTOME_GAP_FILLING_DNA_REPAIR_SYNTHESIS_AND_LIGATION_IN_GG_NER,ppgs,-0.0015350718868748126,0.005688590124822075,-0.2698510269137778,0.7872768289127676
bmi,alt_log_adj,REACTOME_GAP_FILLING_DNA_REPAIR_SYNTHESIS_AND_LIGATION_IN_GG_NER,bmi,0.2884268626734223,0.005762138679404653,50.05552256219261,0
bmi,alt_log_adj,REACTOME_GAP_FILLING_DNA_REPAIR_SYNTHESIS_AND_LIGATION_IN_GG_NER,ppgs:bmi,-3.1381263678177646e-4,0.005531267547054199,-0.05673430802473195,0.9547572440182692
bmi,alt_log_adj,REACTOME_GAP_JUNCTION_ASSEMBLY,ppgs,0.013652765845319846,0.005713216150282112,2.389681308424798,0.016869491317892428
bmi,alt_log_adj,REACTOME_GAP_JUNCTION_ASSEMBLY,bmi,0.28856600101970614,0.005760932162642794,50.09015778573726,0
bmi,alt_log_adj,REACTOME_GAP_JUNCTION_ASSEMBLY,ppgs:bmi,0.01272590288187643,0.005723028260019871,2.2236309701242405,0.02618113297833809
bmi,alt_log_adj,REACTOME_GAP_JUNCTION_DEGRADATION,ppgs,0.0160091049517264,0.0057022933816282696,2.807485318679807,0.004996405200458411
bmi,alt_log_adj,REACTOME_GAP_JUNCTION_DEGRADATION,bmi,0.2885164953939676,0.005761067391082625,50.08038889469566,0
bmi,alt_log_adj,REACTOME_GAP_JUNCTION_DEGRADATION,ppgs:bmi,-0.0124344822984751,0.005601471884610177,-2.219859807319278,0.026436165823616724
bmi,alt_log_adj,REACTOME_GAP_JUNCTION_TRAFFICKING_AND_REGULATION,ppgs,0.016684147380562547,0.005701753698501634,2.9261431241666895,0.003434652923360312
bmi,alt_log_adj,REACTOME_GAP_JUNCTION_TRAFFICKING_AND_REGULATION,bmi,0.2884821520473769,0.005760998404390587,50.075027243110874,0
bmi,alt_log_adj,REACTOME_GAP_JUNCTION_TRAFFICKING_AND_REGULATION,ppgs:bmi,-0.011302642423138479,0.005613217387563562,-2.013576464752674,0.04406345115176937
bmi,alt_log_adj,REACTOME_GASTRIN_CREB_SIGNALLING_PATHWAY_VIA_PKC_AND_MAPK,ppgs,-0.0026308527849885337,0.0056955561609358,-0.4619132373819443,0.6441470854925502
bmi,alt_log_adj,REACTOME_GASTRIN_CREB_SIGNALLING_PATHWAY_VIA_PKC_AND_MAPK,bmi,0.2883498018476155,0.005762534322707009,50.03871312512378,0
bmi,alt_log_adj,REACTOME_GASTRIN_CREB_SIGNALLING_PATHWAY_VIA_PKC_AND_MAPK,ppgs:bmi,-0.0026990000071132696,0.0058371360893833485,-0.4623842867090665,0.6438093143631438
bmi,alt_log_adj,REACTOME_GASTRULATION,ppgs,7.350518993933313e-4,0.005688777005348207,0.12921088288436772,0.8971917017884582
bmi,alt_log_adj,REACTOME_GASTRULATION,bmi,0.28843135634097805,0.005761658494283017,50.06047418936283,0
bmi,alt_log_adj,REACTOME_GASTRULATION,ppgs:bmi,0.00293956870968586,0.005738982833869183,0.5122107514135955,0.6085075097280037
bmi,alt_log_adj,REACTOME_GDP_FUCOSE_BIOSYNTHESIS,ppgs,-7.502666734937035e-4,0.0057222902702208705,-0.13111300511931992,0.8956868437808344
bmi,alt_log_adj,REACTOME_GDP_FUCOSE_BIOSYNTHESIS,bmi,0.2884346386984731,0.005762692817180171,50.05205862067993,0
bmi,alt_log_adj,REACTOME_GDP_FUCOSE_BIOSYNTHESIS,ppgs:bmi,0.0015462252896020644,0.006010015679296135,0.2572747513668968,0.7969685493802903
bmi,alt_log_adj,REACTOME_GENERATION_OF_SECOND_MESSENGER_MOLECULES,ppgs,0.004735664516286962,0.005700879474615489,0.8306901658548694,0.40615567928079044
bmi,alt_log_adj,REACTOME_GENERATION_OF_SECOND_MESSENGER_MOLECULES,bmi,0.2883879844058731,0.005761746106014116,50.052185413871925,0
bmi,alt_log_adj,REACTOME_GENERATION_OF_SECOND_MESSENGER_MOLECULES,ppgs:bmi,3.175210914822177e-4,0.005746008933568474,0.05525941486572419,0.955932184404476
bmi,alt_log_adj,REACTOME_GENE_AND_PROTEIN_EXPRESSION_BY_JAK_STAT_SIGNALING_AFTER_INTERLEUKIN_12_STIMULATION,ppgs,9.619626036426498e-4,0.005728095021081108,0.16793761278441416,0.8666335576054065
bmi,alt_log_adj,REACTOME_GENE_AND_PROTEIN_EXPRESSION_BY_JAK_STAT_SIGNALING_AFTER_INTERLEUKIN_12_STIMULATION,bmi,0.28839782457473717,0.005761731879563663,50.05401684824279,0
bmi,alt_log_adj,REACTOME_GENE_AND_PROTEIN_EXPRESSION_BY_JAK_STAT_SIGNALING_AFTER_INTERLEUKIN_12_STIMULATION,ppgs:bmi,0.002204209076767202,0.0056876233392445415,0.38754483996121586,0.6983558054274979
bmi,alt_log_adj,REACTOME_GENE_SILENCING_BY_RNA,ppgs,2.379991882055262e-4,0.005707188718396596,0.04170165031311437,0.9667368320354911
bmi,alt_log_adj,REACTOME_GENE_SILENCING_BY_RNA,bmi,0.288425934027823,0.005761848084390379,50.05788590803142,0
bmi,alt_log_adj,REACTOME_GENE_SILENCING_BY_RNA,ppgs:bmi,-0.0011645651190641648,0.005640007130280814,-0.20648291609627478,0.8364151911035828
bmi,alt_log_adj,REACTOME_GERM_LAYER_FORMATION_AT_GASTRULATION,ppgs,0.007230279103305619,0.005698975687492639,1.268698008165517,0.20455921071072855
bmi,alt_log_adj,REACTOME_GERM_LAYER_FORMATION_AT_GASTRULATION,bmi,0.2884318749897394,0.005762938754118041,50.04944305258037,0
bmi,alt_log_adj,REACTOME_GERM_LAYER_FORMATION_AT_GASTRULATION,ppgs:bmi,-0.003527646279776371,0.005703260102020936,-0.6185315445329871,0.5362299805080069
bmi,alt_log_adj,REACTOME_GLI_PROTEINS_BIND_PROMOTERS_OF_HH_RESPONSIVE_GENES_TO_PROMOTE_TRANSCRIPTION,ppgs,-0.0011801385735497154,0.005726708934978777,-0.20607622754168994,0.8367328477676376
bmi,alt_log_adj,REACTOME_GLI_PROTEINS_BIND_PROMOTERS_OF_HH_RESPONSIVE_GENES_TO_PROMOTE_TRANSCRIPTION,bmi,0.28857623714689606,0.005761833898417296,50.08409513959858,0
bmi,alt_log_adj,REACTOME_GLI_PROTEINS_BIND_PROMOTERS_OF_HH_RESPONSIVE_GENES_TO_PROMOTE_TRANSCRIPTION,ppgs:bmi,-0.0104750914864259,0.005487975030404249,-1.9087352672693,0.056306339204751366
bmi,alt_log_adj,REACTOME_GLOBAL_GENOME_NUCLEOTIDE_EXCISION_REPAIR_GG_NER,ppgs,0.007250190240887047,0.005670965809925844,1.2784753927094923,0.201092322657686
bmi,alt_log_adj,REACTOME_GLOBAL_GENOME_NUCLEOTIDE_EXCISION_REPAIR_GG_NER,bmi,0.2883368487346843,0.005761994135390229,50.04115623161022,0
bmi,alt_log_adj,REACTOME_GLOBAL_GENOME_NUCLEOTIDE_EXCISION_REPAIR_GG_NER,ppgs:bmi,0.00500708722618834,0.005573509122542796,0.8983724824162416,0.3689946319368802
bmi,alt_log_adj,REACTOME_GLUCAGON_LIKE_PEPTIDE_1_GLP1_REGULATES_INSULIN_SECRETION,ppgs,0.007989710894521503,0.005776511725776148,1.3831376570862899,0.16663355418422005
bmi,alt_log_adj,REACTOME_GLUCAGON_LIKE_PEPTIDE_1_GLP1_REGULATES_INSULIN_SECRETION,bmi,0.2883819487386888,0.005761431819655527,50.05386816430833,0
bmi,alt_log_adj,REACTOME_GLUCAGON_LIKE_PEPTIDE_1_GLP1_REGULATES_INSULIN_SECRETION,ppgs:bmi,-0.002458270707792546,0.005775644536834688,-0.42562707800223953,0.670382837144839
bmi,alt_log_adj,REACTOME_GLUCAGON_SIGNALING_IN_METABOLIC_REGULATION,ppgs,-0.002591136516912582,0.005866482915311431,-0.44168483132368036,0.6587206567372004
bmi,alt_log_adj,REACTOME_GLUCAGON_SIGNALING_IN_METABOLIC_REGULATION,bmi,0.2884276773622365,0.005761646072918386,50.059943584167826,0
bmi,alt_log_adj,REACTOME_GLUCAGON_SIGNALING_IN_METABOLIC_REGULATION,ppgs:bmi,0.001191593244478412,0.005847968339246014,0.2037619178752335,0.8385410162036526
bmi,alt_log_adj,REACTOME_GLUCAGON_TYPE_LIGAND_RECEPTORS,ppgs,0.006751076123413942,0.005686972128087859,1.1871125743821551,0.2351931665642799
bmi,alt_log_adj,REACTOME_GLUCAGON_TYPE_LIGAND_RECEPTORS,bmi,0.2884262884949472,0.005761277087148315,50.06290864543557,0
bmi,alt_log_adj,REACTOME_GLUCAGON_TYPE_LIGAND_RECEPTORS,ppgs:bmi,-0.009499143041629438,0.005662781497266295,-1.6774694637635486,0.09346174013407021
bmi,alt_log_adj,REACTOME_GLUCOCORTICOID_BIOSYNTHESIS,ppgs,5.944807937525456e-4,0.005705974545513883,0.10418567223016,0.9170227410419833
bmi,alt_log_adj,REACTOME_GLUCOCORTICOID_BIOSYNTHESIS,bmi,0.28843347508033895,0.005762771997851382,50.05116898393339,0
bmi,alt_log_adj,REACTOME_GLUCOCORTICOID_BIOSYNTHESIS,ppgs:bmi,8.26071568070021e-4,0.005870639137944799,0.1407123736716703,0.8880981693615118
bmi,alt_log_adj,REACTOME_GLUCONEOGENESIS,ppgs,0.0011528232997807144,0.00573215354419167,0.2011152162783319,0.840609927112973
bmi,alt_log_adj,REACTOME_GLUCONEOGENESIS,bmi,0.28841875535012923,0.005761607628189437,50.05872908439683,0
bmi,alt_log_adj,REACTOME_GLUCONEOGENESIS,ppgs:bmi,0.0014083426520419213,0.005690717497945842,0.24748068280498647,0.8045380318261532
bmi,alt_log_adj,REACTOME_GLUCOSE_METABOLISM,ppgs,1.7072196227447653e-4,0.00570673398057336,0.029915878829404267,0.9761343526396042
bmi,alt_log_adj,REACTOME_GLUCOSE_METABOLISM,bmi,0.2882911319004762,0.005763133407960544,50.02333131873423,0
bmi,alt_log_adj,REACTOME_GLUCOSE_METABOLISM,ppgs:bmi,0.005206850851704582,0.005467680692823494,0.9522960729105377,0.34095496827533767
bmi,alt_log_adj,REACTOME_GLUCURONIDATION,ppgs,0.0014604108955486703,0.005701079381236147,0.2561639293000011,0.7978261185733497
bmi,alt_log_adj,REACTOME_GLUCURONIDATION,bmi,0.288357949045782,0.005761438260360488,50.049646635932135,0
bmi,alt_log_adj,REACTOME_GLUCURONIDATION,ppgs:bmi,0.009233701729912249,0.005633777045274946,1.6389895545576416,0.10122653201501215
bmi,alt_log_adj,REACTOME_GLUTAMATE_AND_GLUTAMINE_METABOLISM,ppgs,0.002853816738844985,0.005682980419087335,0.5021690254747169,0.6155525296162696
bmi,alt_log_adj,REACTOME_GLUTAMATE_AND_GLUTAMINE_METABOLISM,bmi,0.2884081021376992,0.005761857284727774,50.054711160956046,0
bmi,alt_log_adj,REACTOME_GLUTAMATE_AND_GLUTAMINE_METABOLISM,ppgs:bmi,-0.003919386756918586,0.005798674551494854,-0.6759108003238772,0.4991027939760605
bmi,alt_log_adj,REACTOME_GLUTAMATE_NEUROTRANSMITTER_RELEASE_CYCLE,ppgs,-0.00740251641545104,0.005821205368535084,-1.271646668826236,0.20350911982492342
bmi,alt_log_adj,REACTOME_GLUTAMATE_NEUROTRANSMITTER_RELEASE_CYCLE,bmi,0.28833948029617873,0.0057622654916873245,50.03925638486093,0
bmi,alt_log_adj,REACTOME_GLUTAMATE_NEUROTRANSMITTER_RELEASE_CYCLE,ppgs:bmi,0.0016867777283181569,0.005921716227705645,0.28484609249364434,0.7757641384050937
bmi,alt_log_adj,REACTOME_GLUTATHIONE_CONJUGATION,ppgs,-0.0035035578913083483,0.005704737521622089,-0.6141488329706963,0.5391219099356714
bmi,alt_log_adj,REACTOME_GLUTATHIONE_CONJUGATION,bmi,0.2883992238338986,0.005761612238395131,50.05529909007392,0
bmi,alt_log_adj,REACTOME_GLUTATHIONE_CONJUGATION,ppgs:bmi,-9.651590452892306e-4,0.005669074502716261,-0.17024984321987438,0.864814869562473
bmi,alt_log_adj,REACTOME_GLUTATHIONE_SYNTHESIS_AND_RECYCLING,ppgs,-2.935198759048225e-4,0.005713741109118979,-0.05137087423096096,0.9590303550619885
bmi,alt_log_adj,REACTOME_GLUTATHIONE_SYNTHESIS_AND_RECYCLING,bmi,0.2886766204056272,0.005761502040005753,50.10440305343343,0
bmi,alt_log_adj,REACTOME_GLUTATHIONE_SYNTHESIS_AND_RECYCLING,ppgs:bmi,-0.01643395911575139,0.005596946067596741,-2.936236818663491,0.003324874908051363
bmi,alt_log_adj,REACTOME_GLYCEROPHOSPHOLIPID_BIOSYNTHESIS,ppgs,0.06610707819833544,0.005687757428642874,11.622696471798887,3.718691928087543e-31
bmi,alt_log_adj,REACTOME_GLYCEROPHOSPHOLIPID_BIOSYNTHESIS,bmi,0.28963596619289267,0.005744667862693818,50.418226626086465,0
bmi,alt_log_adj,REACTOME_GLYCEROPHOSPHOLIPID_BIOSYNTHESIS,ppgs:bmi,0.039475880002248456,0.005854761674271639,6.742525519992143,1.5864279707836482e-11
bmi,alt_log_adj,REACTOME_GLYCEROPHOSPHOLIPID_CATABOLISM,ppgs,9.840075421438461e-5,0.005679701570347295,0.017324986708477312,0.9861774740078004
bmi,alt_log_adj,REACTOME_GLYCEROPHOSPHOLIPID_CATABOLISM,bmi,0.2883681771400143,0.005761958944948289,50.046898961825605,0
bmi,alt_log_adj,REACTOME_GLYCEROPHOSPHOLIPID_CATABOLISM,ppgs:bmi,0.005047381724341687,0.005585912895829226,0.9035911977987272,0.36621988861403154
bmi,alt_log_adj,REACTOME_GLYCINE_DEGRADATION,ppgs,-0.0018355634863686794,0.005694166022882172,-0.3223586173975985,0.7471834079978521
bmi,alt_log_adj,REACTOME_GLYCINE_DEGRADATION,bmi,0.2884762783228804,0.005762043738374836,50.06492338849273,0
bmi,alt_log_adj,REACTOME_GLYCINE_DEGRADATION,ppgs:bmi,0.004366046333110944,0.005825519775090021,0.7494689747308387,0.45358081080627133
bmi,alt_log_adj,REACTOME_GLYCOGEN_BREAKDOWN_GLYCOGENOLYSIS,ppgs,0.00726480015574822,0.00576897196562818,1.2592885177865758,0.20793650767597074
bmi,alt_log_adj,REACTOME_GLYCOGEN_BREAKDOWN_GLYCOGENOLYSIS,bmi,0.2883671553143687,0.005761672910941539,50.049206154475264,0
bmi,alt_log_adj,REACTOME_GLYCOGEN_BREAKDOWN_GLYCOGENOLYSIS,ppgs:bmi,1.594448363921591e-4,0.005748808352499988,0.027735284708668578,0.9778734766267918
bmi,alt_log_adj,REACTOME_GLYCOGEN_METABOLISM,ppgs,0.007155958406973959,0.005721361956805415,1.250743872000989,0.21103826153844174
bmi,alt_log_adj,REACTOME_GLYCOGEN_METABOLISM,bmi,0.2883460857212019,0.005761441359172704,50.04756062684392,0
bmi,alt_log_adj,REACTOME_GLYCOGEN_METABOLISM,ppgs:bmi,-0.007481763240705355,0.0058026454818273,-1.2893710746480564,0.19727963238256457
bmi,alt_log_adj,REACTOME_GLYCOGEN_STORAGE_DISEASES,ppgs,0.005929322366695953,0.005708517953802311,1.0386798140393987,0.29896253132035083
bmi,alt_log_adj,REACTOME_GLYCOGEN_STORAGE_DISEASES,bmi,0.2883217416368158,0.0057620519496156975,50.038032311743656,0
bmi,alt_log_adj,REACTOME_GLYCOGEN_STORAGE_DISEASES,ppgs:bmi,-0.0060895917498912724,0.0058542985602259645,-1.0401915254653884,0.2982597993868569
bmi,alt_log_adj,REACTOME_GLYCOGEN_SYNTHESIS,ppgs,0.003994827117344235,0.00570117558152388,0.7007023481771892,0.483494541353246
bmi,alt_log_adj,REACTOME_GLYCOGEN_SYNTHESIS,bmi,0.2883444228423746,0.005762048286972351,50.04200042792148,0
bmi,alt_log_adj,REACTOME_GLYCOGEN_SYNTHESIS,ppgs:bmi,-0.004739897578709776,0.005844114510487945,-0.8110548775530454,0.41734096602753623
bmi,alt_log_adj,REACTOME_GLYCOSAMINOGLYCAN_METABOLISM,ppgs,0.0015503102929385513,0.005707143608582674,0.2716438203179469,0.7858978802924362
bmi,alt_log_adj,REACTOME_GLYCOSAMINOGLYCAN_METABOLISM,bmi,0.2884211133425814,0.00576270892790725,50.04957164257169,0
bmi,alt_log_adj,REACTOME_GLYCOSAMINOGLYCAN_METABOLISM,ppgs:bmi,2.2218668599781278e-4,0.0057894723589794195,0.038377709093507156,0.969386803695834
bmi,alt_log_adj,REACTOME_GLYCOSPHINGOLIPID_BIOSYNTHESIS,ppgs,-6.733013871771925e-4,0.005711371260297113,-0.11788786904078208,0.9061573405424959
bmi,alt_log_adj,REACTOME_GLYCOSPHINGOLIPID_BIOSYNTHESIS,bmi,0.2883182711337792,0.00576245266202519,50.03395047976862,0
bmi,alt_log_adj,REACTOME_GLYCOSPHINGOLIPID_BIOSYNTHESIS,ppgs:bmi,-0.005516825523428117,0.005970410805412892,-0.9240277936028212,0.35547971033620795
bmi,alt_log_adj,REACTOME_GLYCOSPHINGOLIPID_CATABOLISM,ppgs,-0.004794169494150964,0.005725112314205566,-0.8373930904823161,0.40237870784595164
bmi,alt_log_adj,REACTOME_GLYCOSPHINGOLIPID_CATABOLISM,bmi,0.2883635183544083,0.0057616281560786764,50.04896368575554,0
bmi,alt_log_adj,REACTOME_GLYCOSPHINGOLIPID_CATABOLISM,ppgs:bmi,-0.0050598421513033025,0.005844873938648914,-0.8656888419518116,0.3866681467511536
bmi,alt_log_adj,REACTOME_GLYCOSPHINGOLIPID_METABOLISM,ppgs,-0.005826428842659584,0.005725494376481677,-1.0176289521115436,0.30886300776774567
bmi,alt_log_adj,REACTOME_GLYCOSPHINGOLIPID_METABOLISM,bmi,0.2883537197140351,0.005761418547592134,50.049083803249566,0
bmi,alt_log_adj,REACTOME_GLYCOSPHINGOLIPID_METABOLISM,ppgs:bmi,-0.007986182643095936,0.005828512401325336,-1.370192270892307,0.17063774117914288
bmi,alt_log_adj,REACTOME_GLYCOSPHINGOLIPID_TRANSPORT,ppgs,0.0020352610279759363,0.005722138005867998,0.35568191922124137,0.7220814336432937
bmi,alt_log_adj,REACTOME_GLYCOSPHINGOLIPID_TRANSPORT,bmi,0.2884052852085078,0.005761525303240299,50.05710641352348,0
bmi,alt_log_adj,REACTOME_GLYCOSPHINGOLIPID_TRANSPORT,ppgs:bmi,-0.0048800369161831,0.0057906200115436565,-0.8427486014372726,0.39937616956591127
bmi,alt_log_adj,REACTOME_GLYOXYLATE_METABOLISM_AND_GLYCINE_DEGRADATION,ppgs,-8.621800236539786e-4,0.005696447816603719,-0.1513539755671841,0.879697570293853
bmi,alt_log_adj,REACTOME_GLYOXYLATE_METABOLISM_AND_GLYCINE_DEGRADATION,bmi,0.28850879620331626,0.005762110844296054,50.069983726347914,0
bmi,alt_log_adj,REACTOME_GLYOXYLATE_METABOLISM_AND_GLYCINE_DEGRADATION,ppgs:bmi,0.006362824539259122,0.00582553079989841,1.0922308640733789,0.27474092184490917
bmi,alt_log_adj,REACTOME_GOLGI_ASSOCIATED_VESICLE_BIOGENESIS,ppgs,0.0074417963396701215,0.005698804037401247,1.3058522965221504,0.19161338821564478
bmi,alt_log_adj,REACTOME_GOLGI_ASSOCIATED_VESICLE_BIOGENESIS,bmi,0.2885131807347853,0.005761545150901392,50.075660812906676,0
bmi,alt_log_adj,REACTOME_GOLGI_ASSOCIATED_VESICLE_BIOGENESIS,ppgs:bmi,0.007441924903979771,0.00575384573381328,1.2933827648951828,0.1958892471224312
bmi,alt_log_adj,REACTOME_GOLGI_CISTERNAE_PERICENTRIOLAR_STACK_REORGANIZATION,ppgs,0.0010433618028092252,0.005709118724036748,0.18275356552254268,0.8549926911275568
bmi,alt_log_adj,REACTOME_GOLGI_CISTERNAE_PERICENTRIOLAR_STACK_REORGANIZATION,bmi,0.288412769250291,0.005761832425945611,50.05573712133042,0
bmi,alt_log_adj,REACTOME_GOLGI_CISTERNAE_PERICENTRIOLAR_STACK_REORGANIZATION,ppgs:bmi,9.510906435319091e-4,0.005769034705875425,0.16486131424435335,0.8690543179292018
bmi,alt_log_adj,REACTOME_GOLGI_TO_ER_RETROGRADE_TRANSPORT,ppgs,0.017023419147567945,0.005720114311846352,2.976062753206253,0.0029222147328816918
bmi,alt_log_adj,REACTOME_GOLGI_TO_ER_RETROGRADE_TRANSPORT,bmi,0.28834214071273945,0.005760511440413433,50.054954962826194,0
bmi,alt_log_adj,REACTOME_GOLGI_TO_ER_RETROGRADE_TRANSPORT,ppgs:bmi,-0.008978413699425857,0.005727989668387707,-1.5674633194569059,0.11701759514900845
bmi,alt_log_adj,REACTOME_GP1B_IX_V_ACTIVATION_SIGNALLING,ppgs,-2.1332988037653218e-5,0.005701057500661604,-0.003741935252394409,0.9970144009323396
bmi,alt_log_adj,REACTOME_GP1B_IX_V_ACTIVATION_SIGNALLING,bmi,0.2884710803007701,0.005761698041968905,50.067025067872684,0
bmi,alt_log_adj,REACTOME_GP1B_IX_V_ACTIVATION_SIGNALLING,ppgs:bmi,-0.0062917520093793726,0.0054767840473129254,-1.1488041074882795,0.25064645834879856
bmi,alt_log_adj,REACTOME_GPCR_LIGAND_BINDING,ppgs,-0.017231368302731247,0.005699783609838396,-3.023161839510571,0.002503719486358258
bmi,alt_log_adj,REACTOME_GPCR_LIGAND_BINDING,bmi,0.2886473865152407,0.00576142803131032,50.099972601687384,0
bmi,alt_log_adj,REACTOME_GPCR_LIGAND_BINDING,ppgs:bmi,-0.004146766688345865,0.0056470099961589085,-0.734329617118881,0.4627539451637106
bmi,alt_log_adj,REACTOME_GPER1_SIGNALING,ppgs,-5.810301375482509e-4,0.0057538241397232116,-0.10098155999189112,0.9195658124864257
bmi,alt_log_adj,REACTOME_GPER1_SIGNALING,bmi,0.2884268949634067,0.005761823583515808,50.058265544362854,0
bmi,alt_log_adj,REACTOME_GPER1_SIGNALING,ppgs:bmi,-0.0031434350155813925,0.005764558483345686,-0.5453036905884555,0.5855489565121785
bmi,alt_log_adj,REACTOME_GPVI_MEDIATED_ACTIVATION_CASCADE,ppgs,0.003524586107745569,0.005682300359125519,0.620274516479095,0.5350820555872959
bmi,alt_log_adj,REACTOME_GPVI_MEDIATED_ACTIVATION_CASCADE,bmi,0.2884042265745381,0.005761636469880586,50.055956859165654,0
bmi,alt_log_adj,REACTOME_GPVI_MEDIATED_ACTIVATION_CASCADE,ppgs:bmi,-1.3541725264546665e-4,0.005634490873298746,-0.024033627117437468,0.9808259550480904
bmi,alt_log_adj,REACTOME_GRB2_EVENTS_IN_ERBB2_SIGNALING,ppgs,-0.008231853402787828,0.005698239657470084,-1.4446309558069066,0.1485726254932938
bmi,alt_log_adj,REACTOME_GRB2_EVENTS_IN_ERBB2_SIGNALING,bmi,0.28837707152091685,0.005761844498513596,50.049436703005526,0
bmi,alt_log_adj,REACTOME_GRB2_EVENTS_IN_ERBB2_SIGNALING,ppgs:bmi,9.798461280587456e-4,0.005647372884403236,0.1735047690519708,0.862255918400976
bmi,alt_log_adj,REACTOME_GRB2_SOS_PROVIDES_LINKAGE_TO_MAPK_SIGNALING_FOR_INTEGRINS,ppgs,0.008455028957348133,0.005683551843379137,1.4876311838692096,0.1368593075927987
bmi,alt_log_adj,REACTOME_GRB2_SOS_PROVIDES_LINKAGE_TO_MAPK_SIGNALING_FOR_INTEGRINS,bmi,0.28835060333712925,0.005761390416929063,50.04878726667267,0
bmi,alt_log_adj,REACTOME_GRB2_SOS_PROVIDES_LINKAGE_TO_MAPK_SIGNALING_FOR_INTEGRINS,ppgs:bmi,0.008176906754388284,0.005617112066816329,1.4557136580368775,0.14548286660456397
bmi,alt_log_adj,REACTOME_GRB7_EVENTS_IN_ERBB2_SIGNALING,ppgs,-0.001084026803629447,0.005706611503042492,-0.18995980417652328,0.8493419886971754
bmi,alt_log_adj,REACTOME_GRB7_EVENTS_IN_ERBB2_SIGNALING,bmi,0.28839378074916333,0.005761383856576791,50.05633853400572,0
bmi,alt_log_adj,REACTOME_GRB7_EVENTS_IN_ERBB2_SIGNALING,ppgs:bmi,0.008741760171475389,0.005799991402527354,1.5072022637251075,0.13176996339987543
bmi,alt_log_adj,REACTOME_GROWTH_HORMONE_RECEPTOR_SIGNALING,ppgs,0.005717833677846969,0.005706043514398183,1.0020662589444045,0.3163201458585805
bmi,alt_log_adj,REACTOME_GROWTH_HORMONE_RECEPTOR_SIGNALING,bmi,0.28841268693068073,0.00576153192826046,50.05833353383137,0
bmi,alt_log_adj,REACTOME_GROWTH_HORMONE_RECEPTOR_SIGNALING,ppgs:bmi,0.0014735770687330635,0.005632750369891383,0.26160880066862946,0.7936249589384821
bmi,alt_log_adj,REACTOME_G_ALPHA_12_13_SIGNALLING_EVENTS,ppgs,-0.008032110693515256,0.005703354727842906,-1.40831336586934,0.1590492663800818
bmi,alt_log_adj,REACTOME_G_ALPHA_12_13_SIGNALLING_EVENTS,bmi,0.28825976738241466,0.005761816249133712,50.029323206159944,0
bmi,alt_log_adj,REACTOME_G_ALPHA_12_13_SIGNALLING_EVENTS,ppgs:bmi,-0.008291728778144,0.0058496335869852615,-1.417478318059461,0.1563541198232599
bmi,alt_log_adj,REACTOME_G_ALPHA_I_SIGNALLING_EVENTS,ppgs,-0.01377713598643213,0.005709619491403914,-2.4129692017435174,0.015829459678676022
bmi,alt_log_adj,REACTOME_G_ALPHA_I_SIGNALLING_EVENTS,bmi,0.2885925146056686,0.005761796730983405,50.087243281908094,0
bmi,alt_log_adj,REACTOME_G_ALPHA_I_SIGNALLING_EVENTS,ppgs:bmi,-0.0011785310952084497,0.0056787738135231575,-0.20753267059201277,0.8355953713250798
bmi,alt_log_adj,REACTOME_G_ALPHA_Q_SIGNALLING_EVENTS,ppgs,0.0011207595074406139,0.005699269800203239,0.1966496668398901,0.844103110602185
bmi,alt_log_adj,REACTOME_G_ALPHA_Q_SIGNALLING_EVENTS,bmi,0.28839312304744646,0.005761472106115328,50.05545765661886,0
bmi,alt_log_adj,REACTOME_G_ALPHA_Q_SIGNALLING_EVENTS,ppgs:bmi,-0.008097114987911679,0.005742375306059628,-1.4100637029710017,0.15853184519173527
bmi,alt_log_adj,REACTOME_G_ALPHA_S_SIGNALLING_EVENTS,ppgs,0.0016068123085273892,0.005677682584578282,0.2830049557352522,0.7771751045327904
bmi,alt_log_adj,REACTOME_G_ALPHA_S_SIGNALLING_EVENTS,bmi,0.28841128970672253,0.00576197049731997,50.054280882012414,0
bmi,alt_log_adj,REACTOME_G_ALPHA_S_SIGNALLING_EVENTS,ppgs:bmi,-0.0030542359284630506,0.005683909216830729,-0.5373477675222356,0.5910316334349844
bmi,alt_log_adj,REACTOME_G_ALPHA_Z_SIGNALLING_EVENTS,ppgs,-0.0032185899149002966,0.005697893716267353,-0.564873631410726,0.5721641899403844
bmi,alt_log_adj,REACTOME_G_ALPHA_Z_SIGNALLING_EVENTS,bmi,0.2885035391075596,0.005762349265884543,50.06699972450789,0
bmi,alt_log_adj,REACTOME_G_ALPHA_Z_SIGNALLING_EVENTS,ppgs:bmi,-0.0048597418523966245,0.005686065411076585,-0.8546756853921759,0.3927379375369008
bmi,alt_log_adj,REACTOME_G_BETA_GAMMA_SIGNALLING_THROUGH_CDC42,ppgs,0.006416478159044983,0.005691512576607712,1.1273766108181682,0.25959282584250604
bmi,alt_log_adj,REACTOME_G_BETA_GAMMA_SIGNALLING_THROUGH_CDC42,bmi,0.288319234713315,0.005761350321457189,50.04369091036142,0
bmi,alt_log_adj,REACTOME_G_BETA_GAMMA_SIGNALLING_THROUGH_CDC42,ppgs:bmi,-0.010176208815025331,0.005722084875441486,-1.7784092750354716,0.07534737540021283
bmi,alt_log_adj,REACTOME_G_BETA_GAMMA_SIGNALLING_THROUGH_PI3KGAMMA,ppgs,0.005657411154730529,0.005689803825241636,0.9943068915017064,0.32008196854513465
bmi,alt_log_adj,REACTOME_G_BETA_GAMMA_SIGNALLING_THROUGH_PI3KGAMMA,bmi,0.2883260036502604,0.005761307279438383,50.04523967663926,0
bmi,alt_log_adj,REACTOME_G_BETA_GAMMA_SIGNALLING_THROUGH_PI3KGAMMA,ppgs:bmi,-0.011014518340318748,0.005704386942717094,-1.9308855536844685,0.053507166451249526
bmi,alt_log_adj,REACTOME_G_PROTEIN_ACTIVATION,ppgs,-4.7664507851109843e-4,0.005700673732853589,-0.0836120607576859,0.9333654678000305
bmi,alt_log_adj,REACTOME_G_PROTEIN_ACTIVATION,bmi,0.2884007899904308,0.00576179184673388,50.05401056858956,0
bmi,alt_log_adj,REACTOME_G_PROTEIN_ACTIVATION,ppgs:bmi,-0.0025996693812465796,0.005745399741828746,-0.45247841717956977,0.650927828629321
bmi,alt_log_adj,REACTOME_G_PROTEIN_BETA_GAMMA_SIGNALLING,ppgs,0.004082540078365376,0.005696077565259084,0.7167283155105144,0.47354765550136735
bmi,alt_log_adj,REACTOME_G_PROTEIN_BETA_GAMMA_SIGNALLING,bmi,0.28835225757260113,0.0057611300206467765,50.05133655015637,0
bmi,alt_log_adj,REACTOME_G_PROTEIN_BETA_GAMMA_SIGNALLING,ppgs:bmi,-0.013689725758593913,0.005708904505228912,-2.3979601946494618,0.01649308219210026
bmi,alt_log_adj,REACTOME_G_PROTEIN_MEDIATED_EVENTS,ppgs,-9.611051143696791e-4,0.005721091466100752,-0.16799331387455105,0.8665897374948313
bmi,alt_log_adj,REACTOME_G_PROTEIN_MEDIATED_EVENTS,bmi,0.28840984799127745,0.005761503493975886,50.0580878398899,0
bmi,alt_log_adj,REACTOME_G_PROTEIN_MEDIATED_EVENTS,ppgs:bmi,-0.007915643726358777,0.005722413137655651,-1.3832702281264588,0.16659291671835585
bmi,alt_log_adj,REACTOME_HATS_ACETYLATE_HISTONES,ppgs,0.002931197711906606,0.00569644796535167,0.5145658715282672,0.6068604304692199
bmi,alt_log_adj,REACTOME_HATS_ACETYLATE_HISTONES,bmi,0.28843570461645757,0.0057616669632909,50.06115529657607,0
bmi,alt_log_adj,REACTOME_HATS_ACETYLATE_HISTONES,ppgs:bmi,0.00201305557360978,0.005711927517133009,0.352430167849923,0.7245183008052161
bmi,alt_log_adj,REACTOME_HCMV_EARLY_EVENTS,ppgs,0.0013979210486030748,0.005696835084629357,0.24538555668827566,0.80615968762806
bmi,alt_log_adj,REACTOME_HCMV_EARLY_EVENTS,bmi,0.28833222228440464,0.005762763725350973,50.033670652850546,0
bmi,alt_log_adj,REACTOME_HCMV_EARLY_EVENTS,ppgs:bmi,0.0036675711151971818,0.005526053955161018,0.6636871708014866,0.5068959494261537
bmi,alt_log_adj,REACTOME_HCMV_INFECTION,ppgs,0.00206368576687433,0.005699566604118616,0.3620776648847425,0.7172966926488926
bmi,alt_log_adj,REACTOME_HCMV_INFECTION,bmi,0.28837142553707645,0.005764571508633003,50.02478069796035,0
bmi,alt_log_adj,REACTOME_HCMV_INFECTION,ppgs:bmi,8.619860573407251e-4,0.0054975088279944585,0.15679575682558486,0.8754069336562074
bmi,alt_log_adj,REACTOME_HCMV_LATE_EVENTS,ppgs,-0.0012599931715299272,0.00568922425265843,-0.22147011887273813,0.8247279958198173
bmi,alt_log_adj,REACTOME_HCMV_LATE_EVENTS,bmi,0.2883187435112429,0.005765766880216861,50.005272412331514,0
bmi,alt_log_adj,REACTOME_HCMV_LATE_EVENTS,ppgs:bmi,0.0025862538755520286,0.005410562494643769,0.47800092469356226,0.6326532327528229
bmi,alt_log_adj,REACTOME_HDACS_DEACETYLATE_HISTONES,ppgs,0.007979588343845635,0.0057328506360799815,1.3919058511006197,0.1639618298800624
bmi,alt_log_adj,REACTOME_HDACS_DEACETYLATE_HISTONES,bmi,0.28855198879708693,0.005762700881259917,50.072352312341415,0
bmi,alt_log_adj,REACTOME_HDACS_DEACETYLATE_HISTONES,ppgs:bmi,0.004517758318865541,0.005793653449386966,0.7797771058162912,0.43552859444365954
bmi,alt_log_adj,REACTOME_HDL_ASSEMBLY,ppgs,0.008388096255914754,0.005692087802484606,1.4736414031163285,0.1405892711671668
bmi,alt_log_adj,REACTOME_HDL_ASSEMBLY,bmi,0.28844140103695753,0.005761405657575923,50.06441451621678,0
bmi,alt_log_adj,REACTOME_HDL_ASSEMBLY,ppgs:bmi,-0.0019455198640691831,0.005755752696278036,-0.338013109098182,0.7353558119916757
bmi,alt_log_adj,REACTOME_HDL_CLEARANCE,ppgs,0.0012639008608350184,0.005676510561869937,0.22265454226842282,0.8238059873273739
bmi,alt_log_adj,REACTOME_HDL_CLEARANCE,bmi,0.28840101535990403,0.005761749811062569,50.0544148595577,0
bmi,alt_log_adj,REACTOME_HDL_CLEARANCE,ppgs:bmi,-0.0032733132348397296,0.005633692105728003,-0.5810245170323773,0.5612285491470004
bmi,alt_log_adj,REACTOME_HDL_REMODELING,ppgs,0.011192048400950505,0.005735659520181521,1.9513097598576252,0.05103004449739376
bmi,alt_log_adj,REACTOME_HDL_REMODELING,bmi,0.288177042755084,0.00576091999659273,50.022746874722266,0
bmi,alt_log_adj,REACTOME_HDL_REMODELING,ppgs:bmi,0.015658447954831102,0.005756593147516725,2.720089392036648,0.006530404218606266
bmi,alt_log_adj,REACTOME_HDMS_DEMETHYLATE_HISTONES,ppgs,0.007481724356925703,0.0056663796677866255,1.3203711709364119,0.18672178419060242
bmi,alt_log_adj,REACTOME_HDMS_DEMETHYLATE_HISTONES,bmi,0.28834996046657163,0.005761531506639195,50.04745008064207,0
bmi,alt_log_adj,REACTOME_HDMS_DEMETHYLATE_HISTONES,ppgs:bmi,0.004054572050080099,0.00561207184488228,0.7224732972329132,0.47000949674562076
bmi,alt_log_adj,REACTOME_HDR_THROUGH_HOMOLOGOUS_RECOMBINATION_HRR,ppgs,0.0012544090051603057,0.005776121026050655,0.21717152384841754,0.8280762386734424
bmi,alt_log_adj,REACTOME_HDR_THROUGH_HOMOLOGOUS_RECOMBINATION_HRR,bmi,0.2884132886050378,0.005761637233619591,50.057523046075225,0
bmi,alt_log_adj,REACTOME_HDR_THROUGH_HOMOLOGOUS_RECOMBINATION_HRR,ppgs:bmi,-0.0010076953258481595,0.005754486851877816,-0.1751147151408168,0.8609907465721018
bmi,alt_log_adj,REACTOME_HDR_THROUGH_MMEJ_ALT_NHEJ,ppgs,0.004793865973806279,0.005753271730717201,0.8332417097929559,0.4047154436355518
bmi,alt_log_adj,REACTOME_HDR_THROUGH_MMEJ_ALT_NHEJ,bmi,0.2883973825544734,0.005761564979278675,50.05539008788192,0
bmi,alt_log_adj,REACTOME_HDR_THROUGH_MMEJ_ALT_NHEJ,ppgs:bmi,4.1960165091606256e-4,0.005823771954542866,0.07204980795801078,0.9425627780865478
bmi,alt_log_adj,REACTOME_HDR_THROUGH_SINGLE_STRAND_ANNEALING_SSA,ppgs,0.005061884338351859,0.005700582679144124,0.8879591128238564,0.37457027915734153
bmi,alt_log_adj,REACTOME_HDR_THROUGH_SINGLE_STRAND_ANNEALING_SSA,bmi,0.2883924966518324,0.0057627028074368186,50.04465895406915,0
bmi,alt_log_adj,REACTOME_HDR_THROUGH_SINGLE_STRAND_ANNEALING_SSA,ppgs:bmi,-1.9334355887637168e-4,0.005542526838342679,-0.034883648652603565,0.9721727647703665
bmi,alt_log_adj,REACTOME_HEDGEHOG_LIGAND_BIOGENESIS,ppgs,-0.01269529455812608,0.0057225003250118865,-2.218487345931205,0.02652951270877344
bmi,alt_log_adj,REACTOME_HEDGEHOG_LIGAND_BIOGENESIS,bmi,0.28836974553736816,0.005761133983568796,50.054337628637214,0
bmi,alt_log_adj,REACTOME_HEDGEHOG_LIGAND_BIOGENESIS,ppgs:bmi,-7.114469550901153e-4,0.005686175259289687,-0.12511871735360278,0.9004304526385183
bmi,alt_log_adj,REACTOME_HEDGEHOG_OFF_STATE,ppgs,-0.005935396157278433,0.005903398376804722,-1.0054202305911515,0.3147031242034531
bmi,alt_log_adj,REACTOME_HEDGEHOG_OFF_STATE,bmi,0.28842453823027664,0.005761377550732146,50.06173188452545,0
bmi,alt_log_adj,REACTOME_HEDGEHOG_OFF_STATE,ppgs:bmi,-0.006550503131912909,0.005789746073750194,-1.1313973097390002,0.25789747423060744
bmi,alt_log_adj,REACTOME_HEDGEHOG_ON_STATE,ppgs,-0.005460600260452146,0.005711303527188237,-0.9561040197666547,0.3390278373630954
bmi,alt_log_adj,REACTOME_HEDGEHOG_ON_STATE,bmi,0.28851986339269503,0.005761327562640031,50.078711938483444,0
bmi,alt_log_adj,REACTOME_HEDGEHOG_ON_STATE,ppgs:bmi,-0.010668194141913478,0.005545668432290901,-1.9236985175304602,0.05440238571666209
bmi,alt_log_adj,REACTOME_HEME_BIOSYNTHESIS,ppgs,0.004080607159783785,0.005722338454324938,0.7131013295272085,0.47578892678778106
bmi,alt_log_adj,REACTOME_HEME_BIOSYNTHESIS,bmi,0.288493053633758,0.005762527830952426,50.06362868811969,0
bmi,alt_log_adj,REACTOME_HEME_BIOSYNTHESIS,ppgs:bmi,-0.005568723345419606,0.005645260429264232,-0.9864422403884384,0.323924564811812
bmi,alt_log_adj,REACTOME_HEME_DEGRADATION,ppgs,0.024706932359152577,0.005703605981527068,4.331809111494342,1.4839705734560604e-5
bmi,alt_log_adj,REACTOME_HEME_DEGRADATION,bmi,0.28855906970105377,0.005760540264298578,50.0923622545306,0
bmi,alt_log_adj,REACTOME_HEME_DEGRADATION,ppgs:bmi,-0.004256382974024792,0.005595729561580333,-0.7606484422064732,0.4468734040022334
bmi,alt_log_adj,REACTOME_HEME_SIGNALING,ppgs,0.010576889499851147,0.005730685058036164,1.8456588335838018,0.0649521788277309
bmi,alt_log_adj,REACTOME_HEME_SIGNALING,bmi,0.28837778260160435,0.005761382733546182,50.05357150159425,0
bmi,alt_log_adj,REACTOME_HEME_SIGNALING,ppgs:bmi,0.0049248866677750955,0.005729179991536213,0.8596145827240006,0.3900088029321839
bmi,alt_log_adj,REACTOME_HEMOSTASIS,ppgs,0.013017679027935582,0.005702557281135806,2.2827791789130063,0.022450748520613587
bmi,alt_log_adj,REACTOME_HEMOSTASIS,bmi,0.2884952803722063,0.0057606338636889,50.080475030826626,0
bmi,alt_log_adj,REACTOME_HEMOSTASIS,ppgs:bmi,0.01295589660911092,0.005678136879274849,2.281716148196397,0.022513482263701853
bmi,alt_log_adj,REACTOME_HEPARAN_SULFATE_HEPARIN_HS_GAG_METABOLISM,ppgs,-0.0011392474300500229,0.005721553092904403,-0.1991150674565728,0.8421741631191866
bmi,alt_log_adj,REACTOME_HEPARAN_SULFATE_HEPARIN_HS_GAG_METABOLISM,bmi,0.2884209064929967,0.005762519913734298,50.05117740340973,0
bmi,alt_log_adj,REACTOME_HEPARAN_SULFATE_HEPARIN_HS_GAG_METABOLISM,ppgs:bmi,4.960995910123074e-4,0.005817602097300492,0.0852756140270421,0.932042880298671
bmi,alt_log_adj,REACTOME_HH_MUTANTS_ABROGATE_LIGAND_SECRETION,ppgs,-0.002331339817882486,0.005689237092498441,-0.4097807456392493,0.681969888128518
bmi,alt_log_adj,REACTOME_HH_MUTANTS_ABROGATE_LIGAND_SECRETION,bmi,0.2884118880508798,0.0057616213256562925,50.05741817265776,0
bmi,alt_log_adj,REACTOME_HH_MUTANTS_ABROGATE_LIGAND_SECRETION,ppgs:bmi,0.0010434179448205827,0.005822426003445765,0.17920673344806418,0.8577766575390817
bmi,alt_log_adj,REACTOME_HIGHLY_CALCIUM_PERMEABLE_NICOTINIC_ACETYLCHOLINE_RECEPTORS,ppgs,-0.0035409611911338323,0.005719222152610055,-0.619133353565897,0.5358334877675515
bmi,alt_log_adj,REACTOME_HIGHLY_CALCIUM_PERMEABLE_NICOTINIC_ACETYLCHOLINE_RECEPTORS,bmi,0.28838387765612933,0.005762294962248189,50.04670527029301,0
bmi,alt_log_adj,REACTOME_HIGHLY_CALCIUM_PERMEABLE_NICOTINIC_ACETYLCHOLINE_RECEPTORS,ppgs:bmi,5.842314193335744e-4,0.005635302664297736,0.10367347667676348,0.9174292091383627
bmi,alt_log_adj,REACTOME_HIGHLY_CALCIUM_PERMEABLE_POSTSYNAPTIC_NICOTINIC_ACETYLCHOLINE_RECEPTORS,ppgs,-0.006708995526231754,0.0057235785652616986,-1.1721679801777998,0.24113947179300743
bmi,alt_log_adj,REACTOME_HIGHLY_CALCIUM_PERMEABLE_POSTSYNAPTIC_NICOTINIC_ACETYLCHOLINE_RECEPTORS,bmi,0.28839814266938174,0.005761631729141315,50.054942111401346,0
bmi,alt_log_adj,REACTOME_HIGHLY_CALCIUM_PERMEABLE_POSTSYNAPTIC_NICOTINIC_ACETYLCHOLINE_RECEPTORS,ppgs:bmi,-0.002274287227891639,0.005716326270743606,-0.3978581907634515,0.6907377162064932
bmi,alt_log_adj,REACTOME_HIGHLY_SODIUM_PERMEABLE_POSTSYNAPTIC_ACETYLCHOLINE_NICOTINIC_RECEPTORS,ppgs,-0.0031324133944791257,0.005726150607591055,-0.5470365013324207,0.5843579614139589
bmi,alt_log_adj,REACTOME_HIGHLY_SODIUM_PERMEABLE_POSTSYNAPTIC_ACETYLCHOLINE_NICOTINIC_RECEPTORS,bmi,0.28839116573817514,0.005762070485275759,50.04991981183191,0
bmi,alt_log_adj,REACTOME_HIGHLY_SODIUM_PERMEABLE_POSTSYNAPTIC_ACETYLCHOLINE_NICOTINIC_RECEPTORS,ppgs:bmi,0.001181173412844272,0.005596506313261663,0.21105549546961558,0.8328454844858688
bmi,alt_log_adj,REACTOME_HIGH_LAMINAR_FLOW_SHEAR_STRESS_ACTIVATES_SIGNALING_BY_PIEZO1_AND_PECAM1_CDH5_KDR_IN_ENDOTHELIAL_CELLS,ppgs,-0.002724241724977979,0.0057689627416357605,-0.47222383762623055,0.6367706616740667
bmi,alt_log_adj,REACTOME_HIGH_LAMINAR_FLOW_SHEAR_STRESS_ACTIVATES_SIGNALING_BY_PIEZO1_AND_PECAM1_CDH5_KDR_IN_ENDOTHELIAL_CELLS,bmi,0.28842402405740264,0.005761720157579292,50.058665844434216,0
bmi,alt_log_adj,REACTOME_HIGH_LAMINAR_FLOW_SHEAR_STRESS_ACTIVATES_SIGNALING_BY_PIEZO1_AND_PECAM1_CDH5_KDR_IN_ENDOTHELIAL_CELLS,ppgs:bmi,0.003685550616722004,0.005732990125847691,0.6428670791015973,0.5203155520587939
bmi,alt_log_adj,REACTOME_HISTIDINE_CATABOLISM,ppgs,0.007544979007701796,0.005707978629191068,1.3218302831612154,0.18623533820292218
bmi,alt_log_adj,REACTOME_HISTIDINE_CATABOLISM,bmi,0.2886880171641549,0.005762848372861195,50.094675147738485,0
bmi,alt_log_adj,REACTOME_HISTIDINE_CATABOLISM,ppgs:bmi,0.008769784243984002,0.005729298866262912,1.530690656691877,0.12585702242522168
bmi,alt_log_adj,REACTOME_HIV_ELONGATION_ARREST_AND_RECOVERY,ppgs,0.0025563157459046076,0.005724828754021567,0.446531390848827,0.6552168536433627
bmi,alt_log_adj,REACTOME_HIV_ELONGATION_ARREST_AND_RECOVERY,bmi,0.28837794294198676,0.005761598262988395,50.051726930438996,0
bmi,alt_log_adj,REACTOME_HIV_ELONGATION_ARREST_AND_RECOVERY,ppgs:bmi,0.005437140524949158,0.005814438883912726,0.9351100997883959,0.34973952749849757
bmi,alt_log_adj,REACTOME_HIV_INFECTION,ppgs,0.0063451447546291236,0.00569393619689082,1.1143687837763088,0.2651304571724276
bmi,alt_log_adj,REACTOME_HIV_INFECTION,bmi,0.2880682621292488,0.005765225208828026,49.966523716739296,0
bmi,alt_log_adj,REACTOME_HIV_INFECTION,ppgs:bmi,0.008659673022608007,0.005594159471317348,1.5479846556052457,0.1216371539330804
bmi,alt_log_adj,REACTOME_HIV_LIFE_CYCLE,ppgs,0.004164712673725462,0.005672624285994097,0.7341774219047575,0.46284668450415223
bmi,alt_log_adj,REACTOME_HIV_LIFE_CYCLE,bmi,0.2881825396453567,0.005766969365330534,49.97122776095057,0
bmi,alt_log_adj,REACTOME_HIV_LIFE_CYCLE,ppgs:bmi,0.004691769576179415,0.00548474468284739,0.8554216918888001,0.3923249688300643
bmi,alt_log_adj,REACTOME_HIV_TRANSCRIPTION_ELONGATION,ppgs,0.014730031816154414,0.005692168128897488,2.587771738746491,0.009664822851280062
bmi,alt_log_adj,REACTOME_HIV_TRANSCRIPTION_ELONGATION,bmi,0.28828332067071616,0.005763126757320679,50.022033665062274,0
bmi,alt_log_adj,REACTOME_HIV_TRANSCRIPTION_ELONGATION,ppgs:bmi,0.004218859521660172,0.005598462896426529,0.7535746149810244,0.45111095055819594
bmi,alt_log_adj,REACTOME_HIV_TRANSCRIPTION_INITIATION,ppgs,0.013007925480165026,0.005697103082256223,2.283252609677812,0.022422858403753174
bmi,alt_log_adj,REACTOME_HIV_TRANSCRIPTION_INITIATION,bmi,0.28829959310781955,0.005762792553931722,50.02775831504196,0
bmi,alt_log_adj,REACTOME_HIV_TRANSCRIPTION_INITIATION,ppgs:bmi,0.00512500969079214,0.005561724466551143,0.9214785309151045,0.3568084868971978
bmi,alt_log_adj,REACTOME_HOMOLOGOUS_DNA_PAIRING_AND_STRAND_EXCHANGE,ppgs,0.002714576762073846,0.005808798890922045,0.4673215260242819,0.6402734497628126
bmi,alt_log_adj,REACTOME_HOMOLOGOUS_DNA_PAIRING_AND_STRAND_EXCHANGE,bmi,0.28842995669826077,0.005761814606696408,50.05887491816313,0
bmi,alt_log_adj,REACTOME_HOMOLOGOUS_DNA_PAIRING_AND_STRAND_EXCHANGE,ppgs:bmi,8.627574667876487e-4,0.005827878743134636,0.1480397078961183,0.882312484015775
bmi,alt_log_adj,REACTOME_HOMOLOGY_DIRECTED_REPAIR,ppgs,0.0027658077154139433,0.005799122250508033,0.47693557678865006,0.633411673714449
bmi,alt_log_adj,REACTOME_HOMOLOGY_DIRECTED_REPAIR,bmi,0.2884171828069307,0.005761600041122154,50.05852206824778,0
bmi,alt_log_adj,REACTOME_HOMOLOGY_DIRECTED_REPAIR,ppgs:bmi,-1.5505075748981916e-4,0.005816930659888135,-0.026655080927645257,0.9787350282410328
bmi,alt_log_adj,REACTOME_HORMONE_LIGAND_BINDING_RECEPTORS,ppgs,0.003998776219377711,0.005697274808774558,0.7018752567840094,0.48276272309849677
bmi,alt_log_adj,REACTOME_HORMONE_LIGAND_BINDING_RECEPTORS,bmi,0.28834722718031536,0.005764086110114623,50.02479520115659,0
bmi,alt_log_adj,REACTOME_HORMONE_LIGAND_BINDING_RECEPTORS,ppgs:bmi,9.254363155980717e-4,0.005364104967494753,0.17252390122974917,0.8630269042366618
bmi,alt_log_adj,REACTOME_HOST_INTERACTIONS_OF_HIV_FACTORS,ppgs,-0.0027029549167397232,0.005691882879256139,-0.4748788712063181,0.6348769704583814
bmi,alt_log_adj,REACTOME_HOST_INTERACTIONS_OF_HIV_FACTORS,bmi,0.28817386225292974,0.005762831585726356,50.00560192782519,0
bmi,alt_log_adj,REACTOME_HOST_INTERACTIONS_OF_HIV_FACTORS,ppgs:bmi,0.010008600158779067,0.005588186317880885,1.7910283568666805,0.07329940943365014
bmi,alt_log_adj,REACTOME_HSF1_ACTIVATION,ppgs,-6.810298115291455e-4,0.005695021628234601,-0.11958335823568379,0.9048140507151581
bmi,alt_log_adj,REACTOME_HSF1_ACTIVATION,bmi,0.2884112741419621,0.005761728930057184,50.05637676521163,0
bmi,alt_log_adj,REACTOME_HSF1_ACTIVATION,ppgs:bmi,2.1561152767218624e-4,0.005656455886182989,0.038117777635084185,0.96959404551701
bmi,alt_log_adj,REACTOME_HSF1_DEPENDENT_TRANSACTIVATION,ppgs,-0.0027850544901131943,0.005696083483666482,-0.48894200692446615,0.6248865374982288
bmi,alt_log_adj,REACTOME_HSF1_DEPENDENT_TRANSACTIVATION,bmi,0.288332684490068,0.005762741251031876,50.033945986806046,0
bmi,alt_log_adj,REACTOME_HSF1_DEPENDENT_TRANSACTIVATION,ppgs:bmi,0.0041850602691838245,0.0055860188314428676,0.7492026782342271,0.4537412718107665
bmi,alt_log_adj,REACTOME_HSP90_CHAPERONE_CYCLE_FOR_STEROID_HORMONE_RECEPTORS_SHR_IN_THE_PRESENCE_OF_LIGAND,ppgs,0.006158475224203967,0.005690549855115227,1.0822284983002342,0.27916021389515516
bmi,alt_log_adj,REACTOME_HSP90_CHAPERONE_CYCLE_FOR_STEROID_HORMONE_RECEPTORS_SHR_IN_THE_PRESENCE_OF_LIGAND,bmi,0.2886141390246629,0.005763955162602751,50.07223874627389,0
bmi,alt_log_adj,REACTOME_HSP90_CHAPERONE_CYCLE_FOR_STEROID_HORMONE_RECEPTORS_SHR_IN_THE_PRESENCE_OF_LIGAND,ppgs:bmi,0.00477234016644583,0.006039662847769624,0.7901666511414952,0.4294370588439166
bmi,alt_log_adj,REACTOME_HS_GAG_BIOSYNTHESIS,ppgs,-0.005104112547177746,0.005689368350243592,-0.897131673142452,0.3696562781676067
bmi,alt_log_adj,REACTOME_HS_GAG_BIOSYNTHESIS,bmi,0.2883490912946272,0.005761689108206168,50.04593026096148,0
bmi,alt_log_adj,REACTOME_HS_GAG_BIOSYNTHESIS,ppgs:bmi,-0.005223263417314621,0.005713148074215698,-0.914253113950958,0.3605916368954384
bmi,alt_log_adj,REACTOME_HS_GAG_DEGRADATION,ppgs,-0.012735877474188037,0.005698538414513193,-2.234937548504009,0.025429207707965577
bmi,alt_log_adj,REACTOME_HS_GAG_DEGRADATION,bmi,0.2882756076150134,0.005761316164834974,50.036415181403385,0
bmi,alt_log_adj,REACTOME_HS_GAG_DEGRADATION,ppgs:bmi,-0.005207374887604366,0.005678590086511229,-0.9170189797593993,0.35914049578359564
bmi,alt_log_adj,REACTOME_HUR_ELAVL1_BINDS_AND_STABILIZES_MRNA,ppgs,-0.0025482837116348475,0.005682817603258324,-0.44841905715463276,0.6538542179953439
bmi,alt_log_adj,REACTOME_HUR_ELAVL1_BINDS_AND_STABILIZES_MRNA,bmi,0.2883656840129559,0.00576211426530879,50.045117249597354,0
bmi,alt_log_adj,REACTOME_HUR_ELAVL1_BINDS_AND_STABILIZES_MRNA,ppgs:bmi,0.0034336935975843577,0.00558138997547975,0.6152040285071128,0.538424926107482
bmi,alt_log_adj,REACTOME_HYALURONAN_BIOSYNTHESIS_AND_EXPORT,ppgs,-0.004312919315841687,0.0056889790565646916,-0.7581183324738864,0.44838644811006656
bmi,alt_log_adj,REACTOME_HYALURONAN_BIOSYNTHESIS_AND_EXPORT,bmi,0.28844048701944863,0.005761571555209666,50.06281433034327,0
bmi,alt_log_adj,REACTOME_HYALURONAN_BIOSYNTHESIS_AND_EXPORT,ppgs:bmi,-0.003519492277557977,0.0057061043813303606,-0.6167942333956075,0.537375409437379
bmi,alt_log_adj,REACTOME_HYALURONAN_METABOLISM,ppgs,-0.005393362945298311,0.005698166939133761,-0.9465084127770769,0.34389740111683564
bmi,alt_log_adj,REACTOME_HYALURONAN_METABOLISM,bmi,0.2883896339236289,0.005761568847187043,50.054011602140044,0
bmi,alt_log_adj,REACTOME_HYALURONAN_METABOLISM,ppgs:bmi,-0.003400047162700182,0.005787035006176816,-0.5875283558974721,0.5568535916960409
bmi,alt_log_adj,REACTOME_HYALURONAN_UPTAKE_AND_DEGRADATION,ppgs,-0.005154126214460555,0.005700638045756269,-0.9041314626697702,0.36593338012328425
bmi,alt_log_adj,REACTOME_HYALURONAN_UPTAKE_AND_DEGRADATION,bmi,0.2883878065612811,0.0057615751116622885,50.0536400154779,0
bmi,alt_log_adj,REACTOME_HYALURONAN_UPTAKE_AND_DEGRADATION,ppgs:bmi,-0.003314662634387304,0.005790163460653438,-0.5724644316022874,0.5670119157803777
bmi,alt_log_adj,REACTOME_HYDROLYSIS_OF_LPC,ppgs,-0.0066134685216943725,0.0057354792847802046,-1.1530803605627205,0.24888712431112606
bmi,alt_log_adj,REACTOME_HYDROLYSIS_OF_LPC,bmi,0.2884475944400259,0.005761426202654041,50.06531096539091,0
bmi,alt_log_adj,REACTOME_HYDROLYSIS_OF_LPC,ppgs:bmi,-0.008141099904861481,0.00568436669144295,-1.432191191521267,0.1521001378615702
bmi,alt_log_adj,REACTOME_IFNG_SIGNALING_ACTIVATES_MAPKS,ppgs,0.00596907440916356,0.005694967413152343,1.048131442399157,0.29458698757527924
bmi,alt_log_adj,REACTOME_IFNG_SIGNALING_ACTIVATES_MAPKS,bmi,0.28843043324333256,0.005761741795854103,50.05959021816536,0
bmi,alt_log_adj,REACTOME_IFNG_SIGNALING_ACTIVATES_MAPKS,ppgs:bmi,0.010311376819078665,0.005793737027938181,1.7797453991017915,0.07512834672986633
bmi,alt_log_adj,REACTOME_IKBA_VARIANT_LEADS_TO_EDA_ID,ppgs,-0.0041157298086558075,0.005714857651858496,-0.7201806343010756,0.4714197236721095
bmi,alt_log_adj,REACTOME_IKBA_VARIANT_LEADS_TO_EDA_ID,bmi,0.28839800096849305,0.005761519084080479,50.05589615512321,0
bmi,alt_log_adj,REACTOME_IKBA_VARIANT_LEADS_TO_EDA_ID,ppgs:bmi,-0.004586150921491836,0.0057209643317683535,-0.8016394886479311,0.42276824758765663
bmi,alt_log_adj,REACTOME_IKK_COMPLEX_RECRUITMENT_MEDIATED_BY_RIP1,ppgs,0.005158130195793835,0.0056990607386102855,0.9050842642978469,0.3654284397613159
bmi,alt_log_adj,REACTOME_IKK_COMPLEX_RECRUITMENT_MEDIATED_BY_RIP1,bmi,0.28845206259601264,0.00576260598158485,50.0558364597195,0
bmi,alt_log_adj,REACTOME_IKK_COMPLEX_RECRUITMENT_MEDIATED_BY_RIP1,ppgs:bmi,7.748491004326782e-4,0.005717838576002352,0.13551433642857696,0.8922061921624932
bmi,alt_log_adj,REACTOME_IL_6_TYPE_CYTOKINE_RECEPTOR_LIGAND_INTERACTIONS,ppgs,0.005403380559739255,0.0057154398691761,0.9454006486675137,0.3444624289893058
bmi,alt_log_adj,REACTOME_IL_6_TYPE_CYTOKINE_RECEPTOR_LIGAND_INTERACTIONS,bmi,0.2883969668472514,0.00576176296053758,50.0535979738298,0
bmi,alt_log_adj,REACTOME_IL_6_TYPE_CYTOKINE_RECEPTOR_LIGAND_INTERACTIONS,ppgs:bmi,0.0072347354463176885,0.005770645143252843,1.2537134526070608,0.2099565154485061
bmi,alt_log_adj,REACTOME_IMMUNOREGULATORY_INTERACTIONS_BETWEEN_A_LYMPHOID_AND_A_NON_LYMPHOID_CELL,ppgs,0.011694177499697114,0.0056617874202333695,2.0654568304535705,0.03888886387817353
bmi,alt_log_adj,REACTOME_IMMUNOREGULATORY_INTERACTIONS_BETWEEN_A_LYMPHOID_AND_A_NON_LYMPHOID_CELL,bmi,0.28839606136997614,0.0057613883472701815,50.056695363474645,0
bmi,alt_log_adj,REACTOME_IMMUNOREGULATORY_INTERACTIONS_BETWEEN_A_LYMPHOID_AND_A_NON_LYMPHOID_CELL,ppgs:bmi,0.005733051309207399,0.005563037329650188,1.0305613587475067,0.3027553568706779
bmi,alt_log_adj,REACTOME_INACTIVATION_OF_CDC42_AND_RAC1,ppgs,-9.425745896204516e-6,0.005720986867382692,-0.0016475734195342986,0.9986854387936391
bmi,alt_log_adj,REACTOME_INACTIVATION_OF_CDC42_AND_RAC1,bmi,0.288489754880929,0.005761969826229522,50.06790448080304,0
bmi,alt_log_adj,REACTOME_INACTIVATION_OF_CDC42_AND_RAC1,ppgs:bmi,0.006841125447526871,0.005879444565290851,1.163566621226991,0.24460947837826616
bmi,alt_log_adj,REACTOME_INACTIVATION_OF_CSF3_G_CSF_SIGNALING,ppgs,0.00651968040132342,0.005702778512734234,1.1432462941994073,0.2529460007244167
bmi,alt_log_adj,REACTOME_INACTIVATION_OF_CSF3_G_CSF_SIGNALING,bmi,0.2884250083121224,0.005761400579798459,50.06161337287398,0
bmi,alt_log_adj,REACTOME_INACTIVATION_OF_CSF3_G_CSF_SIGNALING,ppgs:bmi,-0.007334984995488537,0.005670585249209073,-1.293514632640716,0.19584366617869456
bmi,alt_log_adj,REACTOME_INCRETIN_SYNTHESIS_SECRETION_AND_INACTIVATION,ppgs,0.010068562147790843,0.0056922937465945424,1.7688057918329385,0.07693704131519213
bmi,alt_log_adj,REACTOME_INCRETIN_SYNTHESIS_SECRETION_AND_INACTIVATION,bmi,0.2882409912669109,0.005761862069883685,50.025666663126074,0
bmi,alt_log_adj,REACTOME_INCRETIN_SYNTHESIS_SECRETION_AND_INACTIVATION,ppgs:bmi,0.008061694316555507,0.005669336855855474,1.421981886334577,0.15504251136441502
bmi,alt_log_adj,REACTOME_INDUCTION_OF_CELL_CELL_FUSION,ppgs,-8.910165424552586e-4,0.0057238175531890605,-0.1556682291452185,0.8762956496833274
bmi,alt_log_adj,REACTOME_INDUCTION_OF_CELL_CELL_FUSION,bmi,0.2884181441325784,0.005761868559539194,50.05635605051786,0
bmi,alt_log_adj,REACTOME_INDUCTION_OF_CELL_CELL_FUSION,ppgs:bmi,8.661654345632083e-4,0.0056691989135307826,0.15278444940358596,0.8785693487219728
bmi,alt_log_adj,REACTOME_INFECTION_WITH_MYCOBACTERIUM_TUBERCULOSIS,ppgs,0.006271279009474189,0.00569893702515705,1.100429603238398,0.2711543302809887
bmi,alt_log_adj,REACTOME_INFECTION_WITH_MYCOBACTERIUM_TUBERCULOSIS,bmi,0.28856606542713625,0.005762512690711612,50.07643035515836,0
bmi,alt_log_adj,REACTOME_INFECTION_WITH_MYCOBACTERIUM_TUBERCULOSIS,ppgs:bmi,0.006621600510209914,0.005832781749911057,1.135238860996451,0.256284849345538
bmi,alt_log_adj,REACTOME_INFECTIOUS_DISEASE,ppgs,0.010890114414985315,0.005693060143128155,1.912875350198135,0.05577407631729245
bmi,alt_log_adj,REACTOME_INFECTIOUS_DISEASE,bmi,0.28844523985468234,0.0057612923515644125,50.06606543345407,0
bmi,alt_log_adj,REACTOME_INFECTIOUS_DISEASE,ppgs:bmi,-5.948912098823322e-4,0.005613590206641606,-0.10597339456280558,0.9156042111917065
bmi,alt_log_adj,REACTOME_INFLAMMASOMES,ppgs,0.018710572378271933,0.005784584691607813,3.234557600205412,0.0012197089004120179
bmi,alt_log_adj,REACTOME_INFLAMMASOMES,bmi,0.28861330375127153,0.005761312973444941,50.095057338760924,0
bmi,alt_log_adj,REACTOME_INFLAMMASOMES,ppgs:bmi,0.004794476163156104,0.0058370224168610915,0.821390740132599,0.4114306439836053
bmi,alt_log_adj,REACTOME_INFLUENZA_INFECTION,ppgs,0.007441969503425558,0.005687847876323172,1.3083981261883384,0.19074891584578574
bmi,alt_log_adj,REACTOME_INFLUENZA_INFECTION,bmi,0.28822393873163504,0.005763266153593961,50.010520258881186,0
bmi,alt_log_adj,REACTOME_INFLUENZA_INFECTION,ppgs:bmi,0.006798356495742523,0.0054393911969002244,1.2498377575079982,0.21136913828381035
bmi,alt_log_adj,REACTOME_INHIBITION_OF_DNA_RECOMBINATION_AT_TELOMERE,ppgs,-0.009610662181959264,0.00569770034382513,-1.6867616059126027,0.09166020368539347
bmi,alt_log_adj,REACTOME_INHIBITION_OF_DNA_RECOMBINATION_AT_TELOMERE,bmi,0.2884101065520303,0.005761612491138026,50.057185726328484,0
bmi,alt_log_adj,REACTOME_INHIBITION_OF_DNA_RECOMBINATION_AT_TELOMERE,ppgs:bmi,-0.004686812252033396,0.005693483418593442,-0.8231888823505626,0.41040751490587624
bmi,alt_log_adj,REACTOME_INHIBITION_OF_REPLICATION_INITIATION_OF_DAMAGED_DNA_BY_RB1_E2F1,ppgs,-5.230923603538953e-4,0.005676570044965498,-0.09214937122423453,0.9265800138664375
bmi,alt_log_adj,REACTOME_INHIBITION_OF_REPLICATION_INITIATION_OF_DAMAGED_DNA_BY_RB1_E2F1,bmi,0.28837225461526844,0.005761346954832611,50.0529228453048,0
bmi,alt_log_adj,REACTOME_INHIBITION_OF_REPLICATION_INITIATION_OF_DAMAGED_DNA_BY_RB1_E2F1,ppgs:bmi,-0.009987927294888033,0.005743139509239644,-1.7391058111716273,0.08202700780951278
bmi,alt_log_adj,REACTOME_INHIBITION_OF_THE_PROTEOLYTIC_ACTIVITY_OF_APC_C_REQUIRED_FOR_THE_ONSET_OF_ANAPHASE_BY_MITOTIC_SPINDLE_CHECKPOINT_COMPONENTS,ppgs,0.0071400213316233935,0.005675985883488521,1.2579350051580926,0.20842562418408442
bmi,alt_log_adj,REACTOME_INHIBITION_OF_THE_PROTEOLYTIC_ACTIVITY_OF_APC_C_REQUIRED_FOR_THE_ONSET_OF_ANAPHASE_BY_MITOTIC_SPINDLE_CHECKPOINT_COMPONENTS,bmi,0.2884611614997342,0.005761873477275279,50.06377919220539,0
bmi,alt_log_adj,REACTOME_INHIBITION_OF_THE_PROTEOLYTIC_ACTIVITY_OF_APC_C_REQUIRED_FOR_THE_ONSET_OF_ANAPHASE_BY_MITOTIC_SPINDLE_CHECKPOINT_COMPONENTS,ppgs:bmi,-0.005723398060414155,0.005558975428833887,-1.0295778662246686,0.30321699410556135
bmi,alt_log_adj,REACTOME_INITIAL_TRIGGERING_OF_COMPLEMENT,ppgs,0.0044101063709884895,0.0057660870777524334,0.764835201328161,0.4443760502838603
bmi,alt_log_adj,REACTOME_INITIAL_TRIGGERING_OF_COMPLEMENT,bmi,0.28838873798548403,0.005761556423440651,50.05396403169576,0
bmi,alt_log_adj,REACTOME_INITIAL_TRIGGERING_OF_COMPLEMENT,ppgs:bmi,-0.004951124403372743,0.005767409891217573,-0.8584658445920683,0.39064254110891994
bmi,alt_log_adj,REACTOME_INITIATION_OF_NUCLEAR_ENVELOPE_NE_REFORMATION,ppgs,0.008823942447582956,0.005723097712682116,1.5418123000118473,0.12313037423118738
bmi,alt_log_adj,REACTOME_INITIATION_OF_NUCLEAR_ENVELOPE_NE_REFORMATION,bmi,0.28831204279330225,0.005761448724108951,50.04158790598136,0
bmi,alt_log_adj,REACTOME_INITIATION_OF_NUCLEAR_ENVELOPE_NE_REFORMATION,ppgs:bmi,0.007035300528415308,0.005720398482692899,1.2298619667319772,0.21875900520217595
bmi,alt_log_adj,REACTOME_INLA_MEDIATED_ENTRY_OF_LISTERIA_MONOCYTOGENES_INTO_HOST_CELLS,ppgs,0.0018318835438892811,0.005715591199967493,0.3205063972909224,0.7485868440054299
bmi,alt_log_adj,REACTOME_INLA_MEDIATED_ENTRY_OF_LISTERIA_MONOCYTOGENES_INTO_HOST_CELLS,bmi,0.2884327999186278,0.005761647375810151,50.06082134244999,0
bmi,alt_log_adj,REACTOME_INLA_MEDIATED_ENTRY_OF_LISTERIA_MONOCYTOGENES_INTO_HOST_CELLS,ppgs:bmi,0.003362585127669431,0.005642409771876475,0.5959484092115395,0.5512144503097327
bmi,alt_log_adj,REACTOME_INLB_MEDIATED_ENTRY_OF_LISTERIA_MONOCYTOGENES_INTO_HOST_CELL,ppgs,0.008058054748905587,0.005713223314010029,1.4104218067488343,0.15842614252209153
bmi,alt_log_adj,REACTOME_INLB_MEDIATED_ENTRY_OF_LISTERIA_MONOCYTOGENES_INTO_HOST_CELL,bmi,0.28844316208719395,0.005761262528277046,50.065963956941104,0
bmi,alt_log_adj,REACTOME_INLB_MEDIATED_ENTRY_OF_LISTERIA_MONOCYTOGENES_INTO_HOST_CELL,ppgs:bmi,-0.006977368392635979,0.005729647695704777,-1.217765692272241,0.2233231611183324
bmi,alt_log_adj,REACTOME_INNATE_IMMUNE_SYSTEM,ppgs,0.025389674139837497,0.005691306156279278,4.461133076073373,8.184078315300517e-6
bmi,alt_log_adj,REACTOME_INNATE_IMMUNE_SYSTEM,bmi,0.2885323627418477,0.005759568946878563,50.096173064864466,0
bmi,alt_log_adj,REACTOME_INNATE_IMMUNE_SYSTEM,ppgs:bmi,-0.0065454687927965285,0.005752553674645156,-1.137837065588142,0.25519814102702154
bmi,alt_log_adj,REACTOME_INOSITOL_PHOSPHATE_METABOLISM,ppgs,0.011589584495591656,0.00575506991093784,2.0138042934222202,0.04403951493308682
bmi,alt_log_adj,REACTOME_INOSITOL_PHOSPHATE_METABOLISM,bmi,0.2884311056376916,0.005762166636727406,50.05601604772482,0
bmi,alt_log_adj,REACTOME_INOSITOL_PHOSPHATE_METABOLISM,ppgs:bmi,-0.0032986600803281696,0.005779639753685966,-0.5707380080608742,0.5681817743931667
bmi,alt_log_adj,REACTOME_INSERTION_OF_TAIL_ANCHORED_PROTEINS_INTO_THE_ENDOPLASMIC_RETICULUM_MEMBRANE,ppgs,0.005375757188881852,0.005726800755748255,0.9387016273415756,0.3478919554123816
bmi,alt_log_adj,REACTOME_INSERTION_OF_TAIL_ANCHORED_PROTEINS_INTO_THE_ENDOPLASMIC_RETICULUM_MEMBRANE,bmi,0.28855639784614096,0.005761092772909803,50.087094448992424,0
bmi,alt_log_adj,REACTOME_INSERTION_OF_TAIL_ANCHORED_PROTEINS_INTO_THE_ENDOPLASMIC_RETICULUM_MEMBRANE,ppgs:bmi,0.014824052246131215,0.0057665547476887374,2.5706947899996555,0.010154528295453208
bmi,alt_log_adj,REACTOME_INSULIN_PROCESSING,ppgs,-0.004685211379297051,0.005697207733362474,-0.8223697640268164,0.4108733993177959
bmi,alt_log_adj,REACTOME_INSULIN_PROCESSING,bmi,0.2883681130533286,0.0057618189082508054,50.04810419161064,0
bmi,alt_log_adj,REACTOME_INSULIN_PROCESSING,ppgs:bmi,-0.0010104120995993668,0.005806095319197252,-0.1740260956892223,0.8618461964061355
bmi,alt_log_adj,REACTOME_INSULIN_RECEPTOR_RECYCLING,ppgs,0.0049446094437530915,0.005744338142785868,0.8607796617897345,0.38936668866253465
bmi,alt_log_adj,REACTOME_INSULIN_RECEPTOR_RECYCLING,bmi,0.28823433272587917,0.005762075580168437,50.022657411490165,0
bmi,alt_log_adj,REACTOME_INSULIN_RECEPTOR_RECYCLING,ppgs:bmi,0.0091146740689704,0.005644751079586643,1.6147167413514814,0.106383179639726
bmi,alt_log_adj,REACTOME_INSULIN_RECEPTOR_SIGNALLING_CASCADE,ppgs,0.0025920083393824508,0.005707813129339153,0.4541158374753155,0.6497489315086266
bmi,alt_log_adj,REACTOME_INSULIN_RECEPTOR_SIGNALLING_CASCADE,bmi,0.28847575898951744,0.005762041559390833,50.06485219103753,0
bmi,alt_log_adj,REACTOME_INSULIN_RECEPTOR_SIGNALLING_CASCADE,ppgs:bmi,-0.006262331218320592,0.005654376246802617,-1.1075193699502672,0.2680788394987039
bmi,alt_log_adj,REACTOME_INTEGRATION_OF_ENERGY_METABOLISM,ppgs,0.004299976712873457,0.005698241831584465,0.7546146407896129,0.45048650504021215
bmi,alt_log_adj,REACTOME_INTEGRATION_OF_ENERGY_METABOLISM,bmi,0.28849247998823474,0.005761739004924948,50.07038321965655,0
bmi,alt_log_adj,REACTOME_INTEGRATION_OF_ENERGY_METABOLISM,ppgs:bmi,-0.006117251781100957,0.005674390220308659,-1.078045665454465,0.2810225507069826
bmi,alt_log_adj,REACTOME_INTEGRATION_OF_PROVIRUS,ppgs,0.0026619826414143438,0.0059273939699251215,0.44909831452421095,0.653364169411214
bmi,alt_log_adj,REACTOME_INTEGRATION_OF_PROVIRUS,bmi,0.288419295228496,0.005761373004620715,50.06086136016173,0
bmi,alt_log_adj,REACTOME_INTEGRATION_OF_PROVIRUS,ppgs:bmi,0.008727192062176837,0.005869261178856208,1.4869319657500022,0.13704390245413206
bmi,alt_log_adj,REACTOME_INTEGRIN_CELL_SURFACE_INTERACTIONS,ppgs,0.00630836835918362,0.00565931647041826,1.1146873287892647,0.2649938828536169
bmi,alt_log_adj,REACTOME_INTEGRIN_CELL_SURFACE_INTERACTIONS,bmi,0.28844359895750316,0.00576146832744924,50.06425143105925,0
bmi,alt_log_adj,REACTOME_INTEGRIN_CELL_SURFACE_INTERACTIONS,ppgs:bmi,0.003969746785875545,0.0055830674684079745,0.7110332820333135,0.4770694619208017
bmi,alt_log_adj,REACTOME_INTEGRIN_SIGNALING,ppgs,0.009451632647745883,0.0056771063333817835,1.6648679966005955,0.09595014527725768
bmi,alt_log_adj,REACTOME_INTEGRIN_SIGNALING,bmi,0.2883026562994091,0.005761530293001927,50.03925027515475,0
bmi,alt_log_adj,REACTOME_INTEGRIN_SIGNALING,ppgs:bmi,0.008491585088632594,0.005586444245350388,1.5200339814901334,0.128513588083367
bmi,alt_log_adj,REACTOME_INTERACTIONS_OF_REV_WITH_HOST_CELLULAR_PROTEINS,ppgs,-0.0025752607421557602,0.005686414486599979,-0.452879533882793,0.6506389548430358
bmi,alt_log_adj,REACTOME_INTERACTIONS_OF_REV_WITH_HOST_CELLULAR_PROTEINS,bmi,0.2882555958960233,0.005763808330416039,50.01130838700472,0
bmi,alt_log_adj,REACTOME_INTERACTIONS_OF_REV_WITH_HOST_CELLULAR_PROTEINS,ppgs:bmi,0.005443903771582681,0.005395449188787926,1.008980639257144,0.31299253137612565
bmi,alt_log_adj,REACTOME_INTERACTIONS_OF_VPR_WITH_HOST_CELLULAR_PROTEINS,ppgs,-0.0036388870604540592,0.005684201722220405,-0.6401755669981062,0.5220636393917071
bmi,alt_log_adj,REACTOME_INTERACTIONS_OF_VPR_WITH_HOST_CELLULAR_PROTEINS,bmi,0.28826636193755356,0.005763577007774169,50.01518354812074,0
bmi,alt_log_adj,REACTOME_INTERACTIONS_OF_VPR_WITH_HOST_CELLULAR_PROTEINS,ppgs:bmi,0.005580004785696211,0.005405762121791128,1.032232765700639,0.3019718951995937
bmi,alt_log_adj,REACTOME_INTERACTION_BETWEEN_L1_AND_ANKYRINS,ppgs,0.01697003013851354,0.0057027106181441935,2.975783145039897,0.0029248793642560754
bmi,alt_log_adj,REACTOME_INTERACTION_BETWEEN_L1_AND_ANKYRINS,bmi,0.28849751410493346,0.005760850040348126,50.07898349798039,0
bmi,alt_log_adj,REACTOME_INTERACTION_BETWEEN_L1_AND_ANKYRINS,ppgs:bmi,-0.011580004136818816,0.005609546800841084,-2.064338626265233,0.038994696951417274
bmi,alt_log_adj,REACTOME_INTERACTION_WITH_CUMULUS_CELLS_AND_THE_ZONA_PELLUCIDA,ppgs,-0.002964054773243966,0.0056992398720213415,-0.5200789648800497,0.60301260012479585
bmi,alt_log_adj,REACTOME_INTERACTION_WITH_CUMULUS_CELLS_AND_THE_ZONA_PELLUCIDA,bmi,0.28845066699692967,0.0057620473605176385,50.060447085776204,0
bmi,alt_log_adj,REACTOME_INTERACTION_WITH_CUMULUS_CELLS_AND_THE_ZONA_PELLUCIDA,ppgs:bmi,0.003133038981398661,0.005957389275691107,0.5259080507266671,0.5989562089011171
bmi,alt_log_adj,REACTOME_INTERCONVERSION_OF_NUCLEOTIDE_DI_AND_TRIPHOSPHATES,ppgs,-5.552482256958e-4,0.005728926313324301,-0.09692011998904701,0.9227905157438322
bmi,alt_log_adj,REACTOME_INTERCONVERSION_OF_NUCLEOTIDE_DI_AND_TRIPHOSPHATES,bmi,0.2883899339386007,0.005761709014191405,50.05284599209722,0
bmi,alt_log_adj,REACTOME_INTERCONVERSION_OF_NUCLEOTIDE_DI_AND_TRIPHOSPHATES,ppgs:bmi,0.00784559302208398,0.0057884292384866335,1.3553924041982737,0.17530336714525596
bmi,alt_log_adj,REACTOME_INTERFERON_ALPHA_BETA_SIGNALING,ppgs,0.004580808267433621,0.005727814323217145,0.7997480380720015,0.42386349564691717
bmi,alt_log_adj,REACTOME_INTERFERON_ALPHA_BETA_SIGNALING,bmi,0.2884286744851604,0.005761630352770449,50.06025323135682,0
bmi,alt_log_adj,REACTOME_INTERFERON_ALPHA_BETA_SIGNALING,ppgs:bmi,-0.0012736128864629052,0.005673592837752839,-0.22448084007511362,0.8223847917947249
bmi,alt_log_adj,REACTOME_INTERFERON_GAMMA_SIGNALING,ppgs,0.011624953729837484,0.005702201003071583,2.0386783495663363,0.04149139833211798
bmi,alt_log_adj,REACTOME_INTERFERON_GAMMA_SIGNALING,bmi,0.28850832854504654,0.005761442992239357,50.075706543250746,0
bmi,alt_log_adj,REACTOME_INTERFERON_GAMMA_SIGNALING,ppgs:bmi,-0.007736574354302371,0.005660000608840595,-1.3668857812874238,0.17167194893234972
bmi,alt_log_adj,REACTOME_INTERFERON_SIGNALING,ppgs,0.015338093983389447,0.005701490013100071,2.690190449890776,0.007145307837495796
bmi,alt_log_adj,REACTOME_INTERFERON_SIGNALING,bmi,0.2884845900521187,0.005761558146177417,50.070585548723074,0
bmi,alt_log_adj,REACTOME_INTERFERON_SIGNALING,ppgs:bmi,-0.003516124453294446,0.005585733084630091,-0.6294830776947692,0.5290379168715519
bmi,alt_log_adj,REACTOME_INTERLEUKIN_10_SIGNALING,ppgs,0.006610717017157649,0.005710679421122827,1.1576060446863357,0.24703459466890715
bmi,alt_log_adj,REACTOME_INTERLEUKIN_10_SIGNALING,bmi,0.2884354483670202,0.005761493979967439,50.06261385847187,0
bmi,alt_log_adj,REACTOME_INTERLEUKIN_10_SIGNALING,ppgs:bmi,0.001094266050246464,0.005749124529100932,0.19033611895298244,0.8490471150241892
bmi,alt_log_adj,REACTOME_INTERLEUKIN_12_FAMILY_SIGNALING,ppgs,0.011024228986416107,0.005730670006922882,1.9237242718736887,0.05439915557549232
bmi,alt_log_adj,REACTOME_INTERLEUKIN_12_FAMILY_SIGNALING,bmi,0.28830497019324935,0.005761492770118274,50.03997777946199,0
bmi,alt_log_adj,REACTOME_INTERLEUKIN_12_FAMILY_SIGNALING,ppgs:bmi,0.0070791688563543315,0.005685096485764435,1.245215252560915,0.21306293027688342
bmi,alt_log_adj,REACTOME_INTERLEUKIN_12_SIGNALING,ppgs,0.013854600001512478,0.00574126675592268,2.4131608215591265,0.015821141294519732
bmi,alt_log_adj,REACTOME_INTERLEUKIN_12_SIGNALING,bmi,0.2882962228895138,0.005761011053640475,50.04264359245324,0
bmi,alt_log_adj,REACTOME_INTERLEUKIN_12_SIGNALING,ppgs:bmi,0.008533878618028403,0.005682606894545823,1.5017541731100978,0.13317174569600368
bmi,alt_log_adj,REACTOME_INTERLEUKIN_15_SIGNALING,ppgs,-0.004563333908220355,0.005700802013223291,-0.800472266469784,0.4234439338504973
bmi,alt_log_adj,REACTOME_INTERLEUKIN_15_SIGNALING,bmi,0.2883366071942016,0.005761428932128029,50.04602340685338,0
bmi,alt_log_adj,REACTOME_INTERLEUKIN_15_SIGNALING,ppgs:bmi,-0.010506314455322205,0.005820258288372281,-1.8051285586950208,0.07106517301839685
bmi,alt_log_adj,REACTOME_INTERLEUKIN_17_SIGNALING,ppgs,-0.0012149227747651767,0.005713223240690209,-0.2126510244011405,0.8316006988300142
bmi,alt_log_adj,REACTOME_INTERLEUKIN_17_SIGNALING,bmi,0.2884382408359404,0.00576262210655152,50.05329787424638,0
bmi,alt_log_adj,REACTOME_INTERLEUKIN_17_SIGNALING,ppgs:bmi,0.0012358617539338299,0.005758843484826828,0.21460242098783017,0.8300788498701128
bmi,alt_log_adj,REACTOME_INTERLEUKIN_18_SIGNALING,ppgs,0.011553607859784275,0.00570784601755372,2.024162499172664,0.042962793984068236
bmi,alt_log_adj,REACTOME_INTERLEUKIN_18_SIGNALING,bmi,0.28831859198830817,0.00576133382691403,50.04372262572773,0
bmi,alt_log_adj,REACTOME_INTERLEUKIN_18_SIGNALING,ppgs:bmi,0.0038923317635425384,0.005657815332710707,0.6879566643045045,0.491485700567889
bmi,alt_log_adj,REACTOME_INTERLEUKIN_1_FAMILY_SIGNALING,ppgs,0.008934131497856034,0.005720302849316984,1.5618284089491499,0.11833958008103315
bmi,alt_log_adj,REACTOME_INTERLEUKIN_1_FAMILY_SIGNALING,bmi,0.28845855271262244,0.005761611853078048,50.065599708615935,0
bmi,alt_log_adj,REACTOME_INTERLEUKIN_1_FAMILY_SIGNALING,ppgs:bmi,8.955653047076976e-4,0.00579151618748218,0.15463399837220143,0.8771109663992769
bmi,alt_log_adj,REACTOME_INTERLEUKIN_1_PROCESSING,ppgs,0.0012478525488596526,0.0056879988404183865,0.21938340422865937,0.8263529761798005
bmi,alt_log_adj,REACTOME_INTERLEUKIN_1_PROCESSING,bmi,0.288411310692002,0.005761769033842524,50.05603470010329,0
bmi,alt_log_adj,REACTOME_INTERLEUKIN_1_PROCESSING,ppgs:bmi,-3.9299604149521005e-4,0.005669549590391295,-0.06931697751815355,0.9447378010515441
bmi,alt_log_adj,REACTOME_INTERLEUKIN_1_SIGNALING,ppgs,0.008686633527864874,0.0057178833825061864,1.5192043885402686,0.12872220926676012
bmi,alt_log_adj,REACTOME_INTERLEUKIN_1_SIGNALING,bmi,0.2884612355848422,0.005761666380030379,50.06559154216792,0
bmi,alt_log_adj,REACTOME_INTERLEUKIN_1_SIGNALING,ppgs:bmi,0.001152041444012308,0.005793361275592606,0.1988554466412877,0.8423772479421023
bmi,alt_log_adj,REACTOME_INTERLEUKIN_20_FAMILY_SIGNALING,ppgs,0.006327266311021188,0.005702688227200455,1.1095234491062733,0.26721384632753153
bmi,alt_log_adj,REACTOME_INTERLEUKIN_20_FAMILY_SIGNALING,bmi,0.28844747661998704,0.005761469420546266,50.06491496619594,0
bmi,alt_log_adj,REACTOME_INTERLEUKIN_20_FAMILY_SIGNALING,ppgs:bmi,-0.005097863478187228,0.005763696875530194,-0.8844780682048416,0.3764456980406923
bmi,alt_log_adj,REACTOME_INTERLEUKIN_21_SIGNALING,ppgs,-0.0021783449134775723,0.005721721408306596,-0.38071495587239307,0.7034176227541361
bmi,alt_log_adj,REACTOME_INTERLEUKIN_21_SIGNALING,bmi,0.2884137476349667,0.005761597058360924,50.05795176468232,0
bmi,alt_log_adj,REACTOME_INTERLEUKIN_21_SIGNALING,ppgs:bmi,-0.001688142793453928,0.005620727381193558,-0.30034240747955504,0.7639181913425308
bmi,alt_log_adj,REACTOME_INTERLEUKIN_23_SIGNALING,ppgs,0.013692467513053157,0.005707443542760937,2.39905439457567,0.01644388923199505
bmi,alt_log_adj,REACTOME_INTERLEUKIN_23_SIGNALING,bmi,0.28856628116383487,0.005762064658658871,50.08036151246506,0
bmi,alt_log_adj,REACTOME_INTERLEUKIN_23_SIGNALING,ppgs:bmi,0.008597363082579143,0.005772882276717969,1.4892670022481325,0.13642819800679373
bmi,alt_log_adj,REACTOME_INTERLEUKIN_27_SIGNALING,ppgs,0.006004579067805034,0.005697607026853522,1.0538773628129694,0.2919480504483832
bmi,alt_log_adj,REACTOME_INTERLEUKIN_27_SIGNALING,bmi,0.2883467341955878,0.005761915357625721,50.04355605709647,0
bmi,alt_log_adj,REACTOME_INTERLEUKIN_27_SIGNALING,ppgs:bmi,0.003282677307243355,0.005647392469125486,0.5812730964227968,0.5610610312520647
bmi,alt_log_adj,REACTOME_INTERLEUKIN_2_FAMILY_SIGNALING,ppgs,-0.004886832362567324,0.005710913807591005,-0.8557005984001538,0.3921706415031002
bmi,alt_log_adj,REACTOME_INTERLEUKIN_2_FAMILY_SIGNALING,bmi,0.28852824966772045,0.005761317463710272,50.0802553383179,0
bmi,alt_log_adj,REACTOME_INTERLEUKIN_2_FAMILY_SIGNALING,ppgs:bmi,-0.01616273465712543,0.005814057407449407,-2.7799406721399964,0.005440466064551567
bmi,alt_log_adj,REACTOME_INTERLEUKIN_2_SIGNALING,ppgs,1.9364973020018886e-4,0.005726213002350296,0.0338181150650013,0.9730224285710997
bmi,alt_log_adj,REACTOME_INTERLEUKIN_2_SIGNALING,bmi,0.2884195311243428,0.005762281885263458,50.05300623385868,0
bmi,alt_log_adj,REACTOME_INTERLEUKIN_2_SIGNALING,ppgs:bmi,-0.0024489627446359764,0.005766462282491268,-0.42469067248939985,0.6710654074183824
bmi,alt_log_adj,REACTOME_INTERLEUKIN_35_SIGNALLING,ppgs,-0.0031384467289917485,0.005712199609670583,-0.549428756599901,0.5827155719085734
bmi,alt_log_adj,REACTOME_INTERLEUKIN_35_SIGNALLING,bmi,0.28844656864847834,0.0057617377981302636,50.06242539222835,0
bmi,alt_log_adj,REACTOME_INTERLEUKIN_35_SIGNALLING,ppgs:bmi,0.002466430747765413,0.005736637866828633,0.42994360198806164,0.667239935202417
bmi,alt_log_adj,REACTOME_INTERLEUKIN_36_PATHWAY,ppgs,-0.003023530370464053,0.006219334814428655,-0.4861501206607435,0.6268644910529262
bmi,alt_log_adj,REACTOME_INTERLEUKIN_36_PATHWAY,bmi,0.288322750632746,0.005763401533301156,50.026490253508456,0
bmi,alt_log_adj,REACTOME_INTERLEUKIN_36_PATHWAY,ppgs:bmi,0.004768279168322794,0.006055671564689803,0.7874071632494564,0.43105013800064196
bmi,alt_log_adj,REACTOME_INTERLEUKIN_37_SIGNALING,ppgs,0.007165749537156356,0.005701130620303713,1.25689972996525,0.2088003023196755
bmi,alt_log_adj,REACTOME_INTERLEUKIN_37_SIGNALING,bmi,0.2884314423191215,0.005761353580275832,50.06313851428512,0
bmi,alt_log_adj,REACTOME_INTERLEUKIN_37_SIGNALING,ppgs:bmi,-0.005523108498475632,0.005819182267151944,-0.9491210697510566,0.34256713051562426
bmi,alt_log_adj,REACTOME_INTERLEUKIN_3_INTERLEUKIN_5_AND_GM_CSF_SIGNALING,ppgs,0.002277218454900183,0.005725850816112698,0.39770831061333795,0.6908482053730292
bmi,alt_log_adj,REACTOME_INTERLEUKIN_3_INTERLEUKIN_5_AND_GM_CSF_SIGNALING,bmi,0.2884248065885656,0.005761372943450486,50.0618184970036,0
bmi,alt_log_adj,REACTOME_INTERLEUKIN_3_INTERLEUKIN_5_AND_GM_CSF_SIGNALING,ppgs:bmi,-0.011573570678323377,0.005711468087264062,-2.026374042801911,0.04273581289250613
bmi,alt_log_adj,REACTOME_INTERLEUKIN_4_AND_INTERLEUKIN_13_SIGNALING,ppgs,0.01292236802752865,0.005693217705658749,2.2697828707102694,0.023228236018909384
bmi,alt_log_adj,REACTOME_INTERLEUKIN_4_AND_INTERLEUKIN_13_SIGNALING,bmi,0.28844890321084865,0.00576109448770211,50.068420822915606,0
bmi,alt_log_adj,REACTOME_INTERLEUKIN_4_AND_INTERLEUKIN_13_SIGNALING,ppgs:bmi,9.132932143179163e-4,0.005741021569351571,0.15908200366177508,0.8736053999277211
bmi,alt_log_adj,REACTOME_INTERLEUKIN_6_FAMILY_SIGNALING,ppgs,0.011939805080690789,0.0057279190967004755,2.084492619242584,0.03712430976764972
bmi,alt_log_adj,REACTOME_INTERLEUKIN_6_FAMILY_SIGNALING,bmi,0.28838896897343397,0.005761120373404326,50.05779263088386,0
bmi,alt_log_adj,REACTOME_INTERLEUKIN_6_FAMILY_SIGNALING,ppgs:bmi,0.003994304191149518,0.005713767227785475,0.6990666633610166,0.48451610623727015
bmi,alt_log_adj,REACTOME_INTERLEUKIN_6_SIGNALING,ppgs,0.012161538135773016,0.0057358956652173824,2.1202509330009076,0.033993550504784496
bmi,alt_log_adj,REACTOME_INTERLEUKIN_6_SIGNALING,bmi,0.2885306070742297,0.005761325879913539,50.08059135834887,0
bmi,alt_log_adj,REACTOME_INTERLEUKIN_6_SIGNALING,ppgs:bmi,0.005307998545607426,0.0057313120751321675,0.9261402059466497,0.3543810060672573
bmi,alt_log_adj,REACTOME_INTERLEUKIN_7_SIGNALING,ppgs,0.005649903762814953,0.005696876687620278,0.9917546179457596,0.32132570549899125
bmi,alt_log_adj,REACTOME_INTERLEUKIN_7_SIGNALING,bmi,0.28844699967228277,0.0057618312803862076,50.06168796614755,0
bmi,alt_log_adj,REACTOME_INTERLEUKIN_7_SIGNALING,ppgs:bmi,-0.005375714871127387,0.005493664703771611,-0.9785298450116101,0.3278206883045027
bmi,alt_log_adj,REACTOME_INTERLEUKIN_9_SIGNALING,ppgs,-0.00401446736272141,0.005693455357125586,-0.7051021059991529,0.4807524892378805
bmi,alt_log_adj,REACTOME_INTERLEUKIN_9_SIGNALING,bmi,0.28839040031778607,0.005761651776936806,50.05342417120345,0
bmi,alt_log_adj,REACTOME_INTERLEUKIN_9_SIGNALING,ppgs:bmi,-0.0015958244699668348,0.005737889502739321,-0.2781204603548001,0.7809219183968035
bmi,alt_log_adj,REACTOME_INTERLEUKIN_RECEPTOR_SHC_SIGNALING,ppgs,-0.0022391687900462746,0.0057030158923154165,-0.3926288883507171,0.6945965518312746
bmi,alt_log_adj,REACTOME_INTERLEUKIN_RECEPTOR_SHC_SIGNALING,bmi,0.2883579637848096,0.005761319382379897,50.05068190920083,0
bmi,alt_log_adj,REACTOME_INTERLEUKIN_RECEPTOR_SHC_SIGNALING,ppgs:bmi,-0.013490175688875158,0.005816114348657748,-2.319448153901658,0.02037781823406115
bmi,alt_log_adj,REACTOME_INTESTINAL_ABSORPTION,ppgs,-0.0034846113142231096,0.005715900680850307,-0.6096346855531319,0.5421087156784684
bmi,alt_log_adj,REACTOME_INTESTINAL_ABSORPTION,bmi,0.28853639266576725,0.005762770980153344,50.06903686776209,0
bmi,alt_log_adj,REACTOME_INTESTINAL_ABSORPTION,ppgs:bmi,0.006798521278082678,0.005987464061637807,1.1354592208145988,0.2561925585169108
bmi,alt_log_adj,REACTOME_INTRACELLULAR_SIGNALING_BY_SECOND_MESSENGERS,ppgs,0.004768215505578707,0.00571280609958996,0.83465383253966,0.40391967641632043
bmi,alt_log_adj,REACTOME_INTRACELLULAR_SIGNALING_BY_SECOND_MESSENGERS,bmi,0.2884613205714391,0.005761849707946073,50.06401332780805,0
bmi,alt_log_adj,REACTOME_INTRACELLULAR_SIGNALING_BY_SECOND_MESSENGERS,ppgs:bmi,0.0024716539116450462,0.0057690462321604435,0.42843371541493774,0.668338637638181
bmi,alt_log_adj,REACTOME_INTRAFLAGELLAR_TRANSPORT,ppgs,0.0027437392870059145,0.005675264568013792,0.4834557497935568,0.6287759059054621
bmi,alt_log_adj,REACTOME_INTRAFLAGELLAR_TRANSPORT,bmi,0.28834848480620756,0.005761511563131235,50.047367196378154,0
bmi,alt_log_adj,REACTOME_INTRAFLAGELLAR_TRANSPORT,ppgs:bmi,0.008556770499801069,0.00576249519983434,1.4849071804948415,0.13757953293476993
bmi,alt_log_adj,REACTOME_INTRA_GOLGI_AND_RETROGRADE_GOLGI_TO_ER_TRAFFIC,ppgs,0.014009764113515386,0.0057267419667140955,2.4463760013887867,0.01443607486065491
bmi,alt_log_adj,REACTOME_INTRA_GOLGI_AND_RETROGRADE_GOLGI_TO_ER_TRAFFIC,bmi,0.2883455511121954,0.005760817459037562,50.05288800807936,0
bmi,alt_log_adj,REACTOME_INTRA_GOLGI_AND_RETROGRADE_GOLGI_TO_ER_TRAFFIC,ppgs:bmi,-0.008627476129986197,0.005700482305989035,-1.5134642415996988,0.13017292582357318
bmi,alt_log_adj,REACTOME_INTRA_GOLGI_TRAFFIC,ppgs,-0.003978005854274261,0.0057086591204667395,-0.696837167945845,0.4859104168005941
bmi,alt_log_adj,REACTOME_INTRA_GOLGI_TRAFFIC,bmi,0.288428084935618,0.005761757840500681,50.059043250341524,0
bmi,alt_log_adj,REACTOME_INTRA_GOLGI_TRAFFIC,ppgs:bmi,0.005436633854690513,0.005463807839081618,0.9950265482990207,0.3197318455538483
bmi,alt_log_adj,REACTOME_INTRINSIC_PATHWAY_FOR_APOPTOSIS,ppgs,0.009125901655085157,0.005687332620916697,1.6046013594355633,0.10859270166070954
bmi,alt_log_adj,REACTOME_INTRINSIC_PATHWAY_FOR_APOPTOSIS,bmi,0.28846355229222137,0.005761559471087169,50.06692263436624,0
bmi,alt_log_adj,REACTOME_INTRINSIC_PATHWAY_FOR_APOPTOSIS,ppgs:bmi,-0.00513149070520142,0.005639105020433259,-0.909983177580041,0.3628391184960471
bmi,alt_log_adj,REACTOME_INTRINSIC_PATHWAY_OF_FIBRIN_CLOT_FORMATION,ppgs,-0.0019632068754396074,0.005746330217040055,-0.34164532863390834,0.7326203526323447
bmi,alt_log_adj,REACTOME_INTRINSIC_PATHWAY_OF_FIBRIN_CLOT_FORMATION,bmi,0.2883868976672289,0.005762023494198575,50.04958726002902,0
bmi,alt_log_adj,REACTOME_INTRINSIC_PATHWAY_OF_FIBRIN_CLOT_FORMATION,ppgs:bmi,-0.0012220783328214743,0.005753024215831533,-0.21242363789439342,0.8317780734922949
bmi,alt_log_adj,REACTOME_INWARDLY_RECTIFYING_K_CHANNELS,ppgs,2.3124641200474312e-4,0.005706750600071907,0.04052155564706636,0.9676776075950357
bmi,alt_log_adj,REACTOME_INWARDLY_RECTIFYING_K_CHANNELS,bmi,0.28840677597859254,0.0057611931757846685,50.06025092003825,0
bmi,alt_log_adj,REACTOME_INWARDLY_RECTIFYING_K_CHANNELS,ppgs:bmi,-0.012819743325446683,0.0057252860940377875,-2.2391445798310303,0.025154235089669675
bmi,alt_log_adj,REACTOME_IONOTROPIC_ACTIVITY_OF_KAINATE_RECEPTORS,ppgs,-2.2601794676657726e-4,0.0057101027915262585,-0.03958211524702951,0.9684265649661705
bmi,alt_log_adj,REACTOME_IONOTROPIC_ACTIVITY_OF_KAINATE_RECEPTORS,bmi,0.2883884496719707,0.005761850108781185,50.051362709429114,0
bmi,alt_log_adj,REACTOME_IONOTROPIC_ACTIVITY_OF_KAINATE_RECEPTORS,ppgs:bmi,0.003403258327453524,0.0056989774670840355,0.5971699918292274,0.5503986613342144
bmi,alt_log_adj,REACTOME_ION_CHANNEL_TRANSPORT,ppgs,0.009855713480364757,0.005704258433452342,1.7277817257658614,0.08403825580794655
bmi,alt_log_adj,REACTOME_ION_CHANNEL_TRANSPORT,bmi,0.28857014214859666,0.005762025001244379,50.08137626724571,0
bmi,alt_log_adj,REACTOME_ION_CHANNEL_TRANSPORT,ppgs:bmi,-0.009185998773784674,0.005639124797388067,-1.6289759676961664,0.10332921807077426
bmi,alt_log_adj,REACTOME_ION_HOMEOSTASIS,ppgs,0.014039534297735972,0.005690619779275016,2.467136242148409,0.013625718083815646
bmi,alt_log_adj,REACTOME_ION_HOMEOSTASIS,bmi,0.28832414829763736,0.005761356742780129,50.044487986089756,0
bmi,alt_log_adj,REACTOME_ION_HOMEOSTASIS,ppgs:bmi,-0.005286792131302196,0.005656603051125548,-0.9346231445832552,0.349990508058346
bmi,alt_log_adj,REACTOME_ION_TRANSPORT_BY_P_TYPE_ATPASES,ppgs,0.022619630188556103,0.005713546932278919,3.95894712280485,7.546452232626584e-5
bmi,alt_log_adj,REACTOME_ION_TRANSPORT_BY_P_TYPE_ATPASES,bmi,0.2882124565107933,0.005761151510662202,50.02688368417261,0
bmi,alt_log_adj,REACTOME_ION_TRANSPORT_BY_P_TYPE_ATPASES,ppgs:bmi,-0.001221225281815779,0.005615207481063016,-0.2174853353031558,0.827831699496034
bmi,alt_log_adj,REACTOME_IRAK1_RECRUITS_IKK_COMPLEX,ppgs,0.00264965961583441,0.005713313359418622,0.46376934873812614,0.642816566692884
bmi,alt_log_adj,REACTOME_IRAK1_RECRUITS_IKK_COMPLEX,bmi,0.28856432831473805,0.005763022459714011,50.071699413272455,0
bmi,alt_log_adj,REACTOME_IRAK1_RECRUITS_IKK_COMPLEX,ppgs:bmi,0.00595014000276695,0.0057932768876553025,1.027076750887896,0.30439308871209314
bmi,alt_log_adj,REACTOME_IRAK2_MEDIATED_ACTIVATION_OF_TAK1_COMPLEX,ppgs,-0.016211196847296706,0.005730009023981842,-2.8291747498909485,0.00467009764560691
bmi,alt_log_adj,REACTOME_IRAK2_MEDIATED_ACTIVATION_OF_TAK1_COMPLEX,bmi,0.2883653367697593,0.005760813000483539,50.056361271500236,0
bmi,alt_log_adj,REACTOME_IRAK2_MEDIATED_ACTIVATION_OF_TAK1_COMPLEX,ppgs:bmi,0.005415208679822026,0.005659686388501191,0.9568036650977921,0.3386745214367052
bmi,alt_log_adj,REACTOME_IRAK4_DEFICIENCY_TLR2_4,ppgs,0.004472026586348028,0.005712645324368863,0.7828293780591219,0.4337338527117729
bmi,alt_log_adj,REACTOME_IRAK4_DEFICIENCY_TLR2_4,bmi,0.2883943320113265,0.005761595564034157,50.05459491318381,0
bmi,alt_log_adj,REACTOME_IRAK4_DEFICIENCY_TLR2_4,ppgs:bmi,0.0015839850935992878,0.005705657561028881,0.27761657208773205,0.781308733807532
bmi,alt_log_adj,REACTOME_IRE1ALPHA_ACTIVATES_CHAPERONES,ppgs,0.007203278310550356,0.005701840617731717,1.26332508982265,0.20648276281621256
bmi,alt_log_adj,REACTOME_IRE1ALPHA_ACTIVATES_CHAPERONES,bmi,0.2883375034481838,0.005761749028031777,50.04339863561888,0
bmi,alt_log_adj,REACTOME_IRE1ALPHA_ACTIVATES_CHAPERONES,ppgs:bmi,-0.0028646171398350137,0.005632877118767346,-0.5085531034026681,0.6110694653586156
bmi,alt_log_adj,REACTOME_IRF3_MEDIATED_ACTIVATION_OF_TYPE_1_IFN,ppgs,4.390074525971179e-4,0.005718970390989078,0.0767633721777659,0.9388123312231709
bmi,alt_log_adj,REACTOME_IRF3_MEDIATED_ACTIVATION_OF_TYPE_1_IFN,bmi,0.2884815633039031,0.005761599604657924,50.06969992685404,0
bmi,alt_log_adj,REACTOME_IRF3_MEDIATED_ACTIVATION_OF_TYPE_1_IFN,ppgs:bmi,0.010391829979260591,0.005786868864332269,1.7957604056506777,0.07254327572667836
bmi,alt_log_adj,REACTOME_IRF3_MEDIATED_INDUCTION_OF_TYPE_I_IFN,ppgs,9.35422410541645e-4,0.005692643772038157,0.1643212623168817,0.8694794158295058
bmi,alt_log_adj,REACTOME_IRF3_MEDIATED_INDUCTION_OF_TYPE_I_IFN,bmi,0.28838211213168763,0.005761062519870558,50.05710511507643,0
bmi,alt_log_adj,REACTOME_IRF3_MEDIATED_INDUCTION_OF_TYPE_I_IFN,ppgs:bmi,0.014752250562688418,0.005774498636110328,2.5547240535198146,0.01063237837297547
bmi,alt_log_adj,REACTOME_IRON_UPTAKE_AND_TRANSPORT,ppgs,0.008847472308231137,0.005704509117087175,1.5509612004527422,0.12092214565927761
bmi,alt_log_adj,REACTOME_IRON_UPTAKE_AND_TRANSPORT,bmi,0.288063097769087,0.005762059745627891,49.993077212998735,0
bmi,alt_log_adj,REACTOME_IRON_UPTAKE_AND_TRANSPORT,ppgs:bmi,0.013675847758186373,0.005645634070214682,2.4223758727717772,0.015425619170974758
bmi,alt_log_adj,REACTOME_IRS_ACTIVATION,ppgs,0.006395490245847807,0.005717727333397375,1.1185371167476985,0.2633471415916841
bmi,alt_log_adj,REACTOME_IRS_ACTIVATION,bmi,0.2884474622364748,0.005761575375617907,50.0639917785576,0
bmi,alt_log_adj,REACTOME_IRS_ACTIVATION,ppgs:bmi,-9.942085653716977e-4,0.005598507478421858,-0.17758457396076416,0.859050508982117
bmi,alt_log_adj,REACTOME_IRS_MEDIATED_SIGNALLING,ppgs,0.0011293945920097396,0.005699932751314641,0.19814173978618507,0.8429355893357816
bmi,alt_log_adj,REACTOME_IRS_MEDIATED_SIGNALLING,bmi,0.2885050932184431,0.005762049468405841,50.06987440846502,0
bmi,alt_log_adj,REACTOME_IRS_MEDIATED_SIGNALLING,ppgs:bmi,-0.007512259243205475,0.005646501866398652,-1.3304271247849255,0.18338828460614148
bmi,alt_log_adj,REACTOME_ISG15_ANTIVIRAL_MECHANISM,ppgs,0.003088257632171483,0.00568894883487047,0.5428520666668641,0.5872359289489603
bmi,alt_log_adj,REACTOME_ISG15_ANTIVIRAL_MECHANISM,bmi,0.28833480092413216,0.005763763798414822,50.0254366779276,0
bmi,alt_log_adj,REACTOME_ISG15_ANTIVIRAL_MECHANISM,ppgs:bmi,0.002666959077617625,0.005451033049363795,0.4892575505351032,0.6246631554082316
bmi,alt_log_adj,REACTOME_JNK_C_JUN_KINASES_PHOSPHORYLATION_AND_ACTIVATION_MEDIATED_BY_ACTIVATED_HUMAN_TAK1,ppgs,-0.00929980290681288,0.005722153045311312,-1.6252279226318609,0.1041251193878853
bmi,alt_log_adj,REACTOME_JNK_C_JUN_KINASES_PHOSPHORYLATION_AND_ACTIVATION_MEDIATED_BY_ACTIVATED_HUMAN_TAK1,bmi,0.2884780938286212,0.005762663518933009,50.05985389930152,0
bmi,alt_log_adj,REACTOME_JNK_C_JUN_KINASES_PHOSPHORYLATION_AND_ACTIVATION_MEDIATED_BY_ACTIVATED_HUMAN_TAK1,ppgs:bmi,0.003031444905600954,0.005765394582448631,0.5258000753026454,0.5990312351489335
bmi,alt_log_adj,REACTOME_JOSEPHIN_DOMAIN_DUBS,ppgs,0.004481451710726961,0.005698109111266664,0.7864805013764916,0.43159261230632484
bmi,alt_log_adj,REACTOME_JOSEPHIN_DOMAIN_DUBS,bmi,0.2884293591242304,0.0057616054332404526,50.06058857487772,0
bmi,alt_log_adj,REACTOME_JOSEPHIN_DOMAIN_DUBS,ppgs:bmi,-0.006911475727083038,0.005650749777063716,-1.2231077290197105,0.22129917718032763
bmi,alt_log_adj,REACTOME_KEAP1_NFE2L2_PATHWAY,ppgs,0.01077180049495261,0.00576239057679572,1.8693284239234027,0.06158743790499654
bmi,alt_log_adj,REACTOME_KEAP1_NFE2L2_PATHWAY,bmi,0.2883771522720431,0.005761475437038064,50.05265672369087,0
bmi,alt_log_adj,REACTOME_KEAP1_NFE2L2_PATHWAY,ppgs:bmi,0.003232957210371069,0.005775692114004292,0.5597523459625097,0.575652794821836
bmi,alt_log_adj,REACTOME_KERATAN_SULFATE_BIOSYNTHESIS,ppgs,0.006567451425485166,0.0056913432931595545,1.1539369683390228,0.2485357398316353
bmi,alt_log_adj,REACTOME_KERATAN_SULFATE_BIOSYNTHESIS,bmi,0.28837519907053716,0.005762915506779783,50.03981035836429,0
bmi,alt_log_adj,REACTOME_KERATAN_SULFATE_BIOSYNTHESIS,ppgs:bmi,-0.0038853274086714487,0.005938345203690685,-0.6542777954802484,0.5129381565041209
bmi,alt_log_adj,REACTOME_KERATAN_SULFATE_DEGRADATION,ppgs,0.0017080486405413383,0.005700397669459753,0.2996367516063517,0.7644564445561123
bmi,alt_log_adj,REACTOME_KERATAN_SULFATE_DEGRADATION,bmi,0.28841622480973134,0.005761546089320774,50.05882454786239,0
bmi,alt_log_adj,REACTOME_KERATAN_SULFATE_DEGRADATION,ppgs:bmi,-0.004061115943493288,0.0057773655643745415,-0.7029356024371544,0.48210165505329927
bmi,alt_log_adj,REACTOME_KERATAN_SULFATE_KERATIN_METABOLISM,ppgs,0.005606751471786831,0.005692042530838839,0.9850157375687356,0.32462474754029536
bmi,alt_log_adj,REACTOME_KERATAN_SULFATE_KERATIN_METABOLISM,bmi,0.288343266931746,0.005763093215152975,50.03272655274799,0
bmi,alt_log_adj,REACTOME_KERATAN_SULFATE_KERATIN_METABOLISM,ppgs:bmi,-0.004074220428827392,0.0059569313065892405,-0.6839461828812271,0.4940147404538313
bmi,alt_log_adj,REACTOME_KERATINIZATION,ppgs,0.0027133306027412795,0.005684073784321979,0.47735668214323457,0.6331118348833658
bmi,alt_log_adj,REACTOME_KERATINIZATION,bmi,0.28846179474136757,0.005761874557262494,50.06387971042843,0
bmi,alt_log_adj,REACTOME_KERATINIZATION,ppgs:bmi,-0.006188456764002965,0.005582844858682759,-1.1084772943991672,0.2676651439826577
bmi,alt_log_adj,REACTOME_KETONE_BODY_METABOLISM,ppgs,-0.006130155207423964,0.005688743352975439,-1.077593912584868,0.2812241896675489
bmi,alt_log_adj,REACTOME_KETONE_BODY_METABOLISM,bmi,0.28840200346018025,0.00576145895329325,50.05711327602702,0
bmi,alt_log_adj,REACTOME_KETONE_BODY_METABOLISM,ppgs:bmi,0.0035356155865787393,0.005645356887780526,0.6262873467276517,0.5311315270089003
bmi,alt_log_adj,REACTOME_KIDNEY_DEVELOPMENT,ppgs,0.0030096208146393575,0.005710589590819897,0.527024533417267,0.5981806757193714
bmi,alt_log_adj,REACTOME_KIDNEY_DEVELOPMENT,bmi,0.28857093025241703,0.0057620006840126544,50.081724400535194,0
bmi,alt_log_adj,REACTOME_KIDNEY_DEVELOPMENT,ppgs:bmi,0.009906729318464995,0.005900032797980636,1.6790973300785217,0.09314409711878886
bmi,alt_log_adj,REACTOME_KILLING_MECHANISMS,ppgs,0.01899727980437227,0.005697347699442795,3.3344076588884013,8.559084521790386e-4
bmi,alt_log_adj,REACTOME_KILLING_MECHANISMS,bmi,0.2884620605777656,0.00576053464188277,50.07557084727205,0
bmi,alt_log_adj,REACTOME_KILLING_MECHANISMS,ppgs:bmi,4.3854970235210003e-4,0.0056635489607052844,0.07743372669589975,0.9382790577816684
bmi,alt_log_adj,REACTOME_KINESINS,ppgs,0.0270660990156036,0.0057127366691743404,4.737851678277244,2.170417273577609e-6
bmi,alt_log_adj,REACTOME_KINESINS,bmi,0.2883989695422183,0.005759303534845373,50.075320357283665,0
bmi,alt_log_adj,REACTOME_KINESINS,ppgs:bmi,-0.002598984014122488,0.005727474440845737,-0.45377487773454184,0.6499943408944723
bmi,alt_log_adj,REACTOME_KSRP_KHSRP_BINDS_AND_DESTABILIZES_MRNA,ppgs,0.010948826686305332,0.005683808726083465,1.9263186384264246,0.054074585914261855
bmi,alt_log_adj,REACTOME_KSRP_KHSRP_BINDS_AND_DESTABILIZES_MRNA,bmi,0.2884112289073584,0.005761217825801282,50.06080964613511,0
bmi,alt_log_adj,REACTOME_KSRP_KHSRP_BINDS_AND_DESTABILIZES_MRNA,ppgs:bmi,0.0021624137852073243,0.006017051858969246,0.35938094533520565,0.7193128041482029
bmi,alt_log_adj,REACTOME_L1CAM_INTERACTIONS,ppgs,0.013053107833746962,0.005709446098117806,2.2862301542789045,0.02224813882334816
bmi,alt_log_adj,REACTOME_L1CAM_INTERACTIONS,bmi,0.2884620915497761,0.005760965484371561,50.07183124639796,0
bmi,alt_log_adj,REACTOME_L1CAM_INTERACTIONS,ppgs:bmi,-0.007597600470042036,0.005707561359400025,-1.331146525044225,0.18315150793686039
bmi,alt_log_adj,REACTOME_LAGGING_STRAND_SYNTHESIS,ppgs,-8.720092222604391e-4,0.0056891638254482416,-0.15327546349778998,0.8781821402795024
bmi,alt_log_adj,REACTOME_LAGGING_STRAND_SYNTHESIS,bmi,0.2883959069891907,0.005762002779559029,50.051330765109746,0
bmi,alt_log_adj,REACTOME_LAGGING_STRAND_SYNTHESIS,ppgs:bmi,0.0017102841865772637,0.005525636708685475,0.309518029639725,0.7569297743324681
bmi,alt_log_adj,REACTOME_LAMININ_INTERACTIONS,ppgs,-0.004529549404404912,0.005674603263472753,-0.7982142881356099,0.424752833884094
bmi,alt_log_adj,REACTOME_LAMININ_INTERACTIONS,bmi,0.2883515178752836,0.005762057297795006,50.043153507971624,0
bmi,alt_log_adj,REACTOME_LAMININ_INTERACTIONS,ppgs:bmi,-0.0020543628498630355,0.005665925795920632,-0.3625820252256288,0.7169198426708587
bmi,alt_log_adj,REACTOME_LATE_ENDOSOMAL_MICROAUTOPHAGY,ppgs,0.005729649003059894,0.005687457704746351,1.0074183054193675,0.31374239695156947
bmi,alt_log_adj,REACTOME_LATE_ENDOSOMAL_MICROAUTOPHAGY,bmi,0.2886065608343303,0.005762850621258563,50.08052087445932,0
bmi,alt_log_adj,REACTOME_LATE_ENDOSOMAL_MICROAUTOPHAGY,ppgs:bmi,-0.0082754806414717,0.005592458328524425,-1.4797572293498327,0.13894915908509323
bmi,alt_log_adj,REACTOME_LATE_SARS_COV_2_INFECTION_EVENTS,ppgs,6.674947856500861e-4,0.005650525567477467,0.1181296815099754,0.9059657426144326
bmi,alt_log_adj,REACTOME_LATE_SARS_COV_2_INFECTION_EVENTS,bmi,0.28847378994609246,0.005761779951300776,50.06678359540037,0
bmi,alt_log_adj,REACTOME_LATE_SARS_COV_2_INFECTION_EVENTS,ppgs:bmi,-0.0056858154340457155,0.005564151785596985,-1.021865623573329,0.30685322484770844
bmi,alt_log_adj,REACTOME_LDL_CLEARANCE,ppgs,0.00815027947626313,0.005692015773440956,1.43187928506672,0.1521893968035035
bmi,alt_log_adj,REACTOME_LDL_CLEARANCE,bmi,0.2884998112960302,0.0057616492793719,50.07243539257576,0
bmi,alt_log_adj,REACTOME_LDL_CLEARANCE,ppgs:bmi,0.004939682279240336,0.005722912736225045,0.8631412895697332,0.38806709100788606
bmi,alt_log_adj,REACTOME_LDL_REMODELING,ppgs,0.00440125519815809,0.005737708270171325,0.7670754578163088,0.44304304099562686
bmi,alt_log_adj,REACTOME_LDL_REMODELING,bmi,0.2881859814999163,0.0057632717584005545,50.00388556723114,0
bmi,alt_log_adj,REACTOME_LDL_REMODELING,ppgs:bmi,0.008508637529325905,0.005458185647343755,1.5588765350014548,0.11903676818265738
bmi,alt_log_adj,REACTOME_LECTIN_PATHWAY_OF_COMPLEMENT_ACTIVATION,ppgs,2.6785806948191647e-4,0.005752153977820011,0.046566568022129176,0.9628590059839639
bmi,alt_log_adj,REACTOME_LECTIN_PATHWAY_OF_COMPLEMENT_ACTIVATION,bmi,0.288430572991616,0.005761607954156652,50.0607773535738,0
bmi,alt_log_adj,REACTOME_LECTIN_PATHWAY_OF_COMPLEMENT_ACTIVATION,ppgs:bmi,-0.006185901311261619,0.005727772513643199,-1.0799837627152937,0.28015859899874446
bmi,alt_log_adj,REACTOME_LEISHMANIA_INFECTION,ppgs,0.017594506548303177,0.005713097172692699,3.079679203147621,0.0020742181918001774
bmi,alt_log_adj,REACTOME_LEISHMANIA_INFECTION,bmi,0.2884388835427887,0.005761034901669386,50.06719946431972,0
bmi,alt_log_adj,REACTOME_LEISHMANIA_INFECTION,ppgs:bmi,-0.011075952084754166,0.005601919769378787,-1.9771707808629344,0.04803200187428997
bmi,alt_log_adj,REACTOME_LEUKOTRIENE_RECEPTORS,ppgs,-0.004672226834412821,0.005673482709312249,-0.8235200623320834,0.41021924104535434
bmi,alt_log_adj,REACTOME_LEUKOTRIENE_RECEPTORS,bmi,0.2884096685378245,0.005761748405541638,50.05592890179527,0
bmi,alt_log_adj,REACTOME_LEUKOTRIENE_RECEPTORS,ppgs:bmi,3.348143428167051e-4,0.005620381581499384,0.05957146111196682,0.952497368636599
bmi,alt_log_adj,REACTOME_LGI_ADAM_INTERACTIONS,ppgs,0.002783375830737238,0.005699605360029725,0.4883453598834292,0.6253090147068681
bmi,alt_log_adj,REACTOME_LGI_ADAM_INTERACTIONS,bmi,0.28840414608591164,0.005761629250606786,50.05600560909718,0
bmi,alt_log_adj,REACTOME_LGI_ADAM_INTERACTIONS,ppgs:bmi,-3.278894428301239e-4,0.0057090326604156,-0.05743345017161884,0.9542003223797563
bmi,alt_log_adj,REACTOME_LIGAND_RECEPTOR_INTERACTIONS,ppgs,0.013214223512609598,0.005694276955679708,2.320614823525432,0.02031470086102936
bmi,alt_log_adj,REACTOME_LIGAND_RECEPTOR_INTERACTIONS,bmi,0.2885767326328969,0.005760786150582043,50.09329023673973,0
bmi,alt_log_adj,REACTOME_LIGAND_RECEPTOR_INTERACTIONS,ppgs:bmi,-0.012526261639746282,0.005764538008740836,-2.1729862168924146,0.029789607948749942
bmi,alt_log_adj,REACTOME_LINOLEIC_ACID_LA_METABOLISM,ppgs,-0.004295160716056329,0.0057495592176560655,-0.7470417389330491,0.45504456228809953
bmi,alt_log_adj,REACTOME_LINOLEIC_ACID_LA_METABOLISM,bmi,0.28843892814621397,0.005762476562187811,50.054681356778275,0
bmi,alt_log_adj,REACTOME_LINOLEIC_ACID_LA_METABOLISM,ppgs:bmi,0.006981945332533323,0.005868025515371241,1.1898287276093429,0.23412368071632447
bmi,alt_log_adj,REACTOME_LIPID_PARTICLE_ORGANIZATION,ppgs,0.024753176425201227,0.0057246889394790175,4.3239338742925515,1.5379401706684965e-5
bmi,alt_log_adj,REACTOME_LIPID_PARTICLE_ORGANIZATION,bmi,0.28846678207450155,0.005758751912771173,50.09189255657451,0
bmi,alt_log_adj,REACTOME_LIPID_PARTICLE_ORGANIZATION,ppgs:bmi,0.017770744482737178,0.00574464513136107,3.0934451260920244,0.0019803944609729945
bmi,alt_log_adj,REACTOME_LIPOPHAGY,ppgs,-5.091980205329943e-4,0.005693369693267828,-0.08943702024744674,0.9287352352647255
bmi,alt_log_adj,REACTOME_LIPOPHAGY,bmi,0.2883942891775123,0.0057620381536107055,50.05074272144377,0
bmi,alt_log_adj,REACTOME_LIPOPHAGY,ppgs:bmi,-0.0016225263628436802,0.0057323333521048245,-0.2830481521539416,0.7771419922581722
bmi,alt_log_adj,REACTOME_LISTERIA_MONOCYTOGENES_ENTRY_INTO_HOST_CELLS,ppgs,0.00808752071005395,0.005712655127984371,1.4157201036757696,0.1568684561755617
bmi,alt_log_adj,REACTOME_LISTERIA_MONOCYTOGENES_ENTRY_INTO_HOST_CELLS,bmi,0.2884274041314079,0.005761238782107578,50.063435146476486,0
bmi,alt_log_adj,REACTOME_LISTERIA_MONOCYTOGENES_ENTRY_INTO_HOST_CELLS,ppgs:bmi,-0.007162598393155361,0.005742065937109943,-1.2473904813361287,0.21226465976927972
bmi,alt_log_adj,REACTOME_LONG_TERM_POTENTIATION,ppgs,-0.001443985978403961,0.005711087736339287,-0.2528390466173318,0.8003944262195128
bmi,alt_log_adj,REACTOME_LONG_TERM_POTENTIATION,bmi,0.28840094073358447,0.005761548175067905,50.05615365355952,0
bmi,alt_log_adj,REACTOME_LONG_TERM_POTENTIATION,ppgs:bmi,0.00469718004820289,0.0057664783111080935,0.8145664987856815,0.41532733602684224
bmi,alt_log_adj,REACTOME_LOSS_OF_FUNCTION_OF_MECP2_IN_RETT_SYNDROME,ppgs,-0.0010873188227668365,0.0057209526862000305,-0.19005904827523667,0.8492642207099959
bmi,alt_log_adj,REACTOME_LOSS_OF_FUNCTION_OF_MECP2_IN_RETT_SYNDROME,bmi,0.2884528759117405,0.005761532850852556,50.06530091537308,0
bmi,alt_log_adj,REACTOME_LOSS_OF_FUNCTION_OF_MECP2_IN_RETT_SYNDROME,ppgs:bmi,-0.008182112458961981,0.005726666246620249,-1.4287741081106102,0.1530801878007848
bmi,alt_log_adj,REACTOME_LOSS_OF_FUNCTION_OF_SMAD2_3_IN_CANCER,ppgs,0.004462344388832367,0.005693561098745216,0.7837527887100058,0.4331917291785039
bmi,alt_log_adj,REACTOME_LOSS_OF_FUNCTION_OF_SMAD2_3_IN_CANCER,bmi,0.288344699561006,0.005761854151094862,50.04373453399806,0
bmi,alt_log_adj,REACTOME_LOSS_OF_FUNCTION_OF_SMAD2_3_IN_CANCER,ppgs:bmi,0.005065963871680482,0.005755506518562255,0.8801942722750971,0.37876153747904195
bmi,alt_log_adj,REACTOME_LOSS_OF_MECP2_BINDING_ABILITY_TO_THE_NCOR_SMRT_COMPLEX,ppgs,0.0061733430871304396,0.005695448686216819,1.083908121597187,0.2784147567624374
bmi,alt_log_adj,REACTOME_LOSS_OF_MECP2_BINDING_ABILITY_TO_THE_NCOR_SMRT_COMPLEX,bmi,0.28839430432453994,0.005761603522741937,50.054520965596325,0
bmi,alt_log_adj,REACTOME_LOSS_OF_MECP2_BINDING_ABILITY_TO_THE_NCOR_SMRT_COMPLEX,ppgs:bmi,8.732119412602856e-4,0.00568963972326818,0.15347403064718212,0.8780255606277719
bmi,alt_log_adj,REACTOME_LRR_FLII_INTERACTING_PROTEIN_1_LRRFIP1_ACTIVATES_TYPE_I_IFN_PRODUCTION,ppgs,-0.006344794701996075,0.0057174959707347785,-1.1097156402859134,0.26713099445720884
bmi,alt_log_adj,REACTOME_LRR_FLII_INTERACTING_PROTEIN_1_LRRFIP1_ACTIVATES_TYPE_I_IFN_PRODUCTION,bmi,0.28823169278707544,0.005762287058169951,50.020363421223784,0
bmi,alt_log_adj,REACTOME_LRR_FLII_INTERACTING_PROTEIN_1_LRRFIP1_ACTIVATES_TYPE_I_IFN_PRODUCTION,ppgs:bmi,-0.007635161120382269,0.0057440126556699955,-1.3292382134369942,0.1837800887696682
bmi,alt_log_adj,REACTOME_LTC4_CYSLTR_MEDIATED_IL4_PRODUCTION,ppgs,-0.0031949315843649855,0.0056966232220626465,-0.5608465681899456,0.574906570331239
bmi,alt_log_adj,REACTOME_LTC4_CYSLTR_MEDIATED_IL4_PRODUCTION,bmi,0.2885189981480031,0.005761664967628966,50.075629140014726,0
bmi,alt_log_adj,REACTOME_LTC4_CYSLTR_MEDIATED_IL4_PRODUCTION,ppgs:bmi,-0.009797338229981039,0.0056703878155134274,-1.7278074355296869,0.08403364473974714
bmi,alt_log_adj,REACTOME_LYSINE_CATABOLISM,ppgs,-3.0503423563698034e-4,0.005676886131236374,-0.05373266762540235,0.9571485340207002
bmi,alt_log_adj,REACTOME_LYSINE_CATABOLISM,bmi,0.28841892837348593,0.005761693453319961,50.058013448684136,0
bmi,alt_log_adj,REACTOME_LYSINE_CATABOLISM,ppgs:bmi,0.002162382654491859,0.005829770489732103,0.37092071777104,0.7106993553029464
bmi,alt_log_adj,REACTOME_LYSOSOME_VESICLE_BIOGENESIS,ppgs,0.007427374671989261,0.005723798125736339,1.2976304385357345,0.19442491631095954
bmi,alt_log_adj,REACTOME_LYSOSOME_VESICLE_BIOGENESIS,bmi,0.2887450082983429,0.005766281695219876,50.07473161391097,0
bmi,alt_log_adj,REACTOME_LYSOSOME_VESICLE_BIOGENESIS,ppgs:bmi,0.006676636818524166,0.006124357871332284,1.0901774453411783,0.2756442532291804
bmi,alt_log_adj,REACTOME_LYSOSPHINGOLIPID_AND_LPA_RECEPTORS,ppgs,0.007544304672535033,0.005718663558141148,1.3192426160120723,0.18709867067882965
bmi,alt_log_adj,REACTOME_LYSOSPHINGOLIPID_AND_LPA_RECEPTORS,bmi,0.28842250269466296,0.005761545375388357,50.059920369059284,0
bmi,alt_log_adj,REACTOME_LYSOSPHINGOLIPID_AND_LPA_RECEPTORS,ppgs:bmi,0.00276923832745377,0.005660088409859921,0.48925707991234446,0.6246634885494862
bmi,alt_log_adj,REACTOME_MALATE_ASPARTATE_SHUTTLE,ppgs,-0.0035962273021954913,0.005694664623964673,-0.6315081817218181,0.5277133933231302
bmi,alt_log_adj,REACTOME_MALATE_ASPARTATE_SHUTTLE,bmi,0.2883979775704955,0.005761909345682303,50.05250174347277,0
bmi,alt_log_adj,REACTOME_MALATE_ASPARTATE_SHUTTLE,ppgs:bmi,-7.316026811836367e-4,0.005864287633665344,-0.12475559298689523,0.9007179288997049
bmi,alt_log_adj,REACTOME_MAP2K_AND_MAPK_ACTIVATION,ppgs,0.017086144648574896,0.005700731729361527,2.9971844773141987,0.002727216937346608
bmi,alt_log_adj,REACTOME_MAP2K_AND_MAPK_ACTIVATION,bmi,0.2884807599211285,0.005761401252235616,50.071284274669864,0
bmi,alt_log_adj,REACTOME_MAP2K_AND_MAPK_ACTIVATION,ppgs:bmi,-0.00982087590151776,0.005617045397796303,-1.7484060045821805,0.08040457306515975
bmi,alt_log_adj,REACTOME_MAP3K8_TPL2_DEPENDENT_MAPK1_3_ACTIVATION,ppgs,-0.0048212938193761745,0.005720386561079636,-0.8428265761232452,0.39933255328374073
bmi,alt_log_adj,REACTOME_MAP3K8_TPL2_DEPENDENT_MAPK1_3_ACTIVATION,bmi,0.2883893360519927,0.00576138875213156,50.05552453742968,0
bmi,alt_log_adj,REACTOME_MAP3K8_TPL2_DEPENDENT_MAPK1_3_ACTIVATION,ppgs:bmi,-0.007611651453672719,0.0057720863099077965,-1.3187002142721438,0.1872800081888239
bmi,alt_log_adj,REACTOME_MAPK1_ERK2_ACTIVATION,ppgs,0.01218980772818362,0.005736821801325643,2.1248363903105454,0.033608893614679815
bmi,alt_log_adj,REACTOME_MAPK1_ERK2_ACTIVATION,bmi,0.28864176190434465,0.005761747659228029,50.096217150720804,0
bmi,alt_log_adj,REACTOME_MAPK1_ERK2_ACTIVATION,ppgs:bmi,0.009746824707285951,0.00577287253374765,1.688383841892743,0.09134856913568305
bmi,alt_log_adj,REACTOME_MAPK1_MAPK3_SIGNALING,ppgs,0.011510985906348008,0.00570525617094072,2.0176107016856357,0.04364122566499136
bmi,alt_log_adj,REACTOME_MAPK1_MAPK3_SIGNALING,bmi,0.2885064832568466,0.005761293011263882,50.07668984944676,0
bmi,alt_log_adj,REACTOME_MAPK1_MAPK3_SIGNALING,ppgs:bmi,-0.012604493771353056,0.0056180334376144,-2.243577563451693,0.024867282939301107
bmi,alt_log_adj,REACTOME_MAPK3_ERK1_ACTIVATION,ppgs,0.013338691022262428,0.005746582096507344,2.321152086275669,0.020285692097068285
bmi,alt_log_adj,REACTOME_MAPK3_ERK1_ACTIVATION,bmi,0.28862132513930683,0.005761529724933576,50.094564971221125,0
bmi,alt_log_adj,REACTOME_MAPK3_ERK1_ACTIVATION,ppgs:bmi,0.009301999208534367,0.005795384205013897,1.6050703248434692,0.10848946821558027
bmi,alt_log_adj,REACTOME_MAPK6_MAPK4_SIGNALING,ppgs,0.005734480470849449,0.005706370291812935,1.0049261049667324,0.3149410108409777
bmi,alt_log_adj,REACTOME_MAPK6_MAPK4_SIGNALING,bmi,0.2885124235981341,0.005761723206221403,50.07398190989177,0
bmi,alt_log_adj,REACTOME_MAPK6_MAPK4_SIGNALING,ppgs:bmi,0.00794568311741106,0.005711515675550712,1.3911689241131124,0.16418512614506103
bmi,alt_log_adj,REACTOME_MAPK_FAMILY_SIGNALING_CASCADES,ppgs,0.01238317157173062,0.005704707490810602,2.170693517884657,0.029962618822837905
bmi,alt_log_adj,REACTOME_MAPK_FAMILY_SIGNALING_CASCADES,bmi,0.28846207087132436,0.005761422782504635,50.06785333429786,0
bmi,alt_log_adj,REACTOME_MAPK_FAMILY_SIGNALING_CASCADES,ppgs:bmi,-0.009525964686300485,0.0056167551727135554,-1.6959907265636291,0.08989861643272715
bmi,alt_log_adj,REACTOME_MAPK_TARGETS_NUCLEAR_EVENTS_MEDIATED_BY_MAP_KINASES,ppgs,0.002369774953651222,0.005720757791183956,0.414241441457842,0.6787004289039367
bmi,alt_log_adj,REACTOME_MAPK_TARGETS_NUCLEAR_EVENTS_MEDIATED_BY_MAP_KINASES,bmi,0.28848656162280306,0.0057636347755588855,50.05288725894837,0
bmi,alt_log_adj,REACTOME_MAPK_TARGETS_NUCLEAR_EVENTS_MEDIATED_BY_MAP_KINASES,ppgs:bmi,0.002428606174904799,0.005806912031271015,0.4182267893548968,0.6757844788642176
bmi,alt_log_adj,REACTOME_MAPLE_SYRUP_URINE_DISEASE,ppgs,4.1601190162213376e-4,0.005736228504732281,0.07252359303311083,0.9421857420259091
bmi,alt_log_adj,REACTOME_MAPLE_SYRUP_URINE_DISEASE,bmi,0.2884163897542123,0.005761612684563865,50.05827457422096,0
bmi,alt_log_adj,REACTOME_MAPLE_SYRUP_URINE_DISEASE,ppgs:bmi,-0.00307912984763609,0.0058444033164858035,-0.5268510198381634,0.5983011721054994
bmi,alt_log_adj,REACTOME_MASTL_FACILITATES_MITOTIC_PROGRESSION,ppgs,0.004524507765657482,0.005727760797992175,0.7899261029272584,0.42957753336949844
bmi,alt_log_adj,REACTOME_MASTL_FACILITATES_MITOTIC_PROGRESSION,bmi,0.2883831653239302,0.005761690820615662,50.05182928109898,0
bmi,alt_log_adj,REACTOME_MASTL_FACILITATES_MITOTIC_PROGRESSION,ppgs:bmi,-0.001981362632302241,0.005727329246800372,-0.3459487916482448,0.7293837667705464
bmi,alt_log_adj,REACTOME_MATERNAL_TO_ZYGOTIC_TRANSITION_MZT,ppgs,0.008452824502107152,0.0057756626954020805,1.4635246114417866,0.1433349718566179
bmi,alt_log_adj,REACTOME_MATERNAL_TO_ZYGOTIC_TRANSITION_MZT,bmi,0.2883930095961455,0.0057614046258484845,50.056024237956336,0
bmi,alt_log_adj,REACTOME_MATERNAL_TO_ZYGOTIC_TRANSITION_MZT,ppgs:bmi,-0.001047836647996959,0.005679226808981999,-0.18450339865626594,0.8536198809795643
bmi,alt_log_adj,REACTOME_MATURATION_OF_PROTEIN_3A,ppgs,4.5940487452511764e-4,0.005650245532765196,0.0813070638897152,0.9351983304182976
bmi,alt_log_adj,REACTOME_MATURATION_OF_PROTEIN_3A,bmi,0.2884688455905519,0.005761784840606944,50.065882980830764,0
bmi,alt_log_adj,REACTOME_MATURATION_OF_PROTEIN_3A,ppgs:bmi,-0.005436357019279649,0.005568890723905183,-0.9762010584878932,0.32897316898266993
bmi,alt_log_adj,REACTOME_MATURATION_OF_SARS_COV_1_NUCLEOPROTEIN,ppgs,0.002989627954557996,0.005716415324342503,0.5229899832202728,0.6009853114186654
bmi,alt_log_adj,REACTOME_MATURATION_OF_SARS_COV_1_NUCLEOPROTEIN,bmi,0.28840905894177116,0.005761671463534441,50.05649155234017,0
bmi,alt_log_adj,REACTOME_MATURATION_OF_SARS_COV_1_NUCLEOPROTEIN,ppgs:bmi,-0.0017242091994357515,0.005661106060359561,-0.3045710822323367,0.7606950830014382
bmi,alt_log_adj,REACTOME_MATURATION_OF_SARS_COV_1_SPIKE_PROTEIN,ppgs,0.0012459178395401351,0.005761964110088761,0.2162314474258227,0.8288088976792646
bmi,alt_log_adj,REACTOME_MATURATION_OF_SARS_COV_1_SPIKE_PROTEIN,bmi,0.28837746598498,0.005761619352446526,50.051460942578196,0
bmi,alt_log_adj,REACTOME_MATURATION_OF_SARS_COV_1_SPIKE_PROTEIN,ppgs:bmi,-0.00572447234244903,0.005750173058384242,-0.995530444792833,0.31948684211539946
bmi,alt_log_adj,REACTOME_MATURATION_OF_SARS_COV_2_NUCLEOPROTEIN,ppgs,1.2316175178067444e-4,0.005717920833234175,0.02153960423250764,0.9828153627724179
bmi,alt_log_adj,REACTOME_MATURATION_OF_SARS_COV_2_NUCLEOPROTEIN,bmi,0.2884184642113882,0.005761736009456669,50.057563161174066,0
bmi,alt_log_adj,REACTOME_MATURATION_OF_SARS_COV_2_NUCLEOPROTEIN,ppgs:bmi,-9.79895070101075e-4,0.00566009223904348,-0.17312351614020186,0.8625555768641322
bmi,alt_log_adj,REACTOME_MATURATION_OF_SARS_COV_2_SPIKE_PROTEIN,ppgs,4.892641665843241e-4,0.0056502307835858126,0.08659189072518235,0.9309965235265603
bmi,alt_log_adj,REACTOME_MATURATION_OF_SARS_COV_2_SPIKE_PROTEIN,bmi,0.2884693046955816,0.005761781796274044,50.065989115055565,0
bmi,alt_log_adj,REACTOME_MATURATION_OF_SARS_COV_2_SPIKE_PROTEIN,ppgs:bmi,-0.005464819565789428,0.0055633460082317844,-0.9822900746607218,0.32596534604085825
bmi,alt_log_adj,REACTOME_MATURATION_OF_TCA_ENZYMES_AND_REGULATION_OF_TCA_CYCLE,ppgs,0.002669503796990005,0.005744557486137193,0.46470138099097635,0.6421488883122062
bmi,alt_log_adj,REACTOME_MATURATION_OF_TCA_ENZYMES_AND_REGULATION_OF_TCA_CYCLE,bmi,0.2884452870180202,0.005761888668901715,50.06089211248181,0
bmi,alt_log_adj,REACTOME_MATURATION_OF_TCA_ENZYMES_AND_REGULATION_OF_TCA_CYCLE,ppgs:bmi,0.001830907859657346,0.0058313236878221346,0.3139780875962912,0.7535399917516543
bmi,alt_log_adj,REACTOME_MECHANICAL_LOAD_ACTIVATES_SIGNALING_BY_PIEZO1_AND_INTEGRINS_IN_OSTEOCYTES,ppgs,-0.002629123838170599,0.0056790647751331705,-0.4629501409603041,0.6434036595802566
bmi,alt_log_adj,REACTOME_MECHANICAL_LOAD_ACTIVATES_SIGNALING_BY_PIEZO1_AND_INTEGRINS_IN_OSTEOCYTES,bmi,0.2883698667934653,0.005761888018477889,50.04780826504914,0
bmi,alt_log_adj,REACTOME_MECHANICAL_LOAD_ACTIVATES_SIGNALING_BY_PIEZO1_AND_INTEGRINS_IN_OSTEOCYTES,ppgs:bmi,-0.003370202547950502,0.0056708200433889,-0.5943060301974348,0.5523121888821534
bmi,alt_log_adj,REACTOME_MECP2_REGULATES_NEURONAL_RECEPTORS_AND_CHANNELS,ppgs,-0.006572236251436139,0.005703615465366975,-1.1522930133252376,0.249210404058506
bmi,alt_log_adj,REACTOME_MECP2_REGULATES_NEURONAL_RECEPTORS_AND_CHANNELS,bmi,0.2884429558930068,0.005761683118540836,50.06227346394847,0
bmi,alt_log_adj,REACTOME_MECP2_REGULATES_NEURONAL_RECEPTORS_AND_CHANNELS,ppgs:bmi,-0.005103285949563593,0.00565686482819771,-0.9021403382533203,0.36698998789802306
bmi,alt_log_adj,REACTOME_MECP2_REGULATES_TRANSCRIPTION_FACTORS,ppgs,0.010563745971487785,0.005759105431427067,1.8342685504318266,0.06662461529487183
bmi,alt_log_adj,REACTOME_MECP2_REGULATES_TRANSCRIPTION_FACTORS,bmi,0.2886410726927209,0.00576158583744656,50.09750454757468,0
bmi,alt_log_adj,REACTOME_MECP2_REGULATES_TRANSCRIPTION_FACTORS,ppgs:bmi,0.010375649789556433,0.005743053959694774,1.8066432707011981,0.07082851764771324
bmi,alt_log_adj,REACTOME_MECP2_REGULATES_TRANSCRIPTION_OF_NEURONAL_LIGANDS,ppgs,-0.0010507415328550257,0.005924828968586699,-0.17734546236288543,0.8592383099541567
bmi,alt_log_adj,REACTOME_MECP2_REGULATES_TRANSCRIPTION_OF_NEURONAL_LIGANDS,bmi,0.28845749851524427,0.005761365597660171,50.06755666267625,0
bmi,alt_log_adj,REACTOME_MECP2_REGULATES_TRANSCRIPTION_OF_NEURONAL_LIGANDS,ppgs:bmi,-0.010112609356603455,0.005880764775521498,-1.7196078643881285,0.08551466115075039
bmi,alt_log_adj,REACTOME_MEIOSIS,ppgs,0.0035556771301523855,0.005738133613339383,0.6196574304032478,0.535488328023348
bmi,alt_log_adj,REACTOME_MEIOSIS,bmi,0.28846057003235565,0.005761470726298672,50.06717620132225,0
bmi,alt_log_adj,REACTOME_MEIOSIS,ppgs:bmi,0.01095894117973043,0.005767988280570186,1.8999589885864159,0.05744863918564797
bmi,alt_log_adj,REACTOME_MEIOTIC_RECOMBINATION,ppgs,0.009855504786941317,0.005854759443678212,1.6833321474177705,0.0923218213956499
bmi,alt_log_adj,REACTOME_MEIOTIC_RECOMBINATION,bmi,0.28843482046529356,0.005761782760577337,50.059995742774596,0
bmi,alt_log_adj,REACTOME_MEIOTIC_RECOMBINATION,ppgs:bmi,-0.002523739674384117,0.005908281422350154,-0.4271529221403001,0.6692711926922745
bmi,alt_log_adj,REACTOME_MEIOTIC_SYNAPSIS,ppgs,0.0029176867625990838,0.005721897572319724,0.5099159371034004,0.6101143259509108
bmi,alt_log_adj,REACTOME_MEIOTIC_SYNAPSIS,bmi,0.28846713514846695,0.0057614215060685,50.06874342462616,0
bmi,alt_log_adj,REACTOME_MEIOTIC_SYNAPSIS,ppgs:bmi,0.012415366451726676,0.005776038818156304,2.149460355546853,0.03160636254389015
bmi,alt_log_adj,REACTOME_MELANIN_BIOSYNTHESIS,ppgs,-0.006240409787790398,0.005722383862025805,-1.0905262453996234,0.27549066785265025
bmi,alt_log_adj,REACTOME_MELANIN_BIOSYNTHESIS,bmi,0.28852872585546885,0.005761899125640857,50.07528239630154,0
bmi,alt_log_adj,REACTOME_MELANIN_BIOSYNTHESIS,ppgs:bmi,-0.006958432959152745,0.005750728857071808,-1.2100088757611644,0.22628557670353322
bmi,alt_log_adj,REACTOME_MEMBRANE_TRAFFICKING,ppgs,0.016964061615784155,0.005751555778357877,2.9494735458564145,0.0031857577277983836
bmi,alt_log_adj,REACTOME_MEMBRANE_TRAFFICKING,bmi,0.28862189543831684,0.005760957660304946,50.09963836863872,0
bmi,alt_log_adj,REACTOME_MEMBRANE_TRAFFICKING,ppgs:bmi,0.007563222401337255,0.005789826773268197,1.3062951099429914,0.19146281797976739
bmi,alt_log_adj,REACTOME_METABOLIC_DISORDERS_OF_BIOLOGICAL_OXIDATION_ENZYMES,ppgs,0.004944137279678031,0.005696429377492231,0.8679362021432827,0.3854366062725497
bmi,alt_log_adj,REACTOME_METABOLIC_DISORDERS_OF_BIOLOGICAL_OXIDATION_ENZYMES,bmi,0.2884859621900092,0.005761781272328036,50.06888469986072,0
bmi,alt_log_adj,REACTOME_METABOLIC_DISORDERS_OF_BIOLOGICAL_OXIDATION_ENZYMES,ppgs:bmi,-0.004488430840177573,0.005733943156719398,-0.7827825839043671,0.43376133544779516
bmi,alt_log_adj,REACTOME_METABOLISM_OF_AMINE_DERIVED_HORMONES,ppgs,0.002368464787445315,0.00567331951017589,0.4174742464613782,0.6763347193705547
bmi,alt_log_adj,REACTOME_METABOLISM_OF_AMINE_DERIVED_HORMONES,bmi,0.2883793069076809,0.005761330408778556,50.05429066666207,0
bmi,alt_log_adj,REACTOME_METABOLISM_OF_AMINE_DERIVED_HORMONES,ppgs:bmi,-0.009570374541239393,0.005668218396299513,-1.6884272750477285,0.09134023726804123
bmi,alt_log_adj,REACTOME_METABOLISM_OF_AMINO_ACIDS_AND_DERIVATIVES,ppgs,0.005066275389316203,0.005720631774705435,0.8856146644007818,0.37583271874579605
bmi,alt_log_adj,REACTOME_METABOLISM_OF_AMINO_ACIDS_AND_DERIVATIVES,bmi,0.28840974433311206,0.00576144135519922,50.05860973883668,0
bmi,alt_log_adj,REACTOME_METABOLISM_OF_AMINO_ACIDS_AND_DERIVATIVES,ppgs:bmi,0.005137500652193182,0.005781002695612055,0.8886867767926644,0.37417898017431606
bmi,alt_log_adj,REACTOME_METABOLISM_OF_ANGIOTENSINOGEN_TO_ANGIOTENSINS,ppgs,0.0014270739010917484,0.0056948492456445725,0.25059028598222793,0.8021327088778724
bmi,alt_log_adj,REACTOME_METABOLISM_OF_ANGIOTENSINOGEN_TO_ANGIOTENSINS,bmi,0.2884364648292732,0.005762848087084815,50.05102693504822,0
bmi,alt_log_adj,REACTOME_METABOLISM_OF_ANGIOTENSINOGEN_TO_ANGIOTENSINS,ppgs:bmi,2.501006381862401e-4,0.005752485440897945,0.04347697021675559,0.9653216284820727
bmi,alt_log_adj,REACTOME_METABOLISM_OF_CARBOHYDRATES_AND_CARBOHYDRATE_DERIVATIVES,ppgs,0.002533080502290657,0.005702531035643583,0.4442028436947868,0.6568993272496723
bmi,alt_log_adj,REACTOME_METABOLISM_OF_CARBOHYDRATES_AND_CARBOHYDRATE_DERIVATIVES,bmi,0.28841360764193724,0.005762183684585182,50.05283125796433,0
bmi,alt_log_adj,REACTOME_METABOLISM_OF_CARBOHYDRATES_AND_CARBOHYDRATE_DERIVATIVES,ppgs:bmi,-3.6478843165626246e-5,0.005732771253117365,-0.006363212756097636,0.9949229698225803
bmi,alt_log_adj,REACTOME_METABOLISM_OF_COFACTORS,ppgs,0.008389213908570505,0.005707993689152538,1.4697307610051065,0.14164578574895195
bmi,alt_log_adj,REACTOME_METABOLISM_OF_COFACTORS,bmi,0.2885195176426511,0.005763026367439124,50.06388991603009,0
bmi,alt_log_adj,REACTOME_METABOLISM_OF_COFACTORS,ppgs:bmi,0.001835644231384774,0.0059123945029118654,0.31047390874893677,0.7562028801739823
bmi,alt_log_adj,REACTOME_METABOLISM_OF_FAT_SOLUBLE_VITAMINS,ppgs,-0.007108609990877599,0.0057024023644368675,-1.2465991588405914,0.21255481071511179
bmi,alt_log_adj,REACTOME_METABOLISM_OF_FAT_SOLUBLE_VITAMINS,bmi,0.28838512528896376,0.0057615222900497445,50.053633531368995,0
bmi,alt_log_adj,REACTOME_METABOLISM_OF_FAT_SOLUBLE_VITAMINS,ppgs:bmi,-0.0019526862616987344,0.005736260304420856,-0.34041102705778997,0.7335495380384709
bmi,alt_log_adj,REACTOME_METABOLISM_OF_FOLATE_AND_PTERINES,ppgs,-0.00191556269796221,0.00571856779841658,-0.3349724556020149,0.7376483428018605
bmi,alt_log_adj,REACTOME_METABOLISM_OF_FOLATE_AND_PTERINES,bmi,0.2882646282269265,0.005763190974985596,50.018232864068324,0
bmi,alt_log_adj,REACTOME_METABOLISM_OF_FOLATE_AND_PTERINES,ppgs:bmi,-0.0059490808309737506,0.005812211487928433,-1.0235485827261424,0.3060572759001287
bmi,alt_log_adj,REACTOME_METABOLISM_OF_INGESTED_SEMET_SEC_MESEC_INTO_H2SE,ppgs,0.0067660659848970675,0.0057593287467190835,1.1748011413225008,0.24008415136323205
bmi,alt_log_adj,REACTOME_METABOLISM_OF_INGESTED_SEMET_SEC_MESEC_INTO_H2SE,bmi,0.28843058768875784,0.005761457676942245,50.06208564944895,0
bmi,alt_log_adj,REACTOME_METABOLISM_OF_INGESTED_SEMET_SEC_MESEC_INTO_H2SE,ppgs:bmi,-0.0031756668695421576,0.005772365507084139,-0.5501499975434366,0.5822208309204984
bmi,alt_log_adj,REACTOME_METABOLISM_OF_LIPIDS,ppgs,0.07163287343768521,0.0056803333582241215,12.610681261157575,2.3091675420988478e-36
bmi,alt_log_adj,REACTOME_METABOLISM_OF_LIPIDS,bmi,0.28898434980502646,0.005741225859934144,50.33495578387528,0
bmi,alt_log_adj,REACTOME_METABOLISM_OF_LIPIDS,ppgs:bmi,0.039448230938765795,0.005773264603308925,6.832915802292552,8.48882043617921e-12
bmi,alt_log_adj,REACTOME_METABOLISM_OF_NITRIC_OXIDE_NOS3_ACTIVATION_AND_REGULATION,ppgs,0.0024873201352871603,0.005698781679071748,0.4364652438645992,0.6625025349318046
bmi,alt_log_adj,REACTOME_METABOLISM_OF_NITRIC_OXIDE_NOS3_ACTIVATION_AND_REGULATION,bmi,0.28839377361289015,0.0057615651188645456,50.054762493029855,0
bmi,alt_log_adj,REACTOME_METABOLISM_OF_NITRIC_OXIDE_NOS3_ACTIVATION_AND_REGULATION,ppgs:bmi,-0.004925511289226702,0.005708370274415977,-0.8628577076196465,0.3882230056455197
bmi,alt_log_adj,REACTOME_METABOLISM_OF_NUCLEOTIDES,ppgs,0.004512357230062386,0.005774770658078822,0.7813915906339349,0.4345787411573292
bmi,alt_log_adj,REACTOME_METABOLISM_OF_NUCLEOTIDES,bmi,0.2884567164046809,0.005761754500965874,50.06404149227902,0
bmi,alt_log_adj,REACTOME_METABOLISM_OF_NUCLEOTIDES,ppgs:bmi,-0.003918841346192191,0.005815626968416847,-0.6738467524609808,0.5004142419929494
bmi,alt_log_adj,REACTOME_METABOLISM_OF_POLYAMINES,ppgs,-0.012541290152166462,0.005685881299660849,-2.2056897587563995,0.027413723319495438
bmi,alt_log_adj,REACTOME_METABOLISM_OF_POLYAMINES,bmi,0.28828148857711433,0.005761849433565719,50.03280490075413,0
bmi,alt_log_adj,REACTOME_METABOLISM_OF_POLYAMINES,ppgs:bmi,-0.003908495515342424,0.005839544260295342,-0.6693151624720706,0.5032999075678845
bmi,alt_log_adj,REACTOME_METABOLISM_OF_PORPHYRINS,ppgs,0.023377319014267435,0.005698936145089591,4.102049649110418,4.106491815726966e-5
bmi,alt_log_adj,REACTOME_METABOLISM_OF_PORPHYRINS,bmi,0.28851747472336275,0.005761323938143721,50.078328839173395,0
bmi,alt_log_adj,REACTOME_METABOLISM_OF_PORPHYRINS,ppgs:bmi,-0.005670612673700994,0.005567317033237659,-1.018553935377965,0.3084234753057164
bmi,alt_log_adj,REACTOME_METABOLISM_OF_RNA,ppgs,0.02295504556650945,0.0056838204026219375,4.03866483112667,5.389771989529828e-5
bmi,alt_log_adj,REACTOME_METABOLISM_OF_RNA,bmi,0.2884470597428875,0.00575940187357064,50.082815208041694,0
bmi,alt_log_adj,REACTOME_METABOLISM_OF_RNA,ppgs:bmi,0.013620503097025678,0.005707377133017231,2.3864732922993537,0.017017362196186596
bmi,alt_log_adj,REACTOME_METABOLISM_OF_STEROIDS,ppgs,0.01753641041146098,0.0057115715884161694,3.0703301429377445,0.002140244707430137
bmi,alt_log_adj,REACTOME_METABOLISM_OF_STEROIDS,bmi,0.2886803439451607,0.005761274415625226,50.10702895217541,0
bmi,alt_log_adj,REACTOME_METABOLISM_OF_STEROIDS,ppgs:bmi,0.005347873721801828,0.005779661935970085,0.9252917871405253,0.35482202619766823
bmi,alt_log_adj,REACTOME_METABOLISM_OF_STEROID_HORMONES,ppgs,-0.0040394456032938975,0.0057125620332297,-0.707116278089697,0.47950003341254444
bmi,alt_log_adj,REACTOME_METABOLISM_OF_STEROID_HORMONES,bmi,0.288398878893647,0.005762222908291153,50.04993445822364,0
bmi,alt_log_adj,REACTOME_METABOLISM_OF_STEROID_HORMONES,ppgs:bmi,0.002382557728699584,0.00579589157352267,0.4110770014373294,0.6810191807165451
bmi,alt_log_adj,REACTOME_METABOLISM_OF_VITAMINS_AND_COFACTORS,ppgs,0.016166000941708607,0.005705988285098811,2.833164060978905,0.0046122250854533685
bmi,alt_log_adj,REACTOME_METABOLISM_OF_VITAMINS_AND_COFACTORS,bmi,0.28818162959206295,0.005761486717157438,50.01862257772313,0
bmi,alt_log_adj,REACTOME_METABOLISM_OF_VITAMINS_AND_COFACTORS,ppgs:bmi,4.099574634166514e-6,0.005726837177412854,7.158531851290612e-4,0.9994288368816572
bmi,alt_log_adj,REACTOME_METABOLISM_OF_WATER_SOLUBLE_VITAMINS_AND_COFACTORS,ppgs,0.016147220445259826,0.0057054491886599805,2.830140083861174,0.004656033653774998
bmi,alt_log_adj,REACTOME_METABOLISM_OF_WATER_SOLUBLE_VITAMINS_AND_COFACTORS,bmi,0.2881786940531955,0.005761535084950608,50.017693167560736,0
bmi,alt_log_adj,REACTOME_METABOLISM_OF_WATER_SOLUBLE_VITAMINS_AND_COFACTORS,ppgs:bmi,-2.407680187468662e-4,0.0057294145246583475,-0.04202314524645492,0.9664805431295092
bmi,alt_log_adj,REACTOME_METALLOPROTEASE_DUBS,ppgs,0.004344660877390907,0.005694859937008639,0.7629091716824634,0.4455239142815034
bmi,alt_log_adj,REACTOME_METALLOPROTEASE_DUBS,bmi,0.2883813718833494,0.00576163986434437,50.05196066973633,0
bmi,alt_log_adj,REACTOME_METALLOPROTEASE_DUBS,ppgs:bmi,0.002565614463248451,0.005667759512646332,0.45266819411159886,0.650791149695519
bmi,alt_log_adj,REACTOME_METALLOTHIONEINS_BIND_METALS,ppgs,0.008754311340973132,0.005749355875679462,1.5226594996502183,0.12785506984232436
bmi,alt_log_adj,REACTOME_METALLOTHIONEINS_BIND_METALS,bmi,0.2885709786433116,0.005762733786039424,50.07536168725901,0
bmi,alt_log_adj,REACTOME_METALLOTHIONEINS_BIND_METALS,ppgs:bmi,0.002456046877240618,0.005772950129131121,0.4254405152137135,0.6705188059202245
bmi,alt_log_adj,REACTOME_METAL_ION_SLC_TRANSPORTERS,ppgs,-0.002977029021249451,0.005705340539523392,-0.5217969025032366,0.6018158233146702
bmi,alt_log_adj,REACTOME_METAL_ION_SLC_TRANSPORTERS,bmi,0.2884257181141046,0.005761632489508071,50.05972155275916,0
bmi,alt_log_adj,REACTOME_METAL_ION_SLC_TRANSPORTERS,ppgs:bmi,-0.0027278124130452504,0.005616518480359248,-0.48567674487038665,0.6272001279030148
bmi,alt_log_adj,REACTOME_METAL_SEQUESTRATION_BY_ANTIMICROBIAL_PROTEINS,ppgs,0.007774868025099345,0.00573943662074441,1.3546395820450645,0.1755432119430412
bmi,alt_log_adj,REACTOME_METAL_SEQUESTRATION_BY_ANTIMICROBIAL_PROTEINS,bmi,0.28841944399991387,0.005762208617128833,50.05362755221213,0
bmi,alt_log_adj,REACTOME_METAL_SEQUESTRATION_BY_ANTIMICROBIAL_PROTEINS,ppgs:bmi,-0.004996291868426214,0.005789966499151639,-0.8629224139998536,0.38818742642532245
bmi,alt_log_adj,REACTOME_METHIONINE_SALVAGE_PATHWAY,ppgs,0.0034892168726571473,0.005682229994905749,0.6140576632387832,0.53918215110450185
bmi,alt_log_adj,REACTOME_METHIONINE_SALVAGE_PATHWAY,bmi,0.28838024374416366,0.005762154779075891,50.04729216774229,0
bmi,alt_log_adj,REACTOME_METHIONINE_SALVAGE_PATHWAY,ppgs:bmi,0.0038559586378927725,0.005587314707712479,0.6901273401639932,0.49011976106311506
bmi,alt_log_adj,REACTOME_METHYLATION,ppgs,0.01116210106668037,0.005724004969607797,1.9500509042089782,0.05117989558866507
bmi,alt_log_adj,REACTOME_METHYLATION,bmi,0.288356913766603,0.0057610365021220486,50.052957251770266,0
bmi,alt_log_adj,REACTOME_METHYLATION,ppgs:bmi,0.008457618512544675,0.005708805550147021,1.4815040446292418,0.13848342272481592
bmi,alt_log_adj,REACTOME_MET_ACTIVATES_PI3K_AKT_SIGNALING,ppgs,0.0011422498026344159,0.005683026871115044,0.20099320811592428,0.8407053268363259
bmi,alt_log_adj,REACTOME_MET_ACTIVATES_PI3K_AKT_SIGNALING,bmi,0.2884753354686498,0.005761870391074758,50.06626596729828,0
bmi,alt_log_adj,REACTOME_MET_ACTIVATES_PI3K_AKT_SIGNALING,ppgs:bmi,-0.008825324818686284,0.00557369086621339,-1.5833897197606805,0.11334381991306733
bmi,alt_log_adj,REACTOME_MET_ACTIVATES_PTK2_SIGNALING,ppgs,0.01252602313028183,0.005706546649641855,2.195026852372786,0.028169750481300205
bmi,alt_log_adj,REACTOME_MET_ACTIVATES_PTK2_SIGNALING,bmi,0.28843965753068973,0.005761541365651915,50.06293268156601,0
bmi,alt_log_adj,REACTOME_MET_ACTIVATES_PTK2_SIGNALING,ppgs:bmi,0.004060925833478764,0.005818657113108378,0.6979146140662311,0.4852363187598928
bmi,alt_log_adj,REACTOME_MET_ACTIVATES_PTPN11,ppgs,0.007962532311151755,0.005710639193878268,1.3943329355648117,0.16322801687814234
bmi,alt_log_adj,REACTOME_MET_ACTIVATES_PTPN11,bmi,0.2883739415005361,0.005761565389361813,50.05131800343555,0
bmi,alt_log_adj,REACTOME_MET_ACTIVATES_PTPN11,ppgs:bmi,-0.0027482023516604104,0.005688153359477657,-0.4831449115346597,0.6289965783147414
bmi,alt_log_adj,REACTOME_MET_ACTIVATES_RAP1_AND_RAC1,ppgs,0.009810539417784194,0.005703420917268495,1.7201149205173334,0.08542246808340438
bmi,alt_log_adj,REACTOME_MET_ACTIVATES_RAP1_AND_RAC1,bmi,0.2883810063888496,0.005761368731105533,50.05425270420298,0
bmi,alt_log_adj,REACTOME_MET_ACTIVATES_RAP1_AND_RAC1,ppgs:bmi,0.0017770208934883827,0.005714372070304551,0.3109739568277141,0.7558227066584173
bmi,alt_log_adj,REACTOME_MET_ACTIVATES_RAS_SIGNALING,ppgs,0.0035803377794745065,0.005677234907635565,0.6306481654756175,0.5282756821437595
bmi,alt_log_adj,REACTOME_MET_ACTIVATES_RAS_SIGNALING,bmi,0.28842694287145515,0.005761774191120002,50.05870298006061,0
bmi,alt_log_adj,REACTOME_MET_ACTIVATES_RAS_SIGNALING,ppgs:bmi,0.0023699732678266333,0.005722160337928727,0.4141745648260709,0.6787494015810194
bmi,alt_log_adj,REACTOME_MET_INTERACTS_WITH_TNS_PROTEINS,ppgs,0.0038533973131249268,0.005669775433822551,0.6796384368484546,0.4967389751674133
bmi,alt_log_adj,REACTOME_MET_INTERACTS_WITH_TNS_PROTEINS,bmi,0.2884550860172658,0.005762286911837436,50.05913284614378,0
bmi,alt_log_adj,REACTOME_MET_INTERACTS_WITH_TNS_PROTEINS,ppgs:bmi,-0.004585482925509085,0.005647484443146804,-0.8119514045007326,0.4168263342222671
bmi,alt_log_adj,REACTOME_MET_PROMOTES_CELL_MOTILITY,ppgs,0.020388789576393774,0.005706159796810762,3.5731192785363812,3.533389383386868e-4
bmi,alt_log_adj,REACTOME_MET_PROMOTES_CELL_MOTILITY,bmi,0.2885086697401031,0.005760466566607754,50.084253836751486,0
bmi,alt_log_adj,REACTOME_MET_PROMOTES_CELL_MOTILITY,ppgs:bmi,0.009963746750394265,0.005754633227074236,1.7314303722289566,0.08338591307187562
bmi,alt_log_adj,REACTOME_MET_RECEPTOR_ACTIVATION,ppgs,0.002050998214940649,0.005673174557337893,0.36152566683988463,0.7177092156404367
bmi,alt_log_adj,REACTOME_MET_RECEPTOR_ACTIVATION,bmi,0.2884570565117616,0.005761939471088919,50.062493359939374,0
bmi,alt_log_adj,REACTOME_MET_RECEPTOR_ACTIVATION,ppgs:bmi,-0.0070816843753573585,0.005599453180650481,-1.2647099898663121,0.20598570453613177
bmi,alt_log_adj,REACTOME_MET_RECEPTOR_RECYCLING,ppgs,0.0027087027800614585,0.005678935481368474,0.47697368440761584,0.6333845375411057
bmi,alt_log_adj,REACTOME_MET_RECEPTOR_RECYCLING,bmi,0.28840702648977934,0.00576213778313502,50.052087843839274,0
bmi,alt_log_adj,REACTOME_MET_RECEPTOR_RECYCLING,ppgs:bmi,-0.0023916046575297866,0.005589251476672004,-0.42789355023864745,0.6687318735860477
bmi,alt_log_adj,REACTOME_MHC_CLASS_II_ANTIGEN_PRESENTATION,ppgs,-0.0037995690844846736,0.005737134846233908,-0.6622764125857818,0.5077994745216703
bmi,alt_log_adj,REACTOME_MHC_CLASS_II_ANTIGEN_PRESENTATION,bmi,0.2883977673713063,0.00576183766603463,50.053087936055185,0
bmi,alt_log_adj,REACTOME_MHC_CLASS_II_ANTIGEN_PRESENTATION,ppgs:bmi,0.0017149382732740998,0.005760356077591742,0.297713934724513,0.7659236887471219
bmi,alt_log_adj,REACTOME_MICRORNA_MIRNA_BIOGENESIS,ppgs,7.115295406954919e-4,0.005987518918220382,0.11883545595660072,0.9054065599396661
bmi,alt_log_adj,REACTOME_MICRORNA_MIRNA_BIOGENESIS,bmi,0.2884645248474145,0.0057611525086401095,50.07062812775722,0
bmi,alt_log_adj,REACTOME_MICRORNA_MIRNA_BIOGENESIS,ppgs:bmi,-0.013819246041333094,0.006011694424729197,-2.2987272913419243,0.021527668742099985
bmi,alt_log_adj,REACTOME_MINERALOCORTICOID_BIOSYNTHESIS,ppgs,0.0020817761435201233,0.005700817299958625,0.36517152435936373,0.7149860973098108
bmi,alt_log_adj,REACTOME_MINERALOCORTICOID_BIOSYNTHESIS,bmi,0.2883477386725267,0.0057619815806456655,50.04315522997829,0
bmi,alt_log_adj,REACTOME_MINERALOCORTICOID_BIOSYNTHESIS,ppgs:bmi,0.005592995581006266,0.0056439514176133375,0.9909716025463913,0.32170790509181524
bmi,alt_log_adj,REACTOME_MIRO_GTPASE_CYCLE,ppgs,0.0043246529757348965,0.005717882758774096,0.7563381688962951,0.4494527542859805
bmi,alt_log_adj,REACTOME_MIRO_GTPASE_CYCLE,bmi,0.28837619584204155,0.0057615342497686906,50.05197979229561,0
bmi,alt_log_adj,REACTOME_MIRO_GTPASE_CYCLE,ppgs:bmi,-0.005705501975657907,0.005747212625031154,-0.9927424558486696,0.32084395273246946
bmi,alt_log_adj,REACTOME_MISCELLANEOUS_SUBSTRATES,ppgs,-0.006337268979260567,0.005750770263137461,-1.101986114778845,0.2704770640412257
bmi,alt_log_adj,REACTOME_MISCELLANEOUS_SUBSTRATES,bmi,0.2883895732946594,0.0057618599885290245,50.051471897755,0
bmi,alt_log_adj,REACTOME_MISCELLANEOUS_SUBSTRATES,ppgs:bmi,0.001427086152746426,0.005846171216582972,0.2441061166149943,0.8071504020246123
bmi,alt_log_adj,REACTOME_MISCELLANEOUS_TRANSPORT_AND_BINDING_EVENTS,ppgs,0.013448010428548682,0.005742423152481976,2.3418703344312437,0.019194264633836895
bmi,alt_log_adj,REACTOME_MISCELLANEOUS_TRANSPORT_AND_BINDING_EVENTS,bmi,0.2884771299678703,0.005761723584744114,50.06785308682626,0
bmi,alt_log_adj,REACTOME_MISCELLANEOUS_TRANSPORT_AND_BINDING_EVENTS,ppgs:bmi,-0.00543753361997177,0.00577319845980708,-0.9418580805471692,0.34627333049569853
bmi,alt_log_adj,REACTOME_MISMATCH_REPAIR,ppgs,-0.0010354219325566048,0.0056743616463126095,-0.18247372957440186,0.8552122738231117
bmi,alt_log_adj,REACTOME_MISMATCH_REPAIR,bmi,0.28841840798535107,0.0057616035913550965,50.05870386815638,0
bmi,alt_log_adj,REACTOME_MISMATCH_REPAIR,ppgs:bmi,-0.0013769557978585544,0.00564778581723608,-0.24380453551484194,0.8073839717575585
bmi,alt_log_adj,REACTOME_MITF_M_DEPENDENT_GENE_EXPRESSION,ppgs,0.008274942137476449,0.005665448306216403,1.4605979421605142,0.14413689400474555
bmi,alt_log_adj,REACTOME_MITF_M_DEPENDENT_GENE_EXPRESSION,bmi,0.288410526028921,0.00576133669781617,50.05965475655029,0
bmi,alt_log_adj,REACTOME_MITF_M_DEPENDENT_GENE_EXPRESSION,ppgs:bmi,0.006693925738938309,0.005783312500771402,1.157455305769046,0.24709614176748526
bmi,alt_log_adj,REACTOME_MITF_M_REGULATED_MELANOCYTE_DEVELOPMENT,ppgs,0.009932232844722909,0.005665246158610154,1.7531864576842267,0.07958081450287122
bmi,alt_log_adj,REACTOME_MITF_M_REGULATED_MELANOCYTE_DEVELOPMENT,bmi,0.28843032351063314,0.005761256703595319,50.06378614072826,0
bmi,alt_log_adj,REACTOME_MITF_M_REGULATED_MELANOCYTE_DEVELOPMENT,ppgs:bmi,0.007411391525657622,0.005768148715986383,1.2848821850097247,0.1988439555630021
bmi,alt_log_adj,REACTOME_MITOCHONDRIAL_BIOGENESIS,ppgs,-0.001586539171612567,0.005716278488843515,-0.2775475643303632,0.781361712592148
bmi,alt_log_adj,REACTOME_MITOCHONDRIAL_BIOGENESIS,bmi,0.2884289911475442,0.005761455303392198,50.061829166274116,0
bmi,alt_log_adj,REACTOME_MITOCHONDRIAL_BIOGENESIS,ppgs:bmi,-0.007298977435850215,0.005753178665925221,-1.268686035961374,0.20456348232670513
bmi,alt_log_adj,REACTOME_MITOCHONDRIAL_CALCIUM_ION_TRANSPORT,ppgs,0.008996449432556303,0.005704533053796361,1.5770702610916025,0.11479051746073775
bmi,alt_log_adj,REACTOME_MITOCHONDRIAL_CALCIUM_ION_TRANSPORT,bmi,0.2883420895319726,0.005761732940933558,50.04433431537237,0
bmi,alt_log_adj,REACTOME_MITOCHONDRIAL_CALCIUM_ION_TRANSPORT,ppgs:bmi,-8.788271052574075e-4,0.005733119304083743,-0.15328951983110006,0.8781710560346061
bmi,alt_log_adj,REACTOME_MITOCHONDRIAL_FATTY_ACID_BETA_OXIDATION,ppgs,0.016247767964648982,0.005702978499256094,2.848996882377931,0.004388889161028694
bmi,alt_log_adj,REACTOME_MITOCHONDRIAL_FATTY_ACID_BETA_OXIDATION,bmi,0.28817343339222934,0.005761769819902176,50.01474241418447,0
bmi,alt_log_adj,REACTOME_MITOCHONDRIAL_FATTY_ACID_BETA_OXIDATION,ppgs:bmi,-0.0013825689885852966,0.00570145119232682,-0.24249422505729742,0.8083989853847263
bmi,alt_log_adj,REACTOME_MITOCHONDRIAL_FATTY_ACID_BETA_OXIDATION_OF_SATURATED_FATTY_ACIDS,ppgs,0.010149368099636492,0.005694396019616505,1.7823432133404753,0.0747039793644034
bmi,alt_log_adj,REACTOME_MITOCHONDRIAL_FATTY_ACID_BETA_OXIDATION_OF_SATURATED_FATTY_ACIDS,bmi,0.2883694507642891,0.005761803154948602,50.04847319655812,0
bmi,alt_log_adj,REACTOME_MITOCHONDRIAL_FATTY_ACID_BETA_OXIDATION_OF_SATURATED_FATTY_ACIDS,ppgs:bmi,-0.001174753797171698,0.005657247948676113,-0.2076546419441646,0.8355001277346433
bmi,alt_log_adj,REACTOME_MITOCHONDRIAL_FATTY_ACID_BETA_OXIDATION_OF_UNSATURATED_FATTY_ACIDS,ppgs,0.00682982241074667,0.005704277444531038,1.1973159575705326,0.23119343869580516
bmi,alt_log_adj,REACTOME_MITOCHONDRIAL_FATTY_ACID_BETA_OXIDATION_OF_UNSATURATED_FATTY_ACIDS,bmi,0.28842267770361546,0.005761692002997686,50.05867678340933,0
bmi,alt_log_adj,REACTOME_MITOCHONDRIAL_FATTY_ACID_BETA_OXIDATION_OF_UNSATURATED_FATTY_ACIDS,ppgs:bmi,-3.652353707515434e-4,0.00573964249900426,-0.06363381879880256,0.9492622514560245
bmi,alt_log_adj,REACTOME_MITOCHONDRIAL_IRON_SULFUR_CLUSTER_BIOGENESIS,ppgs,0.003656575152560375,0.005816531687139511,0.6286521503261383,0.5295818757046087
bmi,alt_log_adj,REACTOME_MITOCHONDRIAL_IRON_SULFUR_CLUSTER_BIOGENESIS,bmi,0.28844579274196036,0.00576178223492591,50.06190462969995,0
bmi,alt_log_adj,REACTOME_MITOCHONDRIAL_IRON_SULFUR_CLUSTER_BIOGENESIS,ppgs:bmi,7.475766862041856e-4,0.005855545511847797,0.12766986179026002,0.8984111472585545
bmi,alt_log_adj,REACTOME_MITOCHONDRIAL_PROTEIN_DEGRADATION,ppgs,0.014460593787526389,0.005704862359325022,2.534783992446281,0.0112569997471337
bmi,alt_log_adj,REACTOME_MITOCHONDRIAL_PROTEIN_DEGRADATION,bmi,0.2882234453089865,0.005762519354044854,50.016915796851144,0
bmi,alt_log_adj,REACTOME_MITOCHONDRIAL_PROTEIN_DEGRADATION,ppgs:bmi,-0.004505962109997995,0.005691050076782676,-0.7917628643579521,0.4285055842221872
bmi,alt_log_adj,REACTOME_MITOCHONDRIAL_PROTEIN_IMPORT,ppgs,0.0026298157084734953,0.005718070713349166,0.4599131141092815,0.6455821139576517
bmi,alt_log_adj,REACTOME_MITOCHONDRIAL_PROTEIN_IMPORT,bmi,0.28862741997448604,0.005762450098121666,50.08762159494749,0
bmi,alt_log_adj,REACTOME_MITOCHONDRIAL_PROTEIN_IMPORT,ppgs:bmi,0.011034061850896192,0.005912239276366846,1.8663084044996192,0.06200854715503327
bmi,alt_log_adj,REACTOME_MITOCHONDRIAL_RNA_DEGRADATION,ppgs,0.0038467390782886937,0.005698069249356468,0.6750951787262219,0.49962080264418396
bmi,alt_log_adj,REACTOME_MITOCHONDRIAL_RNA_DEGRADATION,bmi,0.28837983487273094,0.00576163785074964,50.05171139578135,0
bmi,alt_log_adj,REACTOME_MITOCHONDRIAL_RNA_DEGRADATION,ppgs:bmi,0.003550759793132033,0.005609610330384611,0.6329779760100702,0.5267531312810323
bmi,alt_log_adj,REACTOME_MITOCHONDRIAL_TRANSLATION,ppgs,0.010311402471029959,0.005719091294530341,1.802979169241736,0.07140210133663995
bmi,alt_log_adj,REACTOME_MITOCHONDRIAL_TRANSLATION,bmi,0.28874267497606304,0.005762397760985249,50.10807773996742,0
bmi,alt_log_adj,REACTOME_MITOCHONDRIAL_TRANSLATION,ppgs:bmi,0.010979501612806305,0.005844695137179876,1.8785413704407556,0.060317396828023534
bmi,alt_log_adj,REACTOME_MITOCHONDRIAL_TRNA_AMINOACYLATION,ppgs,-0.016820188382666464,0.005727620127407224,-2.936680158340148,0.003320127278659496
bmi,alt_log_adj,REACTOME_MITOCHONDRIAL_TRNA_AMINOACYLATION,bmi,0.2884955848343246,0.005761056001755848,50.076858261123874,0
bmi,alt_log_adj,REACTOME_MITOCHONDRIAL_TRNA_AMINOACYLATION,ppgs:bmi,0.007823995881056433,0.0057384911322644885,1.3634238863010972,0.17275978480134996
bmi,alt_log_adj,REACTOME_MITOCHONDRIAL_UNCOUPLING,ppgs,-0.004167606265264907,0.005817756575463747,-0.7163596845632368,0.47377518307714717
bmi,alt_log_adj,REACTOME_MITOCHONDRIAL_UNCOUPLING,bmi,0.288588423898201,0.005761588796641447,50.088340921938986,0
bmi,alt_log_adj,REACTOME_MITOCHONDRIAL_UNCOUPLING,ppgs:bmi,-0.013041979322210932,0.0057014109520551245,-2.2875003103415716,0.022173968225855382
bmi,alt_log_adj,REACTOME_MITOCHONDRIAL_UNFOLDED_PROTEIN_RESPONSE_UPRMT,ppgs,0.004327801687121657,0.0056888067887791655,0.7607573693059835,0.44680832922900826
bmi,alt_log_adj,REACTOME_MITOCHONDRIAL_UNFOLDED_PROTEIN_RESPONSE_UPRMT,bmi,0.2884243207936067,0.005761258695573743,50.06272692028171,0
bmi,alt_log_adj,REACTOME_MITOCHONDRIAL_UNFOLDED_PROTEIN_RESPONSE_UPRMT,ppgs:bmi,0.010211992846780503,0.00573403234318471,1.7809444097255844,0.07493223772037867
bmi,alt_log_adj,REACTOME_MITOPHAGY,ppgs,0.003775751919146591,0.005704761339698169,0.6618597508842256,0.508066488588129
bmi,alt_log_adj,REACTOME_MITOPHAGY,bmi,0.2884714014924957,0.0057618922516832,50.065393258304276,0
bmi,alt_log_adj,REACTOME_MITOPHAGY,ppgs:bmi,0.006303255419165031,0.005756873177328444,1.0949095498556984,0.2735655673472003
bmi,alt_log_adj,REACTOME_MITOTIC_G1_PHASE_AND_G1_S_TRANSITION,ppgs,-9.607679975179688e-4,0.005794567581332347,-0.16580495162627112,0.8683116316224699
bmi,alt_log_adj,REACTOME_MITOTIC_G1_PHASE_AND_G1_S_TRANSITION,bmi,0.2883395556590931,0.005762069528021606,50.04097126160396,0
bmi,alt_log_adj,REACTOME_MITOTIC_G1_PHASE_AND_G1_S_TRANSITION,ppgs:bmi,-0.005367159838064946,0.005827630563886438,-0.9209849147481984,0.3570661403540364
bmi,alt_log_adj,REACTOME_MITOTIC_G2_G2_M_PHASES,ppgs,0.011782502698611155,0.005694097929853476,2.0692483416621448,0.03853182878237227
bmi,alt_log_adj,REACTOME_MITOTIC_G2_G2_M_PHASES,bmi,0.2884102336805067,0.005761304429051543,50.059884394615544,0
bmi,alt_log_adj,REACTOME_MITOTIC_G2_G2_M_PHASES,ppgs:bmi,0.00318671281406502,0.005642684850198706,0.5647511598938226,0.5722474998133791
bmi,alt_log_adj,REACTOME_MITOTIC_METAPHASE_AND_ANAPHASE,ppgs,0.007569598514363769,0.005671897335675825,1.3345796065016093,0.18202469529721127
bmi,alt_log_adj,REACTOME_MITOTIC_METAPHASE_AND_ANAPHASE,bmi,0.2882092739845413,0.005764289765600736,49.999095414056626,0
bmi,alt_log_adj,REACTOME_MITOTIC_METAPHASE_AND_ANAPHASE,ppgs:bmi,0.005850659317829052,0.0055399157955829245,1.0560917410502682,0.2909353032858044
bmi,alt_log_adj,REACTOME_MITOTIC_PROMETAPHASE,ppgs,0.013037168673878606,0.005689686925154016,2.2913683732300787,0.021949416384248285
bmi,alt_log_adj,REACTOME_MITOTIC_PROMETAPHASE,bmi,0.2883642916182584,0.005761221364545936,50.05263178964578,0
bmi,alt_log_adj,REACTOME_MITOTIC_PROMETAPHASE,ppgs:bmi,0.008659759623627446,0.005650136460974518,1.5326638008551456,0.12536987187665624
bmi,alt_log_adj,REACTOME_MITOTIC_PROPHASE,ppgs,-0.0018009030680220704,0.005698363979040245,-0.3160386164601212,0.7519755241826606
bmi,alt_log_adj,REACTOME_MITOTIC_PROPHASE,bmi,0.28840228415818164,0.00576234655599816,50.049451444043584,0
bmi,alt_log_adj,REACTOME_MITOTIC_PROPHASE,ppgs:bmi,1.826649577387765e-4,0.005549572749202052,0.03291513887533794,0.9737424919928992
bmi,alt_log_adj,REACTOME_MITOTIC_SPINDLE_CHECKPOINT,ppgs,0.0033293922644834213,0.005715468704936364,0.5825230504031761,0.5602190530259445
bmi,alt_log_adj,REACTOME_MITOTIC_SPINDLE_CHECKPOINT,bmi,0.2883049077121783,0.005761671495083801,50.03841471319167,0
bmi,alt_log_adj,REACTOME_MITOTIC_SPINDLE_CHECKPOINT,ppgs:bmi,0.009087035724061046,0.00566944593825414,1.602808426613082,0.10898809707876811
bmi,alt_log_adj,REACTOME_MITOTIC_TELOPHASE_CYTOKINESIS,ppgs,0.029840128416349285,0.005671929916050229,5.261018534786323,1.4429952173525115e-7
bmi,alt_log_adj,REACTOME_MITOTIC_TELOPHASE_CYTOKINESIS,bmi,0.28847513480690967,0.005758310735619948,50.09718093579958,0
bmi,alt_log_adj,REACTOME_MITOTIC_TELOPHASE_CYTOKINESIS,ppgs:bmi,0.013364451328620002,0.005779979192557388,2.3121971348666426,0.02077395061666939
bmi,alt_log_adj,REACTOME_MODULATION_BY_MTB_OF_HOST_IMMUNE_SYSTEM,ppgs,-0.0028014020759922617,0.005693117419709082,-0.49206820612799046,0.6226749377735288
bmi,alt_log_adj,REACTOME_MODULATION_BY_MTB_OF_HOST_IMMUNE_SYSTEM,bmi,0.2884115560438113,0.00576166329417036,50.05699592609405,0
bmi,alt_log_adj,REACTOME_MODULATION_BY_MTB_OF_HOST_IMMUNE_SYSTEM,ppgs:bmi,-0.0015403009468462575,0.005719698986099003,-0.26929755404781996,0.7877026742237725
bmi,alt_log_adj,REACTOME_MODULATION_OF_HOST_RESPONSES_BY_IFN_STIMULATED_GENES,ppgs,-8.161452067026162e-4,0.005682976285070479,-0.14361228443741333,0.8858076604284446
bmi,alt_log_adj,REACTOME_MODULATION_OF_HOST_RESPONSES_BY_IFN_STIMULATED_GENES,bmi,0.28844583551327374,0.00576175360536243,50.06216080549139,0
bmi,alt_log_adj,REACTOME_MODULATION_OF_HOST_RESPONSES_BY_IFN_STIMULATED_GENES,ppgs:bmi,-0.003813387128572808,0.00565579369016135,-0.6742443832784181,0.5001614545729576
bmi,alt_log_adj,REACTOME_MOLECULES_ASSOCIATED_WITH_ELASTIC_FIBRES,ppgs,2.959744920550614e-4,0.005686929444791019,0.05204469211872519,0.958493449190533
bmi,alt_log_adj,REACTOME_MOLECULES_ASSOCIATED_WITH_ELASTIC_FIBRES,bmi,0.28840432281476996,0.005761425976900231,50.057802351552134,0
bmi,alt_log_adj,REACTOME_MOLECULES_ASSOCIATED_WITH_ELASTIC_FIBRES,ppgs:bmi,-0.007652579799470393,0.005704675705274445,-1.3414574631113474,0.17978271768398021
bmi,alt_log_adj,REACTOME_MOLYBDENUM_COFACTOR_BIOSYNTHESIS,ppgs,-5.24381120259982e-4,0.0056828646735538136,-0.09227408189047322,0.926480932186348
bmi,alt_log_adj,REACTOME_MOLYBDENUM_COFACTOR_BIOSYNTHESIS,bmi,0.2884209098339287,0.0057614389574733305,50.060568542483566,0
bmi,alt_log_adj,REACTOME_MOLYBDENUM_COFACTOR_BIOSYNTHESIS,ppgs:bmi,-0.007798021763103695,0.0056637588266327445,-1.3768280044755767,0.16857630329348675
bmi,alt_log_adj,REACTOME_MRNA_CAPPING,ppgs,0.014433881783730573,0.005693031962688554,2.5353593442524995,0.011238529923405877
bmi,alt_log_adj,REACTOME_MRNA_CAPPING,bmi,0.28836999212296244,0.005763293323684629,50.03562649464451,0
bmi,alt_log_adj,REACTOME_MRNA_CAPPING,ppgs:bmi,0.0023517655678110174,0.005599540834574315,0.41999257390714284,0.6744940617250819
bmi,alt_log_adj,REACTOME_MRNA_DECAY_BY_3_TO_5_EXORIBONUCLEASE,ppgs,0.008664736194881862,0.005705940643274709,1.5185465003205962,0.1288878381805387
bmi,alt_log_adj,REACTOME_MRNA_DECAY_BY_3_TO_5_EXORIBONUCLEASE,bmi,0.28841584447634766,0.005761451482756077,50.05958053097751,0
bmi,alt_log_adj,REACTOME_MRNA_DECAY_BY_3_TO_5_EXORIBONUCLEASE,ppgs:bmi,0.0015653253648477362,0.005709731524330463,0.2741504321486097,0.7839710161714838
bmi,alt_log_adj,REACTOME_MRNA_DECAY_BY_5_TO_3_EXORIBONUCLEASE,ppgs,0.008005129113597216,0.00569182670891087,1.4064253047382387,0.1596088321870578
bmi,alt_log_adj,REACTOME_MRNA_DECAY_BY_5_TO_3_EXORIBONUCLEASE,bmi,0.28889213604631386,0.005761486257281721,50.14194656477644,0
bmi,alt_log_adj,REACTOME_MRNA_DECAY_BY_5_TO_3_EXORIBONUCLEASE,ppgs:bmi,0.02010620189861176,0.005670981526449881,3.5454536053124017,3.9256929573569527e-4
bmi,alt_log_adj,REACTOME_MRNA_EDITING,ppgs,-0.006065775635993775,0.005701682917544745,-1.0638570618033973,0.28740251884944396
bmi,alt_log_adj,REACTOME_MRNA_EDITING,bmi,0.2883353307242816,0.005761968221942734,50.04111782953655,0
bmi,alt_log_adj,REACTOME_MRNA_EDITING,ppgs:bmi,-0.0011710566613036583,0.005701277986091639,-0.20540248417292933,0.8372591544126091
bmi,alt_log_adj,REACTOME_MRNA_EDITING_C_TO_U_CONVERSION,ppgs,-0.0021439299705399086,0.005698555169527043,-0.3762234297571688,0.7067536139114258
bmi,alt_log_adj,REACTOME_MRNA_EDITING_C_TO_U_CONVERSION,bmi,0.28841772900468854,0.005761904385388259,50.05597276763104,0
bmi,alt_log_adj,REACTOME_MRNA_EDITING_C_TO_U_CONVERSION,ppgs:bmi,0.003830808761523676,0.0057490575512291545,0.6663368260602375,0.5052012546503851
bmi,alt_log_adj,REACTOME_MRNA_SPLICING,ppgs,0.030273349057890763,0.00567352678601126,5.335896030760483,9.580295120529132e-8
bmi,alt_log_adj,REACTOME_MRNA_SPLICING,bmi,0.28849899519486444,0.00575822276797181,50.10208997115286,0
bmi,alt_log_adj,REACTOME_MRNA_SPLICING,ppgs:bmi,0.013759876024707896,0.005786263187580768,2.378024569335376,0.017412254560185025
bmi,alt_log_adj,REACTOME_MRNA_SPLICING_MINOR_PATHWAY,ppgs,-0.0011244132773758518,0.005703675124228214,-0.1971383805854476,0.8437206626961269
bmi,alt_log_adj,REACTOME_MRNA_SPLICING_MINOR_PATHWAY,bmi,0.28842615801598376,0.005761718474941125,50.059050831866784,0
bmi,alt_log_adj,REACTOME_MRNA_SPLICING_MINOR_PATHWAY,ppgs:bmi,-0.0014638057364732518,0.0056840254127577886,-0.2575297663496967,0.7967717090224271
bmi,alt_log_adj,REACTOME_MTORC1_MEDIATED_SIGNALLING,ppgs,-8.245156435782376e-4,0.005691469185652345,-0.14486868270441725,0.8848155830262784
bmi,alt_log_adj,REACTOME_MTORC1_MEDIATED_SIGNALLING,bmi,0.2884004187447032,0.005762214707411566,50.05027292262336,0
bmi,alt_log_adj,REACTOME_MTORC1_MEDIATED_SIGNALLING,ppgs:bmi,8.498307032070521e-4,0.005479781000081939,0.1550847932051198,0.876755574541278
bmi,alt_log_adj,REACTOME_MTOR_SIGNALLING,ppgs,0.0016957660910319017,0.005670528739329867,0.29904902505305075,0.7649048316990377
bmi,alt_log_adj,REACTOME_MTOR_SIGNALLING,bmi,0.2883934577507579,0.005762274299321488,50.048547287087054,0
bmi,alt_log_adj,REACTOME_MTOR_SIGNALLING,ppgs:bmi,0.0014508803969875415,0.005486472504830158,0.2644468546429826,0.7914375338007889
bmi,alt_log_adj,REACTOME_MUCOPOLYSACCHARIDOSES,ppgs,0.006619586928274515,0.005696552180232471,1.1620339319009583,0.24523146531876777
bmi,alt_log_adj,REACTOME_MUCOPOLYSACCHARIDOSES,bmi,0.2884370219259292,0.00576159757583214,50.061986823901115,0
bmi,alt_log_adj,REACTOME_MUCOPOLYSACCHARIDOSES,ppgs:bmi,0.00516432800765689,0.005688484827480758,0.9078565143934823,0.363961752566228
bmi,alt_log_adj,REACTOME_MULTIFUNCTIONAL_ANION_EXCHANGERS,ppgs,-0.006446033929906317,0.005746778027636048,-1.121677903497851,0.262008915941536
bmi,alt_log_adj,REACTOME_MULTIFUNCTIONAL_ANION_EXCHANGERS,bmi,0.2884347677705085,0.005761804322503262,50.059799261838826,0
bmi,alt_log_adj,REACTOME_MULTIFUNCTIONAL_ANION_EXCHANGERS,ppgs:bmi,0.0057949047891978295,0.00557562272879293,1.0393287119791141,0.298660750321782
bmi,alt_log_adj,REACTOME_MUSCARINIC_ACETYLCHOLINE_RECEPTORS,ppgs,-0.003731205866149083,0.005695770491443611,-0.6550836048879135,0.5124192427401313
bmi,alt_log_adj,REACTOME_MUSCARINIC_ACETYLCHOLINE_RECEPTORS,bmi,0.28842752010880124,0.005761821349749614,50.05839344903242,0
bmi,alt_log_adj,REACTOME_MUSCARINIC_ACETYLCHOLINE_RECEPTORS,ppgs:bmi,0.007690792468985001,0.005759259507854484,1.3353786990317575,0.18176315496577103
bmi,alt_log_adj,REACTOME_MUSCLE_CONTRACTION,ppgs,0.007192675326782632,0.0057057136402039015,1.2606092384484953,0.20746004407561816
bmi,alt_log_adj,REACTOME_MUSCLE_CONTRACTION,bmi,0.2884832893074598,0.005761787412879068,50.06836744143422,0
bmi,alt_log_adj,REACTOME_MUSCLE_CONTRACTION,ppgs:bmi,-0.007829672396706705,0.005713254604135385,-1.3704399574700221,0.1705604578067836
bmi,alt_log_adj,REACTOME_MYD88_INDEPENDENT_TLR4_CASCADE,ppgs,0.004280068066995684,0.005734669780574657,0.7463495250404442,0.45546249086315127
bmi,alt_log_adj,REACTOME_MYD88_INDEPENDENT_TLR4_CASCADE,bmi,0.2885828713184906,0.005763755404924686,50.068549243418396,0
bmi,alt_log_adj,REACTOME_MYD88_INDEPENDENT_TLR4_CASCADE,ppgs:bmi,0.005571558327327761,0.005856939921913047,0.9512746249082111,0.341473095032902
bmi,alt_log_adj,REACTOME_MYOCLONIC_EPILEPSY_OF_LAFORA,ppgs,-0.004787481637798886,0.0057093843683350435,-0.8385285223308585,0.40174100592856
bmi,alt_log_adj,REACTOME_MYOCLONIC_EPILEPSY_OF_LAFORA,bmi,0.28847635047001313,0.005762023154926621,50.06511475459124,0
bmi,alt_log_adj,REACTOME_MYOCLONIC_EPILEPSY_OF_LAFORA,ppgs:bmi,0.005104590873982023,0.005824046809583798,0.8764680368952616,0.380783072171754
bmi,alt_log_adj,REACTOME_MYOGENESIS,ppgs,-0.0035349226233865314,0.0056987823926319715,-0.6202943681367581,0.5350689883847806
bmi,alt_log_adj,REACTOME_MYOGENESIS,bmi,0.2884019159282815,0.0057616620427613325,50.05533364988241,0
bmi,alt_log_adj,REACTOME_MYOGENESIS,ppgs:bmi,-1.2322830806990104e-4,0.005776860832059827,-0.021331361729543714,0.9829814766161215
bmi,alt_log_adj,REACTOME_M_DECAY_DEGRADATION_OF_MATERNAL_MRNAS_BY_MATERNALLY_STORED_FACTORS,ppgs,0.011402016319058472,0.005703402538793622,1.9991603681317949,0.04560053376650046
bmi,alt_log_adj,REACTOME_M_DECAY_DEGRADATION_OF_MATERNAL_MRNAS_BY_MATERNALLY_STORED_FACTORS,bmi,0.288333178312151,0.00576137217058927,50.04592131437682,0
bmi,alt_log_adj,REACTOME_M_DECAY_DEGRADATION_OF_MATERNAL_MRNAS_BY_MATERNALLY_STORED_FACTORS,ppgs:bmi,-1.696669799716965e-4,0.005629637356188883,-0.030138172183537697,0.9759570697108548
bmi,alt_log_adj,REACTOME_M_PHASE,ppgs,0.03069912970278707,0.005672250250784288,5.412160667372245,6.277337432533397e-8
bmi,alt_log_adj,REACTOME_M_PHASE,bmi,0.2885275951993836,0.005758154745805503,50.10764870630821,0
bmi,alt_log_adj,REACTOME_M_PHASE,ppgs:bmi,0.01373481206311064,0.005788643595455061,2.3727168267700045,0.017664427573418334
bmi,alt_log_adj,REACTOME_NADE_MODULATES_DEATH_SIGNALLING,ppgs,-6.212415867047242e-4,0.005690002916937018,-0.10918124221966909,0.9130595106893158
bmi,alt_log_adj,REACTOME_NADE_MODULATES_DEATH_SIGNALLING,bmi,0.2884076328143376,0.005761891417987525,50.054333185450886,0
bmi,alt_log_adj,REACTOME_NADE_MODULATES_DEATH_SIGNALLING,ppgs:bmi,3.7766188476363855e-4,0.0056605688166178935,0.06671800962032752,0.9468066671547333
bmi,alt_log_adj,REACTOME_NA_CL_DEPENDENT_NEUROTRANSMITTER_TRANSPORTERS,ppgs,0.004632216335015833,0.005753266202907845,0.8051454898218676,0.4207424807542365
bmi,alt_log_adj,REACTOME_NA_CL_DEPENDENT_NEUROTRANSMITTER_TRANSPORTERS,bmi,0.2883869993754513,0.005761673265085983,50.052647227150196,0
bmi,alt_log_adj,REACTOME_NA_CL_DEPENDENT_NEUROTRANSMITTER_TRANSPORTERS,ppgs:bmi,-0.0024985808791106174,0.005791689424745597,-0.4314079529947117,0.6661750488093449
bmi,alt_log_adj,REACTOME_NCAM1_INTERACTIONS,ppgs,0.001320944087142682,0.005690044966720073,0.2321500260311857,0.8164231666589659
bmi,alt_log_adj,REACTOME_NCAM1_INTERACTIONS,bmi,0.28884773526039015,0.005762957017883036,50.12144535592866,0
bmi,alt_log_adj,REACTOME_NCAM1_INTERACTIONS,ppgs:bmi,-0.01571823072597894,0.005637624122347343,-2.7880948401069214,0.00530543314744483
bmi,alt_log_adj,REACTOME_NCAM_SIGNALING_FOR_NEURITE_OUT_GROWTH,ppgs,9.674935774245534e-4,0.005690599598276516,0.17001610475591594,0.8649986845085198
bmi,alt_log_adj,REACTOME_NCAM_SIGNALING_FOR_NEURITE_OUT_GROWTH,bmi,0.28881386472313897,0.005763009803765615,50.11510904153325,0
bmi,alt_log_adj,REACTOME_NCAM_SIGNALING_FOR_NEURITE_OUT_GROWTH,ppgs:bmi,-0.014663268119707923,0.0056480176310701605,-2.596179593888696,0.009431540639726779
bmi,alt_log_adj,REACTOME_NECTIN_NECL_TRANS_HETERODIMERIZATION,ppgs,-0.01037500683937258,0.0056926885876201995,-1.8225143848435594,0.0683875024988189
bmi,alt_log_adj,REACTOME_NECTIN_NECL_TRANS_HETERODIMERIZATION,bmi,0.28830006284708404,0.0057624939172932575,50.030432480266036,0
bmi,alt_log_adj,REACTOME_NECTIN_NECL_TRANS_HETERODIMERIZATION,ppgs:bmi,-5.072155569727772e-4,0.005743080556686878,-0.0883176810713908,0.9296248102596438
bmi,alt_log_adj,REACTOME_NEDDYLATION,ppgs,0.004014597474552093,0.005705444913196393,0.7036431927099218,0.48166078486327124
bmi,alt_log_adj,REACTOME_NEDDYLATION,bmi,0.28838299773310955,0.005761698261742564,50.05173555303314,0
bmi,alt_log_adj,REACTOME_NEDDYLATION,ppgs:bmi,-0.0026716878468841334,0.005669206413409905,-0.47126311022377665,0.6374564822661337
bmi,alt_log_adj,REACTOME_NEF_AND_SIGNAL_TRANSDUCTION,ppgs,0.008481648353983328,0.005736935599646865,1.4784283711508657,0.13930426678957558
bmi,alt_log_adj,REACTOME_NEF_AND_SIGNAL_TRANSDUCTION,bmi,0.2882687610853232,0.005761222198668757,50.03604289935794,0
bmi,alt_log_adj,REACTOME_NEF_AND_SIGNAL_TRANSDUCTION,ppgs:bmi,0.011988698125607669,0.005717796936704753,2.096733804701523,0.03602598447638557
bmi,alt_log_adj,REACTOME_NEF_MEDIATED_CD4_DOWN_REGULATION,ppgs,0.004824761537527342,0.0056908828553241765,0.8478054565845573,0.39655348170255356
bmi,alt_log_adj,REACTOME_NEF_MEDIATED_CD4_DOWN_REGULATION,bmi,0.2883775619426789,0.0057615894165160405,50.05173765350623,0
bmi,alt_log_adj,REACTOME_NEF_MEDIATED_CD4_DOWN_REGULATION,ppgs:bmi,0.004439789195942354,0.005803917542553485,0.7649642096722534,0.4442992249976919
bmi,alt_log_adj,REACTOME_NEF_MEDIATED_CD8_DOWN_REGULATION,ppgs,4.841988340532837e-4,0.005706207622031271,0.08485475224978245,0.9323774636769514
bmi,alt_log_adj,REACTOME_NEF_MEDIATED_CD8_DOWN_REGULATION,bmi,0.2884148414330628,0.0057617397842839235,50.05690160110335,0
bmi,alt_log_adj,REACTOME_NEF_MEDIATED_CD8_DOWN_REGULATION,ppgs:bmi,-5.548868121351196e-4,0.005788996414303589,-0.09585198753346817,0.9236388048598798
bmi,alt_log_adj,REACTOME_NEF_MEDIATED_DOWNREGULATION_OF_MHC_CLASS_I_COMPLEX_CELL_SURFACE_EXPRESSION,ppgs,-0.009843831333941162,0.005707903414590947,-1.7245966897018024,0.08461108106485929
bmi,alt_log_adj,REACTOME_NEF_MEDIATED_DOWNREGULATION_OF_MHC_CLASS_I_COMPLEX_CELL_SURFACE_EXPRESSION,bmi,0.28841557832170367,0.0057613581386247534,50.06034538768475,0
bmi,alt_log_adj,REACTOME_NEF_MEDIATED_DOWNREGULATION_OF_MHC_CLASS_I_COMPLEX_CELL_SURFACE_EXPRESSION,ppgs:bmi,1.4275937676281411e-5,0.005713055404280776,0.002498827101446363,0.9980062440935524
bmi,alt_log_adj,REACTOME_NEF_MEDIATES_DOWN_MODULATION_OF_CELL_SURFACE_RECEPTORS_BY_RECRUITING_THEM_TO_CLATHRIN_ADAPTERS,ppgs,0.0014763066498128168,0.005685419658424616,0.2596653789004363,0.795123786078183
bmi,alt_log_adj,REACTOME_NEF_MEDIATES_DOWN_MODULATION_OF_CELL_SURFACE_RECEPTORS_BY_RECRUITING_THEM_TO_CLATHRIN_ADAPTERS,bmi,0.288410930206433,0.005761593832848677,50.057490787030254,0
bmi,alt_log_adj,REACTOME_NEF_MEDIATES_DOWN_MODULATION_OF_CELL_SURFACE_RECEPTORS_BY_RECRUITING_THEM_TO_CLATHRIN_ADAPTERS,ppgs:bmi,0.005161186872955896,0.005798606263762793,0.890073689812271,0.37343387268756767
bmi,alt_log_adj,REACTOME_NEGATIVE_EPIGENETIC_REGULATION_OF_RRNA_EXPRESSION,ppgs,0.01555738584894331,0.005693005192247188,2.732719420338764,0.006285273739370966
bmi,alt_log_adj,REACTOME_NEGATIVE_EPIGENETIC_REGULATION_OF_RRNA_EXPRESSION,bmi,0.2885037895519037,0.005762212509416748,50.068231444158606,0
bmi,alt_log_adj,REACTOME_NEGATIVE_EPIGENETIC_REGULATION_OF_RRNA_EXPRESSION,ppgs:bmi,0.001978640784009876,0.005600758441817487,0.35328086446945434,0.7238805167202528
bmi,alt_log_adj,REACTOME_NEGATIVE_FEEDBACK_REGULATION_OF_MAPK_PATHWAY,ppgs,0.004318478199954127,0.005699518084710207,0.7576918146007954,0.4486417985371859
bmi,alt_log_adj,REACTOME_NEGATIVE_FEEDBACK_REGULATION_OF_MAPK_PATHWAY,bmi,0.28840780937346006,0.005761960516462603,50.05376356700898,0
bmi,alt_log_adj,REACTOME_NEGATIVE_FEEDBACK_REGULATION_OF_MAPK_PATHWAY,ppgs:bmi,0.00551741847325114,0.005795111034806626,0.9520815805102599,0.3410637271870204
bmi,alt_log_adj,REACTOME_NEGATIVE_REGULATION_OF_ACTIVITY_OF_TFAP2_AP_2_FAMILY_TRANSCRIPTION_FACTORS,ppgs,0.005066083941776238,0.0057132711698723105,0.886722123131688,0.37523604681543077
bmi,alt_log_adj,REACTOME_NEGATIVE_REGULATION_OF_ACTIVITY_OF_TFAP2_AP_2_FAMILY_TRANSCRIPTION_FACTORS,bmi,0.28844605027517617,0.005761735222573033,50.06235780240593,0
bmi,alt_log_adj,REACTOME_NEGATIVE_REGULATION_OF_ACTIVITY_OF_TFAP2_AP_2_FAMILY_TRANSCRIPTION_FACTORS,ppgs:bmi,-0.0023301348247663114,0.005747988371887463,-0.4053826615521086,0.6851993129851938
bmi,alt_log_adj,REACTOME_NEGATIVE_REGULATION_OF_FGFR1_SIGNALING,ppgs,0.005996452881591384,0.005729651015592856,1.0465651163172844,0.29530912103857965
bmi,alt_log_adj,REACTOME_NEGATIVE_REGULATION_OF_FGFR1_SIGNALING,bmi,0.2884243967356388,0.005761825069733595,50.05781904950725,0
bmi,alt_log_adj,REACTOME_NEGATIVE_REGULATION_OF_FGFR1_SIGNALING,ppgs:bmi,-0.003180225243752056,0.005693759760782539,-0.5585457373275216,0.5764761932755127
bmi,alt_log_adj,REACTOME_NEGATIVE_REGULATION_OF_FGFR2_SIGNALING,ppgs,0.005287070339403481,0.005737675385638561,0.9214655734336334,0.35681524883279414
bmi,alt_log_adj,REACTOME_NEGATIVE_REGULATION_OF_FGFR2_SIGNALING,bmi,0.28844635992402146,0.005761939544809303,50.06063629804499,0
bmi,alt_log_adj,REACTOME_NEGATIVE_REGULATION_OF_FGFR2_SIGNALING,ppgs:bmi,-0.0039038312953738824,0.005689895144181899,-0.6860989871431419,0.49265630081001943
bmi,alt_log_adj,REACTOME_NEGATIVE_REGULATION_OF_FGFR3_SIGNALING,ppgs,0.006004829910285866,0.005733892557113559,1.0472519061830305,0.29499234001734886
bmi,alt_log_adj,REACTOME_NEGATIVE_REGULATION_OF_FGFR3_SIGNALING,bmi,0.28841684673606055,0.005761841519621146,50.05636579102311,0
bmi,alt_log_adj,REACTOME_NEGATIVE_REGULATION_OF_FGFR3_SIGNALING,ppgs:bmi,-0.002431928303918605,0.005696231074255045,-0.4269363851670384,0.6694289053326726
bmi,alt_log_adj,REACTOME_NEGATIVE_REGULATION_OF_FGFR4_SIGNALING,ppgs,0.006540750247452047,0.00573267263017296,1.140960014535961,0.25389620145696673
bmi,alt_log_adj,REACTOME_NEGATIVE_REGULATION_OF_FGFR4_SIGNALING,bmi,0.28841021046356774,0.005761811450657953,50.05547524999861,0
bmi,alt_log_adj,REACTOME_NEGATIVE_REGULATION_OF_FGFR4_SIGNALING,ppgs:bmi,-0.0019720472100319365,0.005695136742910702,-0.3462686321775747,0.7291434099085787
bmi,alt_log_adj,REACTOME_NEGATIVE_REGULATION_OF_FLT3,ppgs,0.004945556713521262,0.005688429814560847,0.8694062992325177,0.38463229980719993
bmi,alt_log_adj,REACTOME_NEGATIVE_REGULATION_OF_FLT3,bmi,0.28839685842300605,0.005761306174142159,50.05754766469211,0
bmi,alt_log_adj,REACTOME_NEGATIVE_REGULATION_OF_FLT3,ppgs:bmi,0.00862614511352951,0.005718343094512997,1.5085042941558855,0.13143665278142944
bmi,alt_log_adj,REACTOME_NEGATIVE_REGULATION_OF_MAPK_PATHWAY,ppgs,6.198225727956922e-4,0.0057216037802839655,0.1083302158970767,0.9137345215268469
bmi,alt_log_adj,REACTOME_NEGATIVE_REGULATION_OF_MAPK_PATHWAY,bmi,0.2884776802018166,0.0057635729144346615,50.051883525119386,0
bmi,alt_log_adj,REACTOME_NEGATIVE_REGULATION_OF_MAPK_PATHWAY,ppgs:bmi,-0.003636657318065745,0.005666517613088424,-0.6417799372344413,0.5210212671977914
bmi,alt_log_adj,REACTOME_NEGATIVE_REGULATION_OF_MET_ACTIVITY,ppgs,0.005709255019333181,0.00569872266163775,1.0018481962223451,0.31642546704547675
bmi,alt_log_adj,REACTOME_NEGATIVE_REGULATION_OF_MET_ACTIVITY,bmi,0.28843473218956,0.005761449498609705,50.062876062553734,0
bmi,alt_log_adj,REACTOME_NEGATIVE_REGULATION_OF_MET_ACTIVITY,ppgs:bmi,-0.0051667163680921,0.005680526536845636,-0.9095488480828661,0.3630682182755782
bmi,alt_log_adj,REACTOME_NEGATIVE_REGULATION_OF_NMDA_RECEPTOR_MEDIATED_NEURONAL_TRANSMISSION,ppgs,-0.001980387988518521,0.005722876895364141,-0.3460476303662497,0.7293094876517959
bmi,alt_log_adj,REACTOME_NEGATIVE_REGULATION_OF_NMDA_RECEPTOR_MEDIATED_NEURONAL_TRANSMISSION,bmi,0.2884611505735999,0.0057615063496401775,50.06696739848514,0
bmi,alt_log_adj,REACTOME_NEGATIVE_REGULATION_OF_NMDA_RECEPTOR_MEDIATED_NEURONAL_TRANSMISSION,ppgs:bmi,-0.008066997268577477,0.005747914617374634,-1.4034650487313758,0.16048916082180814
bmi,alt_log_adj,REACTOME_NEGATIVE_REGULATION_OF_NOTCH4_SIGNALING,ppgs,-0.009511525442774766,0.005682343894683546,-1.6738736019961478,0.09416647539536957
bmi,alt_log_adj,REACTOME_NEGATIVE_REGULATION_OF_NOTCH4_SIGNALING,bmi,0.2882821559868366,0.005762006643074686,50.03155564447689,0
bmi,alt_log_adj,REACTOME_NEGATIVE_REGULATION_OF_NOTCH4_SIGNALING,ppgs:bmi,-0.005500755356128373,0.005819711426397701,-0.945193834040882,0.3445679827644935
bmi,alt_log_adj,REACTOME_NEGATIVE_REGULATION_OF_TCF_DEPENDENT_SIGNALING_BY_DVL_INTERACTING_PROTEINS,ppgs,0.01047203487566415,0.005717779576800954,1.8314862850175064,0.0670384811163846
bmi,alt_log_adj,REACTOME_NEGATIVE_REGULATION_OF_TCF_DEPENDENT_SIGNALING_BY_DVL_INTERACTING_PROTEINS,bmi,0.2884669525505235,0.005761712324027907,50.066184552036354,0
bmi,alt_log_adj,REACTOME_NEGATIVE_REGULATION_OF_TCF_DEPENDENT_SIGNALING_BY_DVL_INTERACTING_PROTEINS,ppgs:bmi,-0.0010600533200910104,0.005849882997288263,-0.18120932001245194,0.8562045748969423
bmi,alt_log_adj,REACTOME_NEGATIVE_REGULATION_OF_TCF_DEPENDENT_SIGNALING_BY_WNT_LIGAND_ANTAGONISTS,ppgs,0.006530168979382402,0.005689922048475056,1.1476728369473075,0.25111333391979074
bmi,alt_log_adj,REACTOME_NEGATIVE_REGULATION_OF_TCF_DEPENDENT_SIGNALING_BY_WNT_LIGAND_ANTAGONISTS,bmi,0.28840616326318314,0.005761399265946193,50.0583538738342,0
bmi,alt_log_adj,REACTOME_NEGATIVE_REGULATION_OF_TCF_DEPENDENT_SIGNALING_BY_WNT_LIGAND_ANTAGONISTS,ppgs:bmi,0.005102765264804945,0.00571803260202118,0.8923987706892833,0.37218680474312515
bmi,alt_log_adj,REACTOME_NEGATIVE_REGULATION_OF_THE_PI3K_AKT_NETWORK,ppgs,0.0020231288602303374,0.005725882946697715,0.3533304608326189,0.7238433392542107
bmi,alt_log_adj,REACTOME_NEGATIVE_REGULATION_OF_THE_PI3K_AKT_NETWORK,bmi,0.2884851532260316,0.005762415224658771,50.06323598333104,0
bmi,alt_log_adj,REACTOME_NEGATIVE_REGULATION_OF_THE_PI3K_AKT_NETWORK,ppgs:bmi,-0.0046373373942277625,0.005686422588358507,-0.8155105116038197,0.4147870018181641
bmi,alt_log_adj,REACTOME_NEGATIVE_REGULATORS_OF_DDX58_IFIH1_SIGNALING,ppgs,0.002650436714176717,0.005675419694396017,0.4670027692918979,0.6405014859602799
bmi,alt_log_adj,REACTOME_NEGATIVE_REGULATORS_OF_DDX58_IFIH1_SIGNALING,bmi,0.2883999813543875,0.005761662906211077,50.054990381942005,0
bmi,alt_log_adj,REACTOME_NEGATIVE_REGULATORS_OF_DDX58_IFIH1_SIGNALING,ppgs:bmi,0.0016404075061679994,0.005636700561321604,0.29102264495373203,0.7710361296587581
bmi,alt_log_adj,REACTOME_NEPHRIN_FAMILY_INTERACTIONS,ppgs,-0.0037337810110729184,0.005726026357670785,-0.6520719217561782,0.514360063281177
bmi,alt_log_adj,REACTOME_NEPHRIN_FAMILY_INTERACTIONS,bmi,0.28834756891805247,0.005761715405974295,50.045437617253064,0
bmi,alt_log_adj,REACTOME_NEPHRIN_FAMILY_INTERACTIONS,ppgs:bmi,0.005806200705451954,0.005751945170800034,1.0094325542126774,0.3127758482483004
bmi,alt_log_adj,REACTOME_NEPHRON_DEVELOPMENT,ppgs,0.0074142234036149906,0.005726476155606347,1.2947270192256546,0.1954249611052916
bmi,alt_log_adj,REACTOME_NEPHRON_DEVELOPMENT,bmi,0.28842146243958683,0.00576154153074803,50.059773222209266,0
bmi,alt_log_adj,REACTOME_NEPHRON_DEVELOPMENT,ppgs:bmi,-0.009875513672677309,0.005729247156498595,-1.7237018063491412,0.08477259209758897
bmi,alt_log_adj,REACTOME_NERVOUS_SYSTEM_DEVELOPMENT,ppgs,0.010382683157541017,0.0056862848975195845,1.8259168059043347,0.06787330821507129
bmi,alt_log_adj,REACTOME_NERVOUS_SYSTEM_DEVELOPMENT,bmi,0.2884943233825862,0.005761136582575797,50.07593887899126,0
bmi,alt_log_adj,REACTOME_NERVOUS_SYSTEM_DEVELOPMENT,ppgs:bmi,-0.008957867557080619,0.005626655698525369,-1.592041176329359,0.11138660270416442
bmi,alt_log_adj,REACTOME_NETRIN_1_SIGNALING,ppgs,0.0028436042205295642,0.0057032198265578,0.4985962854330011,0.61806769103908
bmi,alt_log_adj,REACTOME_NETRIN_1_SIGNALING,bmi,0.28838932710571924,0.005761611552998303,50.0535873432223,0
bmi,alt_log_adj,REACTOME_NETRIN_1_SIGNALING,ppgs:bmi,-0.003846121332664919,0.0058583054109516515,-0.6565245515324092,0.5114920050888149
bmi,alt_log_adj,REACTOME_NETRIN_MEDIATED_REPULSION_SIGNALS,ppgs,0.0015611725164059076,0.00571466344639218,0.27318713184964855,0.7847113612650112
bmi,alt_log_adj,REACTOME_NETRIN_MEDIATED_REPULSION_SIGNALS,bmi,0.28841169244940085,0.005761763210843476,50.05615154517599,0
bmi,alt_log_adj,REACTOME_NETRIN_MEDIATED_REPULSION_SIGNALS,ppgs:bmi,-0.0038224891919674212,0.005710944303691249,-0.6693269954492059,0.5032923610318887
bmi,alt_log_adj,REACTOME_NEUREXINS_AND_NEUROLIGINS,ppgs,0.0033696484360675066,0.005703599617806038,0.5907932992960828,0.5546636352300697
bmi,alt_log_adj,REACTOME_NEUREXINS_AND_NEUROLIGINS,bmi,0.2884707399123878,0.005761207730937804,50.07122696918113,0
bmi,alt_log_adj,REACTOME_NEUREXINS_AND_NEUROLIGINS,ppgs:bmi,-0.011949800640516308,0.005773629251981647,-2.069720814930202,0.03848753324093106
bmi,alt_log_adj,REACTOME_NEUROFASCIN_INTERACTIONS,ppgs,0.007449029179735014,0.005722020734352508,1.3018179285884623,0.1929892116983124
bmi,alt_log_adj,REACTOME_NEUROFASCIN_INTERACTIONS,bmi,0.2884013813061911,0.005761433136010335,50.05722959858954,0
bmi,alt_log_adj,REACTOME_NEUROFASCIN_INTERACTIONS,ppgs:bmi,-9.180706815900071e-4,0.005825453277522728,-0.157596437196114,0.8747759336358445
bmi,alt_log_adj,REACTOME_NEURONAL_SYSTEM,ppgs,-4.5704791947379645e-4,0.0057143284964503195,-0.0799827870864809,0.93625151061028
bmi,alt_log_adj,REACTOME_NEURONAL_SYSTEM,bmi,0.2884981705327645,0.005761587873153436,50.07268428154051,0
bmi,alt_log_adj,REACTOME_NEURONAL_SYSTEM,ppgs:bmi,-0.010677193931128053,0.005680962922805656,-1.8794690400575453,0.06019072585690009
bmi,alt_log_adj,REACTOME_NEUROTOXICITY_OF_CLOSTRIDIUM_TOXINS,ppgs,-0.006081190923678864,0.005727122822630927,-1.0618230326140072,0.2883250771979593
bmi,alt_log_adj,REACTOME_NEUROTOXICITY_OF_CLOSTRIDIUM_TOXINS,bmi,0.2884286080003003,0.005761506726559333,50.06131584828412,0
bmi,alt_log_adj,REACTOME_NEUROTOXICITY_OF_CLOSTRIDIUM_TOXINS,ppgs:bmi,3.401580517842845e-5,0.005823355152400683,0.005841272649222743,0.9953394063443238
bmi,alt_log_adj,REACTOME_NEUROTRANSMITTER_CLEARANCE,ppgs,0.0037139381667524755,0.00570268680448545,0.6512611149943,0.5148832241689442
bmi,alt_log_adj,REACTOME_NEUROTRANSMITTER_CLEARANCE,bmi,0.28829255177846147,0.005762606021855324,50.02815578317864,0
bmi,alt_log_adj,REACTOME_NEUROTRANSMITTER_CLEARANCE,ppgs:bmi,-0.005978467832457519,0.005823275611707213,-1.0266503306898793,0.30459390528339647
bmi,alt_log_adj,REACTOME_NEUROTRANSMITTER_RECEPTORS_AND_POSTSYNAPTIC_SIGNAL_TRANSMISSION,ppgs,-0.001549557144286392,0.005712685122659473,-0.27124847790753326,0.7862019051042519
bmi,alt_log_adj,REACTOME_NEUROTRANSMITTER_RECEPTORS_AND_POSTSYNAPTIC_SIGNAL_TRANSMISSION,bmi,0.2883970744592978,0.005761807448015127,50.05323018190188,0
bmi,alt_log_adj,REACTOME_NEUROTRANSMITTER_RECEPTORS_AND_POSTSYNAPTIC_SIGNAL_TRANSMISSION,ppgs:bmi,-0.003817939290106437,0.005836863182258074,-0.6541080664202604,0.5130474911254341
bmi,alt_log_adj,REACTOME_NEUROTRANSMITTER_RELEASE_CYCLE,ppgs,-0.007042865082281051,0.005781575808031426,-1.2181566611126184,0.2231745836901507
bmi,alt_log_adj,REACTOME_NEUROTRANSMITTER_RELEASE_CYCLE,bmi,0.2883509028077806,0.005761397194345933,50.048780370629494,0
bmi,alt_log_adj,REACTOME_NEUROTRANSMITTER_RELEASE_CYCLE,ppgs:bmi,0.007848861246734973,0.005844484184037279,1.3429519183527163,0.1792982953748539
bmi,alt_log_adj,REACTOME_NEUTROPHIL_DEGRANULATION,ppgs,0.022037433976729363,0.005683327244522662,3.8775585196098046,1.0574787268980034e-4
bmi,alt_log_adj,REACTOME_NEUTROPHIL_DEGRANULATION,bmi,0.28841195645965984,0.005760052083717,50.071067460477835,0
bmi,alt_log_adj,REACTOME_NEUTROPHIL_DEGRANULATION,ppgs:bmi,-0.0039823297253604355,0.005728231223991195,-0.6952110642254613,0.4869287379195145
bmi,alt_log_adj,REACTOME_NFE2L2_REGULATES_PENTOSE_PHOSPHATE_PATHWAY_GENES,ppgs,-0.008012642332140144,0.005705927243505965,-1.4042664741755162,0.1602504693616178
bmi,alt_log_adj,REACTOME_NFE2L2_REGULATES_PENTOSE_PHOSPHATE_PATHWAY_GENES,bmi,0.2883438914519859,0.005761905208122418,50.043150839329066,0
bmi,alt_log_adj,REACTOME_NFE2L2_REGULATES_PENTOSE_PHOSPHATE_PATHWAY_GENES,ppgs:bmi,0.0013527585288820435,0.0058248719937816825,0.23223832735314617,0.8163545869355728
bmi,alt_log_adj,REACTOME_NFE2L2_REGULATING_ANTI_OXIDANT_DETOXIFICATION_ENZYMES,ppgs,0.010940647704936907,0.005764310239974705,1.8979977220977817,0.0577065303449408
bmi,alt_log_adj,REACTOME_NFE2L2_REGULATING_ANTI_OXIDANT_DETOXIFICATION_ENZYMES,bmi,0.28834538055697634,0.005761419163804822,50.04763103654378,0
bmi,alt_log_adj,REACTOME_NFE2L2_REGULATING_ANTI_OXIDANT_DETOXIFICATION_ENZYMES,ppgs:bmi,0.005145723301093194,0.0057761150941678455,0.8908623213358129,0.37301059690175875
bmi,alt_log_adj,REACTOME_NFE2L2_REGULATING_ER_STRESS_ASSOCIATED_GENES,ppgs,-0.007866805219504188,0.0057044471638382525,-1.3790653140541997,0.16788549720215962
bmi,alt_log_adj,REACTOME_NFE2L2_REGULATING_ER_STRESS_ASSOCIATED_GENES,bmi,0.2883775350938953,0.00576172899241184,50.05052050759185,0
bmi,alt_log_adj,REACTOME_NFE2L2_REGULATING_ER_STRESS_ASSOCIATED_GENES,ppgs:bmi,0.0020927102139120433,0.0057986306483331215,0.36089731193926194,0.7181789023645959
bmi,alt_log_adj,REACTOME_NFE2L2_REGULATING_INFLAMMATION_ASSOCIATED_GENES,ppgs,-0.007866805219504188,0.0057044471638382525,-1.3790653140541997,0.16788549720215962
bmi,alt_log_adj,REACTOME_NFE2L2_REGULATING_INFLAMMATION_ASSOCIATED_GENES,bmi,0.2883775350938953,0.00576172899241184,50.05052050759185,0
bmi,alt_log_adj,REACTOME_NFE2L2_REGULATING_INFLAMMATION_ASSOCIATED_GENES,ppgs:bmi,0.0020927102139120433,0.0057986306483331215,0.36089731193926194,0.7181789023645959
bmi,alt_log_adj,REACTOME_NFE2L2_REGULATING_MDR_ASSOCIATED_ENZYMES,ppgs,6.29921874188598e-4,0.005749918021022293,0.10955319221692182,0.9127645097772343
bmi,alt_log_adj,REACTOME_NFE2L2_REGULATING_MDR_ASSOCIATED_ENZYMES,bmi,0.2884301184945933,0.00576188911838349,50.05825564645941,0
bmi,alt_log_adj,REACTOME_NFE2L2_REGULATING_MDR_ASSOCIATED_ENZYMES,ppgs:bmi,0.0042045129174820015,0.005796945745850435,0.7252979589280567,0.46827524465017045
bmi,alt_log_adj,REACTOME_NFE2L2_REGULATING_TUMORIGENIC_GENES,ppgs,0.0167450630001203,0.005702708632355492,2.936335008440329,0.0033238228820495768
bmi,alt_log_adj,REACTOME_NFE2L2_REGULATING_TUMORIGENIC_GENES,bmi,0.28864141317192754,0.005761167068187246,50.1012051474405,0
bmi,alt_log_adj,REACTOME_NFE2L2_REGULATING_TUMORIGENIC_GENES,ppgs:bmi,0.006051706161441716,0.005777507006594659,1.0474597701974357,0.2948965078834452
bmi,alt_log_adj,REACTOME_NF_KB_ACTIVATION_THROUGH_FADD_RIP_1_PATHWAY_MEDIATED_BY_CASPASE_8_AND_10,ppgs,0.007350479290975214,0.005704172326893443,1.2886145210445226,0.1975426489582766
bmi,alt_log_adj,REACTOME_NF_KB_ACTIVATION_THROUGH_FADD_RIP_1_PATHWAY_MEDIATED_BY_CASPASE_8_AND_10,bmi,0.2884504791993457,0.005761506727397348,50.06511193117148,0
bmi,alt_log_adj,REACTOME_NF_KB_ACTIVATION_THROUGH_FADD_RIP_1_PATHWAY_MEDIATED_BY_CASPASE_8_AND_10,ppgs:bmi,-6.369365564138565e-4,0.005778938487214689,-0.1102168776883529,0.9122381575681029
bmi,alt_log_adj,REACTOME_NF_KB_IS_ACTIVATED_AND_SIGNALS_SURVIVAL,ppgs,-0.005945598047726027,0.005738849106488423,-1.0360262027108973,0.30019875576084115
bmi,alt_log_adj,REACTOME_NF_KB_IS_ACTIVATED_AND_SIGNALS_SURVIVAL,bmi,0.28847929120902677,0.005761721239002506,50.06824857409615,0
bmi,alt_log_adj,REACTOME_NF_KB_IS_ACTIVATED_AND_SIGNALS_SURVIVAL,ppgs:bmi,-0.004182493501185578,0.005779963721071286,-0.7236193344843996,0.4693054389797229
bmi,alt_log_adj,REACTOME_NGF_INDEPENDANT_TRKA_ACTIVATION,ppgs,0.0025920621531544553,0.00583514915595653,0.4442152349282235,0.6568903694457605
bmi,alt_log_adj,REACTOME_NGF_INDEPENDANT_TRKA_ACTIVATION,bmi,0.28843911750801465,0.00576258647758324,50.05375947589815,0
bmi,alt_log_adj,REACTOME_NGF_INDEPENDANT_TRKA_ACTIVATION,ppgs:bmi,9.69857660610451e-4,0.0059178066030443205,0.16388802907339406,0.8698204594663386
bmi,alt_log_adj,REACTOME_NGF_STIMULATED_TRANSCRIPTION,ppgs,-0.005441273213690365,0.005693941272267523,-0.9556251028074729,0.3392698233366992
bmi,alt_log_adj,REACTOME_NGF_STIMULATED_TRANSCRIPTION,bmi,0.28847422444063275,0.005761893515954451,50.065872207089434,0
bmi,alt_log_adj,REACTOME_NGF_STIMULATED_TRANSCRIPTION,ppgs:bmi,0.005600771518643737,0.005730772236884021,0.9773153228104963,0.32842140940149844
bmi,alt_log_adj,REACTOME_NICOTINAMIDE_SALVAGE,ppgs,0.0033835720728464646,0.005709626050223357,0.5926083500186674,0.5534480165781903
bmi,alt_log_adj,REACTOME_NICOTINAMIDE_SALVAGE,bmi,0.28839650602575795,0.005761679456096998,50.05424342386443,0
bmi,alt_log_adj,REACTOME_NICOTINAMIDE_SALVAGE,ppgs:bmi,-9.554428491524467e-4,0.005706801675509788,-0.16742177203259778,0.8670393895670646
bmi,alt_log_adj,REACTOME_NICOTINATE_METABOLISM,ppgs,0.005163589983971849,0.005710915744170114,0.9041614716944489,0.3659174701041453
bmi,alt_log_adj,REACTOME_NICOTINATE_METABOLISM,bmi,0.28838189942464054,0.005761588325561469,50.05249995825372,0
bmi,alt_log_adj,REACTOME_NICOTINATE_METABOLISM,ppgs:bmi,0.002469347108062153,0.005671062166042995,0.43542938443666357,0.6632541004995631
bmi,alt_log_adj,REACTOME_NITRIC_OXIDE_STIMULATES_GUANYLATE_CYCLASE,ppgs,6.878789691477862e-4,0.005694434386109437,0.12079847136806861,0.9038515170413586
bmi,alt_log_adj,REACTOME_NITRIC_OXIDE_STIMULATES_GUANYLATE_CYCLASE,bmi,0.288634787557825,0.005762699723140556,50.08673042580897,0
bmi,alt_log_adj,REACTOME_NITRIC_OXIDE_STIMULATES_GUANYLATE_CYCLASE,ppgs:bmi,0.010079731097677376,0.0057932161788914,1.7399197244536886,0.0818839671745359
bmi,alt_log_adj,REACTOME_NOD1_2_SIGNALING_PATHWAY,ppgs,-0.011963784777184773,0.005737567480099648,-2.0851667224272874,0.0370630933362346
bmi,alt_log_adj,REACTOME_NOD1_2_SIGNALING_PATHWAY,bmi,0.2883782871807502,0.0057611374918183095,50.05578977941269,0
bmi,alt_log_adj,REACTOME_NOD1_2_SIGNALING_PATHWAY,ppgs:bmi,0.006220046861563099,0.005641058363736361,1.1026382746806478,0.2701936425624402
bmi,alt_log_adj,REACTOME_NONCANONICAL_ACTIVATION_OF_NOTCH3,ppgs,0.001941818345928833,0.005725392759440733,0.3391589760766934,0.7344924842098726
bmi,alt_log_adj,REACTOME_NONCANONICAL_ACTIVATION_OF_NOTCH3,bmi,0.28844687528475843,0.005761108589891329,50.06794626139816,0
bmi,alt_log_adj,REACTOME_NONCANONICAL_ACTIVATION_OF_NOTCH3,ppgs:bmi,0.013284775327232498,0.005752574930094783,2.309361544815829,0.020930678844813002
bmi,alt_log_adj,REACTOME_NONHOMOLOGOUS_END_JOINING_NHEJ,ppgs,4.343660549908813e-4,0.0057401870808051385,0.07567106243686322,0.9396813327708868
bmi,alt_log_adj,REACTOME_NONHOMOLOGOUS_END_JOINING_NHEJ,bmi,0.2884164954122342,0.005761582761753871,50.05855289049739,0
bmi,alt_log_adj,REACTOME_NONHOMOLOGOUS_END_JOINING_NHEJ,ppgs:bmi,-0.004265262763030298,0.005751121660748054,-0.741640155544112,0.45831153124047186
bmi,alt_log_adj,REACTOME_NONSENSE_MEDIATED_DECAY_NMD,ppgs,0.011967845849295089,0.005851900415469031,2.0451212426067684,0.04085211955833169
bmi,alt_log_adj,REACTOME_NONSENSE_MEDIATED_DECAY_NMD,bmi,0.2884706947353859,0.005761271341279263,50.070666290008894,0
bmi,alt_log_adj,REACTOME_NONSENSE_MEDIATED_DECAY_NMD,ppgs:bmi,1.9069756152848642e-4,0.0058357741318597394,0.032677337611028326,0.9739321262608052
bmi,alt_log_adj,REACTOME_NON_INTEGRIN_MEMBRANE_ECM_INTERACTIONS,ppgs,0.011197239319090484,0.005698046212717269,1.9651015279763369,0.04941223745951088
bmi,alt_log_adj,REACTOME_NON_INTEGRIN_MEMBRANE_ECM_INTERACTIONS,bmi,0.28848727824573,0.005761522490411444,50.0713619925709,0
bmi,alt_log_adj,REACTOME_NON_INTEGRIN_MEMBRANE_ECM_INTERACTIONS,ppgs:bmi,-0.005159947296231293,0.005690556328281415,-0.9067562112665406,0.364543438022802
bmi,alt_log_adj,REACTOME_NOREPINEPHRINE_NEUROTRANSMITTER_RELEASE_CYCLE,ppgs,-0.003485993278265246,0.005710049224756263,-0.610501440714646,0.5415345835926126
bmi,alt_log_adj,REACTOME_NOREPINEPHRINE_NEUROTRANSMITTER_RELEASE_CYCLE,bmi,0.2883737320210803,0.005761804304950538,50.049206248346515,0
bmi,alt_log_adj,REACTOME_NOREPINEPHRINE_NEUROTRANSMITTER_RELEASE_CYCLE,ppgs:bmi,-0.0026101179789313127,0.005751226362831547,-0.45383676702411213,0.6499497926011235
bmi,alt_log_adj,REACTOME_NOSTRIN_MEDIATED_ENOS_TRAFFICKING,ppgs,-7.236014491763441e-4,0.0057138677161790805,-0.12663951724458603,0.8992266166436749
bmi,alt_log_adj,REACTOME_NOSTRIN_MEDIATED_ENOS_TRAFFICKING,bmi,0.2884086917079151,0.005761966310219553,50.05386636787289,0
bmi,alt_log_adj,REACTOME_NOSTRIN_MEDIATED_ENOS_TRAFFICKING,ppgs:bmi,0.0013398343921882582,0.0057085744171557805,0.23470560148286768,0.814438934955444
bmi,alt_log_adj,REACTOME_NOTCH1_INTRACELLULAR_DOMAIN_REGULATES_TRANSCRIPTION,ppgs,1.259879206596843e-4,0.005727450409452271,0.02199720847024022,0.9824503371387446
bmi,alt_log_adj,REACTOME_NOTCH1_INTRACELLULAR_DOMAIN_REGULATES_TRANSCRIPTION,bmi,0.2883198904499546,0.005763127307932049,50.02837436076192,0
bmi,alt_log_adj,REACTOME_NOTCH1_INTRACELLULAR_DOMAIN_REGULATES_TRANSCRIPTION,ppgs:bmi,0.004136812660049742,0.00568345259133104,0.727869652042073,0.46669939385665704
bmi,alt_log_adj,REACTOME_NOTCH2_ACTIVATION_AND_TRANSMISSION_OF_SIGNAL_TO_THE_NUCLEUS,ppgs,-0.004094853978076155,0.005687997383808125,-0.7199113680559821,0.4715855035016344
bmi,alt_log_adj,REACTOME_NOTCH2_ACTIVATION_AND_TRANSMISSION_OF_SIGNAL_TO_THE_NUCLEUS,bmi,0.2883783929228234,0.005761582468355933,50.05194224098508,0
bmi,alt_log_adj,REACTOME_NOTCH2_ACTIVATION_AND_TRANSMISSION_OF_SIGNAL_TO_THE_NUCLEUS,ppgs:bmi,0.0052748500312887695,0.00562930143559635,0.9370345666575534,0.3487487602154813
bmi,alt_log_adj,REACTOME_NOTCH2_INTRACELLULAR_DOMAIN_REGULATES_TRANSCRIPTION,ppgs,-0.0047179340557211005,0.005690699324916187,-0.8290605049302242,0.40707715142144885
bmi,alt_log_adj,REACTOME_NOTCH2_INTRACELLULAR_DOMAIN_REGULATES_TRANSCRIPTION,bmi,0.2883975283373165,0.005761440382364125,50.05649788898392,0
bmi,alt_log_adj,REACTOME_NOTCH2_INTRACELLULAR_DOMAIN_REGULATES_TRANSCRIPTION,ppgs:bmi,0.005781587453828438,0.005639943553848843,1.0251144180127358,0.305317950451417
bmi,alt_log_adj,REACTOME_NOTCH3_ACTIVATION_AND_TRANSMISSION_OF_SIGNAL_TO_THE_NUCLEUS,ppgs,0.0022691127851752987,0.005729160204056476,0.39606376927087417,0.6920609662000865
bmi,alt_log_adj,REACTOME_NOTCH3_ACTIVATION_AND_TRANSMISSION_OF_SIGNAL_TO_THE_NUCLEUS,bmi,0.2884184157388609,0.005761719466889467,50.05769846940622,0
bmi,alt_log_adj,REACTOME_NOTCH3_ACTIVATION_AND_TRANSMISSION_OF_SIGNAL_TO_THE_NUCLEUS,ppgs:bmi,-3.098354290342744e-4,0.00580420518239951,-0.053381198509971646,0.9574285614170608
bmi,alt_log_adj,REACTOME_NOTCH3_INTRACELLULAR_DOMAIN_REGULATES_TRANSCRIPTION,ppgs,-0.002734447959797211,0.005701720272762617,-0.4795829730300513,0.6315276558284222
bmi,alt_log_adj,REACTOME_NOTCH3_INTRACELLULAR_DOMAIN_REGULATES_TRANSCRIPTION,bmi,0.2884023282659321,0.005761592177880381,50.05601218585932,0
bmi,alt_log_adj,REACTOME_NOTCH3_INTRACELLULAR_DOMAIN_REGULATES_TRANSCRIPTION,ppgs:bmi,0.002480065947946379,0.00563710439996303,0.4399538791516162,0.6599738656937331
bmi,alt_log_adj,REACTOME_NOTCH4_ACTIVATION_AND_TRANSMISSION_OF_SIGNAL_TO_THE_NUCLEUS,ppgs,0.0025235489763093906,0.005676717974176861,0.4445436584640814,0.6566529652436355
bmi,alt_log_adj,REACTOME_NOTCH4_ACTIVATION_AND_TRANSMISSION_OF_SIGNAL_TO_THE_NUCLEUS,bmi,0.28840791235365737,0.005761588779284057,50.05701090481076,0
bmi,alt_log_adj,REACTOME_NOTCH4_ACTIVATION_AND_TRANSMISSION_OF_SIGNAL_TO_THE_NUCLEUS,ppgs:bmi,0.0026780910049351444,0.005730744614972665,0.4673199007923194,0.6402746123555443
bmi,alt_log_adj,REACTOME_NOTCH4_INTRACELLULAR_DOMAIN_REGULATES_TRANSCRIPTION,ppgs,-0.005136760454306022,0.005691336999994117,-0.9025577740891696,0.366768314471124
bmi,alt_log_adj,REACTOME_NOTCH4_INTRACELLULAR_DOMAIN_REGULATES_TRANSCRIPTION,bmi,0.28842544120132474,0.005761418282956967,50.061534684007434,0
bmi,alt_log_adj,REACTOME_NOTCH4_INTRACELLULAR_DOMAIN_REGULATES_TRANSCRIPTION,ppgs:bmi,0.006060958224871953,0.005655969702782069,1.07160372904591,0.2839071806003754
bmi,alt_log_adj,REACTOME_NOTCH_HLH_TRANSCRIPTION_PATHWAY,ppgs,-0.003529906798297107,0.0056996493814187015,-0.6193199900690166,0.5357105551455013
bmi,alt_log_adj,REACTOME_NOTCH_HLH_TRANSCRIPTION_PATHWAY,bmi,0.2883616339516598,0.005762464566339006,50.041372164976444,0
bmi,alt_log_adj,REACTOME_NOTCH_HLH_TRANSCRIPTION_PATHWAY,ppgs:bmi,0.005398005291702671,0.005616306988618522,0.9611307399402773,0.33649463296916304
bmi,alt_log_adj,REACTOME_NPAS4_REGULATES_EXPRESSION_OF_TARGET_GENES,ppgs,-0.0039547080575484915,0.005709736861734802,-0.6926252738636581,0.488550418867589
bmi,alt_log_adj,REACTOME_NPAS4_REGULATES_EXPRESSION_OF_TARGET_GENES,bmi,0.28840195032970284,0.005761616171342403,50.055738138923594,0
bmi,alt_log_adj,REACTOME_NPAS4_REGULATES_EXPRESSION_OF_TARGET_GENES,ppgs:bmi,1.3830340349323478e-4,0.005674867033316627,0.02437121481107277,0.9805566802952728
bmi,alt_log_adj,REACTOME_NR1H2_AND_NR1H3_MEDIATED_SIGNALING,ppgs,0.025338841700907097,0.0057116767588042,4.436322777168513,9.185287937610766e-6
bmi,alt_log_adj,REACTOME_NR1H2_AND_NR1H3_MEDIATED_SIGNALING,bmi,0.2884960973801015,0.005758716869244015,50.097287977621015,0
bmi,alt_log_adj,REACTOME_NR1H2_AND_NR1H3_MEDIATED_SIGNALING,ppgs:bmi,0.018759141191756274,0.005775415614949661,3.2481023778095284,0.0011631260092001016
bmi,alt_log_adj,REACTOME_NR1H2_NR1H3_REGULATE_GENE_EXPRESSION_LINKED_TO_GLUCONEOGENESIS,ppgs,-7.552945398880181e-4,0.005708394188283898,-0.13231296139958418,0.8947376948572805
bmi,alt_log_adj,REACTOME_NR1H2_NR1H3_REGULATE_GENE_EXPRESSION_LINKED_TO_GLUCONEOGENESIS,bmi,0.28841548896510394,0.005762401658674924,50.05126439440628,0
bmi,alt_log_adj,REACTOME_NR1H2_NR1H3_REGULATE_GENE_EXPRESSION_LINKED_TO_GLUCONEOGENESIS,ppgs:bmi,4.445816694750857e-4,0.005745639949495757,0.07737722401385466,0.9383240051416086
bmi,alt_log_adj,REACTOME_NR1H2_NR1H3_REGULATE_GENE_EXPRESSION_LINKED_TO_LIPOGENESIS,ppgs,0.004966504060585625,0.005721487508228827,0.8680442023936327,0.3853774831793946
bmi,alt_log_adj,REACTOME_NR1H2_NR1H3_REGULATE_GENE_EXPRESSION_LINKED_TO_LIPOGENESIS,bmi,0.28846485297644764,0.005761653678942292,50.0663297467409,0
bmi,alt_log_adj,REACTOME_NR1H2_NR1H3_REGULATE_GENE_EXPRESSION_LINKED_TO_LIPOGENESIS,ppgs:bmi,0.0039826817337713805,0.005705382980810678,0.6980568608920065,0.48514736069819986
bmi,alt_log_adj,REACTOME_NR1H2_NR1H3_REGULATE_GENE_EXPRESSION_LINKED_TO_TRIGLYCERIDE_LIPOLYSIS_IN_ADIPOSE,ppgs,0.007619529401113334,0.005682549436990552,1.3408646041007604,0.17997516006748077
bmi,alt_log_adj,REACTOME_NR1H2_NR1H3_REGULATE_GENE_EXPRESSION_LINKED_TO_TRIGLYCERIDE_LIPOLYSIS_IN_ADIPOSE,bmi,0.28837555670499654,0.005761661710659389,50.05076160085657,0
bmi,alt_log_adj,REACTOME_NR1H2_NR1H3_REGULATE_GENE_EXPRESSION_LINKED_TO_TRIGLYCERIDE_LIPOLYSIS_IN_ADIPOSE,ppgs:bmi,0.004951736962889028,0.005611459960817747,0.8824329136204727,0.3775502259055067
bmi,alt_log_adj,REACTOME_NR1H2_NR1H3_REGULATE_GENE_EXPRESSION_TO_CONTROL_BILE_ACID_HOMEOSTASIS,ppgs,0.005634315732559954,0.00569938917514693,0.9885823830261076,0.3228759467063971
bmi,alt_log_adj,REACTOME_NR1H2_NR1H3_REGULATE_GENE_EXPRESSION_TO_CONTROL_BILE_ACID_HOMEOSTASIS,bmi,0.2884146472787462,0.005761594608960422,50.05812919052032,0
bmi,alt_log_adj,REACTOME_NR1H2_NR1H3_REGULATE_GENE_EXPRESSION_TO_CONTROL_BILE_ACID_HOMEOSTASIS,ppgs:bmi,0.002089892123751225,0.00568593587630132,0.36755464170142765,0.7132080852872377
bmi,alt_log_adj,REACTOME_NR1H2_NR1H3_REGULATE_GENE_EXPRESSION_TO_LIMIT_CHOLESTEROL_UPTAKE,ppgs,0.0033295028048267714,0.005682451594286548,0.5859271741398445,0.5579291199626222
bmi,alt_log_adj,REACTOME_NR1H2_NR1H3_REGULATE_GENE_EXPRESSION_TO_LIMIT_CHOLESTEROL_UPTAKE,bmi,0.28849956104552626,0.005762003850169498,50.06931070291451,0
bmi,alt_log_adj,REACTOME_NR1H2_NR1H3_REGULATE_GENE_EXPRESSION_TO_LIMIT_CHOLESTEROL_UPTAKE,ppgs:bmi,0.005475043909668974,0.005699955609903545,0.9605414996839989,0.33679094766220197
bmi,alt_log_adj,REACTOME_NR1H3_NR1H2_REGULATE_GENE_EXPRESSION_LINKED_TO_CHOLESTEROL_TRANSPORT_AND_EFFLUX,ppgs,0.02506068409337624,0.005709275320680957,4.389468485185472,1.14038520468419e-5
bmi,alt_log_adj,REACTOME_NR1H3_NR1H2_REGULATE_GENE_EXPRESSION_LINKED_TO_CHOLESTEROL_TRANSPORT_AND_EFFLUX,bmi,0.2884389508122198,0.005758608905548639,50.088303537039636,0
bmi,alt_log_adj,REACTOME_NR1H3_NR1H2_REGULATE_GENE_EXPRESSION_LINKED_TO_CHOLESTEROL_TRANSPORT_AND_EFFLUX,ppgs:bmi,0.019668265356744936,0.005782038602528977,3.4016143282305884,6.70815697434298e-4
bmi,alt_log_adj,REACTOME_NRAGE_SIGNALS_DEATH_THROUGH_JNK,ppgs,-0.007069616391356337,0.00571017315871601,-1.2380739068420845,0.21569891112659306
bmi,alt_log_adj,REACTOME_NRAGE_SIGNALS_DEATH_THROUGH_JNK,bmi,0.2883106139012509,0.0057616988831130835,50.03916722310118,0
bmi,alt_log_adj,REACTOME_NRAGE_SIGNALS_DEATH_THROUGH_JNK,ppgs:bmi,-0.006179409584818289,0.005840433431979302,-1.0580395542191992,0.2900464254323864
bmi,alt_log_adj,REACTOME_NRCAM_INTERACTIONS,ppgs,0.011426259368492758,0.0057152077997764525,1.9992727769127994,0.045588375870770845
bmi,alt_log_adj,REACTOME_NRCAM_INTERACTIONS,bmi,0.288550580122277,0.005762311130387683,50.075494639745976,0
bmi,alt_log_adj,REACTOME_NRCAM_INTERACTIONS,ppgs:bmi,0.005537991187475692,0.0058992528285168,0.9387614581808088,0.3478612295748661
bmi,alt_log_adj,REACTOME_NRIF_SIGNALS_CELL_DEATH_FROM_THE_NUCLEUS,ppgs,0.001495805281171663,0.005767666381018662,0.25934323907747936,0.795372303541369
bmi,alt_log_adj,REACTOME_NRIF_SIGNALS_CELL_DEATH_FROM_THE_NUCLEUS,bmi,0.2884001262498253,0.0057620676033609194,50.05149993061627,0
bmi,alt_log_adj,REACTOME_NRIF_SIGNALS_CELL_DEATH_FROM_THE_NUCLEUS,ppgs:bmi,-0.001198921424063052,0.005831765612028645,-0.20558463831093407,0.8371168542657843
bmi,alt_log_adj,REACTOME_NS1_MEDIATED_EFFECTS_ON_HOST_PATHWAYS,ppgs,0.0017673275330636676,0.005689102092193422,0.3106514005942681,0.7560679309899626
bmi,alt_log_adj,REACTOME_NS1_MEDIATED_EFFECTS_ON_HOST_PATHWAYS,bmi,0.28830106419304463,0.005763531546389377,50.02159906171656,0
bmi,alt_log_adj,REACTOME_NS1_MEDIATED_EFFECTS_ON_HOST_PATHWAYS,ppgs:bmi,0.0041554977011344476,0.005448673288481225,0.7626622998151463,0.4456711656266148
bmi,alt_log_adj,REACTOME_NTRK2_ACTIVATES_RAC1,ppgs,0.005714719370685772,0.005724449609317349,0.9983002315863276,0.31814231648520425
bmi,alt_log_adj,REACTOME_NTRK2_ACTIVATES_RAC1,bmi,0.28851563352215814,0.005761381805535515,50.07750627548297,0
bmi,alt_log_adj,REACTOME_NTRK2_ACTIVATES_RAC1,ppgs:bmi,0.011324543501892714,0.00580119226394243,1.9521062200060015,0.05093542574105145
bmi,alt_log_adj,REACTOME_NUCLEAR_ENVELOPE_BREAKDOWN,ppgs,-0.006038404745199735,0.005682979446867909,-1.062542069992478,0.2879987212618627
bmi,alt_log_adj,REACTOME_NUCLEAR_ENVELOPE_BREAKDOWN,bmi,0.2883294385223572,0.005764574106929225,50.01747452179943,0
bmi,alt_log_adj,REACTOME_NUCLEAR_ENVELOPE_BREAKDOWN,ppgs:bmi,0.003268382824070224,0.00539958501442281,0.6053025955402238,0.5449828026829033
bmi,alt_log_adj,REACTOME_NUCLEAR_ENVELOPE_NE_REASSEMBLY,ppgs,0.00753024405922713,0.005691337918887469,1.3231061248774219,0.18581075994560212
bmi,alt_log_adj,REACTOME_NUCLEAR_ENVELOPE_NE_REASSEMBLY,bmi,0.2882006364330881,0.005764359779669486,49.99698968297443,0
bmi,alt_log_adj,REACTOME_NUCLEAR_ENVELOPE_NE_REASSEMBLY,ppgs:bmi,0.0050934284362101736,0.005419703654866002,0.9397983285741303,0.3473290239191318
bmi,alt_log_adj,REACTOME_NUCLEAR_EVENTS_KINASE_AND_TRANSCRIPTION_FACTOR_ACTIVATION,ppgs,-0.0014792732815445818,0.00570045089194202,-0.25950110080513744,0.7952505171940919
bmi,alt_log_adj,REACTOME_NUCLEAR_EVENTS_KINASE_AND_TRANSCRIPTION_FACTOR_ACTIVATION,bmi,0.2885297863269938,0.005762645114562575,50.068984050025996,0
bmi,alt_log_adj,REACTOME_NUCLEAR_EVENTS_KINASE_AND_TRANSCRIPTION_FACTOR_ACTIVATION,ppgs:bmi,0.006047554498375056,0.005774406443902973,1.0473032262494255,0.2949686778424986
bmi,alt_log_adj,REACTOME_NUCLEAR_EVENTS_MEDIATED_BY_NFE2L2,ppgs,0.010424495438456513,0.005754121028763276,1.8116573124456914,0.07004974109487774
bmi,alt_log_adj,REACTOME_NUCLEAR_EVENTS_MEDIATED_BY_NFE2L2,bmi,0.28836661763814075,0.005761459325224686,50.05096822876468,0
bmi,alt_log_adj,REACTOME_NUCLEAR_EVENTS_MEDIATED_BY_NFE2L2,ppgs:bmi,0.004290064908308784,0.005768341530285134,0.7437258847772701,0.4570484903562737
bmi,alt_log_adj,REACTOME_NUCLEAR_EVENTS_STIMULATED_BY_ALK_SIGNALING_IN_CANCER,ppgs,0.007895348609624346,0.005746751595665861,1.3738802657798772,0.16948972024167167
bmi,alt_log_adj,REACTOME_NUCLEAR_EVENTS_STIMULATED_BY_ALK_SIGNALING_IN_CANCER,bmi,0.28835783029583023,0.005761505504300975,50.04904188333597,0
bmi,alt_log_adj,REACTOME_NUCLEAR_EVENTS_STIMULATED_BY_ALK_SIGNALING_IN_CANCER,ppgs:bmi,-0.004468490298530631,0.0057950374915673826,-0.771089109437675,0.4406605421232038
bmi,alt_log_adj,REACTOME_NUCLEAR_IMPORT_OF_REV_PROTEIN,ppgs,-0.0028851433323067274,0.005686111659851072,-0.5074018072276643,0.6118768651670248
bmi,alt_log_adj,REACTOME_NUCLEAR_IMPORT_OF_REV_PROTEIN,bmi,0.28825279286459365,0.005763726302651121,50.01153381138293,0
bmi,alt_log_adj,REACTOME_NUCLEAR_IMPORT_OF_REV_PROTEIN,ppgs:bmi,0.005616342226752824,0.005411817222883753,1.0377922970133286,0.29937561563244175
bmi,alt_log_adj,REACTOME_NUCLEAR_PORE_COMPLEX_NPC_DISASSEMBLY,ppgs,-0.005129182089042436,0.005682090263260533,-0.9026928210216739,0.36669661757446304
bmi,alt_log_adj,REACTOME_NUCLEAR_PORE_COMPLEX_NPC_DISASSEMBLY,bmi,0.2882853595411855,0.0057639501196627245,50.015241901165936,0
bmi,alt_log_adj,REACTOME_NUCLEAR_PORE_COMPLEX_NPC_DISASSEMBLY,ppgs:bmi,0.004512153857521267,0.005400727098699049,0.8354715531929349,0.4034592984872595
bmi,alt_log_adj,REACTOME_NUCLEAR_RECEPTOR_TRANSCRIPTION_PATHWAY,ppgs,0.008802548606634352,0.005686577051148631,1.5479520504969375,0.12164500440903939
bmi,alt_log_adj,REACTOME_NUCLEAR_RECEPTOR_TRANSCRIPTION_PATHWAY,bmi,0.28851175041130317,0.005761675994369632,50.0742753832808,0
bmi,alt_log_adj,REACTOME_NUCLEAR_RECEPTOR_TRANSCRIPTION_PATHWAY,ppgs:bmi,0.0023816606111344393,0.005682845808484905,0.41909646881118007,0.6751488067385796
bmi,alt_log_adj,REACTOME_NUCLEAR_RNA_DECAY,ppgs,5.207591889475064e-4,0.0057109177079857024,0.0911866035504797,0.9273449637061308
bmi,alt_log_adj,REACTOME_NUCLEAR_RNA_DECAY,bmi,0.2883942570923481,0.005762980746225345,50.042550858987596,0
bmi,alt_log_adj,REACTOME_NUCLEAR_RNA_DECAY,ppgs:bmi,7.326942802443586e-4,0.005509033710142912,0.13299869247402943,0.8941953585791589
bmi,alt_log_adj,REACTOME_NUCLEAR_SIGNALING_BY_ERBB4,ppgs,9.038630621943281e-4,0.005712760958347145,0.15821825362282269,0.8742859475821898
bmi,alt_log_adj,REACTOME_NUCLEAR_SIGNALING_BY_ERBB4,bmi,0.28866303476478145,0.0057615886947070755,50.10129151182968,0
bmi,alt_log_adj,REACTOME_NUCLEAR_SIGNALING_BY_ERBB4,ppgs:bmi,0.015375752671030878,0.005665297297845119,2.7140239713243783,0.006651154019470699
bmi,alt_log_adj,REACTOME_NUCLEOTIDE_BINDING_DOMAIN_LEUCINE_RICH_REPEAT_CONTAINING_RECEPTOR_NLR_SIGNALING_PATHWAYS,ppgs,-0.0022663784046118426,0.00569768116366893,-0.3977720654260767,0.690801205574963
bmi,alt_log_adj,REACTOME_NUCLEOTIDE_BINDING_DOMAIN_LEUCINE_RICH_REPEAT_CONTAINING_RECEPTOR_NLR_SIGNALING_PATHWAYS,bmi,0.28844975545422047,0.005761445186846134,50.06552108015809,0
bmi,alt_log_adj,REACTOME_NUCLEOTIDE_BINDING_DOMAIN_LEUCINE_RICH_REPEAT_CONTAINING_RECEPTOR_NLR_SIGNALING_PATHWAYS,ppgs:bmi,0.008245469119519408,0.005690473022185636,1.4489953800628743,0.1473499340543727
bmi,alt_log_adj,REACTOME_NUCLEOTIDE_BIOSYNTHESIS,ppgs,0.006842160433288954,0.00573164612494803,1.1937513733632663,0.2325852276048823
bmi,alt_log_adj,REACTOME_NUCLEOTIDE_BIOSYNTHESIS,bmi,0.28855699891217756,0.005762712922222032,50.0731170902946,0
bmi,alt_log_adj,REACTOME_NUCLEOTIDE_BIOSYNTHESIS,ppgs:bmi,0.0038162338288826366,0.0057961664036365506,0.6584065334094459,0.5102822853523772
bmi,alt_log_adj,REACTOME_NUCLEOTIDE_CATABOLISM,ppgs,0.0033434253981265314,0.005788552340296922,0.5775926693883935,0.5635437446653602
bmi,alt_log_adj,REACTOME_NUCLEOTIDE_CATABOLISM,bmi,0.2884758542844861,0.005761723844968967,50.067629418993754,0
bmi,alt_log_adj,REACTOME_NUCLEOTIDE_CATABOLISM,ppgs:bmi,-0.006171661726485723,0.005815954745628988,-1.0611605482529018,0.28862598553632873
bmi,alt_log_adj,REACTOME_NUCLEOTIDE_EXCISION_REPAIR,ppgs,0.008605035908102396,0.005673171005276712,1.5167947343908208,0.129329667549737
bmi,alt_log_adj,REACTOME_NUCLEOTIDE_EXCISION_REPAIR,bmi,0.28834835773558015,0.005762041377550637,50.042743333813576,0
bmi,alt_log_adj,REACTOME_NUCLEOTIDE_EXCISION_REPAIR,ppgs:bmi,0.004590408845647315,0.005560039572832949,0.8256072255450535,0.40903388275551567
bmi,alt_log_adj,REACTOME_NUCLEOTIDE_LIKE_PURINERGIC_RECEPTORS,ppgs,0.0013998937983873347,0.005690771524087113,0.24599367457682272,0.8056889100041021
bmi,alt_log_adj,REACTOME_NUCLEOTIDE_LIKE_PURINERGIC_RECEPTORS,bmi,0.2884358267184516,0.0057621349077906095,50.05711100732407,0
bmi,alt_log_adj,REACTOME_NUCLEOTIDE_LIKE_PURINERGIC_RECEPTORS,ppgs:bmi,6.861390908507229e-4,0.005777558451765792,0.11875935078441631,0.9054668555556489
bmi,alt_log_adj,REACTOME_NUCLEOTIDE_SALVAGE,ppgs,0.001799164328857512,0.0056975932482484564,0.3157761971531765,0.7521747109753603
bmi,alt_log_adj,REACTOME_NUCLEOTIDE_SALVAGE,bmi,0.2884042600186463,0.005761511672193626,50.05704690499045,0
bmi,alt_log_adj,REACTOME_NUCLEOTIDE_SALVAGE,ppgs:bmi,-0.005483996206793702,0.005665700458804933,-0.9679290754369393,0.33308804992462393
bmi,alt_log_adj,REACTOME_N_GLYCAN_ANTENNAE_ELONGATION,ppgs,-0.0048425826474366674,0.0056915950224152865,-0.8508305015316546,0.3948707019793475
bmi,alt_log_adj,REACTOME_N_GLYCAN_ANTENNAE_ELONGATION,bmi,0.2884984342505741,0.005761809126234877,50.07080726381105,0
bmi,alt_log_adj,REACTOME_N_GLYCAN_ANTENNAE_ELONGATION,ppgs:bmi,-0.007099107711735591,0.005646258666804484,-1.2573118113544293,0.2086511068384689
bmi,alt_log_adj,REACTOME_N_GLYCAN_ANTENNAE_ELONGATION_IN_THE_MEDIAL_TRANS_GOLGI,ppgs,-0.0038901094405074605,0.00569313689712742,-0.6832980676207328,0.4944240994240623
bmi,alt_log_adj,REACTOME_N_GLYCAN_ANTENNAE_ELONGATION_IN_THE_MEDIAL_TRANS_GOLGI,bmi,0.28844250675118377,0.005761579974627249,50.063091725086196,0
bmi,alt_log_adj,REACTOME_N_GLYCAN_ANTENNAE_ELONGATION_IN_THE_MEDIAL_TRANS_GOLGI,ppgs:bmi,-0.005432821261729793,0.005688695660868084,-0.9550205505106517,0.33957544819688845
bmi,alt_log_adj,REACTOME_N_GLYCAN_TRIMMING_AND_ELONGATION_IN_THE_CIS_GOLGI,ppgs,0.0033747545516977615,0.005708994870007198,0.5911293719017664,0.5544384542767276
bmi,alt_log_adj,REACTOME_N_GLYCAN_TRIMMING_AND_ELONGATION_IN_THE_CIS_GOLGI,bmi,0.2883321560219832,0.0057612564740061765,50.04674888592264,0
bmi,alt_log_adj,REACTOME_N_GLYCAN_TRIMMING_AND_ELONGATION_IN_THE_CIS_GOLGI,ppgs:bmi,0.011165891976902358,0.005417388623560344,2.0611207267541496,0.039300622899415806
bmi,alt_log_adj,REACTOME_N_GLYCAN_TRIMMING_IN_THE_ER_AND_CALNEXIN_CALRETICULIN_CYCLE,ppgs,0.01883647889029297,0.005684496420933913,3.313658325287203,9.219928874826654e-4
bmi,alt_log_adj,REACTOME_N_GLYCAN_TRIMMING_IN_THE_ER_AND_CALNEXIN_CALRETICULIN_CYCLE,bmi,0.28821141767036745,0.0057606354201327255,50.031185216669556,0
bmi,alt_log_adj,REACTOME_N_GLYCAN_TRIMMING_IN_THE_ER_AND_CALNEXIN_CALRETICULIN_CYCLE,ppgs:bmi,0.006262842781549189,0.005701512317926157,1.0984529072853442,0.2720160998471346
bmi,alt_log_adj,REACTOME_OAS_ANTIVIRAL_RESPONSE,ppgs,0.004770390257661192,0.005725192441912774,0.8332279318225704,0.4047232124895913
bmi,alt_log_adj,REACTOME_OAS_ANTIVIRAL_RESPONSE,bmi,0.2883667839328448,0.005761524003141278,50.05043522783598,0
bmi,alt_log_adj,REACTOME_OAS_ANTIVIRAL_RESPONSE,ppgs:bmi,0.006033983207440136,0.005704050576236229,1.0578418137767653,0.2901365801395964
bmi,alt_log_adj,REACTOME_OLFACTORY_SIGNALING_PATHWAY,ppgs,0.008210033350466807,0.005703151848927897,1.4395607144863527,0.1500027630888451
bmi,alt_log_adj,REACTOME_OLFACTORY_SIGNALING_PATHWAY,bmi,0.28849625469090034,0.005762260113637084,50.066510188968934,0
bmi,alt_log_adj,REACTOME_OLFACTORY_SIGNALING_PATHWAY,ppgs:bmi,0.0021232164875053883,0.005776540580401312,0.3675584820972352,0.7132052212732599
bmi,alt_log_adj,REACTOME_ONCOGENE_INDUCED_SENESCENCE,ppgs,0.004408238263661133,0.005700923380397343,0.7732498701559268,0.439380964742375
bmi,alt_log_adj,REACTOME_ONCOGENE_INDUCED_SENESCENCE,bmi,0.28843019744424336,0.005761784248971368,50.05918045191225,0
bmi,alt_log_adj,REACTOME_ONCOGENE_INDUCED_SENESCENCE,ppgs:bmi,6.94829103549315e-5,0.005713876335944239,0.0121603804964829,0.9902977448436473
bmi,alt_log_adj,REACTOME_ONCOGENIC_MAPK_SIGNALING,ppgs,0.01839338868982193,0.005704243814862737,3.2245095558322547,0.0012633153208925088
bmi,alt_log_adj,REACTOME_ONCOGENIC_MAPK_SIGNALING,bmi,0.28843066982770554,0.005761578971148889,50.06104598618232,0
bmi,alt_log_adj,REACTOME_ONCOGENIC_MAPK_SIGNALING,ppgs:bmi,-0.007958670707547669,0.005603972756698782,-1.4201836898714697,0.15556520820615502
bmi,alt_log_adj,REACTOME_OPIOID_SIGNALLING,ppgs,-0.0020569902825368774,0.005722138832210891,-0.3594792686534849,0.7192392616158618
bmi,alt_log_adj,REACTOME_OPIOID_SIGNALLING,bmi,0.28843994434373826,0.005761674444914518,50.06182614124038,0
bmi,alt_log_adj,REACTOME_OPIOID_SIGNALLING,ppgs:bmi,-0.007746564487317663,0.005716541450272,-1.3551138489425407,0.17539208472933832
bmi,alt_log_adj,REACTOME_OPSINS,ppgs,8.886334576624522e-4,0.005712270796703778,0.1555657092053884,0.8763764635364238
bmi,alt_log_adj,REACTOME_OPSINS,bmi,0.2884397609102346,0.0057618285638458,50.06045523813921,0
bmi,alt_log_adj,REACTOME_OPSINS,ppgs:bmi,-0.002662620650112933,0.005650074468934658,-0.47125408076523634,0.6374629294692904
bmi,alt_log_adj,REACTOME_ORC1_REMOVAL_FROM_CHROMATIN,ppgs,-0.010597205172527125,0.005687796083334418,-1.8631478726140638,0.06245179817625171
bmi,alt_log_adj,REACTOME_ORC1_REMOVAL_FROM_CHROMATIN,bmi,0.28828134012264656,0.005762243220800949,50.02935993433745,0
bmi,alt_log_adj,REACTOME_ORC1_REMOVAL_FROM_CHROMATIN,ppgs:bmi,-0.0017015798298386045,0.005759638784624139,-0.2954316917201685,0.7676662903380317
bmi,alt_log_adj,REACTOME_OREXIN_AND_NEUROPEPTIDES_FF_AND_QRFP_BIND_TO_THEIR_RESPECTIVE_RECEPTORS,ppgs,-0.0010436829542702683,0.0057256472798403535,-0.18228209026165665,0.8553626565301071
bmi,alt_log_adj,REACTOME_OREXIN_AND_NEUROPEPTIDES_FF_AND_QRFP_BIND_TO_THEIR_RESPECTIVE_RECEPTORS,bmi,0.2882467353427245,0.005763413378077454,50.01319815773429,0
bmi,alt_log_adj,REACTOME_OREXIN_AND_NEUROPEPTIDES_FF_AND_QRFP_BIND_TO_THEIR_RESPECTIVE_RECEPTORS,ppgs:bmi,-0.006935424038242425,0.005731579145181438,-1.2100372100894854,0.22627470472055045
bmi,alt_log_adj,REACTOME_ORGANELLE_BIOGENESIS_AND_MAINTENANCE,ppgs,6.25262082225051e-4,0.0057124899220021026,0.10945526219955419,0.9128421788500563
bmi,alt_log_adj,REACTOME_ORGANELLE_BIOGENESIS_AND_MAINTENANCE,bmi,0.28841453647563925,0.005761484849396183,50.059063594667926,0
bmi,alt_log_adj,REACTOME_ORGANELLE_BIOGENESIS_AND_MAINTENANCE,ppgs:bmi,-0.0065747905336001715,0.005731849523000398,-1.1470626552942944,0.25136540780247507
bmi,alt_log_adj,REACTOME_ORGANIC_ANION_TRANSPORT,ppgs,-0.005217549141390156,0.0056947191473183546,-0.9162083337941436,0.3595654291409155
bmi,alt_log_adj,REACTOME_ORGANIC_ANION_TRANSPORT,bmi,0.2884758707380871,0.005763105385120464,50.055629987765215,0
bmi,alt_log_adj,REACTOME_ORGANIC_ANION_TRANSPORT,ppgs:bmi,0.005900049745690015,0.006157291542163467,0.9582215987805791,0.33795920015896186
bmi,alt_log_adj,REACTOME_ORGANIC_ANION_TRANSPORTERS,ppgs,0.01044844122856546,0.005674529862692046,1.841287557099687,0.06558987202110061
bmi,alt_log_adj,REACTOME_ORGANIC_ANION_TRANSPORTERS,bmi,0.288445727349903,0.005761455561859397,50.06473177705336,0
bmi,alt_log_adj,REACTOME_ORGANIC_ANION_TRANSPORTERS,ppgs:bmi,-0.00912961491431278,0.0055733849016971065,-1.6380736438161294,0.10141743056109752
bmi,alt_log_adj,REACTOME_ORGANIC_CATION_ANION_ZWITTERION_TRANSPORT,ppgs,0.005605706006554685,0.005691634039096598,0.9849027481472523,0.32468024919648
bmi,alt_log_adj,REACTOME_ORGANIC_CATION_ANION_ZWITTERION_TRANSPORT,bmi,0.2884214667100487,0.0057618614889059115,50.056994126878166,0
bmi,alt_log_adj,REACTOME_ORGANIC_CATION_ANION_ZWITTERION_TRANSPORT,ppgs:bmi,-0.0014697649769679739,0.0056848992181420775,-0.258538440273057,0.7959932629993776
bmi,alt_log_adj,REACTOME_ORGANIC_CATION_TRANSPORT,ppgs,0.006991840923655738,0.005692539402386177,1.2282463816982847,0.21936468938658438
bmi,alt_log_adj,REACTOME_ORGANIC_CATION_TRANSPORT,bmi,0.28840636481687354,0.005762077585036535,50.052495920192456,0
bmi,alt_log_adj,REACTOME_ORGANIC_CATION_TRANSPORT,ppgs:bmi,-0.0012427457202011452,0.005657411048070821,-0.21966685991906526,0.8261321978490269
bmi,alt_log_adj,REACTOME_OTHER_INTERLEUKIN_SIGNALING,ppgs,-0.0030320393855532628,0.005974982998961013,-0.5074557343645166,0.6118390357241803
bmi,alt_log_adj,REACTOME_OTHER_INTERLEUKIN_SIGNALING,bmi,0.2884641111031355,0.00576222825147154,50.06120870506448,0
bmi,alt_log_adj,REACTOME_OTHER_INTERLEUKIN_SIGNALING,ppgs:bmi,-0.0024659878135932477,0.005893614535019644,-0.41841688134512994,0.6756455157481549
bmi,alt_log_adj,REACTOME_OTHER_SEMAPHORIN_INTERACTIONS,ppgs,0.007091592882420826,0.005784619572151391,1.2259393714604039,0.22023167519621212
bmi,alt_log_adj,REACTOME_OTHER_SEMAPHORIN_INTERACTIONS,bmi,0.28841302575574773,0.0057615310693699745,50.05839980435718,0
bmi,alt_log_adj,REACTOME_OTHER_SEMAPHORIN_INTERACTIONS,ppgs:bmi,0.002828277699351999,0.005743670795054948,0.49241640063825104,0.622428821006221
bmi,alt_log_adj,REACTOME_OVARIAN_TUMOR_DOMAIN_PROTEASES,ppgs,0.0024599065150909725,0.005691607389195619,0.43219891093693746,0.6656001382273322
bmi,alt_log_adj,REACTOME_OVARIAN_TUMOR_DOMAIN_PROTEASES,bmi,0.28841033519840004,0.005761595133216579,50.057376217857666,0
bmi,alt_log_adj,REACTOME_OVARIAN_TUMOR_DOMAIN_PROTEASES,ppgs:bmi,0.0030785125652024936,0.005651381241751548,0.5447363102065933,0.5859391730864801
bmi,alt_log_adj,REACTOME_OXIDATIVE_STRESS_INDUCED_SENESCENCE,ppgs,0.0039001745759272614,0.005706510095387218,0.6834605583331774,0.4943214509048838
bmi,alt_log_adj,REACTOME_OXIDATIVE_STRESS_INDUCED_SENESCENCE,bmi,0.2884625043532297,0.005762198184975213,50.06119107554968,0
bmi,alt_log_adj,REACTOME_OXIDATIVE_STRESS_INDUCED_SENESCENCE,ppgs:bmi,0.0021413780196921197,0.00578349205938145,0.37025693088288636,0.7111938273711781
bmi,alt_log_adj,REACTOME_O_GLYCOSYLATION_OF_TSR_DOMAIN_CONTAINING_PROTEINS,ppgs,0.006567817696878792,0.005715956946558244,1.149032044552659,0.250552462079042
bmi,alt_log_adj,REACTOME_O_GLYCOSYLATION_OF_TSR_DOMAIN_CONTAINING_PROTEINS,bmi,0.28835768374174364,0.005762177904992071,50.0431761212934,0
bmi,alt_log_adj,REACTOME_O_GLYCOSYLATION_OF_TSR_DOMAIN_CONTAINING_PROTEINS,ppgs:bmi,0.0010134636791209431,0.005620500741458015,0.18031554940388467,0.8569061380018974
bmi,alt_log_adj,REACTOME_O_LINKED_GLYCOSYLATION,ppgs,-5.462151061666619e-4,0.005656695221825209,-0.09656081594412262,0.9230758579694516
bmi,alt_log_adj,REACTOME_O_LINKED_GLYCOSYLATION,bmi,0.28846182123198644,0.005761947096957597,50.06325403166215,0
bmi,alt_log_adj,REACTOME_O_LINKED_GLYCOSYLATION,ppgs:bmi,-0.0041633064234659276,0.005608099617591362,-0.7423738355871142,0.4578670185454302
bmi,alt_log_adj,REACTOME_O_LINKED_GLYCOSYLATION_OF_MUCINS,ppgs,-0.0011739877194328861,0.005648641588913178,-0.2078354062571646,0.835358979008558
bmi,alt_log_adj,REACTOME_O_LINKED_GLYCOSYLATION_OF_MUCINS,bmi,0.28847243888010127,0.0057617188740649635,50.06707983941959,0
bmi,alt_log_adj,REACTOME_O_LINKED_GLYCOSYLATION_OF_MUCINS,ppgs:bmi,-0.006767137372468716,0.005593709907094898,-1.209776245973263,0.22637485167735563
bmi,alt_log_adj,REACTOME_P130CAS_LINKAGE_TO_MAPK_SIGNALING_FOR_INTEGRINS,ppgs,0.009171202607576397,0.005684335172704894,1.6134169307282904,0.10666508793599115
bmi,alt_log_adj,REACTOME_P130CAS_LINKAGE_TO_MAPK_SIGNALING_FOR_INTEGRINS,bmi,0.2883572534652282,0.005761354113406161,50.05025689954492,0
bmi,alt_log_adj,REACTOME_P130CAS_LINKAGE_TO_MAPK_SIGNALING_FOR_INTEGRINS,ppgs:bmi,0.008644459691770152,0.005611699802563937,1.5404351615210374,0.12346547781288575
bmi,alt_log_adj,REACTOME_P2Y_RECEPTORS,ppgs,9.771050252417772e-4,0.00569897201336002,0.17145285552397235,0.8638689210750912
bmi,alt_log_adj,REACTOME_P2Y_RECEPTORS,bmi,0.2884090745383715,0.00576141030139755,50.05876329766201,0
bmi,alt_log_adj,REACTOME_P2Y_RECEPTORS,ppgs:bmi,-0.009446735357448116,0.005747449979259551,-1.6436394212281855,0.1002617954839107
bmi,alt_log_adj,REACTOME_P38MAPK_EVENTS,ppgs,0.01394819060287565,0.005713021502761769,2.441473499816667,0.01463353383131679
bmi,alt_log_adj,REACTOME_P38MAPK_EVENTS,bmi,0.2885161471383814,0.0057613171426407804,50.07815747600661,0
bmi,alt_log_adj,REACTOME_P38MAPK_EVENTS,ppgs:bmi,0.010599965540295247,0.005756107417721003,1.84151628367145,0.06555637728881672
bmi,alt_log_adj,REACTOME_P75NTR_NEGATIVELY_REGULATES_CELL_CYCLE_VIA_SC1,ppgs,2.0782165288402347e-4,0.005698222774439718,0.0364713106367551,0.9709068110799293
bmi,alt_log_adj,REACTOME_P75NTR_NEGATIVELY_REGULATES_CELL_CYCLE_VIA_SC1,bmi,0.28846316234605796,0.0057619626838310584,50.063351356913394,0
bmi,alt_log_adj,REACTOME_P75NTR_NEGATIVELY_REGULATES_CELL_CYCLE_VIA_SC1,ppgs:bmi,-0.0041877653264967216,0.005721986800830351,-0.7318725946534883,0.4642523849154898
bmi,alt_log_adj,REACTOME_P75NTR_RECRUITS_SIGNALLING_COMPLEXES,ppgs,-0.0015182068477652424,0.005699274522024041,-0.26638598332092034,0.7899438965049548
bmi,alt_log_adj,REACTOME_P75NTR_RECRUITS_SIGNALLING_COMPLEXES,bmi,0.28834853476265015,0.005762179738049012,50.04157243805114,0
bmi,alt_log_adj,REACTOME_P75NTR_RECRUITS_SIGNALLING_COMPLEXES,ppgs:bmi,0.005124761737411681,0.005660647146762182,0.9053314231647488,0.36529752819980665
bmi,alt_log_adj,REACTOME_P75NTR_REGULATES_AXONOGENESIS,ppgs,-0.008686996186744764,0.005747906753234244,-1.5113321352780729,0.13071499703600145
bmi,alt_log_adj,REACTOME_P75NTR_REGULATES_AXONOGENESIS,bmi,0.28835647499286504,0.005761806446782658,50.04619257106089,0
bmi,alt_log_adj,REACTOME_P75NTR_REGULATES_AXONOGENESIS,ppgs:bmi,-1.7849690148380042e-4,0.005864850985190293,-0.030435027579478878,0.9757203240728618
bmi,alt_log_adj,REACTOME_P75NTR_SIGNALS_VIA_NF_KB,ppgs,-0.0012518668119015901,0.005702417972338208,-0.219532629487045,0.8262367457071127
bmi,alt_log_adj,REACTOME_P75NTR_SIGNALS_VIA_NF_KB,bmi,0.28834895116619896,0.005762067395415278,50.04262036150956,0
bmi,alt_log_adj,REACTOME_P75NTR_SIGNALS_VIA_NF_KB,ppgs:bmi,0.005970808375839829,0.005696754786114915,1.0481069661613105,0.2945982629027068
bmi,alt_log_adj,REACTOME_P75_NTR_RECEPTOR_MEDIATED_SIGNALLING,ppgs,-0.007947205337980278,0.005712054577801672,-1.3913041673069624,0.1641441289455763
bmi,alt_log_adj,REACTOME_P75_NTR_RECEPTOR_MEDIATED_SIGNALLING,bmi,0.2883538442636051,0.005761281627153867,50.05029486920863,0
bmi,alt_log_adj,REACTOME_P75_NTR_RECEPTOR_MEDIATED_SIGNALLING,ppgs:bmi,-0.008983523609684041,0.005834250597678358,-1.5397904939597356,0.12362259133982828
bmi,alt_log_adj,REACTOME_PARACETAMOL_ADME,ppgs,0.019753255903021204,0.00570967609498397,3.459610593388076,5.417522764789681e-4
bmi,alt_log_adj,REACTOME_PARACETAMOL_ADME,bmi,0.2885686245745222,0.0057609612951310075,50.090359888099194,0
bmi,alt_log_adj,REACTOME_PARACETAMOL_ADME,ppgs:bmi,-0.007417326442426437,0.005582461979639679,-1.3286837365805382,0.1839630277446522
bmi,alt_log_adj,REACTOME_PARASITE_INFECTION,ppgs,0.019968144672411245,0.005703076058771329,3.5012937696491435,4.637168522762987e-4
bmi,alt_log_adj,REACTOME_PARASITE_INFECTION,bmi,0.28851591085003336,0.005761015870555577,50.08073529611882,0
bmi,alt_log_adj,REACTOME_PARASITE_INFECTION,ppgs:bmi,-0.012222144401769094,0.00560272293770231,-2.1814650729063936,0.02915722152719089
bmi,alt_log_adj,REACTOME_PASSIVE_TRANSPORT_BY_AQUAPORINS,ppgs,5.75509742226937e-4,0.005676136155080854,0.10139110946304268,0.919240710801753
bmi,alt_log_adj,REACTOME_PASSIVE_TRANSPORT_BY_AQUAPORINS,bmi,0.28856241694208634,0.005762649556330924,50.07460789023129,0
bmi,alt_log_adj,REACTOME_PASSIVE_TRANSPORT_BY_AQUAPORINS,ppgs:bmi,-0.006953179884454533,0.005471953411926545,-1.2706942769833423,0.2038478601265434
bmi,alt_log_adj,REACTOME_PCNA_DEPENDENT_LONG_PATCH_BASE_EXCISION_REPAIR,ppgs,-0.001088964613257212,0.005688487570570591,-0.1914330654233955,0.8481876876288729
bmi,alt_log_adj,REACTOME_PCNA_DEPENDENT_LONG_PATCH_BASE_EXCISION_REPAIR,bmi,0.28841701135387604,0.005762142525662632,50.05377948729389,0
bmi,alt_log_adj,REACTOME_PCNA_DEPENDENT_LONG_PATCH_BASE_EXCISION_REPAIR,ppgs:bmi,1.4145878965605342e-4,0.005551863494019646,0.025479515086858664,0.9796726671197222
bmi,alt_log_adj,REACTOME_PCP_CE_PATHWAY,ppgs,-0.003513867628894345,0.005688508408538968,-0.6177133576210787,0.5367692672867652
bmi,alt_log_adj,REACTOME_PCP_CE_PATHWAY,bmi,0.2883701474237562,0.005761531785170371,50.050951409483375,0
bmi,alt_log_adj,REACTOME_PCP_CE_PATHWAY,ppgs:bmi,-0.006842434912754241,0.005728146014549454,-1.1945287175596608,0.23228120847405195
bmi,alt_log_adj,REACTOME_PDH_COMPLEX_SYNTHESIZES_ACETYL_COA_FROM_PYR,ppgs,-2.639710683626465e-5,0.005690022561006943,-0.004639191945768533,0.9962985062932661
bmi,alt_log_adj,REACTOME_PDH_COMPLEX_SYNTHESIZES_ACETYL_COA_FROM_PYR,bmi,0.28833506283077937,0.005762409118353609,50.03724256794184,0
bmi,alt_log_adj,REACTOME_PDH_COMPLEX_SYNTHESIZES_ACETYL_COA_FROM_PYR,ppgs:bmi,0.00450674279433534,0.005575442182742566,0.8083202455735032,0.4189130338573801
bmi,alt_log_adj,REACTOME_PECAM1_INTERACTIONS,ppgs,0.016313606170379278,0.005718916408171966,2.8525694390406158,0.004339870693767825
bmi,alt_log_adj,REACTOME_PECAM1_INTERACTIONS,bmi,0.2883693537920263,0.005760808778826598,50.057095255774726,0
bmi,alt_log_adj,REACTOME_PECAM1_INTERACTIONS,ppgs:bmi,0.005072400639264016,0.005722861763643189,0.8863398853155091,0.37544192111204844
bmi,alt_log_adj,REACTOME_PENTOSE_PHOSPHATE_PATHWAY,ppgs,0.012180651408116654,0.005708324123072583,2.1338401859283795,0.03286442268225006
bmi,alt_log_adj,REACTOME_PENTOSE_PHOSPHATE_PATHWAY,bmi,0.288476858284581,0.005761177754712866,50.07254949712249,0
bmi,alt_log_adj,REACTOME_PENTOSE_PHOSPHATE_PATHWAY,ppgs:bmi,0.0033197265589547625,0.005757422123204144,0.5765994724575197,0.5642146338212993
bmi,alt_log_adj,REACTOME_PEPTIDE_HORMONE_BIOSYNTHESIS,ppgs,-0.00201114088872774,0.0057203965565373735,-0.3515736835463569,0.7251606172359808
bmi,alt_log_adj,REACTOME_PEPTIDE_HORMONE_BIOSYNTHESIS,bmi,0.2884319306473557,0.005762111223538796,50.05664060580481,0
bmi,alt_log_adj,REACTOME_PEPTIDE_HORMONE_BIOSYNTHESIS,ppgs:bmi,2.3347594798967954e-4,0.005675054811023465,0.04114073885879763,0.9671839868988186
bmi,alt_log_adj,REACTOME_PEPTIDE_HORMONE_METABOLISM,ppgs,-0.003964301777018626,0.0057002369462090035,-0.695462629786841,0.4867711237104455
bmi,alt_log_adj,REACTOME_PEPTIDE_HORMONE_METABOLISM,bmi,0.28837545642193807,0.005761820875534019,50.049361590958995,0
bmi,alt_log_adj,REACTOME_PEPTIDE_HORMONE_METABOLISM,ppgs:bmi,-9.31899858007378e-4,0.005823926306138565,-0.16001230252950352,0.8728725231355915
bmi,alt_log_adj,REACTOME_PEPTIDE_LIGAND_BINDING_RECEPTORS,ppgs,0.0025210104699907665,0.005693244703817599,0.44280732712934434,0.6579084817977978
bmi,alt_log_adj,REACTOME_PEPTIDE_LIGAND_BINDING_RECEPTORS,bmi,0.28829073281638473,0.005764181796432696,50.01416384798974,0
bmi,alt_log_adj,REACTOME_PEPTIDE_LIGAND_BINDING_RECEPTORS,ppgs:bmi,-0.005563382419800125,0.0058143218456224504,-0.9568411531929117,0.3386555968884216
bmi,alt_log_adj,REACTOME_PERK_REGULATES_GENE_EXPRESSION,ppgs,0.003940239675237713,0.005704182564434083,0.6907632479726966,0.48971999095129337
bmi,alt_log_adj,REACTOME_PERK_REGULATES_GENE_EXPRESSION,bmi,0.2884046330664941,0.005761536183726749,50.056898693282974,0
bmi,alt_log_adj,REACTOME_PERK_REGULATES_GENE_EXPRESSION,ppgs:bmi,0.003034588994563961,0.005721076244280965,0.5304227500197131,0.5958230108644386
bmi,alt_log_adj,REACTOME_PEROXISOMAL_LIPID_METABOLISM,ppgs,0.008156068939011963,0.00570902760979899,1.4286266412537336,0.15312259048390275
bmi,alt_log_adj,REACTOME_PEROXISOMAL_LIPID_METABOLISM,bmi,0.28838443625029814,0.005761458002961151,50.0540724417466,0
bmi,alt_log_adj,REACTOME_PEROXISOMAL_LIPID_METABOLISM,ppgs:bmi,0.004016017301730956,0.005658438558655904,0.7097394908684693,0.4778715358659782
bmi,alt_log_adj,REACTOME_PEROXISOMAL_PROTEIN_IMPORT,ppgs,0.004834419507311122,0.005707083980422328,0.8470910054758598,0.39695154937400123
bmi,alt_log_adj,REACTOME_PEROXISOMAL_PROTEIN_IMPORT,bmi,0.2884619203869215,0.005761404959221174,50.067982103086834,0
bmi,alt_log_adj,REACTOME_PEROXISOMAL_PROTEIN_IMPORT,ppgs:bmi,0.008026716548583697,0.005740064066888877,1.3983670661247845,0.16201380676799776
bmi,alt_log_adj,REACTOME_PEXOPHAGY,ppgs,5.33322877823198e-4,0.005695930863787749,0.09363225969153398,0.9254019443602263
bmi,alt_log_adj,REACTOME_PEXOPHAGY,bmi,0.2883915653250473,0.005761092840240689,50.05848253488634,0
bmi,alt_log_adj,REACTOME_PEXOPHAGY,ppgs:bmi,-0.014152644386955394,0.005657846619343914,-2.5014188858651916,0.012375270320971642
bmi,alt_log_adj,REACTOME_PHASE_0_RAPID_DEPOLARISATION,ppgs,-0.0037775528081120382,0.005717647117288037,-0.6606830975437649,0.5088209343256306
bmi,alt_log_adj,REACTOME_PHASE_0_RAPID_DEPOLARISATION,bmi,0.2884299322150593,0.005761561779118088,50.061067341225105,0
bmi,alt_log_adj,REACTOME_PHASE_0_RAPID_DEPOLARISATION,ppgs:bmi,-0.0039036782835871636,0.005794347129828009,-0.673704594516248,0.5005046330680323
bmi,alt_log_adj,REACTOME_PHASE_1_INACTIVATION_OF_FAST_NA_CHANNELS,ppgs,0.00310073243010707,0.005691756793222782,0.5447759879338372,0.5859118807555754
bmi,alt_log_adj,REACTOME_PHASE_1_INACTIVATION_OF_FAST_NA_CHANNELS,bmi,0.28835580819182716,0.005761074026912191,50.05243932725154,0
bmi,alt_log_adj,REACTOME_PHASE_1_INACTIVATION_OF_FAST_NA_CHANNELS,ppgs:bmi,0.013537241588750307,0.005755841185073284,2.351913674035457,0.018683911418593154
bmi,alt_log_adj,REACTOME_PHASE_2_PLATEAU_PHASE,ppgs,0.002923267617774385,0.005694458396316005,0.5133530556067588,0.6077083779638288
bmi,alt_log_adj,REACTOME_PHASE_2_PLATEAU_PHASE,bmi,0.2884153022087459,0.0057616166522505285,50.05805134503157,0
bmi,alt_log_adj,REACTOME_PHASE_2_PLATEAU_PHASE,ppgs:bmi,-8.473905326629258e-4,0.005682770781733378,-0.14911573336492237,0.8814633719822949
bmi,alt_log_adj,REACTOME_PHASE_3_RAPID_REPOLARISATION,ppgs,0.0027541351014501825,0.0057288900894019975,0.4807449712720303,0.6307014748169295
bmi,alt_log_adj,REACTOME_PHASE_3_RAPID_REPOLARISATION,bmi,0.2885193388567229,0.005762167596385334,50.07132021597462,0
bmi,alt_log_adj,REACTOME_PHASE_3_RAPID_REPOLARISATION,ppgs:bmi,-0.007447710547806331,0.005651747258488278,-1.3177713381681606,0.1875908544397192
bmi,alt_log_adj,REACTOME_PHASE_4_RESTING_MEMBRANE_POTENTIAL,ppgs,0.0025763484632281355,0.0056900509608112165,0.45278126346707304,0.6507097217814382
bmi,alt_log_adj,REACTOME_PHASE_4_RESTING_MEMBRANE_POTENTIAL,bmi,0.28843870471014144,0.005761636107234947,50.06194409743196,0
bmi,alt_log_adj,REACTOME_PHASE_4_RESTING_MEMBRANE_POTENTIAL,ppgs:bmi,0.0034793569380449888,0.005730659567625316,0.6071477282826578,0.5437577409998067
bmi,alt_log_adj,REACTOME_PHASE_II_CONJUGATION_OF_COMPOUNDS,ppgs,4.7711053962739994e-4,0.0056875975611242,0.08388612845756534,0.9331475609011305
bmi,alt_log_adj,REACTOME_PHASE_II_CONJUGATION_OF_COMPOUNDS,bmi,0.28841581080015816,0.005761061704416105,50.06296158554852,0
bmi,alt_log_adj,REACTOME_PHASE_II_CONJUGATION_OF_COMPOUNDS,ppgs:bmi,0.013044160567797756,0.005673166560027582,2.2992733299433286,0.02149665775836543
bmi,alt_log_adj,REACTOME_PHASE_I_FUNCTIONALIZATION_OF_COMPOUNDS,ppgs,-0.00115209042588761,0.005712802582471399,-0.20166816711338337,0.8401775972362991
bmi,alt_log_adj,REACTOME_PHASE_I_FUNCTIONALIZATION_OF_COMPOUNDS,bmi,0.2884723226397016,0.0057624066811442385,50.06108360654957,0
bmi,alt_log_adj,REACTOME_PHASE_I_FUNCTIONALIZATION_OF_COMPOUNDS,ppgs:bmi,0.004503095633068623,0.005750319963501987,0.7831034901797369,0.43357288378702297
bmi,alt_log_adj,REACTOME_PHENYLALANINE_AND_TYROSINE_METABOLISM,ppgs,-0.0033900579763271464,0.0057972259872328576,-0.5847724383684575,0.558705393079848
bmi,alt_log_adj,REACTOME_PHENYLALANINE_AND_TYROSINE_METABOLISM,bmi,0.28861434339853653,0.005763823139274952,50.07342113464678,0
bmi,alt_log_adj,REACTOME_PHENYLALANINE_AND_TYROSINE_METABOLISM,ppgs:bmi,0.007659602722952166,0.006045390046859889,1.2670154718851823,0.20516016664028686
bmi,alt_log_adj,REACTOME_PHENYLALANINE_METABOLISM,ppgs,-0.007247769294840665,0.00568583523399433,-1.2747061771167554,0.20242370768864487
bmi,alt_log_adj,REACTOME_PHENYLALANINE_METABOLISM,bmi,0.28838998240851765,0.005761426941605307,50.05530493252485,0
bmi,alt_log_adj,REACTOME_PHENYLALANINE_METABOLISM,ppgs:bmi,-0.0035342924183551774,0.0057265883058731665,-0.6171724296524723,0.537125955711213
bmi,alt_log_adj,REACTOME_PHOSPHATE_BOND_HYDROLYSIS_BY_NTPDASE_PROTEINS,ppgs,0.017331095441935618,0.005701476039936526,3.0397559018994955,0.0023698580682900675
bmi,alt_log_adj,REACTOME_PHOSPHATE_BOND_HYDROLYSIS_BY_NTPDASE_PROTEINS,bmi,0.2885327945284824,0.005760906766171814,50.08461449554331,0
bmi,alt_log_adj,REACTOME_PHOSPHATE_BOND_HYDROLYSIS_BY_NTPDASE_PROTEINS,ppgs:bmi,-0.008832451124593979,0.00556119145749795,-1.5882300028864336,0.11224549141085875
bmi,alt_log_adj,REACTOME_PHOSPHATE_BOND_HYDROLYSIS_BY_NUDT_PROTEINS,ppgs,0.008791469101195338,0.005694437650627028,1.5438695865301622,0.12263109169683968
bmi,alt_log_adj,REACTOME_PHOSPHATE_BOND_HYDROLYSIS_BY_NUDT_PROTEINS,bmi,0.2884179680870681,0.0057613516538239365,50.06081652655913,0
bmi,alt_log_adj,REACTOME_PHOSPHATE_BOND_HYDROLYSIS_BY_NUDT_PROTEINS,ppgs:bmi,-0.0018027830632379549,0.0057104416632731605,-0.31569940987797784,0.7522329987233143
bmi,alt_log_adj,REACTOME_PHOSPHOLIPASE_C_MEDIATED_CASCADE_FGFR1,ppgs,0.0029248483212228815,0.005749398276909317,0.5087225097919607,0.6109507011432382
bmi,alt_log_adj,REACTOME_PHOSPHOLIPASE_C_MEDIATED_CASCADE_FGFR1,bmi,0.2884216208549907,0.005762002967623724,50.05579179247405,0
bmi,alt_log_adj,REACTOME_PHOSPHOLIPASE_C_MEDIATED_CASCADE_FGFR1,ppgs:bmi,-0.002389406491507294,0.005728474704495152,-0.41711042027161593,0.6766008019812563
bmi,alt_log_adj,REACTOME_PHOSPHOLIPASE_C_MEDIATED_CASCADE_FGFR2,ppgs,0.0022701527780145613,0.005763818769422366,0.3938626228253304,0.6936854295163231
bmi,alt_log_adj,REACTOME_PHOSPHOLIPASE_C_MEDIATED_CASCADE_FGFR2,bmi,0.28843753679060674,0.0057620323334134724,50.05829889533683,0
bmi,alt_log_adj,REACTOME_PHOSPHOLIPASE_C_MEDIATED_CASCADE_FGFR2,ppgs:bmi,-0.0029421962224896324,0.005730439917790592,-0.5134328715942659,0.6076525578954244
bmi,alt_log_adj,REACTOME_PHOSPHOLIPASE_C_MEDIATED_CASCADE_FGFR4,ppgs,0.0037063665461565098,0.0057540245836755705,0.6441346386790978,0.5194933418767533
bmi,alt_log_adj,REACTOME_PHOSPHOLIPASE_C_MEDIATED_CASCADE_FGFR4,bmi,0.28840807025285453,0.005761955818189028,50.053849656816816,0
bmi,alt_log_adj,REACTOME_PHOSPHOLIPASE_C_MEDIATED_CASCADE_FGFR4,ppgs:bmi,-0.001496086557323534,0.005733745408134526,-0.2609265760563802,0.7941510252077695
bmi,alt_log_adj,REACTOME_PHOSPHOLIPID_METABOLISM,ppgs,0.06630067492386882,0.005690148981919483,11.651834624109142,2.647033269525856e-31
bmi,alt_log_adj,REACTOME_PHOSPHOLIPID_METABOLISM,bmi,0.28942238130524567,0.005744202737856291,50.38512645068247,0
bmi,alt_log_adj,REACTOME_PHOSPHOLIPID_METABOLISM,ppgs:bmi,0.0395903392759222,0.005843335328347178,6.775298190377953,1.2657753767666244e-11
bmi,alt_log_adj,REACTOME_PHOSPHORYLATED_BMAL1_CLOCK_ARNTL_CLOCK_ACTIVATES_EXPRESSION_OF_CORE_CLOCK_GENES,ppgs,-0.0031839564589812774,0.005679459253312408,-0.560609085649186,0.5750684869353463
bmi,alt_log_adj,REACTOME_PHOSPHORYLATED_BMAL1_CLOCK_ARNTL_CLOCK_ACTIVATES_EXPRESSION_OF_CORE_CLOCK_GENES,bmi,0.28848668280085643,0.00576235992176332,50.063981895906565,0
bmi,alt_log_adj,REACTOME_PHOSPHORYLATED_BMAL1_CLOCK_ARNTL_CLOCK_ACTIVATES_EXPRESSION_OF_CORE_CLOCK_GENES,ppgs:bmi,-0.0037058738372779242,0.00558151935648616,-0.6639543107507834,0.5067249538894963
bmi,alt_log_adj,REACTOME_PHOSPHORYLATION_AND_NUCLEAR_TRANSLOCATION_OF_BMAL1_ARNTL_AND_CLOCK,ppgs,-4.523420995448103e-5,0.005653823671743436,-0.008000640377334658,0.9936165369664187
bmi,alt_log_adj,REACTOME_PHOSPHORYLATION_AND_NUCLEAR_TRANSLOCATION_OF_BMAL1_ARNTL_AND_CLOCK,bmi,0.2884081428433803,0.005761765154345,50.055518598478294,0
bmi,alt_log_adj,REACTOME_PHOSPHORYLATION_AND_NUCLEAR_TRANSLOCATION_OF_BMAL1_ARNTL_AND_CLOCK,ppgs:bmi,9.284306030985962e-4,0.00540015056622083,0.17192679939447258,0.8634963046622683
bmi,alt_log_adj,REACTOME_PHOSPHORYLATION_AND_NUCLEAR_TRANSLOCATION_OF_THE_CRY_PER_KINASE_COMPLEX,ppgs,-0.0031540246849526376,0.00566814190358229,-0.5564477281274981,0.5779092112092719
bmi,alt_log_adj,REACTOME_PHOSPHORYLATION_AND_NUCLEAR_TRANSLOCATION_OF_THE_CRY_PER_KINASE_COMPLEX,bmi,0.28849664725618457,0.005761370952524984,50.07430516685403,0
bmi,alt_log_adj,REACTOME_PHOSPHORYLATION_AND_NUCLEAR_TRANSLOCATION_OF_THE_CRY_PER_KINASE_COMPLEX,ppgs:bmi,-0.010920220065505516,0.005537124686716197,-1.9721824382433717,0.04859848839073991
bmi,alt_log_adj,REACTOME_PHOSPHORYLATION_OF_CLOCK_ACETYLATION_OF_BMAL1_ARNTL_AT_TARGET_GENE_PROMOTERS,ppgs,-0.009966788558615804,0.005696199170121302,-1.7497261350858906,0.08017640137536267
bmi,alt_log_adj,REACTOME_PHOSPHORYLATION_OF_CLOCK_ACETYLATION_OF_BMAL1_ARNTL_AT_TARGET_GENE_PROMOTERS,bmi,0.28835926772788595,0.005761132375805336,50.05253289073693,0
bmi,alt_log_adj,REACTOME_PHOSPHORYLATION_OF_CLOCK_ACETYLATION_OF_BMAL1_ARNTL_AT_TARGET_GENE_PROMOTERS,ppgs:bmi,-0.008278578826862136,0.005690672655661596,-1.4547627895317186,0.14574601515607727
bmi,alt_log_adj,REACTOME_PHOSPHORYLATION_OF_EMI1,ppgs,3.2991744298661933e-4,0.005864427873013261,0.056257396310528944,0.9551371543517344
bmi,alt_log_adj,REACTOME_PHOSPHORYLATION_OF_EMI1,bmi,0.2885583436813506,0.005762154465369751,50.07820345941284,0
bmi,alt_log_adj,REACTOME_PHOSPHORYLATION_OF_EMI1,ppgs:bmi,-0.008646789214629953,0.0057203049591853785,-1.5115958460825367,0.13064785589866984
bmi,alt_log_adj,REACTOME_PHOSPHORYLATION_OF_THE_APC_C,ppgs,0.0076087488624297555,0.005676847564420462,1.3403123434417104,0.1801545618775203
bmi,alt_log_adj,REACTOME_PHOSPHORYLATION_OF_THE_APC_C,bmi,0.28851429147100666,0.0057620302170075036,50.071638052055526,0
bmi,alt_log_adj,REACTOME_PHOSPHORYLATION_OF_THE_APC_C,ppgs:bmi,-0.0074338413576999895,0.005552609348351861,-1.3388014339432182,0.1806460596397918
bmi,alt_log_adj,REACTOME_PHYSIOLOGICAL_FACTORS,ppgs,0.002218349791668979,0.005688306742126491,0.38998420659004074,0.6965511554519805
bmi,alt_log_adj,REACTOME_PHYSIOLOGICAL_FACTORS,bmi,0.28841767429698645,0.0057615561575040325,50.05898865037394,0
bmi,alt_log_adj,REACTOME_PHYSIOLOGICAL_FACTORS,ppgs:bmi,-0.003071168617344053,0.0056035763882990855,-0.5480729456561005,0.5836461319051647
bmi,alt_log_adj,REACTOME_PI3K_AKT_ACTIVATION,ppgs,0.00439116605220714,0.005698831712656899,0.7705379406895836,0.4409872795041567
bmi,alt_log_adj,REACTOME_PI3K_AKT_ACTIVATION,bmi,0.28843192024260417,0.005761539733812175,50.06160394068142,0
bmi,alt_log_adj,REACTOME_PI3K_AKT_ACTIVATION,ppgs:bmi,-0.0038616450684160345,0.005554474120908751,-0.6952314448418462,0.48691596775772816
bmi,alt_log_adj,REACTOME_PI3K_AKT_SIGNALING_IN_CANCER,ppgs,0.001203381771913938,0.005686035131264618,0.21163811762209367,0.8323908907301315
bmi,alt_log_adj,REACTOME_PI3K_AKT_SIGNALING_IN_CANCER,bmi,0.28848297833162323,0.005762711891212652,50.06028130115621,0
bmi,alt_log_adj,REACTOME_PI3K_AKT_SIGNALING_IN_CANCER,ppgs:bmi,-0.003768140493650214,0.005658172253443193,-0.6659642592812848,0.5054393644133437
bmi,alt_log_adj,REACTOME_PI3K_EVENTS_IN_ERBB2_SIGNALING,ppgs,-0.006406397986609756,0.005696012560093323,-1.1247162675682012,0.2607188090160878
bmi,alt_log_adj,REACTOME_PI3K_EVENTS_IN_ERBB2_SIGNALING,bmi,0.2884301910579198,0.005761741880144089,50.05954745246359,0
bmi,alt_log_adj,REACTOME_PI3K_EVENTS_IN_ERBB2_SIGNALING,ppgs:bmi,-0.0019456403629328064,0.005683046955730876,-0.34235866395064557,0.7320835305164152
bmi,alt_log_adj,REACTOME_PI3K_EVENTS_IN_ERBB4_SIGNALING,ppgs,-0.007816245808056196,0.00569854581471365,-1.3716211226861847,0.1701922703447863
bmi,alt_log_adj,REACTOME_PI3K_EVENTS_IN_ERBB4_SIGNALING,bmi,0.28845193198068414,0.0057618928726724875,50.06200884934087,0
bmi,alt_log_adj,REACTOME_PI3K_EVENTS_IN_ERBB4_SIGNALING,ppgs:bmi,-0.0034599361835302494,0.005701924407815509,-0.606801482458762,0.5439875237814071
bmi,alt_log_adj,REACTOME_PI5P_REGULATES_TP53_ACETYLATION,ppgs,0.013496190960911975,0.006246328598863232,2.1606597775480694,0.030729980022884424
bmi,alt_log_adj,REACTOME_PI5P_REGULATES_TP53_ACETYLATION,bmi,0.2882862366481248,0.005761394155310089,50.03758272334497,0
bmi,alt_log_adj,REACTOME_PI5P_REGULATES_TP53_ACETYLATION,ppgs:bmi,0.0028357284699691843,0.006263554609575464,0.4527346924754259,0.6507432597953946
bmi,alt_log_adj,REACTOME_PINK1_PRKN_MEDIATED_MITOPHAGY,ppgs,0.004711169516297265,0.005697962061180846,0.8268165820888111,0.40834798913841286
bmi,alt_log_adj,REACTOME_PINK1_PRKN_MEDIATED_MITOPHAGY,bmi,0.2884130417331136,0.005761649977112015,50.05736948249649,0
bmi,alt_log_adj,REACTOME_PINK1_PRKN_MEDIATED_MITOPHAGY,ppgs:bmi,0.0063353379419619086,0.005734407826973117,1.1047937525758418,0.26925834503363116
bmi,alt_log_adj,REACTOME_PIWI_INTERACTING_RNA_PIRNA_BIOGENESIS,ppgs,-0.011861125134323915,0.005712297890932366,-2.0764192205648317,0.037864183199391124
bmi,alt_log_adj,REACTOME_PIWI_INTERACTING_RNA_PIRNA_BIOGENESIS,bmi,0.28842182184104237,0.00576110910358782,50.06359307818406,0
bmi,alt_log_adj,REACTOME_PIWI_INTERACTING_RNA_PIRNA_BIOGENESIS,ppgs:bmi,-0.004185874523586393,0.005730621827859922,-0.7304398456789446,0.4651274063726195
bmi,alt_log_adj,REACTOME_PI_3K_CASCADE_FGFR1,ppgs,0.0029189706642101963,0.005702876497488312,0.5118418162300697,0.6087657089132205
bmi,alt_log_adj,REACTOME_PI_3K_CASCADE_FGFR1,bmi,0.2884408460456146,0.005762044212034321,50.05877001831942,0
bmi,alt_log_adj,REACTOME_PI_3K_CASCADE_FGFR1,ppgs:bmi,-0.004175047417859554,0.005717112729366013,-0.7302720123768728,0.46522996701683383
bmi,alt_log_adj,REACTOME_PI_3K_CASCADE_FGFR2,ppgs,0.002586231630186778,0.005706237789091018,0.4532288568715176,0.6503874242845795
bmi,alt_log_adj,REACTOME_PI_3K_CASCADE_FGFR2,bmi,0.2884569690840008,0.0057621262973463925,50.06085500361953,0
bmi,alt_log_adj,REACTOME_PI_3K_CASCADE_FGFR2,ppgs:bmi,-0.004278519119070006,0.005713295781995461,-0.7488705787915052,0.4539414282429126
bmi,alt_log_adj,REACTOME_PI_3K_CASCADE_FGFR3,ppgs,0.002996394922856518,0.005704386188828733,0.525279113942978,0.5993932827008339
bmi,alt_log_adj,REACTOME_PI_3K_CASCADE_FGFR3,bmi,0.28843099179793114,0.005762034566070535,50.05714361665638,0
bmi,alt_log_adj,REACTOME_PI_3K_CASCADE_FGFR3,ppgs:bmi,-0.003278630061904485,0.005719325371923877,-0.5732546845471065,0.5664768102324025
bmi,alt_log_adj,REACTOME_PI_3K_CASCADE_FGFR4,ppgs,0.0036269765741447457,0.0057034221727436775,0.6359298793411885,0.5248272605240418
bmi,alt_log_adj,REACTOME_PI_3K_CASCADE_FGFR4,bmi,0.288423634556629,0.005762019898309436,50.05599419072674,0
bmi,alt_log_adj,REACTOME_PI_3K_CASCADE_FGFR4,ppgs:bmi,-0.0030093380561842056,0.005717748939250871,-0.5263151789554587,0.5986733559668533
bmi,alt_log_adj,REACTOME_PI_METABOLISM,ppgs,0.005641755998071055,0.0056799837236569724,0.9932697473362995,0.3205869943964048
bmi,alt_log_adj,REACTOME_PI_METABOLISM,bmi,0.28832656045389005,0.005762093107444884,50.038511193329924,0
bmi,alt_log_adj,REACTOME_PI_METABOLISM,ppgs:bmi,0.0030424244656240785,0.005556717518301938,0.5475218878057715,0.5840245479019734
bmi,alt_log_adj,REACTOME_PKA_ACTIVATION_IN_GLUCAGON_SIGNALLING,ppgs,0.0016046170608012647,0.005967441584127571,0.2688953110273063,0.7880122022312762
bmi,alt_log_adj,REACTOME_PKA_ACTIVATION_IN_GLUCAGON_SIGNALLING,bmi,0.28838877737067303,0.005761549709301971,50.054029197226555,0
bmi,alt_log_adj,REACTOME_PKA_ACTIVATION_IN_GLUCAGON_SIGNALLING,ppgs:bmi,0.0057975458548302624,0.005903023549054154,0.9821315816636388,0.3260434103040749
bmi,alt_log_adj,REACTOME_PKA_MEDIATED_PHOSPHORYLATION_OF_CREB,ppgs,0.0021788149730952674,0.005969847078283098,0.3649699807255172,0.7151365374414697
bmi,alt_log_adj,REACTOME_PKA_MEDIATED_PHOSPHORYLATION_OF_CREB,bmi,0.2883932951176412,0.005761539177580174,50.05490481430092,0
bmi,alt_log_adj,REACTOME_PKA_MEDIATED_PHOSPHORYLATION_OF_CREB,ppgs:bmi,0.0056481682809930225,0.00590607596817301,0.9563318032870193,0.33891278234493927
bmi,alt_log_adj,REACTOME_PKA_MEDIATED_PHOSPHORYLATION_OF_KEY_METABOLIC_FACTORS,ppgs,-2.1610523784978156e-4,0.005694337354431053,-0.03795090181680562,0.9697270957074708
bmi,alt_log_adj,REACTOME_PKA_MEDIATED_PHOSPHORYLATION_OF_KEY_METABOLIC_FACTORS,bmi,0.2884194620383253,0.005761934011056121,50.05601617180966,0
bmi,alt_log_adj,REACTOME_PKA_MEDIATED_PHOSPHORYLATION_OF_KEY_METABOLIC_FACTORS,ppgs:bmi,-3.8702496302700815e-4,0.005670370454085422,-0.06825391147912781,0.9455839932181797
bmi,alt_log_adj,REACTOME_PKMTS_METHYLATE_HISTONE_LYSINES,ppgs,0.0031588599079573516,0.005724996625313104,0.5517662480341797,0.5811128639926566
bmi,alt_log_adj,REACTOME_PKMTS_METHYLATE_HISTONE_LYSINES,bmi,0.2885484339362023,0.005762441984122452,50.0739850798072,0
bmi,alt_log_adj,REACTOME_PKMTS_METHYLATE_HISTONE_LYSINES,ppgs:bmi,0.007092779066513135,0.005861190414343543,1.2101260264733322,0.22624062797220434
bmi,alt_log_adj,REACTOME_PKR_MEDIATED_SIGNALING,ppgs,0.0114557470983172,0.005693626620006574,2.012029917463041,0.04422622556012225
bmi,alt_log_adj,REACTOME_PKR_MEDIATED_SIGNALING,bmi,0.28844205852784793,0.005761128189642501,50.066939848069374,0
bmi,alt_log_adj,REACTOME_PKR_MEDIATED_SIGNALING,ppgs:bmi,0.005284525145117876,0.005616960725443885,0.9408157548938998,0.34680730239953605
bmi,alt_log_adj,REACTOME_PLASMA_LIPOPROTEIN_ASSEMBLY,ppgs,0.02074083758977563,0.005743056062922956,3.6114635418027734,0.00030499937243275193
bmi,alt_log_adj,REACTOME_PLASMA_LIPOPROTEIN_ASSEMBLY,bmi,0.2882000418330322,0.005759622830521162,50.03800601418102,0
bmi,alt_log_adj,REACTOME_PLASMA_LIPOPROTEIN_ASSEMBLY,ppgs:bmi,0.017211374117098527,0.00575547189505469,2.990436654184197,0.002788181304989324
bmi,alt_log_adj,REACTOME_PLASMA_LIPOPROTEIN_ASSEMBLY_REMODELING_AND_CLEARANCE,ppgs,0.015841069800297557,0.005712938501172718,2.7728409463966393,0.005560555932006384
bmi,alt_log_adj,REACTOME_PLASMA_LIPOPROTEIN_ASSEMBLY_REMODELING_AND_CLEARANCE,bmi,0.2882995031068194,0.005760958365780971,50.04367065369978,0
bmi,alt_log_adj,REACTOME_PLASMA_LIPOPROTEIN_ASSEMBLY_REMODELING_AND_CLEARANCE,ppgs:bmi,0.0022716013816938352,0.005802243635010344,0.3915039637403619,0.6954277020433003
bmi,alt_log_adj,REACTOME_PLASMA_LIPOPROTEIN_CLEARANCE,ppgs,0.017675558944064015,0.005690379425184632,3.1062179906378575,0.0018968396071261282
bmi,alt_log_adj,REACTOME_PLASMA_LIPOPROTEIN_CLEARANCE,bmi,0.2883639801870001,0.005760517700063392,50.058691805395675,0
bmi,alt_log_adj,REACTOME_PLASMA_LIPOPROTEIN_CLEARANCE,ppgs:bmi,0.006742356536969779,0.005750985264591177,1.1723828573309822,0.24105323094839587
bmi,alt_log_adj,REACTOME_PLASMA_LIPOPROTEIN_REMODELING,ppgs,0.013046066484408429,0.005710357514677608,2.2846321707310784,0.022341759265500503
bmi,alt_log_adj,REACTOME_PLASMA_LIPOPROTEIN_REMODELING,bmi,0.28828842731312715,0.0057614346032424475,50.037611665483944,0
bmi,alt_log_adj,REACTOME_PLASMA_LIPOPROTEIN_REMODELING,ppgs:bmi,0.003753150041421774,0.00576046582926009,0.6515358571103358,0.5147059199808458
bmi,alt_log_adj,REACTOME_PLATELET_ACTIVATION_SIGNALING_AND_AGGREGATION,ppgs,0.010094160009772406,0.0057238746744543495,1.7635186973646784,0.07782381754438795
bmi,alt_log_adj,REACTOME_PLATELET_ACTIVATION_SIGNALING_AND_AGGREGATION,bmi,0.2884960825795229,0.00576096282362224,50.07775460667341,0
bmi,alt_log_adj,REACTOME_PLATELET_ACTIVATION_SIGNALING_AND_AGGREGATION,ppgs:bmi,0.01329021825064277,0.005725379540738368,2.3212816121756723,0.020278703933293885
bmi,alt_log_adj,REACTOME_PLATELET_ADHESION_TO_EXPOSED_COLLAGEN,ppgs,0.0038517937752464214,0.0057123779892000815,0.67428902333296,0.5001330796040884
bmi,alt_log_adj,REACTOME_PLATELET_ADHESION_TO_EXPOSED_COLLAGEN,bmi,0.28839733235916687,0.005761487545964193,50.05605411074497,0
bmi,alt_log_adj,REACTOME_PLATELET_ADHESION_TO_EXPOSED_COLLAGEN,ppgs:bmi,-0.006124321782059365,0.005761144818435853,-1.0630390269762588,0.28777330860465916
bmi,alt_log_adj,REACTOME_PLATELET_AGGREGATION_PLUG_FORMATION,ppgs,0.009019948378166649,0.005677747366405874,1.5886491236887235,0.11215078321470612
bmi,alt_log_adj,REACTOME_PLATELET_AGGREGATION_PLUG_FORMATION,bmi,0.28830807689522525,0.005761559900076508,50.03993395805826,0
bmi,alt_log_adj,REACTOME_PLATELET_AGGREGATION_PLUG_FORMATION,ppgs:bmi,0.008207735078871771,0.005591738077907307,1.4678325351647181,0.14216081216384271
bmi,alt_log_adj,REACTOME_PLATELET_CALCIUM_HOMEOSTASIS,ppgs,0.016830724160755175,0.005714520588304367,2.945255669426024,0.003229500469650821
bmi,alt_log_adj,REACTOME_PLATELET_CALCIUM_HOMEOSTASIS,bmi,0.28822821551651967,0.005761000182046953,50.03093324223932,0
bmi,alt_log_adj,REACTOME_PLATELET_CALCIUM_HOMEOSTASIS,ppgs:bmi,-0.004325314756866383,0.005702954408227283,-0.7584340408940551,0.4481974909581793
bmi,alt_log_adj,REACTOME_PLATELET_HOMEOSTASIS,ppgs,0.00821184116357922,0.005707630609231096,1.4387478317706828,0.15023302225508375
bmi,alt_log_adj,REACTOME_PLATELET_HOMEOSTASIS,bmi,0.28831554653566727,0.005762152076518522,50.03608768164737,0
bmi,alt_log_adj,REACTOME_PLATELET_HOMEOSTASIS,ppgs:bmi,3.398627929620564e-5,0.005774367204077024,0.005885714935518724,0.9953039474525369
bmi,alt_log_adj,REACTOME_PLATELET_SENSITIZATION_BY_LDL,ppgs,0.014380938840188024,0.005711585821572865,2.5178539357442027,0.01181269096223867
bmi,alt_log_adj,REACTOME_PLATELET_SENSITIZATION_BY_LDL,bmi,0.2883409397751201,0.005761017934994512,50.05034579455702,0
bmi,alt_log_adj,REACTOME_PLATELET_SENSITIZATION_BY_LDL,ppgs:bmi,0.0018439207699592773,0.005623528595602891,0.32789390835516735,0.7429943013150799
bmi,alt_log_adj,REACTOME_POLB_DEPENDENT_LONG_PATCH_BASE_EXCISION_REPAIR,ppgs,-0.00182401360844967,0.005724182713204651,-0.31865048686199365,0.7499939120983116
bmi,alt_log_adj,REACTOME_POLB_DEPENDENT_LONG_PATCH_BASE_EXCISION_REPAIR,bmi,0.288402736012302,0.005761860662018539,50.05375050344701,0
bmi,alt_log_adj,REACTOME_POLB_DEPENDENT_LONG_PATCH_BASE_EXCISION_REPAIR,ppgs:bmi,0.0038669737968711508,0.00578474131244739,0.6684782582326267,0.5038337986949422
bmi,alt_log_adj,REACTOME_POLO_LIKE_KINASE_MEDIATED_EVENTS,ppgs,0.010256289630790925,0.0057354843374468195,1.7882168318075409,0.0737517079279367
bmi,alt_log_adj,REACTOME_POLO_LIKE_KINASE_MEDIATED_EVENTS,bmi,0.28831983005633977,0.005761359956811671,50.04371055057209,0
bmi,alt_log_adj,REACTOME_POLO_LIKE_KINASE_MEDIATED_EVENTS,ppgs:bmi,0.00988129156931262,0.00563787417631279,1.7526626633187927,0.07967073769059729
bmi,alt_log_adj,REACTOME_POLYMERASE_SWITCHING,ppgs,-0.001796344324873546,0.0056901140356909775,-0.3156956633216943,0.7522358426984935
bmi,alt_log_adj,REACTOME_POLYMERASE_SWITCHING,bmi,0.2883968337204992,0.005761843848857813,50.052872185640524,0
bmi,alt_log_adj,REACTOME_POLYMERASE_SWITCHING,ppgs:bmi,0.002148128746838845,0.005544054506359738,0.3874653007784587,0.6984146775133462
bmi,alt_log_adj,REACTOME_POLYMERASE_SWITCHING_ON_THE_C_STRAND_OF_THE_TELOMERE,ppgs,-0.002356560366055032,0.005688439080901135,-0.41427188241624224,0.6786781379311737
bmi,alt_log_adj,REACTOME_POLYMERASE_SWITCHING_ON_THE_C_STRAND_OF_THE_TELOMERE,bmi,0.2883961426076655,0.0057618176893951024,50.052979485705045,0
bmi,alt_log_adj,REACTOME_POLYMERASE_SWITCHING_ON_THE_C_STRAND_OF_THE_TELOMERE,ppgs:bmi,0.0023005264261931045,0.0055489676192163806,0.4145863850829215,0.6784478538096439
bmi,alt_log_adj,REACTOME_POSITIVE_EPIGENETIC_REGULATION_OF_RRNA_EXPRESSION,ppgs,0.008161414686568245,0.005736138031618411,1.422806536659572,0.15480324987004407
bmi,alt_log_adj,REACTOME_POSITIVE_EPIGENETIC_REGULATION_OF_RRNA_EXPRESSION,bmi,0.2885898671334047,0.005763014095577512,50.07620358847743,0
bmi,alt_log_adj,REACTOME_POSITIVE_EPIGENETIC_REGULATION_OF_RRNA_EXPRESSION,ppgs:bmi,0.004807085306074049,0.00581259912610765,0.8270113251888861,0.4082376035261186
bmi,alt_log_adj,REACTOME_POSTMITOTIC_NUCLEAR_PORE_COMPLEX_NPC_REFORMATION,ppgs,-0.0026144104370644933,0.00568668541657015,-0.45974240626121016,0.6457046529534489
bmi,alt_log_adj,REACTOME_POSTMITOTIC_NUCLEAR_PORE_COMPLEX_NPC_REFORMATION,bmi,0.28828120823263836,0.00576329448483742,50.02021135499389,0
bmi,alt_log_adj,REACTOME_POSTMITOTIC_NUCLEAR_PORE_COMPLEX_NPC_REFORMATION,ppgs:bmi,0.005298400613948837,0.005405551221005695,0.9801776724193314,0.3270067886336322
bmi,alt_log_adj,REACTOME_POST_CHAPERONIN_TUBULIN_FOLDING_PATHWAY,ppgs,-0.0014107243439400552,0.005762642287798563,-0.2448051212422172,0.8066091002815711
bmi,alt_log_adj,REACTOME_POST_CHAPERONIN_TUBULIN_FOLDING_PATHWAY,bmi,0.2884306144346593,0.005762361591111819,50.054237290410654,0
bmi,alt_log_adj,REACTOME_POST_CHAPERONIN_TUBULIN_FOLDING_PATHWAY,ppgs:bmi,0.002600044305305107,0.005852215750040186,0.44428374078437777,0.6568408464501274
bmi,alt_log_adj,REACTOME_POST_TRANSCRIPTIONAL_SILENCING_BY_SMALL_RNAS,ppgs,0.005323333352433756,0.005796903345749673,0.9183063844486659,0.3584662987374829
bmi,alt_log_adj,REACTOME_POST_TRANSCRIPTIONAL_SILENCING_BY_SMALL_RNAS,bmi,0.2884275895011044,0.005761495652293133,50.06123529509345,0
bmi,alt_log_adj,REACTOME_POST_TRANSCRIPTIONAL_SILENCING_BY_SMALL_RNAS,ppgs:bmi,-0.004399552438865874,0.005826529354209426,-0.7550897234710369,0.45020142197799484
bmi,alt_log_adj,REACTOME_POST_TRANSLATIONAL_MODIFICATION_SYNTHESIS_OF_GPI_ANCHORED_PROTEINS,ppgs,0.0014245048050376596,0.005689475961357391,0.2503753974377989,0.8022988682537462
bmi,alt_log_adj,REACTOME_POST_TRANSLATIONAL_MODIFICATION_SYNTHESIS_OF_GPI_ANCHORED_PROTEINS,bmi,0.28835448469620095,0.0057611177277955925,50.05182992615837,0
bmi,alt_log_adj,REACTOME_POST_TRANSLATIONAL_MODIFICATION_SYNTHESIS_OF_GPI_ANCHORED_PROTEINS,ppgs:bmi,0.014111878055009842,0.005678715047733058,2.4850477504842052,0.0129591284317422
bmi,alt_log_adj,REACTOME_POST_TRANSLATIONAL_PROTEIN_MODIFICATION,ppgs,0.01113357079768712,0.005684850580604771,1.9584632242880688,0.0501854736006728
bmi,alt_log_adj,REACTOME_POST_TRANSLATIONAL_PROTEIN_MODIFICATION,bmi,0.2884993071835198,0.005761048033335693,50.07757364877869,0
bmi,alt_log_adj,REACTOME_POST_TRANSLATIONAL_PROTEIN_MODIFICATION,ppgs:bmi,0.009706066328149479,0.00574504086481871,1.6894686315613812,0.09114065465628245
bmi,alt_log_adj,REACTOME_POTASSIUM_CHANNELS,ppgs,-0.008928782013037756,0.00572473871888323,-1.5596837605157226,0.11884579463919845
bmi,alt_log_adj,REACTOME_POTASSIUM_CHANNELS,bmi,0.28852896437644565,0.005761579958302418,50.07809775523055,0
bmi,alt_log_adj,REACTOME_POTASSIUM_CHANNELS,ppgs:bmi,-0.007692612081122865,0.005763379060448179,-1.3347399156710442,0.18197220426634136
bmi,alt_log_adj,REACTOME_POTENTIAL_THERAPEUTICS_FOR_SARS,ppgs,0.006666246448529171,0.005741345792087705,1.1610947485023626,0.2456131470177402
bmi,alt_log_adj,REACTOME_POTENTIAL_THERAPEUTICS_FOR_SARS,bmi,0.28853988797573055,0.005762875900818625,50.06873181751893,0
bmi,alt_log_adj,REACTOME_POTENTIAL_THERAPEUTICS_FOR_SARS,ppgs:bmi,0.003268935862721716,0.005820166908971817,0.5616567211642393,0.5743543669010055
bmi,alt_log_adj,REACTOME_POU5F1_OCT4_SOX2_NANOG_ACTIVATE_GENES_RELATED_TO_PROLIFERATION,ppgs,3.4318703331560294e-4,0.005686807111657453,0.06034792926457797,0.9518789548535522
bmi,alt_log_adj,REACTOME_POU5F1_OCT4_SOX2_NANOG_ACTIVATE_GENES_RELATED_TO_PROLIFERATION,bmi,0.28841146997181877,0.005761792822481612,50.05585567854548,0
bmi,alt_log_adj,REACTOME_POU5F1_OCT4_SOX2_NANOG_ACTIVATE_GENES_RELATED_TO_PROLIFERATION,ppgs:bmi,2.803582933548874e-4,0.0056302979885810255,0.04979457462526679,0.9602864409558624
bmi,alt_log_adj,REACTOME_POU5F1_OCT4_SOX2_NANOG_REPRESS_GENES_RELATED_TO_DIFFERENTIATION,ppgs,0.004166431463953887,0.005693843489357545,0.7317432366627976,0.4643313499522099
bmi,alt_log_adj,REACTOME_POU5F1_OCT4_SOX2_NANOG_REPRESS_GENES_RELATED_TO_DIFFERENTIATION,bmi,0.2884039179527865,0.005762230099505301,50.05074649440788,0
bmi,alt_log_adj,REACTOME_POU5F1_OCT4_SOX2_NANOG_REPRESS_GENES_RELATED_TO_DIFFERENTIATION,ppgs:bmi,-0.0036543083492332285,0.0056773622103258705,-0.6436630628545854,0.5197991540393738
bmi,alt_log_adj,REACTOME_PP2A_MEDIATED_DEPHOSPHORYLATION_OF_KEY_METABOLIC_FACTORS,ppgs,0.003449015841481619,0.00571931999457703,0.6030464888748875,0.5464825874437556
bmi,alt_log_adj,REACTOME_PP2A_MEDIATED_DEPHOSPHORYLATION_OF_KEY_METABOLIC_FACTORS,bmi,0.28850080529509436,0.005761903853926579,50.07039558608549,0
bmi,alt_log_adj,REACTOME_PP2A_MEDIATED_DEPHOSPHORYLATION_OF_KEY_METABOLIC_FACTORS,ppgs:bmi,0.006929656828033762,0.00573014546272517,1.2093334930345945,0.22654483380953622
bmi,alt_log_adj,REACTOME_PRC2_METHYLATES_HISTONES_AND_DNA,ppgs,-0.0017669404907444224,0.005689036577281618,-0.31058694503748757,0.7561169364645152
bmi,alt_log_adj,REACTOME_PRC2_METHYLATES_HISTONES_AND_DNA,bmi,0.2884374458365751,0.00576238269326316,50.05523950601011,0
bmi,alt_log_adj,REACTOME_PRC2_METHYLATES_HISTONES_AND_DNA,ppgs:bmi,-2.6839633746614575e-4,0.005692299659972651,-0.04715077446703417,0.9623933922795369
bmi,alt_log_adj,REACTOME_PREDNISONE_ADME,ppgs,-5.402290086529348e-4,0.005704145920051538,-0.09470813268536682,0.9245473274500748
bmi,alt_log_adj,REACTOME_PREDNISONE_ADME,bmi,0.2883597466713677,0.005762584516168171,50.04000303376244,0
bmi,alt_log_adj,REACTOME_PREDNISONE_ADME,ppgs:bmi,-0.003236666927322144,0.005778549209057186,-0.5601175676152511,0.5754036744948456
bmi,alt_log_adj,REACTOME_PREGNENOLONE_BIOSYNTHESIS,ppgs,-0.006625710093935627,0.005734001406784892,-1.1555124639654952,0.2478903705875962
bmi,alt_log_adj,REACTOME_PREGNENOLONE_BIOSYNTHESIS,bmi,0.2883480400161132,0.00576168309395954,50.045800040341135,0
bmi,alt_log_adj,REACTOME_PREGNENOLONE_BIOSYNTHESIS,ppgs:bmi,0.0045062683279713375,0.005723112595575136,0.787380687120395,0.431065631820463
bmi,alt_log_adj,REACTOME_PRESYNAPTIC_DEPOLARIZATION_AND_CALCIUM_CHANNEL_OPENING,ppgs,7.944724424541184e-4,0.005695584719737394,0.13948918004870783,0.8890645963482648
bmi,alt_log_adj,REACTOME_PRESYNAPTIC_DEPOLARIZATION_AND_CALCIUM_CHANNEL_OPENING,bmi,0.288408411944313,0.00576173037323998,50.05586746714303,0
bmi,alt_log_adj,REACTOME_PRESYNAPTIC_DEPOLARIZATION_AND_CALCIUM_CHANNEL_OPENING,ppgs:bmi,4.519884124178401e-4,0.00567968518733378,0.07957983541514164,0.9365719950782989
bmi,alt_log_adj,REACTOME_PRESYNAPTIC_FUNCTION_OF_KAINATE_RECEPTORS,ppgs,0.004616118329995301,0.0057006938583227165,0.8097467509601499,0.4180925392166164
bmi,alt_log_adj,REACTOME_PRESYNAPTIC_FUNCTION_OF_KAINATE_RECEPTORS,bmi,0.2883435266975266,0.005761386774738019,50.04759061860382,0
bmi,alt_log_adj,REACTOME_PRESYNAPTIC_FUNCTION_OF_KAINATE_RECEPTORS,ppgs:bmi,-0.009598955866242698,0.0057094231191340584,-1.6812479415080661,0.09272578071639823
bmi,alt_log_adj,REACTOME_PRESYNAPTIC_NICOTINIC_ACETYLCHOLINE_RECEPTORS,ppgs,-0.0045710793987276885,0.005717646915593144,-0.7994686391461948,0.42402542271062593
bmi,alt_log_adj,REACTOME_PRESYNAPTIC_NICOTINIC_ACETYLCHOLINE_RECEPTORS,bmi,0.2883866442021505,0.005762359164000284,50.04662777770169,0
bmi,alt_log_adj,REACTOME_PRESYNAPTIC_NICOTINIC_ACETYLCHOLINE_RECEPTORS,ppgs:bmi,1.4705762837223307e-4,0.005633655024674977,0.026103413810063262,0.9791750379038482
bmi,alt_log_adj,REACTOME_PREVENTION_OF_PHAGOSOMAL_LYSOSOMAL_FUSION,ppgs,0.0015613101328010854,0.005675552434716085,0.2750939491371625,0.7832460650667845
bmi,alt_log_adj,REACTOME_PREVENTION_OF_PHAGOSOMAL_LYSOSOMAL_FUSION,bmi,0.28843300603899935,0.005761501897281726,50.06212115890857,0
bmi,alt_log_adj,REACTOME_PREVENTION_OF_PHAGOSOMAL_LYSOSOMAL_FUSION,ppgs:bmi,0.0068289779859171985,0.0057032888446259125,1.1973754393225233,0.23117026439633134
bmi,alt_log_adj,REACTOME_PRE_NOTCH_EXPRESSION_AND_PROCESSING,ppgs,-0.0038538111477252547,0.005684096955839619,-0.677998840918081,0.497777961926814
bmi,alt_log_adj,REACTOME_PRE_NOTCH_EXPRESSION_AND_PROCESSING,bmi,0.28839442513374397,0.005761669588405267,50.05396798770037,0
bmi,alt_log_adj,REACTOME_PRE_NOTCH_EXPRESSION_AND_PROCESSING,ppgs:bmi,0.0017672136242244884,0.005719229962526011,0.30899502831740716,0.7573275795188134
bmi,alt_log_adj,REACTOME_PRE_NOTCH_PROCESSING_IN_GOLGI,ppgs,-0.00242519354209359,0.0056836781651290495,-0.42669438198890797,0.669605183294709
bmi,alt_log_adj,REACTOME_PRE_NOTCH_PROCESSING_IN_GOLGI,bmi,0.28839974142705577,0.0057616223696792465,50.0553009070449,0
bmi,alt_log_adj,REACTOME_PRE_NOTCH_PROCESSING_IN_GOLGI,ppgs:bmi,0.003668864064494038,0.005611775849108965,0.6537795099347345,0.5132591723382591
bmi,alt_log_adj,REACTOME_PRE_NOTCH_PROCESSING_IN_THE_ENDOPLASMIC_RETICULUM,ppgs,-0.003004981494422642,0.00569304382844533,-0.5278338943059305,0.5976187612173527
bmi,alt_log_adj,REACTOME_PRE_NOTCH_PROCESSING_IN_THE_ENDOPLASMIC_RETICULUM,bmi,0.2884029581963728,0.005761533889606335,50.056627926227186,0
bmi,alt_log_adj,REACTOME_PRE_NOTCH_PROCESSING_IN_THE_ENDOPLASMIC_RETICULUM,ppgs:bmi,0.005079140378915897,0.005634785246565995,0.901390231688293,0.3673885312505092
bmi,alt_log_adj,REACTOME_PROCESSING_AND_ACTIVATION_OF_SUMO,ppgs,-0.0025512927050850964,0.0057667026060574155,-0.4424179430382255,0.6581901725853465
bmi,alt_log_adj,REACTOME_PROCESSING_AND_ACTIVATION_OF_SUMO,bmi,0.2884272330420874,0.005761954105736223,50.057190277678224,0
bmi,alt_log_adj,REACTOME_PROCESSING_AND_ACTIVATION_OF_SUMO,ppgs:bmi,3.9618377988250394e-4,0.005695820376560206,0.06955693011544116,0.9445468092719355
bmi,alt_log_adj,REACTOME_PROCESSING_OF_CAPPED_INTRONLESS_PRE_MRNA,ppgs,-0.003659676735576631,0.005686155520530792,-0.6436117904905645,0.5198324092465112
bmi,alt_log_adj,REACTOME_PROCESSING_OF_CAPPED_INTRONLESS_PRE_MRNA,bmi,0.28823910482846155,0.00576261599817741,50.0187944016442,0
bmi,alt_log_adj,REACTOME_PROCESSING_OF_CAPPED_INTRONLESS_PRE_MRNA,ppgs:bmi,0.01011570992798071,0.005439189456329311,1.8597826034924319,0.06292664038430075
bmi,alt_log_adj,REACTOME_PROCESSING_OF_CAPPED_INTRON_CONTAINING_PRE_MRNA,ppgs,0.0300194542476169,0.0056748243642313085,5.289935391979877,1.2326689346123477e-7
bmi,alt_log_adj,REACTOME_PROCESSING_OF_CAPPED_INTRON_CONTAINING_PRE_MRNA,bmi,0.28840820840598097,0.005758178010300579,50.086712826532775,0
bmi,alt_log_adj,REACTOME_PROCESSING_OF_CAPPED_INTRON_CONTAINING_PRE_MRNA,ppgs:bmi,0.014212508714599652,0.0057567804543850135,2.468829379062702,0.013561435494498644
bmi,alt_log_adj,REACTOME_PROCESSING_OF_DNA_DOUBLE_STRAND_BREAK_ENDS,ppgs,0.005511252520713683,0.005744549244789788,0.9593881583854987,0.3373714206738906
bmi,alt_log_adj,REACTOME_PROCESSING_OF_DNA_DOUBLE_STRAND_BREAK_ENDS,bmi,0.2883058380234537,0.005762570551117994,50.03076933566039,0
bmi,alt_log_adj,REACTOME_PROCESSING_OF_DNA_DOUBLE_STRAND_BREAK_ENDS,ppgs:bmi,0.002947700714383391,0.0056547285900748,0.5212806711107596,0.6021753359854716
bmi,alt_log_adj,REACTOME_PROCESSING_OF_INTRONLESS_PRE_MRNAS,ppgs,-0.0032445984364768998,0.00568150891890261,-0.571080408882575,0.5679496650899943
bmi,alt_log_adj,REACTOME_PROCESSING_OF_INTRONLESS_PRE_MRNAS,bmi,0.2882570908987538,0.005762403915111989,50.02375660317656,0
bmi,alt_log_adj,REACTOME_PROCESSING_OF_INTRONLESS_PRE_MRNAS,ppgs:bmi,0.009972535377918494,0.005439492076129009,1.8333578279638576,0.06675985423262978
bmi,alt_log_adj,REACTOME_PROCESSING_OF_SMDT1,ppgs,0.008444379079252717,0.0057145352743676586,1.4777018031771847,0.1394987211048894
bmi,alt_log_adj,REACTOME_PROCESSING_OF_SMDT1,bmi,0.28835695020987334,0.0057617590684507095,50.046686573343685,0
bmi,alt_log_adj,REACTOME_PROCESSING_OF_SMDT1,ppgs:bmi,0.00324814160302522,0.005721006968080594,0.5677569737543907,0.5702044956441608
bmi,alt_log_adj,REACTOME_PROCESSIVE_SYNTHESIS_ON_THE_C_STRAND_OF_THE_TELOMERE,ppgs,-0.0011005197509155835,0.005674983309668777,-0.19392475552140712,0.8462361890296919
bmi,alt_log_adj,REACTOME_PROCESSIVE_SYNTHESIS_ON_THE_C_STRAND_OF_THE_TELOMERE,bmi,0.288417846195419,0.005761648903693337,50.05821267771751,0
bmi,alt_log_adj,REACTOME_PROCESSIVE_SYNTHESIS_ON_THE_C_STRAND_OF_THE_TELOMERE,ppgs:bmi,-3.9805713886549175e-4,0.005619217197157109,-0.07083853940845675,0.9435267585422816
bmi,alt_log_adj,REACTOME_PROCESSIVE_SYNTHESIS_ON_THE_LAGGING_STRAND,ppgs,6.140383718235402e-4,0.0056778637735235265,0.10814602046052345,0.9138806285261978
bmi,alt_log_adj,REACTOME_PROCESSIVE_SYNTHESIS_ON_THE_LAGGING_STRAND,bmi,0.28841336683537433,0.005761645424288522,50.05746546282638,0
bmi,alt_log_adj,REACTOME_PROCESSIVE_SYNTHESIS_ON_THE_LAGGING_STRAND,ppgs:bmi,1.4568316240046205e-4,0.005599086996094586,0.0260190924881284,0.9792422931472288
bmi,alt_log_adj,REACTOME_PROGRAMMED_CELL_DEATH,ppgs,0.0056916494466423126,0.005696889037441818,0.9990802715718932,0.3177643350496429
bmi,alt_log_adj,REACTOME_PROGRAMMED_CELL_DEATH,bmi,0.2885138026751767,0.005761514080496002,50.07603880581662,0
bmi,alt_log_adj,REACTOME_PROGRAMMED_CELL_DEATH,ppgs:bmi,-0.011607476277307792,0.005603743879190403,-2.0713788009499057,0.03833243521864585
bmi,alt_log_adj,REACTOME_PROLACTIN_RECEPTOR_SIGNALING,ppgs,0.012674057542880259,0.005716405107009546,2.2171377475223246,0.026621582125393912
bmi,alt_log_adj,REACTOME_PROLACTIN_RECEPTOR_SIGNALING,bmi,0.28837264307747407,0.005760095061603582,50.06386873712333,0
bmi,alt_log_adj,REACTOME_PROLACTIN_RECEPTOR_SIGNALING,ppgs:bmi,0.018437229763989094,0.005678616512454759,3.2467819800036164,0.0011685332724568334
bmi,alt_log_adj,REACTOME_PROLONGED_ERK_ACTIVATION_EVENTS,ppgs,0.0053251474451042335,0.005723399140655378,0.930416927814414,0.35216318032325655
bmi,alt_log_adj,REACTOME_PROLONGED_ERK_ACTIVATION_EVENTS,bmi,0.2883863779989619,0.0057616406729848095,50.05282251480007,0
bmi,alt_log_adj,REACTOME_PROLONGED_ERK_ACTIVATION_EVENTS,ppgs:bmi,0.001514154812677148,0.005662122719584232,0.2674182259314104,0.7891491134307285
bmi,alt_log_adj,REACTOME_PROPIONYL_COA_CATABOLISM,ppgs,0.016099365307965588,0.005704118881206584,2.8224105498586862,0.004769729482295829
bmi,alt_log_adj,REACTOME_PROPIONYL_COA_CATABOLISM,bmi,0.2881714438225518,0.00576173114072658,50.01473286138306,0
bmi,alt_log_adj,REACTOME_PROPIONYL_COA_CATABOLISM,ppgs:bmi,-0.0011872393394365642,0.00570913170751966,-0.20795444916305178,0.8352660279675928
bmi,alt_log_adj,REACTOME_PROSTACYCLIN_SIGNALLING_THROUGH_PROSTACYCLIN_RECEPTOR,ppgs,0.007760807929001832,0.005690647641390822,1.3637828974954866,0.1726467332419692
bmi,alt_log_adj,REACTOME_PROSTACYCLIN_SIGNALLING_THROUGH_PROSTACYCLIN_RECEPTOR,bmi,0.2883033395896951,0.005761406180749973,50.0404468188643,0
bmi,alt_log_adj,REACTOME_PROSTACYCLIN_SIGNALLING_THROUGH_PROSTACYCLIN_RECEPTOR,ppgs:bmi,-0.00940940590295218,0.005719325701135534,-1.6451949748348837,0.09994069644519503
bmi,alt_log_adj,REACTOME_PROSTANOID_LIGAND_RECEPTORS,ppgs,-0.015494258119721906,0.005703109387394355,-2.7168088611396852,0.006595465630358843
bmi,alt_log_adj,REACTOME_PROSTANOID_LIGAND_RECEPTORS,bmi,0.28859210366376,0.005761633888723539,50.08858758425835,0
bmi,alt_log_adj,REACTOME_PROSTANOID_LIGAND_RECEPTORS,ppgs:bmi,-0.0016199136529930318,0.005669943356373783,-0.2857019111437912,0.7751085282793826
bmi,alt_log_adj,REACTOME_PROTEASOME_ASSEMBLY,ppgs,-0.008102547989074256,0.005722736404715632,-1.4158520358193714,0.1568298171598197
bmi,alt_log_adj,REACTOME_PROTEASOME_ASSEMBLY,bmi,0.2884384607179741,0.005762230827949946,50.05673485326049,0
bmi,alt_log_adj,REACTOME_PROTEASOME_ASSEMBLY,ppgs:bmi,0.0011654179990102614,0.005854984082955798,0.19904716776307924,0.8422272757101336
bmi,alt_log_adj,REACTOME_PROTEIN_FOLDING,ppgs,-0.0010750334263911504,0.005684507459475553,-0.18911637183256189,0.8500029640320069
bmi,alt_log_adj,REACTOME_PROTEIN_FOLDING,bmi,0.28842206229119705,0.005761544874609378,50.059848281707865,0
bmi,alt_log_adj,REACTOME_PROTEIN_FOLDING,ppgs:bmi,-0.004637656156716848,0.005692756260254217,-0.8146591817211841,0.41527426774928566
bmi,alt_log_adj,REACTOME_PROTEIN_HYDROXYLATION,ppgs,0.012694145370233213,0.005716727866438785,2.220526438691752,0.026390927902497988
bmi,alt_log_adj,REACTOME_PROTEIN_HYDROXYLATION,bmi,0.28866193015815794,0.005762614099672953,50.09218475596699,0
bmi,alt_log_adj,REACTOME_PROTEIN_HYDROXYLATION,ppgs:bmi,0.0044412502704693066,0.005901212254960734,0.7525996487816312,0.4516967780324772
bmi,alt_log_adj,REACTOME_PROTEIN_LIPOYLATION,ppgs,0.00911422203982138,0.005852997842793353,1.557188689389915,0.11943685619191428
bmi,alt_log_adj,REACTOME_PROTEIN_LIPOYLATION,bmi,0.2884619644953152,0.00576136876177063,50.068304325422616,0
bmi,alt_log_adj,REACTOME_PROTEIN_LIPOYLATION,ppgs:bmi,0.006685872529346409,0.005786960463619861,1.1553340603202014,0.24796339101252116
bmi,alt_log_adj,REACTOME_PROTEIN_LOCALIZATION,ppgs,0.008395381704157628,0.005730233010431449,1.4651030226649564,0.14290390238620176
bmi,alt_log_adj,REACTOME_PROTEIN_LOCALIZATION,bmi,0.2886488335628282,0.005761549508081904,50.099167447564504,0
bmi,alt_log_adj,REACTOME_PROTEIN_LOCALIZATION,ppgs:bmi,0.014517430428937104,0.0057809477672186825,2.5112543848362257,0.012035812374495468
bmi,alt_log_adj,REACTOME_PROTEIN_METHYLATION,ppgs,-0.001075230015984368,0.005681497159984725,-0.1892511754748917,0.8498973149372246
bmi,alt_log_adj,REACTOME_PROTEIN_METHYLATION,bmi,0.2883628039573607,0.0057614123547718174,50.050714338911675,0
bmi,alt_log_adj,REACTOME_PROTEIN_METHYLATION,ppgs:bmi,0.009331891207875573,0.00561891060299362,1.6608007970270549,0.09676451995979915
bmi,alt_log_adj,REACTOME_PROTEIN_PROTEIN_INTERACTIONS_AT_SYNAPSES,ppgs,0.0032329514266854205,0.005707784946452441,0.566410868141554,0.5711189923830209
bmi,alt_log_adj,REACTOME_PROTEIN_PROTEIN_INTERACTIONS_AT_SYNAPSES,bmi,0.28847726868706985,0.005761360109205609,50.07103586983488,0
bmi,alt_log_adj,REACTOME_PROTEIN_PROTEIN_INTERACTIONS_AT_SYNAPSES,ppgs:bmi,-0.010926506511429847,0.005742387904262746,-1.9027809847744306,0.05707925101079347
bmi,alt_log_adj,REACTOME_PROTEIN_REPAIR,ppgs,-0.010152295367450085,0.00569383145785149,-1.783034050551428,0.07459145748179173
bmi,alt_log_adj,REACTOME_PROTEIN_REPAIR,bmi,0.2884162404636545,0.005761259777522624,50.06131499032581,0
bmi,alt_log_adj,REACTOME_PROTEIN_REPAIR,ppgs:bmi,0.0029603988628011187,0.005707815038047875,0.51865711188385,0.6040039230092202
bmi,alt_log_adj,REACTOME_PROTEIN_UBIQUITINATION,ppgs,0.003731087419299361,0.005685815913631633,0.6562096761441311,0.5116945500592084
bmi,alt_log_adj,REACTOME_PROTEIN_UBIQUITINATION,bmi,0.2884397756645827,0.005761806491748594,50.0606495684389,0
bmi,alt_log_adj,REACTOME_PROTEIN_UBIQUITINATION,ppgs:bmi,-0.001992764950674186,0.005646494911611226,-0.3529207024655851,0.7241505139290043
bmi,alt_log_adj,REACTOME_PROTON_COUPLED_MONOCARBOXYLATE_TRANSPORT,ppgs,0.001243741661758332,0.0057383126838600985,0.2167434453783862,0.8284098478758752
bmi,alt_log_adj,REACTOME_PROTON_COUPLED_MONOCARBOXYLATE_TRANSPORT,bmi,0.28839226387183325,0.005761587858816617,50.05430290028879,0
bmi,alt_log_adj,REACTOME_PROTON_COUPLED_MONOCARBOXYLATE_TRANSPORT,ppgs:bmi,-0.008212839707734197,0.005878731265019577,-1.397042888591174,0.1624116095311232
bmi,alt_log_adj,REACTOME_PTEN_REGULATION,ppgs,0.011990444086193838,0.005738244802639488,2.089566496131091,0.03666565022674051
bmi,alt_log_adj,REACTOME_PTEN_REGULATION,bmi,0.28897894160369814,0.005763324787422893,50.14101274221557,0
bmi,alt_log_adj,REACTOME_PTEN_REGULATION,ppgs:bmi,0.01444885624751312,0.005791338358147948,2.4949079735921043,0.012604624409455048
bmi,alt_log_adj,REACTOME_PTK6_EXPRESSION,ppgs,0.005289061860570563,0.005687892472023213,0.9298807751000286,0.3524407360584799
bmi,alt_log_adj,REACTOME_PTK6_EXPRESSION,bmi,0.2882710989488195,0.005762514061876319,50.025231323245784,0
bmi,alt_log_adj,REACTOME_PTK6_EXPRESSION,ppgs:bmi,0.005365471325836676,0.00562985585507112,0.9530388457465926,0.3405785150899704
bmi,alt_log_adj,REACTOME_PTK6_PROMOTES_HIF1A_STABILIZATION,ppgs,0.0014342178420901138,0.005719163698983656,0.25077404976972184,0.8019906233552753
bmi,alt_log_adj,REACTOME_PTK6_PROMOTES_HIF1A_STABILIZATION,bmi,0.28843208999510983,0.005761530842181273,50.06171066263209,0
bmi,alt_log_adj,REACTOME_PTK6_PROMOTES_HIF1A_STABILIZATION,ppgs:bmi,0.005946945453027503,0.005840991899113597,1.0181396508921687,0.30862028334384617
bmi,alt_log_adj,REACTOME_PTK6_REGULATES_CELL_CYCLE,ppgs,0.0035372647265904623,0.005688908090668296,0.6217827165098263,0.5340897528947564
bmi,alt_log_adj,REACTOME_PTK6_REGULATES_CELL_CYCLE,bmi,0.2883767444639829,0.0057621026705808286,50.04713746881468,0
bmi,alt_log_adj,REACTOME_PTK6_REGULATES_CELL_CYCLE,ppgs:bmi,9.696962801612164e-4,0.005651777612132539,0.17157367941717877,0.8637739260071818
bmi,alt_log_adj,REACTOME_PTK6_REGULATES_PROTEINS_INVOLVED_IN_RNA_PROCESSING,ppgs,0.002713361004548674,0.005702125246384533,0.4758508253162445,0.6341843245011327
bmi,alt_log_adj,REACTOME_PTK6_REGULATES_PROTEINS_INVOLVED_IN_RNA_PROCESSING,bmi,0.2884008241297221,0.005761647307208074,50.055272173449424,0
bmi,alt_log_adj,REACTOME_PTK6_REGULATES_PROTEINS_INVOLVED_IN_RNA_PROCESSING,ppgs:bmi,-9.496077101724736e-4,0.00573103976962422,-0.16569553664687597,0.868397740333702
bmi,alt_log_adj,REACTOME_PTK6_REGULATES_RHO_GTPASES_RAS_GTPASE_AND_MAP_KINASES,ppgs,0.009631836645222866,0.005707514541665731,1.6875711090894263,0.09150458998355271
bmi,alt_log_adj,REACTOME_PTK6_REGULATES_RHO_GTPASES_RAS_GTPASE_AND_MAP_KINASES,bmi,0.28828530926231083,0.0057611495873063235,50.0395459089444,0
bmi,alt_log_adj,REACTOME_PTK6_REGULATES_RHO_GTPASES_RAS_GTPASE_AND_MAP_KINASES,ppgs:bmi,0.01140882121853943,0.005734210021562818,1.9896064454629159,0.046643897388396145
bmi,alt_log_adj,REACTOME_PTK6_REGULATES_RTKS_AND_THEIR_EFFECTORS_AKT1_AND_DOK1,ppgs,0.003428367669418792,0.005684694697693234,0.6030873866999354,0.5464553817413461
bmi,alt_log_adj,REACTOME_PTK6_REGULATES_RTKS_AND_THEIR_EFFECTORS_AKT1_AND_DOK1,bmi,0.2883402371834566,0.00576210500788398,50.040781413899275,0
bmi,alt_log_adj,REACTOME_PTK6_REGULATES_RTKS_AND_THEIR_EFFECTORS_AKT1_AND_DOK1,ppgs:bmi,0.003914144761991977,0.005657883053173045,0.6918037586154865,0.4890662417305017
bmi,alt_log_adj,REACTOME_PURINERGIC_SIGNALING_IN_LEISHMANIASIS_INFECTION,ppgs,0.0021256815411988144,0.005818208487123234,0.3653498402306034,0.7148530045292536
bmi,alt_log_adj,REACTOME_PURINERGIC_SIGNALING_IN_LEISHMANIASIS_INFECTION,bmi,0.28849375116446113,0.00576282575795829,50.061161534523215,0
bmi,alt_log_adj,REACTOME_PURINERGIC_SIGNALING_IN_LEISHMANIASIS_INFECTION,ppgs:bmi,0.003627113937862483,0.005777606497606142,0.6277883305769126,0.5301476685481663
bmi,alt_log_adj,REACTOME_PURINE_CATABOLISM,ppgs,0.0065940208016934294,0.005705628735013198,1.1557044995284251,0.247811787453366
bmi,alt_log_adj,REACTOME_PURINE_CATABOLISM,bmi,0.28838812864450447,0.0057615511671972935,50.05390393587199,0
bmi,alt_log_adj,REACTOME_PURINE_CATABOLISM,ppgs:bmi,-0.003601366729746703,0.005719259706393832,-0.6296910639886775,0.5289018050909141
bmi,alt_log_adj,REACTOME_PURINE_RIBONUCLEOSIDE_MONOPHOSPHATE_BIOSYNTHESIS,ppgs,0.008061261512340085,0.005681728515353531,1.4188044167468452,0.15596703872657044
bmi,alt_log_adj,REACTOME_PURINE_RIBONUCLEOSIDE_MONOPHOSPHATE_BIOSYNTHESIS,bmi,0.28840474455182086,0.005761412487216709,50.05799275641637,0
bmi,alt_log_adj,REACTOME_PURINE_RIBONUCLEOSIDE_MONOPHOSPHATE_BIOSYNTHESIS,ppgs:bmi,-0.001195827785730365,0.005773065452566835,-0.20713913527494707,0.8359026871015851
bmi,alt_log_adj,REACTOME_PURINE_SALVAGE,ppgs,0.007194398775375902,0.005693453811211414,1.2636264408097704,0.20637453003394302
bmi,alt_log_adj,REACTOME_PURINE_SALVAGE,bmi,0.2883828185071699,0.0057616741631997615,50.05191379080273,0
bmi,alt_log_adj,REACTOME_PURINE_SALVAGE,ppgs:bmi,5.977673664055996e-4,0.005692062073579992,0.10501771742444069,0.9163624929838634
bmi,alt_log_adj,REACTOME_PYRIMIDINE_CATABOLISM,ppgs,-0.004419380995046062,0.005814650850877129,-0.7600423668395164,0.44723558147638776
bmi,alt_log_adj,REACTOME_PYRIMIDINE_CATABOLISM,bmi,0.2884235738007033,0.005761583039444272,50.059779027071514,0
bmi,alt_log_adj,REACTOME_PYRIMIDINE_CATABOLISM,ppgs:bmi,-0.002288134905949149,0.005827512854544652,-0.39264347639571845,0.6945857758673559
bmi,alt_log_adj,REACTOME_PYRIMIDINE_SALVAGE,ppgs,-0.0011152074274364042,0.00570547764164355,-0.19546258831980132,0.8450322238616713
bmi,alt_log_adj,REACTOME_PYRIMIDINE_SALVAGE,bmi,0.28833694374487073,0.0057617899829130155,50.04294578593697,0
bmi,alt_log_adj,REACTOME_PYRIMIDINE_SALVAGE,ppgs:bmi,-0.007567721162496458,0.00572230929816944,-1.3224942533108728,0.18601429092185703
bmi,alt_log_adj,REACTOME_PYROPTOSIS,ppgs,0.0038781681345466568,0.00570443016653027,0.6798519784326783,0.496603742281306
bmi,alt_log_adj,REACTOME_PYROPTOSIS,bmi,0.2884122205717842,0.005761553688275429,50.05806353218464,0
bmi,alt_log_adj,REACTOME_PYROPTOSIS,ppgs:bmi,-6.726912209027502e-4,0.00575372050356384,-0.11691412895118679,0.9069289298861966
bmi,alt_log_adj,REACTOME_PYRUVATE_METABOLISM,ppgs,8.266891647948464e-4,0.005735496293650466,0.14413559393457204,0.8853944228564159
bmi,alt_log_adj,REACTOME_PYRUVATE_METABOLISM,bmi,0.2884111999737891,0.005761561660096166,50.0578171316447,0
bmi,alt_log_adj,REACTOME_PYRUVATE_METABOLISM,ppgs:bmi,-0.004157479201500499,0.005765699695125169,-0.7210710618549208,0.47087174083358274
bmi,alt_log_adj,REACTOME_RAB_GEFS_EXCHANGE_GTP_FOR_GDP_ON_RABS,ppgs,0.007455111574190572,0.0056851037277185715,1.311341345953296,0.18975308656087028
bmi,alt_log_adj,REACTOME_RAB_GEFS_EXCHANGE_GTP_FOR_GDP_ON_RABS,bmi,0.2884629886386896,0.005761499857113095,50.06734284347084,0
bmi,alt_log_adj,REACTOME_RAB_GEFS_EXCHANGE_GTP_FOR_GDP_ON_RABS,ppgs:bmi,0.0031944541656392716,0.0057948432993343586,0.5512580756077066,0.5814611183942777
bmi,alt_log_adj,REACTOME_RAB_GERANYLGERANYLATION,ppgs,0.007486401721219807,0.005770689790996746,1.2973148778331254,0.19453342481484706
bmi,alt_log_adj,REACTOME_RAB_GERANYLGERANYLATION,bmi,0.28841871255832047,0.005761458422118283,50.06001804179977,0
bmi,alt_log_adj,REACTOME_RAB_GERANYLGERANYLATION,ppgs:bmi,-0.0016214507585746553,0.005814024874289408,-0.2788861062058716,0.7803342656664078
bmi,alt_log_adj,REACTOME_RAB_REGULATION_OF_TRAFFICKING,ppgs,0.008343816095088028,0.0056842938999042145,1.4678720421596478,0.14215007849590588
bmi,alt_log_adj,REACTOME_RAB_REGULATION_OF_TRAFFICKING,bmi,0.28843400043225587,0.005761404889959433,50.063136672605346,0
bmi,alt_log_adj,REACTOME_RAB_REGULATION_OF_TRAFFICKING,ppgs:bmi,0.001577883788603766,0.005707495201566626,0.27645818925448407,0.7821981842770332
bmi,alt_log_adj,REACTOME_RAC1_GTPASE_CYCLE,ppgs,0.0022993780711439496,0.005713525641990089,0.40244469268594174,0.6873598185153553
bmi,alt_log_adj,REACTOME_RAC1_GTPASE_CYCLE,bmi,0.2884170970957689,0.0057618948277491245,50.05594612847847,0
bmi,alt_log_adj,REACTOME_RAC1_GTPASE_CYCLE,ppgs:bmi,-0.0014103040470862885,0.00569432248323228,-0.24766845419084077,0.8043927351948695
bmi,alt_log_adj,REACTOME_RAC2_GTPASE_CYCLE,ppgs,-9.614554188812857e-4,0.005723176139727386,-0.1679933301733193,0.8665897246726318
bmi,alt_log_adj,REACTOME_RAC2_GTPASE_CYCLE,bmi,0.2884095102506495,0.005762011529430569,50.05361561280173,0
bmi,alt_log_adj,REACTOME_RAC2_GTPASE_CYCLE,ppgs:bmi,-4.318516494240196e-4,0.00572745727143083,-0.07540023940084928,0.9398968007935168
bmi,alt_log_adj,REACTOME_RAC3_GTPASE_CYCLE,ppgs,0.002082516065283911,0.00571537131988837,0.3643710878481621,0.7155836400300167
bmi,alt_log_adj,REACTOME_RAC3_GTPASE_CYCLE,bmi,0.28841159456801957,0.00576160713331189,50.05749053949026,0
bmi,alt_log_adj,REACTOME_RAC3_GTPASE_CYCLE,ppgs:bmi,-5.609230219028079e-4,0.005739618673998835,-0.09772827321157358,0.9221487551624622
bmi,alt_log_adj,REACTOME_RAF_ACTIVATION,ppgs,0.00699912988431346,0.005720565877819204,1.2235030648719092,0.22114991702360437
bmi,alt_log_adj,REACTOME_RAF_ACTIVATION,bmi,0.2881275332438167,0.005763888694878649,49.98839299236031,0
bmi,alt_log_adj,REACTOME_RAF_ACTIVATION,ppgs:bmi,0.006938208052722399,0.005673089648655269,1.2230034218421013,0.22133857068254575
bmi,alt_log_adj,REACTOME_RAF_INDEPENDENT_MAPK1_3_ACTIVATION,ppgs,0.009119367723000371,0.005730748875529907,1.5913047179470288,0.11155216592503778
bmi,alt_log_adj,REACTOME_RAF_INDEPENDENT_MAPK1_3_ACTIVATION,bmi,0.28864403376397674,0.005762176590543896,50.092882303825995,0
bmi,alt_log_adj,REACTOME_RAF_INDEPENDENT_MAPK1_3_ACTIVATION,ppgs:bmi,0.010692052104769388,0.005836271732512767,1.8320003925118815,0.06696184790896205
bmi,alt_log_adj,REACTOME_RAP1_SIGNALLING,ppgs,0.0011456971475173367,0.005702683937036629,0.20090490024819654,0.8407743773331472
bmi,alt_log_adj,REACTOME_RAP1_SIGNALLING,bmi,0.28858353950850185,0.005762403052307218,50.080415564294036,0
bmi,alt_log_adj,REACTOME_RAP1_SIGNALLING,ppgs:bmi,0.008845601495091879,0.005779520328601097,1.5305078954939695,0.12590221895050313
bmi,alt_log_adj,REACTOME_RAS_ACTIVATION_UPON_CA2_INFLUX_THROUGH_NMDA_RECEPTOR,ppgs,7.853841018078222e-4,0.005691055170711962,0.1380032486505607,0.8902388302373707
bmi,alt_log_adj,REACTOME_RAS_ACTIVATION_UPON_CA2_INFLUX_THROUGH_NMDA_RECEPTOR,bmi,0.28842807755940963,0.005761362964075844,50.062472952643624,0
bmi,alt_log_adj,REACTOME_RAS_ACTIVATION_UPON_CA2_INFLUX_THROUGH_NMDA_RECEPTOR,ppgs:bmi,0.009392425399151005,0.005747034323016811,1.634308213809415,0.10220525381796601
bmi,alt_log_adj,REACTOME_RAS_PROCESSING,ppgs,-0.006379456815011434,0.0058149161613326355,-1.0970849171365213,0.27261359191081563
bmi,alt_log_adj,REACTOME_RAS_PROCESSING,bmi,0.2883521633299772,0.005762000928550701,50.04375509576767,0
bmi,alt_log_adj,REACTOME_RAS_PROCESSING,ppgs:bmi,-0.0043632227781517305,0.005847357689470901,-0.7461870831005274,0.4555605975173105
bmi,alt_log_adj,REACTOME_RAS_SIGNALING_DOWNSTREAM_OF_NF1_LOSS_OF_FUNCTION_VARIANTS,ppgs,0.00261629292756471,0.005721127916318411,0.45730369357801637,0.6474562797108929
bmi,alt_log_adj,REACTOME_RAS_SIGNALING_DOWNSTREAM_OF_NF1_LOSS_OF_FUNCTION_VARIANTS,bmi,0.28831833595947015,0.005762065614572058,50.03732259319008,0
bmi,alt_log_adj,REACTOME_RAS_SIGNALING_DOWNSTREAM_OF_NF1_LOSS_OF_FUNCTION_VARIANTS,ppgs:bmi,0.006520018874851683,0.005728325550888215,1.1382067616322384,0.25504377508866
bmi,alt_log_adj,REACTOME_RA_BIOSYNTHESIS_PATHWAY,ppgs,0.011172908267652834,0.005708185389139939,1.9573485277667677,0.05031630398494783
bmi,alt_log_adj,REACTOME_RA_BIOSYNTHESIS_PATHWAY,bmi,0.2885367322631632,0.005761127413993341,50.08337978471529,0
bmi,alt_log_adj,REACTOME_RA_BIOSYNTHESIS_PATHWAY,ppgs:bmi,0.009604792980601913,0.00573835011430393,1.6737899900286912,0.09418291264135162
bmi,alt_log_adj,REACTOME_REACTIONS_SPECIFIC_TO_THE_COMPLEX_N_GLYCAN_SYNTHESIS_PATHWAY,ppgs,-0.002948342840747415,0.005701346238219114,-0.5171309928492198,0.6050687544025483
bmi,alt_log_adj,REACTOME_REACTIONS_SPECIFIC_TO_THE_COMPLEX_N_GLYCAN_SYNTHESIS_PATHWAY,bmi,0.28845815661703383,0.0057618511937766225,50.06345129645097,0
bmi,alt_log_adj,REACTOME_REACTIONS_SPECIFIC_TO_THE_COMPLEX_N_GLYCAN_SYNTHESIS_PATHWAY,ppgs:bmi,0.005766118807957028,0.005797400836225307,0.9946041287894375,0.3199373281109975
bmi,alt_log_adj,REACTOME_RECEPTOR_MEDIATED_MITOPHAGY,ppgs,-0.004129578992030309,0.005690626179061641,-0.7256809465406244,0.4680403755924464
bmi,alt_log_adj,REACTOME_RECEPTOR_MEDIATED_MITOPHAGY,bmi,0.28826080585262537,0.005762780974741845,50.02112818725313,0
bmi,alt_log_adj,REACTOME_RECEPTOR_MEDIATED_MITOPHAGY,ppgs:bmi,-0.007349274850989557,0.005763111682568732,-1.275226866281002,0.2022394052859357
bmi,alt_log_adj,REACTOME_RECEPTOR_TYPE_TYROSINE_PROTEIN_PHOSPHATASES,ppgs,-7.666386449316906e-4,0.0056953457854022616,-0.13460791913577252,0.8929228356650689
bmi,alt_log_adj,REACTOME_RECEPTOR_TYPE_TYROSINE_PROTEIN_PHOSPHATASES,bmi,0.2884146543399758,0.005761599976260693,50.05808378372675,0
bmi,alt_log_adj,REACTOME_RECEPTOR_TYPE_TYROSINE_PROTEIN_PHOSPHATASES,ppgs:bmi,9.89357978146619e-4,0.0057730972745884054,0.17137386243282304,0.8639310286799243
bmi,alt_log_adj,REACTOME_RECOGNITION_AND_ASSOCIATION_OF_DNA_GLYCOSYLASE_WITH_SITE_CONTAINING_AN_AFFECTED_PURINE,ppgs,-0.004527587374230434,0.005696691114566038,-0.7947749462233809,0.42675108092959335
bmi,alt_log_adj,REACTOME_RECOGNITION_AND_ASSOCIATION_OF_DNA_GLYCOSYLASE_WITH_SITE_CONTAINING_AN_AFFECTED_PURINE,bmi,0.2883206048877016,0.005761461784504088,50.042960566563664,0
bmi,alt_log_adj,REACTOME_RECOGNITION_AND_ASSOCIATION_OF_DNA_GLYCOSYLASE_WITH_SITE_CONTAINING_AN_AFFECTED_PURINE,ppgs:bmi,0.009691634339284539,0.0055719035612513835,1.739375822417844,0.08197953241930675
bmi,alt_log_adj,REACTOME_RECOGNITION_OF_DNA_DAMAGE_BY_PCNA_CONTAINING_REPLICATION_COMPLEX,ppgs,-5.994818412593869e-4,0.005684687396962597,-0.1054555509208295,0.9160150846146475
bmi,alt_log_adj,REACTOME_RECOGNITION_OF_DNA_DAMAGE_BY_PCNA_CONTAINING_REPLICATION_COMPLEX,bmi,0.28842376990081825,0.005762102252565075,50.05530225924447,0
bmi,alt_log_adj,REACTOME_RECOGNITION_OF_DNA_DAMAGE_BY_PCNA_CONTAINING_REPLICATION_COMPLEX,ppgs:bmi,-5.248107440919307e-4,0.005553873131337783,-0.09449455032213123,0.9247169791475642
bmi,alt_log_adj,REACTOME_RECRUITMENT_OF_MITOTIC_CENTROSOME_PROTEINS_AND_COMPLEXES,ppgs,0.0035404166325423343,0.005705604925360542,0.6205155594993483,0.5349234017399955
bmi,alt_log_adj,REACTOME_RECRUITMENT_OF_MITOTIC_CENTROSOME_PROTEINS_AND_COMPLEXES,bmi,0.2884616212027846,0.005761614053311777,50.066113164413856,0
bmi,alt_log_adj,REACTOME_RECRUITMENT_OF_MITOTIC_CENTROSOME_PROTEINS_AND_COMPLEXES,ppgs:bmi,-0.005429145613548527,0.005686943205855396,-0.9546685129470899,0.3397534982881829
bmi,alt_log_adj,REACTOME_RECRUITMENT_OF_NUMA_TO_MITOTIC_CENTROSOMES,ppgs,0.012088874497143649,0.005705143281376781,2.1189431887898755,0.03410393966390599
bmi,alt_log_adj,REACTOME_RECRUITMENT_OF_NUMA_TO_MITOTIC_CENTROSOMES,bmi,0.28844702383773474,0.005761152801933506,50.06758781696065,0
bmi,alt_log_adj,REACTOME_RECRUITMENT_OF_NUMA_TO_MITOTIC_CENTROSOMES,ppgs:bmi,-0.0020788845552041258,0.005649059739485809,-0.36800541171004697,0.712871946620526
bmi,alt_log_adj,REACTOME_RECYCLING_OF_BILE_ACIDS_AND_SALTS,ppgs,0.021172672394804252,0.0057234944461523685,3.6992562138393663,2.1664059920441535e-4
bmi,alt_log_adj,REACTOME_RECYCLING_OF_BILE_ACIDS_AND_SALTS,bmi,0.2885066277876445,0.0057602294876476345,50.085960708045505,0
bmi,alt_log_adj,REACTOME_RECYCLING_OF_BILE_ACIDS_AND_SALTS,ppgs:bmi,0.004269958513821124,0.005770206743471989,0.7400009572710472,0.4593055417198525
bmi,alt_log_adj,REACTOME_RECYCLING_OF_EIF2_GDP,ppgs,-0.003131998091702565,0.00571109947967452,-0.5484054520235848,0.5834178522988256
bmi,alt_log_adj,REACTOME_RECYCLING_OF_EIF2_GDP,bmi,0.2884138335360887,0.005761619393435425,50.05777262286653,0
bmi,alt_log_adj,REACTOME_RECYCLING_OF_EIF2_GDP,ppgs:bmi,-0.0030318103593930603,0.005684394470670563,-0.5333567849726324,0.5937908076791552
bmi,alt_log_adj,REACTOME_RECYCLING_PATHWAY_OF_L1,ppgs,0.009123968197082529,0.005707572977420936,1.598572323678873,0.10992680827477412
bmi,alt_log_adj,REACTOME_RECYCLING_PATHWAY_OF_L1,bmi,0.28845853043160735,0.005761008893483897,50.0708358145175,0
bmi,alt_log_adj,REACTOME_RECYCLING_PATHWAY_OF_L1,ppgs:bmi,-0.010780077443821643,0.005696623686425963,-1.8923625707467113,0.05845286870311786
bmi,alt_log_adj,REACTOME_REDUCTION_OF_CYTOSOLIC_CA_LEVELS,ppgs,0.017113468308557343,0.005713674893839485,2.9951771191968195,0.002745224259999571
bmi,alt_log_adj,REACTOME_REDUCTION_OF_CYTOSOLIC_CA_LEVELS,bmi,0.28820682777369067,0.0057611324935126105,50.02607180067969,0
bmi,alt_log_adj,REACTOME_REDUCTION_OF_CYTOSOLIC_CA_LEVELS,ppgs:bmi,-0.0018009175839533342,0.005691552516660852,-0.31641939148967135,0.7516865300218878
bmi,alt_log_adj,REACTOME_REELIN_SIGNALLING_PATHWAY,ppgs,0.0011906573497173667,0.005713225332134655,0.20840370902586067,0.8349152577748934
bmi,alt_log_adj,REACTOME_REELIN_SIGNALLING_PATHWAY,bmi,0.2884688905303553,0.005762605374018734,50.05876193274405,0
bmi,alt_log_adj,REACTOME_REELIN_SIGNALLING_PATHWAY,ppgs:bmi,0.002913952043642766,0.005791600407442657,0.5031341664901658,0.6148738556714164
bmi,alt_log_adj,REACTOME_REGULATED_NECROSIS,ppgs,0.007141997742928391,0.0057061124406871735,1.2516398541330351,0.21071145323202267
bmi,alt_log_adj,REACTOME_REGULATED_NECROSIS,bmi,0.2883986698167532,0.005761483533178145,50.05632111173751,0
bmi,alt_log_adj,REACTOME_REGULATED_NECROSIS,ppgs:bmi,-0.0022182069972045445,0.005758893632208757,-0.3851793658417992,0.7001074197479517
bmi,alt_log_adj,REACTOME_REGULATED_PROTEOLYSIS_OF_P75NTR,ppgs,-6.113150716309503e-4,0.005694524749887092,-0.10735137671375844,0.9145109869628858
bmi,alt_log_adj,REACTOME_REGULATED_PROTEOLYSIS_OF_P75NTR,bmi,0.28843217267928833,0.005761700058101189,50.060254746121466,0
bmi,alt_log_adj,REACTOME_REGULATED_PROTEOLYSIS_OF_P75NTR,ppgs:bmi,-0.0028098363208063355,0.005693019116521602,-0.4935582093255164,0.6216220445435308
bmi,alt_log_adj,REACTOME_REGULATION_BY_C_FLIP,ppgs,0.01261119764969495,0.0057253284027193015,2.20270293031665,0.027623711309977112
bmi,alt_log_adj,REACTOME_REGULATION_BY_C_FLIP,bmi,0.28844012034756683,0.0057609955162111004,50.06775643826026,0
bmi,alt_log_adj,REACTOME_REGULATION_BY_C_FLIP,ppgs:bmi,-0.006244898848536817,0.005771112842317714,-1.0820961258537491,0.27921902161561546
bmi,alt_log_adj,REACTOME_REGULATION_OF_APOPTOSIS,ppgs,-0.01028137451347448,0.005678625731342892,-1.8105392043583617,0.07022279304674797
bmi,alt_log_adj,REACTOME_REGULATION_OF_APOPTOSIS,bmi,0.28851678935915803,0.005762532541676677,50.06770673701231,0
bmi,alt_log_adj,REACTOME_REGULATION_OF_APOPTOSIS,ppgs:bmi,0.005061627775921926,0.0058363244451619875,0.8672629192363962,0.38580530971922067
bmi,alt_log_adj,REACTOME_REGULATION_OF_BACH1_ACTIVITY,ppgs,0.011778356678364604,0.005761591814783414,2.044288637064333,0.04093426005576197
bmi,alt_log_adj,REACTOME_REGULATION_OF_BACH1_ACTIVITY,bmi,0.28833168730353526,0.00576140637220791,50.04536543271806,0
bmi,alt_log_adj,REACTOME_REGULATION_OF_BACH1_ACTIVITY,ppgs:bmi,0.005230229630852464,0.005770759301898598,0.9063330070155071,0.36476732349795093
bmi,alt_log_adj,REACTOME_REGULATION_OF_BETA_CELL_DEVELOPMENT,ppgs,-0.001821550926999703,0.0056795454126345,-0.32072125401930063,0.7484240032242976
bmi,alt_log_adj,REACTOME_REGULATION_OF_BETA_CELL_DEVELOPMENT,bmi,0.2884178955994144,0.005761942692138514,50.05566889669457,0
bmi,alt_log_adj,REACTOME_REGULATION_OF_BETA_CELL_DEVELOPMENT,ppgs:bmi,1.3852600003648092e-4,0.005458647464461799,0.02537734868176526,0.9797541570469592
bmi,alt_log_adj,REACTOME_REGULATION_OF_CDH11_FUNCTION,ppgs,0.006376230602412499,0.005684071163961702,1.1217717756313899,0.26196899137389607
bmi,alt_log_adj,REACTOME_REGULATION_OF_CDH11_FUNCTION,bmi,0.2883541463795555,0.005762436795903509,50.04031394922113,0
bmi,alt_log_adj,REACTOME_REGULATION_OF_CDH11_FUNCTION,ppgs:bmi,-0.0036558655529228714,0.005744910038895982,-0.6363660228220791,0.5245430192891658
bmi,alt_log_adj,REACTOME_REGULATION_OF_CDH11_GENE_TRANSCRIPTION,ppgs,0.009927331399102818,0.005710305554432702,1.7384939044805743,0.08213468033804412
bmi,alt_log_adj,REACTOME_REGULATION_OF_CDH11_GENE_TRANSCRIPTION,bmi,0.2883717873324808,0.005761371395100373,50.05262941002554,0
bmi,alt_log_adj,REACTOME_REGULATION_OF_CDH11_GENE_TRANSCRIPTION,ppgs:bmi,2.751473827607099e-4,0.005737233387933143,0.047958199389171556,0.961749894148973
bmi,alt_log_adj,REACTOME_REGULATION_OF_CDH11_MRNA_TRANSLATION_BY_MICRORNAS,ppgs,0.006862798642436347,0.005701595731024746,1.203662793048096,0.22872998961062257
bmi,alt_log_adj,REACTOME_REGULATION_OF_CDH11_MRNA_TRANSLATION_BY_MICRORNAS,bmi,0.2884130975551739,0.00576165531325954,50.05733281049228,0
bmi,alt_log_adj,REACTOME_REGULATION_OF_CDH11_MRNA_TRANSLATION_BY_MICRORNAS,ppgs:bmi,-0.003355885800307219,0.005702802141146274,-0.5884626043913,0.5562265156150619
bmi,alt_log_adj,REACTOME_REGULATION_OF_CDH19_EXPRESSION_AND_FUNCTION,ppgs,0.004691112817202801,0.005706503955913233,0.8220642364300376,0.4110472525836496
bmi,alt_log_adj,REACTOME_REGULATION_OF_CDH19_EXPRESSION_AND_FUNCTION,bmi,0.2888264752533043,0.005765561407165426,50.095117345268655,0
bmi,alt_log_adj,REACTOME_REGULATION_OF_CDH19_EXPRESSION_AND_FUNCTION,ppgs:bmi,0.009953945916422999,0.005861571430377644,1.698170197984211,0.08948661815764325
bmi,alt_log_adj,REACTOME_REGULATION_OF_CHOLESTEROL_BIOSYNTHESIS_BY_SREBP_SREBF,ppgs,0.012314162475120263,0.005727826252621844,2.149884080279775,0.03157281896798216
bmi,alt_log_adj,REACTOME_REGULATION_OF_CHOLESTEROL_BIOSYNTHESIS_BY_SREBP_SREBF,bmi,0.2886024784742204,0.0057611082142630275,50.09495877194506,0
bmi,alt_log_adj,REACTOME_REGULATION_OF_CHOLESTEROL_BIOSYNTHESIS_BY_SREBP_SREBF,ppgs:bmi,0.011605552455384876,0.005749061225229921,2.0186865299770287,0.0435292077678197
bmi,alt_log_adj,REACTOME_REGULATION_OF_COMMISSURAL_AXON_PATHFINDING_BY_SLIT_AND_ROBO,ppgs,-0.006788765442745047,0.005712839580061481,-1.1883346884863843,0.23471153168241615
bmi,alt_log_adj,REACTOME_REGULATION_OF_COMMISSURAL_AXON_PATHFINDING_BY_SLIT_AND_ROBO,bmi,0.28837862713859536,0.005761714121294954,50.050839223828376,0
bmi,alt_log_adj,REACTOME_REGULATION_OF_COMMISSURAL_AXON_PATHFINDING_BY_SLIT_AND_ROBO,ppgs:bmi,-0.004675949273361533,0.005839590160412115,-0.800732439249048,0.4232932692726006
bmi,alt_log_adj,REACTOME_REGULATION_OF_CYTOSKELETAL_REMODELING_AND_CELL_SPREADING_BY_IPP_COMPLEX_COMPONENTS,ppgs,0.003962605991189651,0.005709559466963208,0.6940300760712238,0.48766903477278556
bmi,alt_log_adj,REACTOME_REGULATION_OF_CYTOSKELETAL_REMODELING_AND_CELL_SPREADING_BY_IPP_COMPLEX_COMPONENTS,bmi,0.28841546895089465,0.005762360804063461,50.051615780030964,0
bmi,alt_log_adj,REACTOME_REGULATION_OF_CYTOSKELETAL_REMODELING_AND_CELL_SPREADING_BY_IPP_COMPLEX_COMPONENTS,ppgs:bmi,-8.037498408984165e-4,0.005699259349512721,-0.1410270688887208,0.8878495602215505
bmi,alt_log_adj,REACTOME_REGULATION_OF_ENDOGENOUS_RETROELEMENTS,ppgs,0.009624631785157337,0.005735008524034992,1.678224495189715,0.09331430412620448
bmi,alt_log_adj,REACTOME_REGULATION_OF_ENDOGENOUS_RETROELEMENTS,bmi,0.2886719612780776,0.0057633163435005744,50.08782167642414,0
bmi,alt_log_adj,REACTOME_REGULATION_OF_ENDOGENOUS_RETROELEMENTS,ppgs:bmi,0.00715379094418587,0.005828486834494302,1.227383907234399,0.219688524288422
bmi,alt_log_adj,REACTOME_REGULATION_OF_ENDOGENOUS_RETROELEMENTS_BY_KRAB_ZFP_PROTEINS,ppgs,0.007318078313678964,0.0057343988428375705,1.2761718384516374,0.2019052367168906
bmi,alt_log_adj,REACTOME_REGULATION_OF_ENDOGENOUS_RETROELEMENTS_BY_KRAB_ZFP_PROTEINS,bmi,0.2886098359874009,0.005763264690649114,50.077491053928135,0
bmi,alt_log_adj,REACTOME_REGULATION_OF_ENDOGENOUS_RETROELEMENTS_BY_KRAB_ZFP_PROTEINS,ppgs:bmi,0.005683184573132818,0.005819169787125604,0.9766315094820499,0.3287599477812423
bmi,alt_log_adj,REACTOME_REGULATION_OF_ENDOGENOUS_RETROELEMENTS_BY_PIWI_INTERACTING_RNAS_PIRNAS,ppgs,0.008185871942059034,0.005736381150020564,1.4270097693961095,0.15358809268815612
bmi,alt_log_adj,REACTOME_REGULATION_OF_ENDOGENOUS_RETROELEMENTS_BY_PIWI_INTERACTING_RNAS_PIRNAS,bmi,0.2885973494799691,0.00576284199412058,50.07899744161034,0
bmi,alt_log_adj,REACTOME_REGULATION_OF_ENDOGENOUS_RETROELEMENTS_BY_PIWI_INTERACTING_RNAS_PIRNAS,ppgs:bmi,0.00600477774719126,0.005819608083804766,1.0318182359911483,0.3021660774935916
bmi,alt_log_adj,REACTOME_REGULATION_OF_ENDOGENOUS_RETROELEMENTS_BY_THE_HUMAN_SILENCING_HUB_HUSH_COMPLEX,ppgs,-0.001382492570243918,0.0056930056922111505,-0.24284053889764529,0.8081306867943678
bmi,alt_log_adj,REACTOME_REGULATION_OF_ENDOGENOUS_RETROELEMENTS_BY_THE_HUMAN_SILENCING_HUB_HUSH_COMPLEX,bmi,0.2883747813051811,0.005761823000396054,50.04922596292162,0
bmi,alt_log_adj,REACTOME_REGULATION_OF_ENDOGENOUS_RETROELEMENTS_BY_THE_HUMAN_SILENCING_HUB_HUSH_COMPLEX,ppgs:bmi,-0.0038604637089464868,0.005668416505192796,-0.6810479973392822,0.4958466832961359
bmi,alt_log_adj,REACTOME_REGULATION_OF_EXPRESSION_OF_SLITS_AND_ROBOS,ppgs,0.0029706486047505944,0.005712359816888364,0.5200387755631202,0.6030406102567752
bmi,alt_log_adj,REACTOME_REGULATION_OF_EXPRESSION_OF_SLITS_AND_ROBOS,bmi,0.28857350446699775,0.005762236448792741,50.08012202058411,0
bmi,alt_log_adj,REACTOME_REGULATION_OF_EXPRESSION_OF_SLITS_AND_ROBOS,ppgs:bmi,0.0088237505754686,0.005922660800345528,1.4898287902886185,0.13628038436799528
bmi,alt_log_adj,REACTOME_REGULATION_OF_FOXO_TRANSCRIPTIONAL_ACTIVITY_BY_ACETYLATION,ppgs,-6.123065282352445e-4,0.005685425931868397,-0.10769756489185722,0.9142363633830641
bmi,alt_log_adj,REACTOME_REGULATION_OF_FOXO_TRANSCRIPTIONAL_ACTIVITY_BY_ACETYLATION,bmi,0.28838539676258884,0.005761046589769963,50.057813674807306,0
bmi,alt_log_adj,REACTOME_REGULATION_OF_FOXO_TRANSCRIPTIONAL_ACTIVITY_BY_ACETYLATION,ppgs:bmi,0.013547039841983332,0.005743626226527084,2.3586214192378994,0.018349705477510282
bmi,alt_log_adj,REACTOME_REGULATION_OF_FZD_BY_UBIQUITINATION,ppgs,0.004608582292912744,0.005695345264381866,0.8091840053551044,0.4184161050588081
bmi,alt_log_adj,REACTOME_REGULATION_OF_FZD_BY_UBIQUITINATION,bmi,0.2886852011228975,0.005762868846643695,50.09400852338124,0
bmi,alt_log_adj,REACTOME_REGULATION_OF_FZD_BY_UBIQUITINATION,ppgs:bmi,-0.013238328499404775,0.005539973916692724,-2.3896012325104676,0.016873168582152456
bmi,alt_log_adj,REACTOME_REGULATION_OF_GENE_EXPRESSION_BY_HYPOXIA_INDUCIBLE_FACTOR,ppgs,-0.005781029244006777,0.00569566489199369,-1.014987600856413,0.31012040060125434
bmi,alt_log_adj,REACTOME_REGULATION_OF_GENE_EXPRESSION_BY_HYPOXIA_INDUCIBLE_FACTOR,bmi,0.2883661076978968,0.005761867237483074,50.047336360332764,0
bmi,alt_log_adj,REACTOME_REGULATION_OF_GENE_EXPRESSION_BY_HYPOXIA_INDUCIBLE_FACTOR,ppgs:bmi,-0.0021785467456921542,0.005744549064940265,-0.3792372074925968,0.7045145644605486
bmi,alt_log_adj,REACTOME_REGULATION_OF_GENE_EXPRESSION_IN_BETA_CELLS,ppgs,-4.664677546258798e-5,0.005716913384915741,-0.008159433652723687,0.993489843517037
bmi,alt_log_adj,REACTOME_REGULATION_OF_GENE_EXPRESSION_IN_BETA_CELLS,bmi,0.28832887882143576,0.005761820238782473,50.04128328765119,0
bmi,alt_log_adj,REACTOME_REGULATION_OF_GENE_EXPRESSION_IN_BETA_CELLS,ppgs:bmi,0.007335907371133002,0.005710523335919005,1.2846296109133089,0.19893224324022615
bmi,alt_log_adj,REACTOME_REGULATION_OF_GENE_EXPRESSION_IN_EARLY_PANCREATIC_PRECURSOR_CELLS,ppgs,4.130338314143042e-4,0.005659466275126524,0.07298105710596718,0.9418217064391925
bmi,alt_log_adj,REACTOME_REGULATION_OF_GENE_EXPRESSION_IN_EARLY_PANCREATIC_PRECURSOR_CELLS,bmi,0.2884246407212664,0.005761929906043238,50.056950609336695,0
bmi,alt_log_adj,REACTOME_REGULATION_OF_GENE_EXPRESSION_IN_EARLY_PANCREATIC_PRECURSOR_CELLS,ppgs:bmi,-0.0012150116011453674,0.005485629987949252,-0.22148989337860672,0.8247126004652336
bmi,alt_log_adj,REACTOME_REGULATION_OF_GENE_EXPRESSION_IN_ENDOCRINE_COMMITTED_NEUROG3_PROGENITOR_CELLS,ppgs,-0.0019282613846430144,0.00571304444183192,-0.33751905910690005,0.7357281461280354
bmi,alt_log_adj,REACTOME_REGULATION_OF_GENE_EXPRESSION_IN_ENDOCRINE_COMMITTED_NEUROG3_PROGENITOR_CELLS,bmi,0.28859009448003264,0.005760723786034744,50.096152011252165,0
bmi,alt_log_adj,REACTOME_REGULATION_OF_GENE_EXPRESSION_IN_ENDOCRINE_COMMITTED_NEUROG3_PROGENITOR_CELLS,ppgs:bmi,0.0184472885287468,0.005558465223746364,3.3187737596950306,9.05275384300121e-4
bmi,alt_log_adj,REACTOME_REGULATION_OF_GENE_EXPRESSION_IN_LATE_STAGE_BRANCHING_MORPHOGENESIS_PANCREATIC_BUD_PRECURSOR_CELLS,ppgs,-0.0012032067134757215,0.005705567634125773,-0.2108829113301855,0.8329801548357633
bmi,alt_log_adj,REACTOME_REGULATION_OF_GENE_EXPRESSION_IN_LATE_STAGE_BRANCHING_MORPHOGENESIS_PANCREATIC_BUD_PRECURSOR_CELLS,bmi,0.28839344155162955,0.005761865871553441,50.05209214873247,0
bmi,alt_log_adj,REACTOME_REGULATION_OF_GENE_EXPRESSION_IN_LATE_STAGE_BRANCHING_MORPHOGENESIS_PANCREATIC_BUD_PRECURSOR_CELLS,ppgs:bmi,-0.0017949064292314344,0.005690280715682146,-0.3154337226781724,0.7524346876823929
bmi,alt_log_adj,REACTOME_REGULATION_OF_GLUCOKINASE_BY_GLUCOKINASE_REGULATORY_PROTEIN,ppgs,-0.004441759517615771,0.005687172583435553,-0.781013667591666,0.43480097810749996
bmi,alt_log_adj,REACTOME_REGULATION_OF_GLUCOKINASE_BY_GLUCOKINASE_REGULATORY_PROTEIN,bmi,0.28828328065927966,0.0057637038630448416,50.01701813787945,0
bmi,alt_log_adj,REACTOME_REGULATION_OF_GLUCOKINASE_BY_GLUCOKINASE_REGULATORY_PROTEIN,ppgs:bmi,0.004879062962004645,0.005415325427524433,0.9009731783072296,0.3676102348411574
bmi,alt_log_adj,REACTOME_REGULATION_OF_GLYCOLYSIS_BY_FRUCTOSE_2_6_BISPHOSPHATE_METABOLISM,ppgs,0.004487776803669197,0.005702424240291676,0.7869945508367946,0.4312916353197178
bmi,alt_log_adj,REACTOME_REGULATION_OF_GLYCOLYSIS_BY_FRUCTOSE_2_6_BISPHOSPHATE_METABOLISM,bmi,0.2884586963636817,0.005761552964265512,50.06613636163192,0
bmi,alt_log_adj,REACTOME_REGULATION_OF_GLYCOLYSIS_BY_FRUCTOSE_2_6_BISPHOSPHATE_METABOLISM,ppgs:bmi,0.00809782328578518,0.005731772362044567,1.4127956894116127,0.1577267847462152
bmi,alt_log_adj,REACTOME_REGULATION_OF_HMOX1_EXPRESSION_AND_ACTIVITY,ppgs,0.011254784944796214,0.005762253016049315,1.953191731333009,0.05080670460483369
bmi,alt_log_adj,REACTOME_REGULATION_OF_HMOX1_EXPRESSION_AND_ACTIVITY,bmi,0.28832870239952263,0.0057614351405533585,50.044597459762436,0
bmi,alt_log_adj,REACTOME_REGULATION_OF_HMOX1_EXPRESSION_AND_ACTIVITY,ppgs:bmi,0.005495687151449532,0.005771320653155037,0.9522408269665587,0.34098297874652583
bmi,alt_log_adj,REACTOME_REGULATION_OF_HOMOTYPIC_CELL_CELL_ADHESION,ppgs,0.0105120743531253,0.005712070766075692,1.8403263516196433,0.06573078527703383
bmi,alt_log_adj,REACTOME_REGULATION_OF_HOMOTYPIC_CELL_CELL_ADHESION,bmi,0.28838094867064107,0.005761250138877115,50.05527302566442,0
bmi,alt_log_adj,REACTOME_REGULATION_OF_HOMOTYPIC_CELL_CELL_ADHESION,ppgs:bmi,-0.0030589480018388404,0.00574504650317288,-0.53244965034651,0.5944187783454775
bmi,alt_log_adj,REACTOME_REGULATION_OF_HSF1_MEDIATED_HEAT_SHOCK_RESPONSE,ppgs,-0.0047841927849383015,0.0056874311882870315,-0.841186930716823,0.4002503164048189
bmi,alt_log_adj,REACTOME_REGULATION_OF_HSF1_MEDIATED_HEAT_SHOCK_RESPONSE,bmi,0.28834603014729304,0.0057634293519007234,50.030287966000536,0
bmi,alt_log_adj,REACTOME_REGULATION_OF_HSF1_MEDIATED_HEAT_SHOCK_RESPONSE,ppgs:bmi,0.0032193414650903886,0.005425104144466436,0.5934156062928473,0.5529077815525172
bmi,alt_log_adj,REACTOME_REGULATION_OF_IFNA_IFNB_SIGNALING,ppgs,0.012439501419823902,0.005724045011096259,2.173201188269746,0.029773429986424238
bmi,alt_log_adj,REACTOME_REGULATION_OF_IFNA_IFNB_SIGNALING,bmi,0.28855130939182594,0.005761403900531347,50.08350644626984,0
bmi,alt_log_adj,REACTOME_REGULATION_OF_IFNA_IFNB_SIGNALING,ppgs:bmi,0.004370378348725195,0.005711204449852571,0.7652288386975906,0.44414166046282044
bmi,alt_log_adj,REACTOME_REGULATION_OF_IFNG_SIGNALING,ppgs,0.0021098111812022802,0.00572952169014182,0.36823513293132454,0.7127006652196364
bmi,alt_log_adj,REACTOME_REGULATION_OF_IFNG_SIGNALING,bmi,0.2884428628078635,0.005761849669361366,50.06081021892299,0
bmi,alt_log_adj,REACTOME_REGULATION_OF_IFNG_SIGNALING,ppgs:bmi,0.0030323068206563712,0.005829480175701908,0.5201676185975299,0.6029508145729197
bmi,alt_log_adj,REACTOME_REGULATION_OF_INNATE_IMMUNE_RESPONSES_TO_CYTOSOLIC_DNA,ppgs,0.0010156168506139354,0.00571324603676129,0.17776529210873362,0.8589085761812603
bmi,alt_log_adj,REACTOME_REGULATION_OF_INNATE_IMMUNE_RESPONSES_TO_CYTOSOLIC_DNA,bmi,0.2884250701547866,0.005761310184141417,50.062409579804516,0
bmi,alt_log_adj,REACTOME_REGULATION_OF_INNATE_IMMUNE_RESPONSES_TO_CYTOSOLIC_DNA,ppgs:bmi,0.010568587751837366,0.0057305852480646294,1.8442423058633772,0.06515826301311302
bmi,alt_log_adj,REACTOME_REGULATION_OF_INSULIN_LIKE_GROWTH_FACTOR_IGF_TRANSPORT_AND_UPTAKE_BY_INSULIN_LIKE_GROWTH_FACTOR_BINDING_PROTEINS_IGFBPS,ppgs,-3.425672581947286e-4,0.00573617271302897,-0.05972052714114267,0.9523786435885506
bmi,alt_log_adj,REACTOME_REGULATION_OF_INSULIN_LIKE_GROWTH_FACTOR_IGF_TRANSPORT_AND_UPTAKE_BY_INSULIN_LIKE_GROWTH_FACTOR_BINDING_PROTEINS_IGFBPS,bmi,0.2884820846382316,0.0057619968525191405,50.06633846252579,0
bmi,alt_log_adj,REACTOME_REGULATION_OF_INSULIN_LIKE_GROWTH_FACTOR_IGF_TRANSPORT_AND_UPTAKE_BY_INSULIN_LIKE_GROWTH_FACTOR_BINDING_PROTEINS_IGFBPS,ppgs:bmi,0.005225203729869555,0.005771463858012755,0.9053515465777707,0.3652868708086323
bmi,alt_log_adj,REACTOME_REGULATION_OF_INSULIN_SECRETION,ppgs,0.005069255272004081,0.005691516622724237,0.8906686227998203,0.3731145316035489
bmi,alt_log_adj,REACTOME_REGULATION_OF_INSULIN_SECRETION,bmi,0.28848343852678,0.005761641891124551,50.06965791663843,0
bmi,alt_log_adj,REACTOME_REGULATION_OF_INSULIN_SECRETION,ppgs:bmi,-0.005757433971035719,0.0056853874613106625,-1.0126722251060876,0.31122539190154974
bmi,alt_log_adj,REACTOME_REGULATION_OF_KIT_SIGNALING,ppgs,0.0030995118778501516,0.00569856784012971,0.5439106745423252,0.5865072205150981
bmi,alt_log_adj,REACTOME_REGULATION_OF_KIT_SIGNALING,bmi,0.2883733521934956,0.005761841985208789,50.048813024338074,0
bmi,alt_log_adj,REACTOME_REGULATION_OF_KIT_SIGNALING,ppgs:bmi,0.0032715060168825878,0.005724826604858409,0.5714594070161364,0.5676927998385164
bmi,alt_log_adj,REACTOME_REGULATION_OF_LIPID_METABOLISM_BY_PPARALPHA,ppgs,0.016398230723329806,0.005759460107024688,2.8471819265366975,0.004413983636043513
bmi,alt_log_adj,REACTOME_REGULATION_OF_LIPID_METABOLISM_BY_PPARALPHA,bmi,0.2888302328638929,0.0057624491806193825,50.1228251756743,0
bmi,alt_log_adj,REACTOME_REGULATION_OF_LIPID_METABOLISM_BY_PPARALPHA,ppgs:bmi,0.006240200539804618,0.00579597853990469,1.0766431409021804,0.28164888541913574
bmi,alt_log_adj,REACTOME_REGULATION_OF_LOCALIZATION_OF_FOXO_TRANSCRIPTION_FACTORS,ppgs,0.010082223869770786,0.005689532419933244,1.7720654573384225,0.07639443130868415
bmi,alt_log_adj,REACTOME_REGULATION_OF_LOCALIZATION_OF_FOXO_TRANSCRIPTION_FACTORS,bmi,0.28824573533500636,0.005760713112353053,50.036467658301405,0
bmi,alt_log_adj,REACTOME_REGULATION_OF_LOCALIZATION_OF_FOXO_TRANSCRIPTION_FACTORS,ppgs:bmi,0.015590342642048581,0.005659996643261136,2.7544791321759248,0.005882311701283769
bmi,alt_log_adj,REACTOME_REGULATION_OF_MECP2_EXPRESSION_AND_ACTIVITY,ppgs,-6.954766878444681e-4,0.005721053690123844,-0.12156443996410268,0.9032448389967054
bmi,alt_log_adj,REACTOME_REGULATION_OF_MECP2_EXPRESSION_AND_ACTIVITY,bmi,0.28845601368546353,0.005761592020715781,50.06533136124896,0
bmi,alt_log_adj,REACTOME_REGULATION_OF_MECP2_EXPRESSION_AND_ACTIVITY,ppgs:bmi,-0.007506843026088866,0.005729290126782482,-1.3102570929331943,0.19011949360747793
bmi,alt_log_adj,REACTOME_REGULATION_OF_MITF_M_DEPENDENT_GENES_INVOLVED_IN_APOPTOSIS,ppgs,0.003048112343105681,0.005660171066407566,0.5385194735890335,0.5902226930094823
bmi,alt_log_adj,REACTOME_REGULATION_OF_MITF_M_DEPENDENT_GENES_INVOLVED_IN_APOPTOSIS,bmi,0.2884553660897002,0.005761578956457185,50.065332484321694,0
bmi,alt_log_adj,REACTOME_REGULATION_OF_MITF_M_DEPENDENT_GENES_INVOLVED_IN_APOPTOSIS,ppgs:bmi,0.007290886396506187,0.005777845923811938,1.2618693008857564,0.20700620238855755
bmi,alt_log_adj,REACTOME_REGULATION_OF_MITF_M_DEPENDENT_GENES_INVOLVED_IN_CELL_CYCLE_AND_PROLIFERATION,ppgs,0.0037102350038286307,0.005656879918697903,0.6558801065522087,0.5119065919715238
bmi,alt_log_adj,REACTOME_REGULATION_OF_MITF_M_DEPENDENT_GENES_INVOLVED_IN_CELL_CYCLE_AND_PROLIFERATION,bmi,0.28841501958979865,0.00576142994669978,50.059624478295774,0
bmi,alt_log_adj,REACTOME_REGULATION_OF_MITF_M_DEPENDENT_GENES_INVOLVED_IN_CELL_CYCLE_AND_PROLIFERATION,ppgs:bmi,0.008172991513950675,0.005788690746717612,1.4118894706173488,0.15799348483364004
bmi,alt_log_adj,REACTOME_REGULATION_OF_MITF_M_DEPENDENT_GENES_INVOLVED_IN_DNA_REPLICATION_DAMAGE_REPAIR_AND_SENESCENCE,ppgs,0.001366931589815845,0.005656356603107603,0.2416629087821041,0.8090431202356432
bmi,alt_log_adj,REACTOME_REGULATION_OF_MITF_M_DEPENDENT_GENES_INVOLVED_IN_DNA_REPLICATION_DAMAGE_REPAIR_AND_SENESCENCE,bmi,0.28845575442868604,0.005761594744402168,50.06526269639894,0
bmi,alt_log_adj,REACTOME_REGULATION_OF_MITF_M_DEPENDENT_GENES_INVOLVED_IN_DNA_REPLICATION_DAMAGE_REPAIR_AND_SENESCENCE,ppgs:bmi,0.007250156222092122,0.0058051083212841735,1.248926948616918,0.21170210707577813
bmi,alt_log_adj,REACTOME_REGULATION_OF_MITF_M_DEPENDENT_GENES_INVOLVED_IN_EXTRACELLULAR_MATRIX_FOCAL_ADHESION_AND_EPITHELIAL_TO_MESENCHYMAL_TRANSITION,ppgs,0.001382085856952792,0.0056568259931628955,0.24432179081047317,0.8069833763579629
bmi,alt_log_adj,REACTOME_REGULATION_OF_MITF_M_DEPENDENT_GENES_INVOLVED_IN_EXTRACELLULAR_MATRIX_FOCAL_ADHESION_AND_EPITHELIAL_TO_MESENCHYMAL_TRANSITION,bmi,0.2884566618585333,0.0057615806843611455,50.065542367826424,0
bmi,alt_log_adj,REACTOME_REGULATION_OF_MITF_M_DEPENDENT_GENES_INVOLVED_IN_EXTRACELLULAR_MATRIX_FOCAL_ADHESION_AND_EPITHELIAL_TO_MESENCHYMAL_TRANSITION,ppgs:bmi,0.0074278593882799275,0.005806967832165226,1.279128729995104,0.2008621980954385
bmi,alt_log_adj,REACTOME_REGULATION_OF_MITF_M_DEPENDENT_GENES_INVOLVED_IN_LYSOSOME_BIOGENESIS_AND_AUTOPHAGY,ppgs,0.0012928872008655114,0.0056562219015571045,0.22857787819632602,0.8191986688146474
bmi,alt_log_adj,REACTOME_REGULATION_OF_MITF_M_DEPENDENT_GENES_INVOLVED_IN_LYSOSOME_BIOGENESIS_AND_AUTOPHAGY,bmi,0.2884528375686594,0.005761568089555471,50.064988052742905,0
bmi,alt_log_adj,REACTOME_REGULATION_OF_MITF_M_DEPENDENT_GENES_INVOLVED_IN_LYSOSOME_BIOGENESIS_AND_AUTOPHAGY,ppgs:bmi,0.007370478048858773,0.00581145072142276,1.2682681833107468,0.20471261048455244
bmi,alt_log_adj,REACTOME_REGULATION_OF_MITF_M_DEPENDENT_GENES_INVOLVED_IN_PIGMENTATION,ppgs,0.0025625586023763805,0.005658197177227029,0.4528931251618629,0.6506291676772841
bmi,alt_log_adj,REACTOME_REGULATION_OF_MITF_M_DEPENDENT_GENES_INVOLVED_IN_PIGMENTATION,bmi,0.2884485040224212,0.005761647102116986,50.063549347969854,0
bmi,alt_log_adj,REACTOME_REGULATION_OF_MITF_M_DEPENDENT_GENES_INVOLVED_IN_PIGMENTATION,ppgs:bmi,0.006311648897944093,0.005818396901528884,1.0847745529847919,0.2780307438637596
bmi,alt_log_adj,REACTOME_REGULATION_OF_MRNA_STABILITY_BY_PROTEINS_THAT_BIND_AU_RICH_ELEMENTS,ppgs,-0.006873195219664622,0.005688693981321409,-1.2082202421561914,0.2269726364137364
bmi,alt_log_adj,REACTOME_REGULATION_OF_MRNA_STABILITY_BY_PROTEINS_THAT_BIND_AU_RICH_ELEMENTS,bmi,0.28838432731571556,0.005761478272784358,50.0538774359289,0
bmi,alt_log_adj,REACTOME_REGULATION_OF_MRNA_STABILITY_BY_PROTEINS_THAT_BIND_AU_RICH_ELEMENTS,ppgs:bmi,-0.0028798961609437317,0.005760153997872367,-0.4999686053545585,0.6171010643207042
bmi,alt_log_adj,REACTOME_REGULATION_OF_NFE2L2_GENE_EXPRESSION,ppgs,-0.004384796490823224,0.005706264153505975,-0.768418070539053,0.44224524915991203
bmi,alt_log_adj,REACTOME_REGULATION_OF_NFE2L2_GENE_EXPRESSION,bmi,0.28840575336342206,0.005761551040561886,50.05696405933354,0
bmi,alt_log_adj,REACTOME_REGULATION_OF_NFE2L2_GENE_EXPRESSION,ppgs:bmi,-0.0011230902759353626,0.005790972192951946,-0.19393812273908842,0.8462257223196977
bmi,alt_log_adj,REACTOME_REGULATION_OF_NF_KAPPA_B_SIGNALING,ppgs,0.0070130081239575945,0.005759406491082911,1.2176616001693215,0.22336273051134375
bmi,alt_log_adj,REACTOME_REGULATION_OF_NF_KAPPA_B_SIGNALING,bmi,0.28840298309358187,0.005761936500491746,50.05313457879455,0
bmi,alt_log_adj,REACTOME_REGULATION_OF_NF_KAPPA_B_SIGNALING,ppgs:bmi,-2.6336437120833895e-4,0.005881693345624219,-0.04477696400208847,0.9642854021231617
bmi,alt_log_adj,REACTOME_REGULATION_OF_NPAS4_GENE_EXPRESSION,ppgs,0.008096231351062457,0.005763296151882681,1.4047918305252598,0.16009414625084253
bmi,alt_log_adj,REACTOME_REGULATION_OF_NPAS4_GENE_EXPRESSION,bmi,0.288399770641795,0.0057614722494076336,50.05661021303138,0
bmi,alt_log_adj,REACTOME_REGULATION_OF_NPAS4_GENE_EXPRESSION,ppgs:bmi,5.354793215539784e-4,0.005774700686547346,0.09272849808500427,0.9261199116184822
bmi,alt_log_adj,REACTOME_REGULATION_OF_NPAS4_GENE_TRANSCRIPTION,ppgs,0.0027339024619313897,0.005725207575228765,0.47752023415887235,0.6329953975051089
bmi,alt_log_adj,REACTOME_REGULATION_OF_NPAS4_GENE_TRANSCRIPTION,bmi,0.28847771091227853,0.005762455188722651,50.06159726445086,0
bmi,alt_log_adj,REACTOME_REGULATION_OF_NPAS4_GENE_TRANSCRIPTION,ppgs:bmi,0.0032144053550456583,0.0057993373100526605,0.5542711491317738,0.5793976643409118
bmi,alt_log_adj,REACTOME_REGULATION_OF_NPAS4_MRNA_TRANSLATION,ppgs,0.006621824935232358,0.005754456995275789,1.1507297631503108,0.24985313430928113
bmi,alt_log_adj,REACTOME_REGULATION_OF_NPAS4_MRNA_TRANSLATION,bmi,0.2884187419253515,0.0057615146913759544,50.05953423273696,0
bmi,alt_log_adj,REACTOME_REGULATION_OF_NPAS4_MRNA_TRANSLATION,ppgs:bmi,-0.0025437749475203273,0.005768060179911717,-0.44101047287604084,0.6592087783727962
bmi,alt_log_adj,REACTOME_REGULATION_OF_ORNITHINE_DECARBOXYLASE_ODC,ppgs,-0.011916866758501989,0.00568346923053121,-2.0967592636000196,0.03602372939730797
bmi,alt_log_adj,REACTOME_REGULATION_OF_ORNITHINE_DECARBOXYLASE_ODC,bmi,0.288262440219455,0.00576201867088516,50.028029530000154,0
bmi,alt_log_adj,REACTOME_REGULATION_OF_ORNITHINE_DECARBOXYLASE_ODC,ppgs:bmi,-0.0051085032154211275,0.005826316798863304,-0.8767980512864971,0.3806037677578965
bmi,alt_log_adj,REACTOME_REGULATION_OF_PLK1_ACTIVITY_AT_G2_M_TRANSITION,ppgs,0.004408004643116424,0.005696082071095572,0.7738660693610052,0.43901645008774803
bmi,alt_log_adj,REACTOME_REGULATION_OF_PLK1_ACTIVITY_AT_G2_M_TRANSITION,bmi,0.2884379808681765,0.005761664415238821,50.06157250417035,0
bmi,alt_log_adj,REACTOME_REGULATION_OF_PLK1_ACTIVITY_AT_G2_M_TRANSITION,ppgs:bmi,0.001182550482822454,0.005783683755275365,0.20446319903709048,0.8379930152570051
bmi,alt_log_adj,REACTOME_REGULATION_OF_PTEN_GENE_TRANSCRIPTION,ppgs,0.010186439057562505,0.005739400751730721,1.7748262402639818,0.07593731093062235
bmi,alt_log_adj,REACTOME_REGULATION_OF_PTEN_GENE_TRANSCRIPTION,bmi,0.28901805409642595,0.005763310557099687,50.14792300935291,0
bmi,alt_log_adj,REACTOME_REGULATION_OF_PTEN_GENE_TRANSCRIPTION,ppgs:bmi,0.016540797446073265,0.005795482002762375,2.8540848609639737,0.004319228181774744
bmi,alt_log_adj,REACTOME_REGULATION_OF_PTEN_LOCALIZATION,ppgs,0.009466266000685234,0.0057008786064912985,1.660492470389824,0.09682648091133168
bmi,alt_log_adj,REACTOME_REGULATION_OF_PTEN_LOCALIZATION,bmi,0.288322587145924,0.005762345830792518,50.035627088745876,0
bmi,alt_log_adj,REACTOME_REGULATION_OF_PTEN_LOCALIZATION,ppgs:bmi,6.755426777171304e-4,0.005608622591977797,0.12044716267473264,0.9041297865060627
bmi,alt_log_adj,REACTOME_REGULATION_OF_PTEN_MRNA_TRANSLATION,ppgs,0.006121843972405203,0.005751097654307802,1.0644653143421583,0.2871270259638388
bmi,alt_log_adj,REACTOME_REGULATION_OF_PTEN_MRNA_TRANSLATION,bmi,0.2884190001547797,0.005761597915144357,50.05885596366774,0
bmi,alt_log_adj,REACTOME_REGULATION_OF_PTEN_MRNA_TRANSLATION,ppgs:bmi,-0.0027401465178015327,0.0057654113390680885,-0.4752733771541174,0.6345957941662148
bmi,alt_log_adj,REACTOME_REGULATION_OF_PTEN_STABILITY_AND_ACTIVITY,ppgs,-2.840502477692281e-4,0.005703409262788192,-0.04980358846462407,0.9602792579286389
bmi,alt_log_adj,REACTOME_REGULATION_OF_PTEN_STABILITY_AND_ACTIVITY,bmi,0.2883966800554698,0.0057617696118359325,50.05349041777722,0
bmi,alt_log_adj,REACTOME_REGULATION_OF_PTEN_STABILITY_AND_ACTIVITY,ppgs:bmi,-0.0025640321291850836,0.00568426162112124,-0.4510756717561708,0.6519384613741038
bmi,alt_log_adj,REACTOME_REGULATION_OF_PYRUVATE_DEHYDROGENASE_PDH_COMPLEX,ppgs,0.0017977144526307126,0.005693118492345844,0.3157697235790302,0.7521796248867924
bmi,alt_log_adj,REACTOME_REGULATION_OF_PYRUVATE_DEHYDROGENASE_PDH_COMPLEX,bmi,0.28831932000561217,0.005762496940473606,50.033748040812995,0
bmi,alt_log_adj,REACTOME_REGULATION_OF_PYRUVATE_DEHYDROGENASE_PDH_COMPLEX,ppgs:bmi,0.004794072717810913,0.005596036001614142,0.8566908283699555,0.3916230151121821
bmi,alt_log_adj,REACTOME_REGULATION_OF_PYRUVATE_METABOLISM,ppgs,0.0023176873430161235,0.005725971470105707,0.40476753248184394,0.6856514504944359
bmi,alt_log_adj,REACTOME_REGULATION_OF_PYRUVATE_METABOLISM,bmi,0.288410375539182,0.005761635642210158,50.05703127533209,0
bmi,alt_log_adj,REACTOME_REGULATION_OF_PYRUVATE_METABOLISM,ppgs:bmi,-0.0013544493331825182,0.005767756056107463,-0.23483124459611898,0.8143414121522373
bmi,alt_log_adj,REACTOME_REGULATION_OF_RAS_BY_GAPS,ppgs,-0.007325797108499491,0.005685753732669653,-1.2884478387458722,0.1976006306993415
bmi,alt_log_adj,REACTOME_REGULATION_OF_RAS_BY_GAPS,bmi,0.28845725447618886,0.005761303187115536,50.06805667184621,0
bmi,alt_log_adj,REACTOME_REGULATION_OF_RAS_BY_GAPS,ppgs:bmi,-0.007622959185633124,0.005715074004335144,-1.3338338540937111,0.18226902932290617
bmi,alt_log_adj,REACTOME_REGULATION_OF_RUNX1_EXPRESSION_AND_ACTIVITY,ppgs,0.01742535629272587,0.005700650580212946,3.0567311655988134,0.002239730550926637
bmi,alt_log_adj,REACTOME_REGULATION_OF_RUNX1_EXPRESSION_AND_ACTIVITY,bmi,0.28850939700010947,0.005761089920098843,50.0789609260533,0
bmi,alt_log_adj,REACTOME_REGULATION_OF_RUNX1_EXPRESSION_AND_ACTIVITY,ppgs:bmi,-0.0011929257655442895,0.005750320104745302,-0.20745380149530435,0.8356569590043104
bmi,alt_log_adj,REACTOME_REGULATION_OF_RUNX2_EXPRESSION_AND_ACTIVITY,ppgs,-0.008802949031590141,0.0056793154616090885,-1.5500017724136161,0.12115225379196079
bmi,alt_log_adj,REACTOME_REGULATION_OF_RUNX2_EXPRESSION_AND_ACTIVITY,bmi,0.28835834762204965,0.005761618522667303,50.0481499230803,0
bmi,alt_log_adj,REACTOME_REGULATION_OF_RUNX2_EXPRESSION_AND_ACTIVITY,ppgs:bmi,-0.0016901565707746961,0.005654281120385375,-0.2989162609338924,0.7650061307481737
bmi,alt_log_adj,REACTOME_REGULATION_OF_RUNX3_EXPRESSION_AND_ACTIVITY,ppgs,-0.007934548289507853,0.005683910487411337,-1.3959664401966223,0.1627355334780343
bmi,alt_log_adj,REACTOME_REGULATION_OF_RUNX3_EXPRESSION_AND_ACTIVITY,bmi,0.28836415680734034,0.0057621966081839015,50.04413705665372,0
bmi,alt_log_adj,REACTOME_REGULATION_OF_RUNX3_EXPRESSION_AND_ACTIVITY,ppgs:bmi,-0.0020805446371145115,0.005836078726910524,-0.3564970135719709,0.7214710414259489
bmi,alt_log_adj,REACTOME_REGULATION_OF_SIGNALING_BY_CBL,ppgs,-4.825482127094502e-5,0.005729392962670723,-0.008422327039765712,0.9932800940021604
bmi,alt_log_adj,REACTOME_REGULATION_OF_SIGNALING_BY_CBL,bmi,0.28844853521764385,0.005761753658056798,50.06262890366709,0
bmi,alt_log_adj,REACTOME_REGULATION_OF_SIGNALING_BY_CBL,ppgs:bmi,-0.005356005315060171,0.005658602749836592,-0.9465243544821804,0.34388927418787485
bmi,alt_log_adj,REACTOME_REGULATION_OF_SIGNALING_BY_NODAL,ppgs,0.005334417272235128,0.005703446372761478,0.9352971736021295,0.34964313855589135
bmi,alt_log_adj,REACTOME_REGULATION_OF_SIGNALING_BY_NODAL,bmi,0.2883519820874623,0.005761895286630083,50.044641171552534,0
bmi,alt_log_adj,REACTOME_REGULATION_OF_SIGNALING_BY_NODAL,ppgs:bmi,-0.0010717533248569707,0.00575999488011946,-0.18606845095576593,0.8523924136813302
bmi,alt_log_adj,REACTOME_REGULATION_OF_TBK1_IKK_IKBKE_MEDIATED_ACTIVATION_OF_IRF3_IRF7,ppgs,-3.089961718911917e-4,0.0056904209387764445,-0.054301109744902654,0.9566956480620916
bmi,alt_log_adj,REACTOME_REGULATION_OF_TBK1_IKK_IKBKE_MEDIATED_ACTIVATION_OF_IRF3_IRF7,bmi,0.2884313278999513,0.0057620349662101545,50.05719847091805,0
bmi,alt_log_adj,REACTOME_REGULATION_OF_TBK1_IKK_IKBKE_MEDIATED_ACTIVATION_OF_IRF3_IRF7,ppgs:bmi,-0.0012794210901164082,0.005614707983212266,-0.22786956934213176,0.8197492839675692
bmi,alt_log_adj,REACTOME_REGULATION_OF_TBK1_IKK_MEDIATED_ACTIVATION_OF_IRF3_IRF7_UPON_TLR3_LIGATION,ppgs,-7.742449100999137e-4,0.005692799603109231,-0.13600424467375333,0.891818891102717
bmi,alt_log_adj,REACTOME_REGULATION_OF_TBK1_IKK_MEDIATED_ACTIVATION_OF_IRF3_IRF7_UPON_TLR3_LIGATION,bmi,0.2884334663304836,0.005762060460293821,50.05734811671444,0
bmi,alt_log_adj,REACTOME_REGULATION_OF_TBK1_IKK_MEDIATED_ACTIVATION_OF_IRF3_IRF7_UPON_TLR3_LIGATION,ppgs:bmi,-0.001263207670044142,0.005626610893176477,-0.22450595820941938,0.8223652493180744
bmi,alt_log_adj,REACTOME_REGULATION_OF_TLR_BY_ENDOGENOUS_LIGAND,ppgs,0.004495641180347844,0.005713521710055792,0.7868424079732681,0.4313807025883988
bmi,alt_log_adj,REACTOME_REGULATION_OF_TLR_BY_ENDOGENOUS_LIGAND,bmi,0.2883952661296779,0.005761604844866811,50.05467641305148,0
bmi,alt_log_adj,REACTOME_REGULATION_OF_TLR_BY_ENDOGENOUS_LIGAND,ppgs:bmi,0.0018026042075944629,0.005711453534184269,0.31561216366472944,0.7522992273654053
bmi,alt_log_adj,REACTOME_REGULATION_OF_TP53_ACTIVITY,ppgs,0.008092239866444455,0.005716556543812531,1.4155794322026447,0.15690966263233252
bmi,alt_log_adj,REACTOME_REGULATION_OF_TP53_ACTIVITY,bmi,0.2885789587039041,0.0057626267434040205,50.077676648798295,0
bmi,alt_log_adj,REACTOME_REGULATION_OF_TP53_ACTIVITY,ppgs:bmi,0.006315146906410512,0.0058154868215783894,1.0859188749217232,0.2775241193629661
bmi,alt_log_adj,REACTOME_REGULATION_OF_TP53_ACTIVITY_THROUGH_ACETYLATION,ppgs,0.0060602125304301925,0.0057324576881643986,1.057175274567224,0.29044061061414217
bmi,alt_log_adj,REACTOME_REGULATION_OF_TP53_ACTIVITY_THROUGH_ACETYLATION,bmi,0.28859939120264416,0.005762609808273585,50.08136951911818,0
bmi,alt_log_adj,REACTOME_REGULATION_OF_TP53_ACTIVITY_THROUGH_ACETYLATION,ppgs:bmi,0.007512099470513506,0.005806474062859599,1.293745462252855,0.19576389713627315
bmi,alt_log_adj,REACTOME_REGULATION_OF_TP53_ACTIVITY_THROUGH_ASSOCIATION_WITH_CO_FACTORS,ppgs,0.00730244184108735,0.005690259021398778,1.2833232746744567,0.19938933252635674
bmi,alt_log_adj,REACTOME_REGULATION_OF_TP53_ACTIVITY_THROUGH_ASSOCIATION_WITH_CO_FACTORS,bmi,0.2884130159176785,0.005762044729618669,50.05393561683885,0
bmi,alt_log_adj,REACTOME_REGULATION_OF_TP53_ACTIVITY_THROUGH_ASSOCIATION_WITH_CO_FACTORS,ppgs:bmi,-0.0013354176300021013,0.0057362801304079265,-0.23280202494349506,0.8159168211670569
bmi,alt_log_adj,REACTOME_REGULATION_OF_TP53_ACTIVITY_THROUGH_METHYLATION,ppgs,0.004710825673687258,0.005695655818119633,0.8270910013032516,0.4081924460918571
bmi,alt_log_adj,REACTOME_REGULATION_OF_TP53_ACTIVITY_THROUGH_METHYLATION,bmi,0.2884012414942564,0.005761416164684977,50.057352784551995,0
bmi,alt_log_adj,REACTOME_REGULATION_OF_TP53_ACTIVITY_THROUGH_METHYLATION,ppgs:bmi,0.0062451312020068974,0.005732565062181788,1.0894130523186822,0.27598103884284964
bmi,alt_log_adj,REACTOME_REGULATION_OF_TP53_ACTIVITY_THROUGH_PHOSPHORYLATION,ppgs,0.005940862749317127,0.005705714525054231,1.0412127566548137,0.2977856962778367
bmi,alt_log_adj,REACTOME_REGULATION_OF_TP53_ACTIVITY_THROUGH_PHOSPHORYLATION,bmi,0.2883561591133837,0.005762417313814792,50.04083241629863,0
bmi,alt_log_adj,REACTOME_REGULATION_OF_TP53_ACTIVITY_THROUGH_PHOSPHORYLATION,ppgs:bmi,0.0014721189436201559,0.005633494671587953,0.26131540534593234,0.7938511858137721
bmi,alt_log_adj,REACTOME_REGULATION_OF_TP53_EXPRESSION_AND_DEGRADATION,ppgs,0.0026158324964791696,0.005693144810559926,0.4594705709271955,0.6458998040133512
bmi,alt_log_adj,REACTOME_REGULATION_OF_TP53_EXPRESSION_AND_DEGRADATION,bmi,0.2883915783378365,0.0057612485859491105,50.05713154630816,0
bmi,alt_log_adj,REACTOME_REGULATION_OF_TP53_EXPRESSION_AND_DEGRADATION,ppgs:bmi,0.010716164033088492,0.005658425177748748,1.8938421374252417,0.05825613788391337
bmi,alt_log_adj,REACTOME_REGULATION_OF_T_CELL_ACTIVATION_BY_CD28_FAMILY,ppgs,0.019671422026127722,0.005704629140845494,3.4483261822015976,5.648915398077172e-4
bmi,alt_log_adj,REACTOME_REGULATION_OF_T_CELL_ACTIVATION_BY_CD28_FAMILY,bmi,0.28806232225756473,0.005761269399664152,49.999800785979055,0
bmi,alt_log_adj,REACTOME_REGULATION_OF_T_CELL_ACTIVATION_BY_CD28_FAMILY,ppgs:bmi,0.007020799331861785,0.005602189511367505,1.2532241755863047,0.21013447044542266
bmi,alt_log_adj,REACTOME_RELAXIN_RECEPTORS,ppgs,0.001958975900731378,0.005741197163591836,0.3412138348347183,0.7329451378014684
bmi,alt_log_adj,REACTOME_RELAXIN_RECEPTORS,bmi,0.2883939375289748,0.005762038028169899,50.05068278255924,0
bmi,alt_log_adj,REACTOME_RELAXIN_RECEPTORS,ppgs:bmi,-6.361920998750092e-4,0.0057466843622323875,-0.11070594098679028,0.91185031842697994
bmi,alt_log_adj,REACTOME_RELEASE_OF_HH_NP_FROM_THE_SECRETING_CELL,ppgs,-0.013075377253778152,0.005729999783667558,-2.281915837247919,0.02250168619447467
bmi,alt_log_adj,REACTOME_RELEASE_OF_HH_NP_FROM_THE_SECRETING_CELL,bmi,0.28840004977316475,0.005761081931945019,50.0600500357399,0
bmi,alt_log_adj,REACTOME_RELEASE_OF_HH_NP_FROM_THE_SECRETING_CELL,ppgs:bmi,-5.84773198068904e-4,0.005623615444690869,-0.10398527492148762,0.9171817697410365
bmi,alt_log_adj,REACTOME_REMOVAL_OF_AMINOTERMINAL_PROPEPTIDES_FROM_GAMMA_CARBOXYLATED_PROTEINS,ppgs,-0.0010737693185545244,0.0057208806214951065,-0.18769301259670462,0.8511186514182651
bmi,alt_log_adj,REACTOME_REMOVAL_OF_AMINOTERMINAL_PROPEPTIDES_FROM_GAMMA_CARBOXYLATED_PROTEINS,bmi,0.28841393868168735,0.0057616431700664205,50.057584298189454,0
bmi,alt_log_adj,REACTOME_REMOVAL_OF_AMINOTERMINAL_PROPEPTIDES_FROM_GAMMA_CARBOXYLATED_PROTEINS,ppgs:bmi,-0.0011762248119700665,0.005626174710485281,-0.2090629730672925,0.8344005813615357
bmi,alt_log_adj,REACTOME_REPLACEMENT_OF_PROTAMINES_BY_NUCLEOSOMES_IN_THE_MALE_PRONUCLEUS,ppgs,0.004668143206914607,0.005729362412084171,0.814775339934636,0.4152077636845468
bmi,alt_log_adj,REACTOME_REPLACEMENT_OF_PROTAMINES_BY_NUCLEOSOMES_IN_THE_MALE_PRONUCLEUS,bmi,0.28839113456775034,0.0057623632946339435,50.04737116042429,0
bmi,alt_log_adj,REACTOME_REPLACEMENT_OF_PROTAMINES_BY_NUCLEOSOMES_IN_THE_MALE_PRONUCLEUS,ppgs:bmi,5.53285042599142e-4,0.005543259769420644,0.09981221620739034,0.9204941151540168
bmi,alt_log_adj,REACTOME_REPRESSION_OF_WNT_TARGET_GENES,ppgs,0.007601638214376079,0.005696683086699175,1.3343972446219914,0.1820844208393911
bmi,alt_log_adj,REACTOME_REPRESSION_OF_WNT_TARGET_GENES,bmi,0.2882544450552153,0.005761627415808065,50.030039128239565,0
bmi,alt_log_adj,REACTOME_REPRESSION_OF_WNT_TARGET_GENES,ppgs:bmi,0.009910041812494119,0.0057370110606207525,1.7273876078987092,0.08410896682448438
bmi,alt_log_adj,REACTOME_REPRODUCTION,ppgs,6.703248492733962e-5,0.005708323976735811,0.011742936315550678,0.9906307903826955
bmi,alt_log_adj,REACTOME_REPRODUCTION,bmi,0.288494528536534,0.00576152860178241,50.072567277941516,0
bmi,alt_log_adj,REACTOME_REPRODUCTION,ppgs:bmi,0.010836537952381231,0.005746847657123148,1.885649072139484,0.05935247570127786
bmi,alt_log_adj,REACTOME_RESOLUTION_OF_ABASIC_SITES_AP_SITES,ppgs,5.903467851036263e-4,0.0056846765750016275,0.10384879021960142,0.9172900813994656
bmi,alt_log_adj,REACTOME_RESOLUTION_OF_ABASIC_SITES_AP_SITES,bmi,0.28840545524173944,0.0057619795984321254,50.05318924076312,0
bmi,alt_log_adj,REACTOME_RESOLUTION_OF_ABASIC_SITES_AP_SITES,ppgs:bmi,6.699099984905755e-4,0.005571180233160862,0.12024561591153113,0.9042894357807987
bmi,alt_log_adj,REACTOME_RESOLUTION_OF_AP_SITES_VIA_THE_MULTIPLE_NUCLEOTIDE_PATCH_REPLACEMENT_PATHWAY,ppgs,-0.0010144058426034273,0.00568095328075577,-0.1785626095605692,0.8582824318140815
bmi,alt_log_adj,REACTOME_RESOLUTION_OF_AP_SITES_VIA_THE_MULTIPLE_NUCLEOTIDE_PATCH_REPLACEMENT_PATHWAY,bmi,0.2883936826183402,0.005761989910624897,50.0510565085428,0
bmi,alt_log_adj,REACTOME_RESOLUTION_OF_AP_SITES_VIA_THE_MULTIPLE_NUCLEOTIDE_PATCH_REPLACEMENT_PATHWAY,ppgs:bmi,0.0018222552280652705,0.005554623248649578,0.32806099468731587,0.742867967962904
bmi,alt_log_adj,REACTOME_RESOLUTION_OF_D_LOOP_STRUCTURES,ppgs,0.001377343115133445,0.005819625031188124,0.2366721408599497,0.812912859408313
bmi,alt_log_adj,REACTOME_RESOLUTION_OF_D_LOOP_STRUCTURES,bmi,0.2884087968298807,0.005761963204138204,50.05391159435857,0
bmi,alt_log_adj,REACTOME_RESOLUTION_OF_D_LOOP_STRUCTURES,ppgs:bmi,-0.001141471754514259,0.005820106166957778,-0.19612558976925273,0.8445132732794595
bmi,alt_log_adj,REACTOME_RESOLUTION_OF_D_LOOP_STRUCTURES_THROUGH_SYNTHESIS_DEPENDENT_STRAND_ANNEALING_SDSA,ppgs,0.0022407076817283346,0.00581112751259542,0.38558914373702474,0.6998038679758741
bmi,alt_log_adj,REACTOME_RESOLUTION_OF_D_LOOP_STRUCTURES_THROUGH_SYNTHESIS_DEPENDENT_STRAND_ANNEALING_SDSA,bmi,0.2884023202605745,0.005762022859974779,50.05226936254065,0
bmi,alt_log_adj,REACTOME_RESOLUTION_OF_D_LOOP_STRUCTURES_THROUGH_SYNTHESIS_DEPENDENT_STRAND_ANNEALING_SDSA,ppgs:bmi,-0.0019462308277978307,0.005828605732139513,-0.33391018662767324,0.7384498026434723
bmi,alt_log_adj,REACTOME_RESOLUTION_OF_SISTER_CHROMATID_COHESION,ppgs,0.010091486906074547,0.005695083935853535,1.7719645609686896,0.07641117977594432
bmi,alt_log_adj,REACTOME_RESOLUTION_OF_SISTER_CHROMATID_COHESION,bmi,0.2882838688171375,0.005761314825836596,50.037860719627666,0
bmi,alt_log_adj,REACTOME_RESOLUTION_OF_SISTER_CHROMATID_COHESION,ppgs:bmi,0.01215631442186715,0.0056821737439960605,2.139377458267946,0.032413626050739726
bmi,alt_log_adj,REACTOME_RESPIRATORY_ELECTRON_TRANSPORT,ppgs,-9.48374761284665e-4,0.005700849910388922,-0.16635673209996246,0.8678774086394876
bmi,alt_log_adj,REACTOME_RESPIRATORY_ELECTRON_TRANSPORT,bmi,0.2884270709302251,0.005761607235016377,50.06017577479061,0
bmi,alt_log_adj,REACTOME_RESPIRATORY_ELECTRON_TRANSPORT,ppgs:bmi,-0.0031514132990653927,0.005720782992372142,-0.5508709740025725,0.5817264675241405
bmi,alt_log_adj,REACTOME_RESPIRATORY_SYNCYTIAL_VIRUS_INFECTION_PATHWAY,ppgs,-0.013762724939167487,0.00569641888522688,-2.416031056785484,0.01569700117949378
bmi,alt_log_adj,REACTOME_RESPIRATORY_SYNCYTIAL_VIRUS_INFECTION_PATHWAY,bmi,0.28824309389928787,0.005761433720470942,50.02975090646825,0
bmi,alt_log_adj,REACTOME_RESPIRATORY_SYNCYTIAL_VIRUS_INFECTION_PATHWAY,ppgs:bmi,-0.004790838206222668,0.0057249282706911585,-0.8368381191340726,0.402690621691953
bmi,alt_log_adj,REACTOME_RESPIRATORY_SYNCYTIAL_VIRUS_RSV_ATTACHMENT_AND_ENTRY,ppgs,-0.013756950384366208,0.005699124136444819,-2.4138709835065915,0.01579034606077251
bmi,alt_log_adj,REACTOME_RESPIRATORY_SYNCYTIAL_VIRUS_RSV_ATTACHMENT_AND_ENTRY,bmi,0.2882615959263492,0.005761273924853352,50.03434998687146,0
bmi,alt_log_adj,REACTOME_RESPIRATORY_SYNCYTIAL_VIRUS_RSV_ATTACHMENT_AND_ENTRY,ppgs:bmi,-0.005447237566597082,0.005715777617852558,-0.9530177573009974,0.34058919949175115
bmi,alt_log_adj,REACTOME_RESPIRATORY_SYNCYTIAL_VIRUS_RSV_GENOME_REPLICATION_TRANSCRIPTION_AND_TRANSLATION,ppgs,0.009967286706157883,0.005706648153805641,1.746609645017437,0.08071590327417076
bmi,alt_log_adj,REACTOME_RESPIRATORY_SYNCYTIAL_VIRUS_RSV_GENOME_REPLICATION_TRANSCRIPTION_AND_TRANSLATION,bmi,0.2884574185854506,0.005761143673175549,50.06947143646784,0
bmi,alt_log_adj,REACTOME_RESPIRATORY_SYNCYTIAL_VIRUS_RSV_GENOME_REPLICATION_TRANSCRIPTION_AND_TRANSLATION,ppgs:bmi,0.007840737225470903,0.005704277777055334,1.3745363623435698,0.1692860949050865
bmi,alt_log_adj,REACTOME_RESPONSE_OF_EIF2AK1_HRI_TO_HEME_DEFICIENCY,ppgs,0.00504558028694244,0.005704692575692709,0.8844613833252472,0.376454700978754
bmi,alt_log_adj,REACTOME_RESPONSE_OF_EIF2AK1_HRI_TO_HEME_DEFICIENCY,bmi,0.28840556241585985,0.005761452248225246,50.05778925004544,0
bmi,alt_log_adj,REACTOME_RESPONSE_OF_EIF2AK1_HRI_TO_HEME_DEFICIENCY,ppgs:bmi,0.004921686626647385,0.005732428622274648,0.8585691948301036,0.3905854990402392
bmi,alt_log_adj,REACTOME_RESPONSE_OF_EIF2AK4_GCN2_TO_AMINO_ACID_DEFICIENCY,ppgs,0.006844434477191089,0.005697551887415162,1.2012939263105578,0.2296472420427881
bmi,alt_log_adj,REACTOME_RESPONSE_OF_EIF2AK4_GCN2_TO_AMINO_ACID_DEFICIENCY,bmi,0.28835835171923285,0.0057611217776454005,50.052465969064514,0
bmi,alt_log_adj,REACTOME_RESPONSE_OF_EIF2AK4_GCN2_TO_AMINO_ACID_DEFICIENCY,ppgs:bmi,0.011556608424455777,0.00568249172892159,2.0337219965736693,0.04198892611650765
bmi,alt_log_adj,REACTOME_RESPONSE_OF_MTB_TO_PHAGOCYTOSIS,ppgs,0.00875142294501895,0.005689991424806107,1.538037984884514,0.12405048853687978
bmi,alt_log_adj,REACTOME_RESPONSE_OF_MTB_TO_PHAGOCYTOSIS,bmi,0.28869021830833,0.005761736581372457,50.104723503267735,0
bmi,alt_log_adj,REACTOME_RESPONSE_OF_MTB_TO_PHAGOCYTOSIS,ppgs:bmi,0.01476220974986086,0.005842478371136989,2.5267033632146805,0.011519265028222913
bmi,alt_log_adj,REACTOME_RESPONSE_TO_ELEVATED_PLATELET_CYTOSOLIC_CA2,ppgs,0.009433630329535467,0.005716815769481164,1.650154685742414,0.09892238075360563
bmi,alt_log_adj,REACTOME_RESPONSE_TO_ELEVATED_PLATELET_CYTOSOLIC_CA2,bmi,0.2884677328992534,0.00576103504808303,50.072205860861814,0
bmi,alt_log_adj,REACTOME_RESPONSE_TO_ELEVATED_PLATELET_CYTOSOLIC_CA2,ppgs:bmi,0.012977358891634469,0.00567860151653335,2.2853089539476676,0.02230206709402587
bmi,alt_log_adj,REACTOME_RESPONSE_TO_METAL_IONS,ppgs,0.009113307462071693,0.005847430461626212,1.5585148933155877,0.11912240341378813
bmi,alt_log_adj,REACTOME_RESPONSE_TO_METAL_IONS,bmi,0.28845252758117934,0.005761408007087257,50.06632531949593,0
bmi,alt_log_adj,REACTOME_RESPONSE_TO_METAL_IONS,ppgs:bmi,-3.9814305522196903e-4,0.005867044814246899,-0.06786091939423428,0.9458968274082611
bmi,alt_log_adj,REACTOME_RETINOID_CYCLE_DISEASE_EVENTS,ppgs,-7.307318818656383e-4,0.00570990499409015,-0.12797618920489193,0.8981687241242525
bmi,alt_log_adj,REACTOME_RETINOID_CYCLE_DISEASE_EVENTS,bmi,0.2884261160529043,0.005761679424821315,50.05938282688284,0
bmi,alt_log_adj,REACTOME_RETINOID_CYCLE_DISEASE_EVENTS,ppgs:bmi,-0.004300448686761699,0.005715739555838243,-0.7523870961491029,0.4518245515331256
bmi,alt_log_adj,REACTOME_RETROGRADE_NEUROTROPHIN_SIGNALLING,ppgs,-0.0043506423012284225,0.005713373507132365,-0.7614839631606862,0.4463743885289655
bmi,alt_log_adj,REACTOME_RETROGRADE_NEUROTROPHIN_SIGNALLING,bmi,0.28837683222250177,0.005761744063338224,50.050267601685654,0
bmi,alt_log_adj,REACTOME_RETROGRADE_NEUROTROPHIN_SIGNALLING,ppgs:bmi,-0.001500042155291588,0.005737003339487793,-0.2614678895106785,0.7937336084396783
bmi,alt_log_adj,REACTOME_RETROGRADE_TRANSPORT_AT_THE_TRANS_GOLGI_NETWORK,ppgs,-8.792584167263058e-4,0.005691245910951083,-0.15449313392598948,0.8772220243914439
bmi,alt_log_adj,REACTOME_RETROGRADE_TRANSPORT_AT_THE_TRANS_GOLGI_NETWORK,bmi,0.28849740345223546,0.005761793110963716,50.07076753645906,0
bmi,alt_log_adj,REACTOME_RETROGRADE_TRANSPORT_AT_THE_TRANS_GOLGI_NETWORK,ppgs:bmi,-0.008163478223076519,0.005612727449491195,-1.4544583353707217,0.14583034843776768
bmi,alt_log_adj,REACTOME_RET_SIGNALING,ppgs,3.131846110423611e-4,0.0057144682715736545,0.054805556030520425,0.9562937602015061
bmi,alt_log_adj,REACTOME_RET_SIGNALING,bmi,0.28834199403922645,0.005761551781758129,50.04589127397191,0
bmi,alt_log_adj,REACTOME_RET_SIGNALING,ppgs:bmi,-0.00908795989424484,0.005786635283192988,-1.5705084992379585,0.11630801940792926
bmi,alt_log_adj,REACTOME_REVERSIBLE_HYDRATION_OF_CARBON_DIOXIDE,ppgs,-0.006092557282269579,0.0056648248487560495,-1.075506735853882,0.2821570715063084
bmi,alt_log_adj,REACTOME_REVERSIBLE_HYDRATION_OF_CARBON_DIOXIDE,bmi,0.28843560108687305,0.005762416024166097,50.05462984228282,0
bmi,alt_log_adj,REACTOME_REVERSIBLE_HYDRATION_OF_CARBON_DIOXIDE,ppgs:bmi,8.654123891795212e-5,0.005325284794499313,0.01625100670810016,0.9870342577211255
bmi,alt_log_adj,REACTOME_RHOA_GTPASE_CYCLE,ppgs,1.1660373172123346e-4,0.005713023826895167,0.020410160232887317,0.9837163224913515
bmi,alt_log_adj,REACTOME_RHOA_GTPASE_CYCLE,bmi,0.28848712857895403,0.005761962864675189,50.06750917253898,0
bmi,alt_log_adj,REACTOME_RHOA_GTPASE_CYCLE,ppgs:bmi,0.005775794006626071,0.005805061085287333,0.9949583513022046,0.3197650135868855
bmi,alt_log_adj,REACTOME_RHOBTB1_GTPASE_CYCLE,ppgs,0.0035393858591660013,0.005703892494201779,0.6205211375852403,0.5349197305402256
bmi,alt_log_adj,REACTOME_RHOBTB1_GTPASE_CYCLE,bmi,0.2883916211058526,0.005761341706131315,50.05632989949918,0
bmi,alt_log_adj,REACTOME_RHOBTB1_GTPASE_CYCLE,ppgs:bmi,0.009163396752112253,0.005751966666985184,1.5930893349413522,0.11115130064519589
bmi,alt_log_adj,REACTOME_RHOBTB2_GTPASE_CYCLE,ppgs,0.01518010969731835,0.0057036388966242154,2.6614780445345034,0.007784226521039492
bmi,alt_log_adj,REACTOME_RHOBTB2_GTPASE_CYCLE,bmi,0.2885382894877679,0.005761177472249587,50.08321491181235,0
bmi,alt_log_adj,REACTOME_RHOBTB2_GTPASE_CYCLE,ppgs:bmi,-0.012922617466196044,0.005594090554615504,-2.3100479586505815,0.020892645264457717
bmi,alt_log_adj,REACTOME_RHOBTB3_ATPASE_CYCLE,ppgs,0.001213721634797295,0.005736711284122307,0.2115709811223295,0.8324432714546145
bmi,alt_log_adj,REACTOME_RHOBTB3_ATPASE_CYCLE,bmi,0.2883756691180667,0.0057616936856826895,50.05050335019637,0
bmi,alt_log_adj,REACTOME_RHOBTB3_ATPASE_CYCLE,ppgs:bmi,-0.0067973277073698525,0.0058250274404538175,-1.1669177144408929,0.24325341723943814
bmi,alt_log_adj,REACTOME_RHOBTB_GTPASE_CYCLE,ppgs,0.015435468174200164,0.005703844972296302,2.7061514205190647,0.006810872387351923
bmi,alt_log_adj,REACTOME_RHOBTB_GTPASE_CYCLE,bmi,0.2885385541965355,0.005761153398614429,50.08347013740854,0
bmi,alt_log_adj,REACTOME_RHOBTB_GTPASE_CYCLE,ppgs:bmi,-0.012958106160585625,0.005595832346459822,-2.3156709061849416,0.020583344101355063
bmi,alt_log_adj,REACTOME_RHOB_GTPASE_CYCLE,ppgs,-0.0016421819816056782,0.005718864940627823,-0.2871517335440689,0.773998240475588
bmi,alt_log_adj,REACTOME_RHOB_GTPASE_CYCLE,bmi,0.28835490839310246,0.00576176518032107,50.04627911216509,0
bmi,alt_log_adj,REACTOME_RHOB_GTPASE_CYCLE,ppgs:bmi,-0.006890116649264995,0.0058138019093416805,-1.1851309619259438,0.23597560580810284
bmi,alt_log_adj,REACTOME_RHOC_GTPASE_CYCLE,ppgs,-0.0035495204949740128,0.005717281864931142,-0.6208405635457965,0.5347095225453712
bmi,alt_log_adj,REACTOME_RHOC_GTPASE_CYCLE,bmi,0.2883540580191397,0.005762392470893808,50.04068353129945,0
bmi,alt_log_adj,REACTOME_RHOC_GTPASE_CYCLE,ppgs:bmi,-0.003968293717998804,0.0058688987574042235,-0.6761564446809362,0.4989468389508622
bmi,alt_log_adj,REACTOME_RHOD_GTPASE_CYCLE,ppgs,0.0050730628589942366,0.005718148509279465,0.8871862720532043,0.3749861487773859
bmi,alt_log_adj,REACTOME_RHOD_GTPASE_CYCLE,bmi,0.2883708285526709,0.00576177944004776,50.04891831650545,0
bmi,alt_log_adj,REACTOME_RHOD_GTPASE_CYCLE,ppgs:bmi,-0.005046831407904948,0.005885845759976895,-0.857452202064629,0.391202268774807
bmi,alt_log_adj,REACTOME_RHOF_GTPASE_CYCLE,ppgs,0.006278922954476962,0.005711556610046486,1.0993365527415928,0.2716306301832472
bmi,alt_log_adj,REACTOME_RHOF_GTPASE_CYCLE,bmi,0.2883774785153993,0.005762059324771728,50.04764134857702,0
bmi,alt_log_adj,REACTOME_RHOF_GTPASE_CYCLE,ppgs:bmi,-0.0036900068324399776,0.005932587245869054,-0.6219894760097093,0.5339537903491052
bmi,alt_log_adj,REACTOME_RHOG_GTPASE_CYCLE,ppgs,-0.0020743570843527476,0.005699953276962887,-0.36392527860474494,0.7159165216206087
bmi,alt_log_adj,REACTOME_RHOG_GTPASE_CYCLE,bmi,0.28840930362045847,0.005761748664790477,50.055863315055994,0
bmi,alt_log_adj,REACTOME_RHOG_GTPASE_CYCLE,ppgs:bmi,-9.39954511717043e-5,0.0057250816525621015,-0.016418185254989198,0.9869008875108392
bmi,alt_log_adj,REACTOME_RHOH_GTPASE_CYCLE,ppgs,0.0010034085902545654,0.005710794790350824,0.17570384282586424,0.8605278711202697
bmi,alt_log_adj,REACTOME_RHOH_GTPASE_CYCLE,bmi,0.2883547437741406,0.0057624406240520615,50.04038437646823,0
bmi,alt_log_adj,REACTOME_RHOH_GTPASE_CYCLE,ppgs:bmi,0.0035293242932877976,0.005694598244955291,0.6197670391259545,0.5354161533148858
bmi,alt_log_adj,REACTOME_RHOJ_GTPASE_CYCLE,ppgs,-0.009067062567858428,0.005692522682840052,-1.5928021850823415,0.11121572411463639
bmi,alt_log_adj,REACTOME_RHOJ_GTPASE_CYCLE,bmi,0.28844707184008916,0.005761475882991879,50.06478855384905,0
bmi,alt_log_adj,REACTOME_RHOJ_GTPASE_CYCLE,ppgs:bmi,0.0010801525172494176,0.005670827887982281,0.19047527778765705,0.8489380779438453
bmi,alt_log_adj,REACTOME_RHOQ_GTPASE_CYCLE,ppgs,-8.469102691087024e-4,0.0058203443277844505,-0.14550861966461767,0.8843103452091651
bmi,alt_log_adj,REACTOME_RHOQ_GTPASE_CYCLE,bmi,0.28852473504575954,0.005761420812543495,50.0787469676919,0
bmi,alt_log_adj,REACTOME_RHOQ_GTPASE_CYCLE,ppgs:bmi,0.016486345072027026,0.0058114447701656784,2.8368754628217894,0.004558968145456219
bmi,alt_log_adj,REACTOME_RHOT1_GTPASE_CYCLE,ppgs,0.004357070114532782,0.005718448104741908,0.7619322646155989,0.4461067709997657
bmi,alt_log_adj,REACTOME_RHOT1_GTPASE_CYCLE,bmi,0.2883750399049075,0.005761533582795435,50.05178495635722,0
bmi,alt_log_adj,REACTOME_RHOT1_GTPASE_CYCLE,ppgs:bmi,-0.005745734445732876,0.005750629729966118,-0.9991487394488757,0.3177311718506149
bmi,alt_log_adj,REACTOME_RHOU_GTPASE_CYCLE,ppgs,0.007404210667520757,0.005689649871479273,1.30134732976033,0.1931501695565321
bmi,alt_log_adj,REACTOME_RHOU_GTPASE_CYCLE,bmi,0.2884246000079072,0.005761377863610047,50.061739888586644,0
bmi,alt_log_adj,REACTOME_RHOU_GTPASE_CYCLE,ppgs:bmi,-0.004356774662720568,0.005763328309484215,-0.7559476796681872,0.44968684692896377
bmi,alt_log_adj,REACTOME_RHOV_GTPASE_CYCLE,ppgs,0.006489531699413805,0.00568433867995371,1.1416511338952542,0.25360870367104815
bmi,alt_log_adj,REACTOME_RHOV_GTPASE_CYCLE,bmi,0.28843415982795534,0.005761493865559089,50.062391205890144,0
bmi,alt_log_adj,REACTOME_RHOV_GTPASE_CYCLE,ppgs:bmi,-0.002712443695158393,0.005726670286241693,-0.473651102574393,0.6357523751640738
bmi,alt_log_adj,REACTOME_RHO_GTPASES_ACTIVATE_CIT,ppgs,0.00870203493168022,0.005735297419662591,1.51727701197267,0.12920791059526446
bmi,alt_log_adj,REACTOME_RHO_GTPASES_ACTIVATE_CIT,bmi,0.28850963127003565,0.005761390395156147,50.07638980906385,0
bmi,alt_log_adj,REACTOME_RHO_GTPASES_ACTIVATE_CIT,ppgs:bmi,0.008868568411680346,0.005862038151669339,1.5128813873643647,0.13032093834022251
bmi,alt_log_adj,REACTOME_RHO_GTPASES_ACTIVATE_FORMINS,ppgs,0.017340799581383914,0.005698324316676937,3.043140161509175,0.002343375612271985
bmi,alt_log_adj,REACTOME_RHO_GTPASES_ACTIVATE_FORMINS,bmi,0.2884700579488928,0.005761091554988854,50.07211831221296,0
bmi,alt_log_adj,REACTOME_RHO_GTPASES_ACTIVATE_FORMINS,ppgs:bmi,-0.008370323350288152,0.005637725801123166,-1.4846985549777163,0.13763481369276503
bmi,alt_log_adj,REACTOME_RHO_GTPASES_ACTIVATE_IQGAPS,ppgs,0.017506004544024234,0.005702595728082981,3.0698308943441726,0.002143824210361698
bmi,alt_log_adj,REACTOME_RHO_GTPASES_ACTIVATE_IQGAPS,bmi,0.28848489690899887,0.0057608365306433765,50.07691077059265,0
bmi,alt_log_adj,REACTOME_RHO_GTPASES_ACTIVATE_IQGAPS,ppgs:bmi,-0.009106200526441125,0.005604051515841834,-1.6249316232549305,0.10418824603476122
bmi,alt_log_adj,REACTOME_RHO_GTPASES_ACTIVATE_KTN1,ppgs,0.0034669920782348625,0.0057883889941939826,0.5989563040273231,0.5492068097294602
bmi,alt_log_adj,REACTOME_RHO_GTPASES_ACTIVATE_KTN1,bmi,0.2884685916417708,0.0057621710452218314,50.062483285875,0
bmi,alt_log_adj,REACTOME_RHO_GTPASES_ACTIVATE_KTN1,ppgs:bmi,-0.003696269336818008,0.0056040214402928315,-0.6595744459937083,0.5095323155925904
bmi,alt_log_adj,REACTOME_RHO_GTPASES_ACTIVATE_NADPH_OXIDASES,ppgs,-0.0010332283959654236,0.005739140602822662,-0.180031901545896,0.8571288103741296
bmi,alt_log_adj,REACTOME_RHO_GTPASES_ACTIVATE_NADPH_OXIDASES,bmi,0.2884216671516034,0.00576176389781559,50.05787676599354,0
bmi,alt_log_adj,REACTOME_RHO_GTPASES_ACTIVATE_NADPH_OXIDASES,ppgs:bmi,0.0034893907877169583,0.005892723312308263,0.5921524909253061,0.5537532025071639
bmi,alt_log_adj,REACTOME_RHO_GTPASES_ACTIVATE_PAKS,ppgs,0.002105328495635161,0.005676521673919502,0.3708835474561805,0.7107270412187154
bmi,alt_log_adj,REACTOME_RHO_GTPASES_ACTIVATE_PAKS,bmi,0.28835719338240023,0.005761072369603871,50.05269416572657,0
bmi,alt_log_adj,REACTOME_RHO_GTPASES_ACTIVATE_PAKS,ppgs:bmi,0.013601790430221729,0.005768391959268019,2.3579865110185283,0.01838111327602928
bmi,alt_log_adj,REACTOME_RHO_GTPASES_ACTIVATE_PKNS,ppgs,-4.6725838884860665e-4,0.005704885547086198,-0.08190495409452368,0.9347228731270816
bmi,alt_log_adj,REACTOME_RHO_GTPASES_ACTIVATE_PKNS,bmi,0.288424273160346,0.005761666876442443,50.05917199753735,0
bmi,alt_log_adj,REACTOME_RHO_GTPASES_ACTIVATE_PKNS,ppgs:bmi,0.0037845615620073735,0.005798580767372461,0.6526703194861749,0.5139741334747112
bmi,alt_log_adj,REACTOME_RHO_GTPASES_ACTIVATE_RHOTEKIN_AND_RHOPHILINS,ppgs,0.001477709167463136,0.005697720317323581,0.25935094830299915,0.7953663559522011
bmi,alt_log_adj,REACTOME_RHO_GTPASES_ACTIVATE_RHOTEKIN_AND_RHOPHILINS,bmi,0.28840445890774563,0.005761736951752109,50.05512423125175,0
bmi,alt_log_adj,REACTOME_RHO_GTPASES_ACTIVATE_RHOTEKIN_AND_RHOPHILINS,ppgs:bmi,-0.0018833624426472045,0.005820123292708564,-0.32359493913241943,0.7462471070641425
bmi,alt_log_adj,REACTOME_RHO_GTPASES_ACTIVATE_ROCKS,ppgs,0.003254292238119778,0.005714036910260031,0.5695259392315832,0.5690037853355354
bmi,alt_log_adj,REACTOME_RHO_GTPASES_ACTIVATE_ROCKS,bmi,0.2885551267584932,0.005761864740711549,50.08016323598369,0
bmi,alt_log_adj,REACTOME_RHO_GTPASES_ACTIVATE_ROCKS,ppgs:bmi,0.009708119985112205,0.00580637588297323,1.6719758039744812,0.09454012961931411
bmi,alt_log_adj,REACTOME_RHO_GTPASES_ACTIVATE_WASPS_AND_WAVES,ppgs,0.017430208771782432,0.005699164228433511,3.058379803273953,0.00222744789356095
bmi,alt_log_adj,REACTOME_RHO_GTPASES_ACTIVATE_WASPS_AND_WAVES,bmi,0.28856310641152455,0.005761044194666002,50.08868126349343,0
bmi,alt_log_adj,REACTOME_RHO_GTPASES_ACTIVATE_WASPS_AND_WAVES,ppgs:bmi,-0.014172016840526177,0.0056080808941745735,-2.5270706874516455,0.01150722649429356
bmi,alt_log_adj,REACTOME_RHO_GTPASE_CYCLE,ppgs,0.009742047674831427,0.005712394945573938,1.7054226410552606,0.08812658411723127
bmi,alt_log_adj,REACTOME_RHO_GTPASE_CYCLE,bmi,0.28845204444421396,0.005761339815594941,50.066834048466404,0
bmi,alt_log_adj,REACTOME_RHO_GTPASE_CYCLE,ppgs:bmi,0.0013131770089924403,0.005686882405119508,0.23091333976068812,0.8173837935730003
bmi,alt_log_adj,REACTOME_RHO_GTPASE_EFFECTORS,ppgs,0.008406700774605943,0.005775584531002467,1.455558433865878,0.14552579932450269
bmi,alt_log_adj,REACTOME_RHO_GTPASE_EFFECTORS,bmi,0.2884145279425227,0.005761486795194082,50.05904520741111,0
bmi,alt_log_adj,REACTOME_RHO_GTPASE_EFFECTORS,ppgs:bmi,0.0076428059862050915,0.005681976914877478,1.3450962755926466,0.17860490604613763
bmi,alt_log_adj,REACTOME_RIBAVIRIN_ADME,ppgs,0.00484755959377491,0.005695254381871069,0.8511576952919766,0.39468894895871154
bmi,alt_log_adj,REACTOME_RIBAVIRIN_ADME,bmi,0.28839315470087595,0.0057615851185399344,50.054481321966264,0
bmi,alt_log_adj,REACTOME_RIBAVIRIN_ADME,ppgs:bmi,0.002080823958816547,0.005697072486372463,0.3652444240079319,0.7149316848581411
bmi,alt_log_adj,REACTOME_RIPK1_MEDIATED_REGULATED_NECROSIS,ppgs,0.01384434826571765,0.005711492824255536,2.4239456638943064,0.015359116336169758
bmi,alt_log_adj,REACTOME_RIPK1_MEDIATED_REGULATED_NECROSIS,bmi,0.2884598574767025,0.005761066416287525,50.07056621690333,0
bmi,alt_log_adj,REACTOME_RIPK1_MEDIATED_REGULATED_NECROSIS,ppgs:bmi,-0.0080758831633464985,0.005735008043026755,-1.4081729446161866,0.15909083194249476
bmi,alt_log_adj,REACTOME_RIP_MEDIATED_NFKB_ACTIVATION_VIA_ZBP1,ppgs,9.023995615595608e-5,0.005737482084745342,0.015728146044391766,0.9874513831604967
bmi,alt_log_adj,REACTOME_RIP_MEDIATED_NFKB_ACTIVATION_VIA_ZBP1,bmi,0.28831627856048003,0.005761682493564932,50.04029272395567,0
bmi,alt_log_adj,REACTOME_RIP_MEDIATED_NFKB_ACTIVATION_VIA_ZBP1,ppgs:bmi,-0.009086950993850228,0.005749951649362416,-1.5803525921575072,0.11403729879845168
bmi,alt_log_adj,REACTOME_RMTS_METHYLATE_HISTONE_ARGININES,ppgs,0.0123917228579896,0.005707949014651556,2.170958925207929,0.029942546637831215
bmi,alt_log_adj,REACTOME_RMTS_METHYLATE_HISTONE_ARGININES,bmi,0.2883534680768865,0.00576122577566972,50.05071477924618,0
bmi,alt_log_adj,REACTOME_RMTS_METHYLATE_HISTONE_ARGININES,ppgs:bmi,-0.001632426519554126,0.0056222602201319635,-0.2903505806630577,0.7715501706629209
bmi,alt_log_adj,REACTOME_RNA_POLYMERASE_III_CHAIN_ELONGATION,ppgs,0.01583628326563632,0.005732070169542287,2.762751117350831,0.005735339099229125
bmi,alt_log_adj,REACTOME_RNA_POLYMERASE_III_CHAIN_ELONGATION,bmi,0.2886206027171782,0.0057613072046385485,50.096374393089775,0
bmi,alt_log_adj,REACTOME_RNA_POLYMERASE_III_CHAIN_ELONGATION,ppgs:bmi,0.0011793633250210519,0.005786166982090208,0.20382462667799053,0.8384920105783001
bmi,alt_log_adj,REACTOME_RNA_POLYMERASE_III_TRANSCRIPTION,ppgs,-0.007977849749887689,0.005726046112389257,-1.393256287724662,0.16355322807995915
bmi,alt_log_adj,REACTOME_RNA_POLYMERASE_III_TRANSCRIPTION,bmi,0.28840395429083104,0.0057625019316060525,50.04839177736305,0
bmi,alt_log_adj,REACTOME_RNA_POLYMERASE_III_TRANSCRIPTION,ppgs:bmi,4.774559047577114e-4,0.0056492444327920785,0.08451677218748595,0.9326461650874414
bmi,alt_log_adj,REACTOME_RNA_POLYMERASE_III_TRANSCRIPTION_INITIATION_FROM_TYPE_1_PROMOTER,ppgs,0.005425573134078197,0.0057089603302075305,0.9503609799791634,0.34193696573604604
bmi,alt_log_adj,REACTOME_RNA_POLYMERASE_III_TRANSCRIPTION_INITIATION_FROM_TYPE_1_PROMOTER,bmi,0.28844256098590254,0.005761582361523068,50.0630803982212,0
bmi,alt_log_adj,REACTOME_RNA_POLYMERASE_III_TRANSCRIPTION_INITIATION_FROM_TYPE_1_PROMOTER,ppgs:bmi,-0.0014765564828754672,0.00546475614266183,-0.2701962254726065,0.7870112632866193
bmi,alt_log_adj,REACTOME_RNA_POLYMERASE_III_TRANSCRIPTION_INITIATION_FROM_TYPE_3_PROMOTER,ppgs,0.012093790645206267,0.005698614811539135,2.1222333927040533,0.033826789937978295
bmi,alt_log_adj,REACTOME_RNA_POLYMERASE_III_TRANSCRIPTION_INITIATION_FROM_TYPE_3_PROMOTER,bmi,0.28857809236695253,0.005761248819014246,50.089503410187454,0
bmi,alt_log_adj,REACTOME_RNA_POLYMERASE_III_TRANSCRIPTION_INITIATION_FROM_TYPE_3_PROMOTER,ppgs:bmi,0.008865145328278957,0.005802721438060929,1.527756488555719,0.12658416617258678
bmi,alt_log_adj,REACTOME_RNA_POLYMERASE_III_TRANSCRIPTION_TERMINATION,ppgs,-0.008315616038874188,0.005722513081479048,-1.453140590589078,0.14619579228730323
bmi,alt_log_adj,REACTOME_RNA_POLYMERASE_III_TRANSCRIPTION_TERMINATION,bmi,0.2884315736604512,0.005762581602616888,50.052492710813745,0
bmi,alt_log_adj,REACTOME_RNA_POLYMERASE_III_TRANSCRIPTION_TERMINATION,ppgs:bmi,-0.0011944547329718824,0.005636564209021835,-0.2119118471248937,0.8321773313046903
bmi,alt_log_adj,REACTOME_RNA_POLYMERASE_II_PRE_TRANSCRIPTION_EVENTS,ppgs,0.014590028988217157,0.005702560637803915,2.558504839298973,0.010517484024536146
bmi,alt_log_adj,REACTOME_RNA_POLYMERASE_II_PRE_TRANSCRIPTION_EVENTS,bmi,0.2883590414031653,0.005762531633215116,50.04033986400519,0
bmi,alt_log_adj,REACTOME_RNA_POLYMERASE_II_PRE_TRANSCRIPTION_EVENTS,ppgs:bmi,0.002122732422372684,0.005567347692810488,0.3812825315569781,0.7029964717173975
bmi,alt_log_adj,REACTOME_RNA_POLYMERASE_II_TRANSCRIBES_SNRNA_GENES,ppgs,0.0021525560726098924,0.005690044585879163,0.3783021451100463,0.7052089848049876
bmi,alt_log_adj,REACTOME_RNA_POLYMERASE_II_TRANSCRIBES_SNRNA_GENES,bmi,0.2883795936396988,0.005761455799665764,50.053251064848645,0
bmi,alt_log_adj,REACTOME_RNA_POLYMERASE_II_TRANSCRIBES_SNRNA_GENES,ppgs:bmi,-0.009103385569955614,0.005713369603817006,-1.593347919216323,0.11109331121581927
bmi,alt_log_adj,REACTOME_RNA_POLYMERASE_II_TRANSCRIPTION,ppgs,0.011677845787624774,0.005717275394429953,2.0425543605966396,0.04110580412606434
bmi,alt_log_adj,REACTOME_RNA_POLYMERASE_II_TRANSCRIPTION,bmi,0.2884340768883657,0.005761198719484653,50.06494150477186,0
bmi,alt_log_adj,REACTOME_RNA_POLYMERASE_II_TRANSCRIPTION,ppgs:bmi,0.0020306178742957276,0.00580766130359262,0.3496446793547666,0.7266079728330994
bmi,alt_log_adj,REACTOME_RNA_POLYMERASE_II_TRANSCRIPTION_TERMINATION,ppgs,-0.002014322082310184,0.005680664733931377,-0.35459267122003635,0.7228974050239995
bmi,alt_log_adj,REACTOME_RNA_POLYMERASE_II_TRANSCRIPTION_TERMINATION,bmi,0.28827049449976694,0.0057624509909095945,50.02567396313142,0
bmi,alt_log_adj,REACTOME_RNA_POLYMERASE_II_TRANSCRIPTION_TERMINATION,ppgs:bmi,0.008902895715630414,0.005448607839392623,1.6339762335736119,0.10227494547802435
bmi,alt_log_adj,REACTOME_RNA_POLYMERASE_I_PROMOTER_ESCAPE,ppgs,0.01592022531802885,0.005694801959987346,2.795571370152479,0.0051842901215768235
bmi,alt_log_adj,REACTOME_RNA_POLYMERASE_I_PROMOTER_ESCAPE,bmi,0.2883708558387799,0.005762432543971986,50.04325059569527,0
bmi,alt_log_adj,REACTOME_RNA_POLYMERASE_I_PROMOTER_ESCAPE,ppgs:bmi,0.004233800820699158,0.005596584340580723,0.7564972781701781,0.44935739039931355
bmi,alt_log_adj,REACTOME_RNA_POLYMERASE_I_TRANSCRIPTION,ppgs,0.007778497468906921,0.005728999346762109,1.3577410291211045,0.17455668013826492
bmi,alt_log_adj,REACTOME_RNA_POLYMERASE_I_TRANSCRIPTION,bmi,0.2885524005966927,0.005762160484784997,50.0771197467714,0
bmi,alt_log_adj,REACTOME_RNA_POLYMERASE_I_TRANSCRIPTION,ppgs:bmi,0.005436796158415389,0.005758070502847023,0.9442045136000361,0.3450731962718021
bmi,alt_log_adj,REACTOME_RNA_POLYMERASE_I_TRANSCRIPTION_INITIATION,ppgs,0.007776339171250591,0.005729188265303159,1.3573195383271468,0.17469050754782192
bmi,alt_log_adj,REACTOME_RNA_POLYMERASE_I_TRANSCRIPTION_INITIATION,bmi,0.28854999403688164,0.00576215307366094,50.07676650518998,0
bmi,alt_log_adj,REACTOME_RNA_POLYMERASE_I_TRANSCRIPTION_INITIATION,ppgs:bmi,0.005279238845071272,0.005756868452353098,0.9170330864366726,0.3591331039848298
bmi,alt_log_adj,REACTOME_RNA_POLYMERASE_I_TRANSCRIPTION_TERMINATION,ppgs,0.01628897892040048,0.005693028040409949,2.8612152978659013,0.0042232899294466
bmi,alt_log_adj,REACTOME_RNA_POLYMERASE_I_TRANSCRIPTION_TERMINATION,bmi,0.28838603126257567,0.005762309458587972,50.04695310710428,0
bmi,alt_log_adj,REACTOME_RNA_POLYMERASE_I_TRANSCRIPTION_TERMINATION,ppgs:bmi,0.003865219914210532,0.00560534789267816,0.6895593258822302,0.4904769975802059
bmi,alt_log_adj,REACTOME_RND1_GTPASE_CYCLE,ppgs,0.00788307567489723,0.005693881205544082,1.3844819360160778,0.1662218328610545
bmi,alt_log_adj,REACTOME_RND1_GTPASE_CYCLE,bmi,0.28840329334879056,0.005761407840098738,50.05778124949543,0
bmi,alt_log_adj,REACTOME_RND1_GTPASE_CYCLE,ppgs:bmi,-0.005273968689489538,0.005758362938933774,-0.9158798681880362,0.3597376977556441
bmi,alt_log_adj,REACTOME_RND2_GTPASE_CYCLE,ppgs,0.0062769645322445075,0.005690269275845046,1.1031050075064037,0.26999093071859276
bmi,alt_log_adj,REACTOME_RND2_GTPASE_CYCLE,bmi,0.28845615073141156,0.005761804152717313,50.06351189416484,0
bmi,alt_log_adj,REACTOME_RND2_GTPASE_CYCLE,ppgs:bmi,-0.006614257293277772,0.005735826041556684,-1.153148168259769,0.24885929662499995
bmi,alt_log_adj,REACTOME_RND3_GTPASE_CYCLE,ppgs,0.005216543833424843,0.0056894015121497325,0.9168879753494105,0.35920914573192775
bmi,alt_log_adj,REACTOME_RND3_GTPASE_CYCLE,bmi,0.28845682086783525,0.00576147610399259,50.06647873935298,0
bmi,alt_log_adj,REACTOME_RND3_GTPASE_CYCLE,ppgs:bmi,-0.008265307921721388,0.0057455845207035625,-1.4385495317209742,0.15028923409298262
bmi,alt_log_adj,REACTOME_ROBO_RECEPTORS_BIND_AKAP5,ppgs,0.0029383585989037056,0.0057100109194961205,0.514597719747093,0.6068381707213157
bmi,alt_log_adj,REACTOME_ROBO_RECEPTORS_BIND_AKAP5,bmi,0.28841206115120077,0.005761573700787124,50.05786198860895,0
bmi,alt_log_adj,REACTOME_ROBO_RECEPTORS_BIND_AKAP5,ppgs:bmi,0.001353656632022884,0.005753053352017316,0.23529359962361945,0.8139825620513749
bmi,alt_log_adj,REACTOME_ROLE_OF_ABL_IN_ROBO_SLIT_SIGNALING,ppgs,-0.0016265993585673434,0.005721678157659044,-0.2842871118834211,0.7761924385215145
bmi,alt_log_adj,REACTOME_ROLE_OF_ABL_IN_ROBO_SLIT_SIGNALING,bmi,0.2885298219578222,0.00576202081529925,50.074415071830565,0
bmi,alt_log_adj,REACTOME_ROLE_OF_ABL_IN_ROBO_SLIT_SIGNALING,ppgs:bmi,0.009649934916594665,0.005954182420791262,1.6206985669263838,0.10509342338448419
bmi,alt_log_adj,REACTOME_ROLE_OF_LAT2_NTAL_LAB_ON_CALCIUM_MOBILIZATION,ppgs,-0.0037872673218682794,0.005710936695035237,-0.6631604453190164,0.5072331937618804
bmi,alt_log_adj,REACTOME_ROLE_OF_LAT2_NTAL_LAB_ON_CALCIUM_MOBILIZATION,bmi,0.28839276341464637,0.005760810837007381,50.061140970297906,0
bmi,alt_log_adj,REACTOME_ROLE_OF_LAT2_NTAL_LAB_ON_CALCIUM_MOBILIZATION,ppgs:bmi,-0.016956316462935005,0.005797635763045151,-2.9246950232742575,0.0034506701564481963
bmi,alt_log_adj,REACTOME_ROLE_OF_PHOSPHOLIPIDS_IN_PHAGOCYTOSIS,ppgs,-0.008644150591360296,0.005677957666925169,-1.5224049030364528,0.12791881126112264
bmi,alt_log_adj,REACTOME_ROLE_OF_PHOSPHOLIPIDS_IN_PHAGOCYTOSIS,bmi,0.2885037652751818,0.00576146715371769,50.07470451150964,0
bmi,alt_log_adj,REACTOME_ROLE_OF_PHOSPHOLIPIDS_IN_PHAGOCYTOSIS,ppgs:bmi,0.007516314905560157,0.00582998051641212,1.289252148339226,0.19732096023684306
bmi,alt_log_adj,REACTOME_ROLE_OF_SECOND_MESSENGERS_IN_NETRIN_1_SIGNALING,ppgs,-0.002687205700059713,0.005711663970275026,-0.4704768547387636,0.6380179862365218
bmi,alt_log_adj,REACTOME_ROLE_OF_SECOND_MESSENGERS_IN_NETRIN_1_SIGNALING,bmi,0.28845365125519024,0.0057614499884337785,50.06615553971075,0
bmi,alt_log_adj,REACTOME_ROLE_OF_SECOND_MESSENGERS_IN_NETRIN_1_SIGNALING,ppgs:bmi,-0.010424300750576704,0.005681143234190641,-1.8348949007024626,0.06653173559579827
bmi,alt_log_adj,REACTOME_RORA_B_C_AND_NR1D1_REV_ERBA_REGULATE_GENE_EXPRESSION,ppgs,0.005226839541800667,0.005754960289036452,0.9082320779446755,0.3637633403514947
bmi,alt_log_adj,REACTOME_RORA_B_C_AND_NR1D1_REV_ERBA_REGULATE_GENE_EXPRESSION,bmi,0.28846765272694075,0.005761726030933445,50.066186968665484,0
bmi,alt_log_adj,REACTOME_RORA_B_C_AND_NR1D1_REV_ERBA_REGULATE_GENE_EXPRESSION,ppgs:bmi,-0.003562857216841158,0.005781564333124262,-0.6162444991623658,0.537738111333935
bmi,alt_log_adj,REACTOME_ROS_AND_RNS_PRODUCTION_IN_PHAGOCYTES,ppgs,0.0055316979900785655,0.0057082304802202185,0.969074043041296,0.3325165153225994
bmi,alt_log_adj,REACTOME_ROS_AND_RNS_PRODUCTION_IN_PHAGOCYTES,bmi,0.2881442192358953,0.0057626500966232235,50.00203281555147,0
bmi,alt_log_adj,REACTOME_ROS_AND_RNS_PRODUCTION_IN_PHAGOCYTES,ppgs:bmi,0.01026428779838386,0.005678611834719398,1.807534675222445,0.07068954885416667
bmi,alt_log_adj,REACTOME_RRNA_MODIFICATION_IN_THE_MITOCHONDRION,ppgs,-0.009689004490777413,0.005714982055813269,-1.6953691885912003,0.09001638881528035
bmi,alt_log_adj,REACTOME_RRNA_MODIFICATION_IN_THE_MITOCHONDRION,bmi,0.288396002112718,0.005761331552312052,50.057178534879355,0
bmi,alt_log_adj,REACTOME_RRNA_MODIFICATION_IN_THE_MITOCHONDRION,ppgs:bmi,-0.0012923456310087826,0.005814216547515731,-0.22227339151325032,0.8241026657626624
bmi,alt_log_adj,REACTOME_RRNA_MODIFICATION_IN_THE_NUCLEUS_AND_CYTOSOL,ppgs,-0.0010760964647407267,0.005699920550988047,-0.18879148491888925,0.8502575973587451
bmi,alt_log_adj,REACTOME_RRNA_MODIFICATION_IN_THE_NUCLEUS_AND_CYTOSOL,bmi,0.28842126708280486,0.005761655325384324,50.05875061843726,0
bmi,alt_log_adj,REACTOME_RRNA_MODIFICATION_IN_THE_NUCLEUS_AND_CYTOSOL,ppgs:bmi,-0.0011018343213378941,0.005710440553379938,-0.19295084346613717,0.8469988480659042
bmi,alt_log_adj,REACTOME_RRNA_PROCESSING,ppgs,3.939634457679573e-4,0.0056964246502344724,0.06915977476358635,0.9448629292962709
bmi,alt_log_adj,REACTOME_RRNA_PROCESSING,bmi,0.288413444391998,0.005761646718273009,50.05746768146985,0
bmi,alt_log_adj,REACTOME_RRNA_PROCESSING,ppgs:bmi,-1.7368331286035694e-5,0.005702707264835511,-0.0030456291160399704,0.9975699647378115
bmi,alt_log_adj,REACTOME_RRNA_PROCESSING_IN_THE_MITOCHONDRION,ppgs,-0.009330452878287104,0.005715460090891204,-1.6324937502681818,0.102586620572402
bmi,alt_log_adj,REACTOME_RRNA_PROCESSING_IN_THE_MITOCHONDRION,bmi,0.2884046888792886,0.00576137572069526,50.05830254106133,0
bmi,alt_log_adj,REACTOME_RRNA_PROCESSING_IN_THE_MITOCHONDRION,ppgs:bmi,-0.0012062895105777668,0.005808454271924789,-0.2076782314372994,0.8354817077201728
bmi,alt_log_adj,REACTOME_RSK_ACTIVATION,ppgs,6.047810663601765e-4,0.005705544231467798,0.10599883934377835,0.9155840230829633
bmi,alt_log_adj,REACTOME_RSK_ACTIVATION,bmi,0.28830931045246705,0.005762640345031158,50.0307659666913,0
bmi,alt_log_adj,REACTOME_RSK_ACTIVATION,ppgs:bmi,-0.006380718882150366,0.005955468743915474,-1.0714049819620592,0.28399649506854197
bmi,alt_log_adj,REACTOME_RSV_HOST_INTERACTIONS,ppgs,-0.013411267044645188,0.005696417391898196,-2.3543336314715173,0.018562730647502284
bmi,alt_log_adj,REACTOME_RSV_HOST_INTERACTIONS,bmi,0.2882536493083386,0.005761365605233536,50.03217449809007,0
bmi,alt_log_adj,REACTOME_RSV_HOST_INTERACTIONS,ppgs:bmi,-0.005399786000776426,0.00570908807848276,-0.9458228576167748,0.34424700661220786
bmi,alt_log_adj,REACTOME_RUNX1_AND_FOXP3_CONTROL_THE_DEVELOPMENT_OF_REGULATORY_T_LYMPHOCYTES_TREGS,ppgs,-0.0020167002360852713,0.005700595934496315,-0.3537700723325271,0.7235138346783728
bmi,alt_log_adj,REACTOME_RUNX1_AND_FOXP3_CONTROL_THE_DEVELOPMENT_OF_REGULATORY_T_LYMPHOCYTES_TREGS,bmi,0.28844834853888973,0.005761439015523117,50.065330512345916,0
bmi,alt_log_adj,REACTOME_RUNX1_AND_FOXP3_CONTROL_THE_DEVELOPMENT_OF_REGULATORY_T_LYMPHOCYTES_TREGS,ppgs:bmi,-0.007773542767359484,0.00561013868812177,-1.3856239924724578,0.16587264904905025
bmi,alt_log_adj,REACTOME_RUNX1_INTERACTS_WITH_CO_FACTORS_WHOSE_PRECISE_EFFECT_ON_RUNX1_TARGETS_IS_NOT_KNOWN,ppgs,0.01332245470944215,0.0056919249000373815,2.340588630983985,0.01926026339314771
bmi,alt_log_adj,REACTOME_RUNX1_INTERACTS_WITH_CO_FACTORS_WHOSE_PRECISE_EFFECT_ON_RUNX1_TARGETS_IS_NOT_KNOWN,bmi,0.28836488474807576,0.005761101681130717,50.053774557139754,0
bmi,alt_log_adj,REACTOME_RUNX1_INTERACTS_WITH_CO_FACTORS_WHOSE_PRECISE_EFFECT_ON_RUNX1_TARGETS_IS_NOT_KNOWN,ppgs:bmi,-0.0045055051858929355,0.005656600597103989,-0.7965040325102005,0.4257458028856437
bmi,alt_log_adj,REACTOME_RUNX1_REGULATES_ESTROGEN_RECEPTOR_MEDIATED_TRANSCRIPTION,ppgs,0.005045338989619054,0.005685213501861355,0.887449343453363,0.3748445566700417
bmi,alt_log_adj,REACTOME_RUNX1_REGULATES_ESTROGEN_RECEPTOR_MEDIATED_TRANSCRIPTION,bmi,0.2884422653986134,0.005761595558566873,50.06291442476048,0
bmi,alt_log_adj,REACTOME_RUNX1_REGULATES_ESTROGEN_RECEPTOR_MEDIATED_TRANSCRIPTION,ppgs:bmi,0.0018360977585950423,0.005697163555693728,0.32228278873265837,0.7472408473220744
bmi,alt_log_adj,REACTOME_RUNX1_REGULATES_EXPRESSION_OF_COMPONENTS_OF_TIGHT_JUNCTIONS,ppgs,-0.0010784920708082966,0.005680538124752308,-0.18985737743910006,0.8494222521474846
bmi,alt_log_adj,REACTOME_RUNX1_REGULATES_EXPRESSION_OF_COMPONENTS_OF_TIGHT_JUNCTIONS,bmi,0.288511296126839,0.005761851405615459,50.07267210078656,0
bmi,alt_log_adj,REACTOME_RUNX1_REGULATES_EXPRESSION_OF_COMPONENTS_OF_TIGHT_JUNCTIONS,ppgs:bmi,-0.007525527790032225,0.00556355941927791,-1.3526462508796135,0.17617945786280131
bmi,alt_log_adj,REACTOME_RUNX1_REGULATES_GENES_INVOLVED_IN_MEGAKARYOCYTE_DIFFERENTIATION_AND_PLATELET_FUNCTION,ppgs,0.0022029281546498626,0.005703918646775784,0.38621310910440443,0.6993417443657469
bmi,alt_log_adj,REACTOME_RUNX1_REGULATES_GENES_INVOLVED_IN_MEGAKARYOCYTE_DIFFERENTIATION_AND_PLATELET_FUNCTION,bmi,0.28837160503935294,0.0057616850878833645,50.04987267453909,0
bmi,alt_log_adj,REACTOME_RUNX1_REGULATES_GENES_INVOLVED_IN_MEGAKARYOCYTE_DIFFERENTIATION_AND_PLATELET_FUNCTION,ppgs:bmi,-0.005765304423760048,0.005773389610130688,-0.9985995772125871,0.31799722873252206
bmi,alt_log_adj,REACTOME_RUNX1_REGULATES_TRANSCRIPTION_OF_GENES_INVOLVED_IN_BCR_SIGNALING,ppgs,7.740671860895825e-4,0.005685268058609098,0.1361531555081957,0.8917011735071846
bmi,alt_log_adj,REACTOME_RUNX1_REGULATES_TRANSCRIPTION_OF_GENES_INVOLVED_IN_BCR_SIGNALING,bmi,0.2884853552450218,0.0057617477313567774,50.0690708263774,0
bmi,alt_log_adj,REACTOME_RUNX1_REGULATES_TRANSCRIPTION_OF_GENES_INVOLVED_IN_BCR_SIGNALING,ppgs:bmi,-0.0067359778667800225,0.005600965555492157,-1.202645829552532,0.22912344950727967
bmi,alt_log_adj,REACTOME_RUNX1_REGULATES_TRANSCRIPTION_OF_GENES_INVOLVED_IN_DIFFERENTIATION_OF_HSCS,ppgs,-0.005954047695728777,0.005691916182241638,-1.0460532982381172,0.2955453446491662
bmi,alt_log_adj,REACTOME_RUNX1_REGULATES_TRANSCRIPTION_OF_GENES_INVOLVED_IN_DIFFERENTIATION_OF_HSCS,bmi,0.28834583726432883,0.0057617212527293305,50.045086288709165,0
bmi,alt_log_adj,REACTOME_RUNX1_REGULATES_TRANSCRIPTION_OF_GENES_INVOLVED_IN_DIFFERENTIATION_OF_HSCS,ppgs:bmi,-0.004100068834796093,0.005711232761216827,-0.7178955938616899,0.47282758079708065
bmi,alt_log_adj,REACTOME_RUNX1_REGULATES_TRANSCRIPTION_OF_GENES_INVOLVED_IN_DIFFERENTIATION_OF_KERATINOCYTES,ppgs,4.517481947784386e-4,0.005673614747531501,0.07962264180432536,0.9365379488618214
bmi,alt_log_adj,REACTOME_RUNX1_REGULATES_TRANSCRIPTION_OF_GENES_INVOLVED_IN_DIFFERENTIATION_OF_KERATINOCYTES,bmi,0.288462400571879,0.005761628387522029,50.06612387508411,0
bmi,alt_log_adj,REACTOME_RUNX1_REGULATES_TRANSCRIPTION_OF_GENES_INVOLVED_IN_DIFFERENTIATION_OF_KERATINOCYTES,ppgs:bmi,-0.006347810876696778,0.005587542412912604,-1.1360649114765056,0.2559390028437848
bmi,alt_log_adj,REACTOME_RUNX1_REGULATES_TRANSCRIPTION_OF_GENES_INVOLVED_IN_DIFFERENTIATION_OF_MYELOID_CELLS,ppgs,-0.004852193690813145,0.005694934592344506,-0.8520192132383351,0.3942106260208854
bmi,alt_log_adj,REACTOME_RUNX1_REGULATES_TRANSCRIPTION_OF_GENES_INVOLVED_IN_DIFFERENTIATION_OF_MYELOID_CELLS,bmi,0.28838785756324253,0.005761598565281418,50.05344511521979,0
bmi,alt_log_adj,REACTOME_RUNX1_REGULATES_TRANSCRIPTION_OF_GENES_INVOLVED_IN_DIFFERENTIATION_OF_MYELOID_CELLS,ppgs:bmi,-0.002972039221834618,0.005678879732394932,-0.5233495622174817,0.600735107503283
bmi,alt_log_adj,REACTOME_RUNX1_REGULATES_TRANSCRIPTION_OF_GENES_INVOLVED_IN_INTERLEUKIN_SIGNALING,ppgs,0.0031355824715154413,0.005685771708490837,0.5514787846358524,0.5813098528405143
bmi,alt_log_adj,REACTOME_RUNX1_REGULATES_TRANSCRIPTION_OF_GENES_INVOLVED_IN_INTERLEUKIN_SIGNALING,bmi,0.28848165570480755,0.005761737637690325,50.068516452000324,0
bmi,alt_log_adj,REACTOME_RUNX1_REGULATES_TRANSCRIPTION_OF_GENES_INVOLVED_IN_INTERLEUKIN_SIGNALING,ppgs:bmi,-0.005978319603634659,0.005639545251842916,-1.0600712179197493,0.2891212324931022
bmi,alt_log_adj,REACTOME_RUNX1_REGULATES_TRANSCRIPTION_OF_GENES_INVOLVED_IN_WNT_SIGNALING,ppgs,-0.0014948752699377144,0.005675528307072678,-0.26338962455263315,0.7922522011140793
bmi,alt_log_adj,REACTOME_RUNX1_REGULATES_TRANSCRIPTION_OF_GENES_INVOLVED_IN_WNT_SIGNALING,bmi,0.2884144660004933,0.005761582623030749,50.058201864122445,0
bmi,alt_log_adj,REACTOME_RUNX1_REGULATES_TRANSCRIPTION_OF_GENES_INVOLVED_IN_WNT_SIGNALING,ppgs:bmi,0.002319601996723147,0.005692231251197777,0.407503120368669,0.6836415799600927
bmi,alt_log_adj,REACTOME_RUNX2_REGULATES_BONE_DEVELOPMENT,ppgs,-0.0030531077769827865,0.0057157412680418325,-0.5341577992785452,0.5932365521171534
bmi,alt_log_adj,REACTOME_RUNX2_REGULATES_BONE_DEVELOPMENT,bmi,0.2884579764095444,0.005761546224429541,50.06606997032382,0
bmi,alt_log_adj,REACTOME_RUNX2_REGULATES_BONE_DEVELOPMENT,ppgs:bmi,-0.006382657857998749,0.005622366161073927,-1.13522628643233,0.25629011650544203
bmi,alt_log_adj,REACTOME_RUNX2_REGULATES_CHONDROCYTE_MATURATION,ppgs,-0.0018105307559274702,0.005743040083221576,-0.31525650695299473,0.7525692254105586
bmi,alt_log_adj,REACTOME_RUNX2_REGULATES_CHONDROCYTE_MATURATION,bmi,0.2885142144003455,0.005761745326416924,50.07410047742683,0
bmi,alt_log_adj,REACTOME_RUNX2_REGULATES_CHONDROCYTE_MATURATION,ppgs:bmi,-0.008229512621184943,0.005515116759885269,-1.4921737797181545,0.1356647222897067
bmi,alt_log_adj,REACTOME_RUNX2_REGULATES_GENES_INVOLVED_IN_CELL_MIGRATION,ppgs,0.005883895985240207,0.0057865976903896475,1.0168144218859645,0.30925039801570575
bmi,alt_log_adj,REACTOME_RUNX2_REGULATES_GENES_INVOLVED_IN_CELL_MIGRATION,bmi,0.2885237450725842,0.005761900944910589,50.07440215150408,0
bmi,alt_log_adj,REACTOME_RUNX2_REGULATES_GENES_INVOLVED_IN_CELL_MIGRATION,ppgs:bmi,0.007012818768098099,0.005944304956302093,1.1797542050165475,0.2381078883954881
bmi,alt_log_adj,REACTOME_RUNX2_REGULATES_OSTEOBLAST_DIFFERENTIATION,ppgs,-0.003714303938178381,0.005696090226766899,-0.6520795476034129,0.5143551441300998
bmi,alt_log_adj,REACTOME_RUNX2_REGULATES_OSTEOBLAST_DIFFERENTIATION,bmi,0.2884092035330744,0.005761574476069373,50.05735927409745,0
bmi,alt_log_adj,REACTOME_RUNX2_REGULATES_OSTEOBLAST_DIFFERENTIATION,ppgs:bmi,0.003112842215238515,0.005647226815662096,0.55121607770478,0.5814899042404076
bmi,alt_log_adj,REACTOME_RUNX3_REGULATES_BCL2L11_BIM_TRANSCRIPTION,ppgs,0.0027143453189157323,0.005671990519897124,0.47855251333617604,0.6322606982293403
bmi,alt_log_adj,REACTOME_RUNX3_REGULATES_BCL2L11_BIM_TRANSCRIPTION,bmi,0.2881598559637196,0.005762221220654937,50.00846807665035,0
bmi,alt_log_adj,REACTOME_RUNX3_REGULATES_BCL2L11_BIM_TRANSCRIPTION,ppgs:bmi,0.01213853775718165,0.005524854405510785,2.1970783058235934,0.02802291674691459
bmi,alt_log_adj,REACTOME_RUNX3_REGULATES_CDKN1A_TRANSCRIPTION,ppgs,0.0018625998516795298,0.0057018610794242,0.3266652459143434,0.743923500787907
bmi,alt_log_adj,REACTOME_RUNX3_REGULATES_CDKN1A_TRANSCRIPTION,bmi,0.2884918887283878,0.005761711104929828,50.070523057212775,0
bmi,alt_log_adj,REACTOME_RUNX3_REGULATES_CDKN1A_TRANSCRIPTION,ppgs:bmi,0.008500733913814482,0.005815402653834194,1.4617618795853806,0.14381755829316423
bmi,alt_log_adj,REACTOME_RUNX3_REGULATES_IMMUNE_RESPONSE_AND_CELL_MIGRATION,ppgs,0.00861988024709138,0.005705286225124584,1.5108585103288399,0.1308356498084997
bmi,alt_log_adj,REACTOME_RUNX3_REGULATES_IMMUNE_RESPONSE_AND_CELL_MIGRATION,bmi,0.2883820167512865,0.005761382428208968,50.05430907334082,0
bmi,alt_log_adj,REACTOME_RUNX3_REGULATES_IMMUNE_RESPONSE_AND_CELL_MIGRATION,ppgs:bmi,0.003385307674935548,0.005760466278708153,0.5876794535623495,0.5567521502211878
bmi,alt_log_adj,REACTOME_RUNX3_REGULATES_NOTCH_SIGNALING,ppgs,-0.0033906835555041147,0.00570770655172175,-0.5940535878603119,0.5524810122032792
bmi,alt_log_adj,REACTOME_RUNX3_REGULATES_NOTCH_SIGNALING,bmi,0.28840075047238617,0.005761617761110307,50.05551607727778,0
bmi,alt_log_adj,REACTOME_RUNX3_REGULATES_NOTCH_SIGNALING,ppgs:bmi,0.0021798833386038326,0.005667910174400262,0.38460089724948615,0.7005360143309161
bmi,alt_log_adj,REACTOME_RUNX3_REGULATES_P14_ARF,ppgs,3.284793138558754e-4,0.005678507483517262,0.05784606515168588,0.9538716526129125
bmi,alt_log_adj,REACTOME_RUNX3_REGULATES_P14_ARF,bmi,0.2883964027727182,0.0057619003172643115,50.05230685935326,0
bmi,alt_log_adj,REACTOME_RUNX3_REGULATES_P14_ARF,ppgs:bmi,0.0016867904092760589,0.005603416694683729,0.301028908108228,0.7633946586404519
bmi,alt_log_adj,REACTOME_RUNX3_REGULATES_WNT_SIGNALING,ppgs,0.011914509520456232,0.005691840791001537,2.093261206338091,0.036334707686856024
bmi,alt_log_adj,REACTOME_RUNX3_REGULATES_WNT_SIGNALING,bmi,0.2882102167026124,0.005761966586590068,50.01941826135705,0
bmi,alt_log_adj,REACTOME_RUNX3_REGULATES_WNT_SIGNALING,ppgs:bmi,0.006839513406130644,0.00560337163393373,1.2206067798021647,0.22224509087356378
bmi,alt_log_adj,REACTOME_RUNX3_REGULATES_YAP1_MEDIATED_TRANSCRIPTION,ppgs,0.0012390295277599625,0.005697440411984187,0.21747125694438968,0.8278426697715379
bmi,alt_log_adj,REACTOME_RUNX3_REGULATES_YAP1_MEDIATED_TRANSCRIPTION,bmi,0.288405311956443,0.005761594199413875,50.05651248152505,0
bmi,alt_log_adj,REACTOME_RUNX3_REGULATES_YAP1_MEDIATED_TRANSCRIPTION,ppgs:bmi,0.0030464163202617144,0.005633688123070798,0.540749905516811,0.588684224033758
bmi,alt_log_adj,REACTOME_SARS_COV_1_ACTIVATES_MODULATES_INNATE_IMMUNE_RESPONSES,ppgs,-0.009402917360561524,0.005731503636681279,-1.640567285063455,0.10089836508603403
bmi,alt_log_adj,REACTOME_SARS_COV_1_ACTIVATES_MODULATES_INNATE_IMMUNE_RESPONSES,bmi,0.28841256485142824,0.005761556314084694,50.05810047302241,0
bmi,alt_log_adj,REACTOME_SARS_COV_1_ACTIVATES_MODULATES_INNATE_IMMUNE_RESPONSES,ppgs:bmi,0.003963385925772012,0.005611659205732984,0.7062770172719928,0.4800216874758566
bmi,alt_log_adj,REACTOME_SARS_COV_1_HOST_INTERACTIONS,ppgs,-0.006650322415613882,0.005727083130701047,-1.1612058466488195,0.24556797530414595
bmi,alt_log_adj,REACTOME_SARS_COV_1_HOST_INTERACTIONS,bmi,0.2883409483270894,0.005761834655107245,50.0432528155778,0
bmi,alt_log_adj,REACTOME_SARS_COV_1_HOST_INTERACTIONS,ppgs:bmi,0.007907069407029156,0.005613366570767178,1.408614475350128,0.15896016381150188
bmi,alt_log_adj,REACTOME_SARS_COV_1_INFECTION,ppgs,3.6810194852061596e-4,0.00565055115838869,0.0651444324991447,0.9480594628811638
bmi,alt_log_adj,REACTOME_SARS_COV_1_INFECTION,bmi,0.28848230393021507,0.005761898783885395,50.067228660286204,0
bmi,alt_log_adj,REACTOME_SARS_COV_1_INFECTION,ppgs:bmi,-0.0055416231101363496,0.005565352759398205,-0.995736182361166,0.31938684417606306
bmi,alt_log_adj,REACTOME_SARS_COV_1_MODULATES_HOST_TRANSLATION_MACHINERY,ppgs,0.0014491625118360385,0.005862106800688203,0.24720848000686527,0.8047486730822199
bmi,alt_log_adj,REACTOME_SARS_COV_1_MODULATES_HOST_TRANSLATION_MACHINERY,bmi,0.28835775660951496,0.005761689533046193,50.04743052461226,0
bmi,alt_log_adj,REACTOME_SARS_COV_1_MODULATES_HOST_TRANSLATION_MACHINERY,ppgs:bmi,0.008376058071031896,0.00587193838190522,1.4264553757654017,0.15374795174335656
bmi,alt_log_adj,REACTOME_SARS_COV_1_TARGETS_HOST_INTRACELLULAR_SIGNALLING_AND_REGULATORY_PATHWAYS,ppgs,0.004376469921837993,0.005700328995595609,0.767757426846678,0.4426377064597826
bmi,alt_log_adj,REACTOME_SARS_COV_1_TARGETS_HOST_INTRACELLULAR_SIGNALLING_AND_REGULATORY_PATHWAYS,bmi,0.2883395784081543,0.005762125183268991,50.040491873620205,0
bmi,alt_log_adj,REACTOME_SARS_COV_1_TARGETS_HOST_INTRACELLULAR_SIGNALLING_AND_REGULATORY_PATHWAYS,ppgs:bmi,0.005776515611767124,0.00565033689226686,1.0223311851852506,0.3066329022340715
bmi,alt_log_adj,REACTOME_SARS_COV_2_ACTIVATES_MODULATES_INNATE_AND_ADAPTIVE_IMMUNE_RESPONSES,ppgs,-0.010629522579530848,0.005685926013650868,-1.8694444060670696,0.06157131276817409
bmi,alt_log_adj,REACTOME_SARS_COV_2_ACTIVATES_MODULATES_INNATE_AND_ADAPTIVE_IMMUNE_RESPONSES,bmi,0.28822525453457687,0.00576321621565484,50.01118190770976,0
bmi,alt_log_adj,REACTOME_SARS_COV_2_ACTIVATES_MODULATES_INNATE_AND_ADAPTIVE_IMMUNE_RESPONSES,ppgs:bmi,0.006080061861725089,0.005481444901400437,1.1092078769544347,0.2673499249382777
bmi,alt_log_adj,REACTOME_SARS_COV_2_HOST_INTERACTIONS,ppgs,-0.002096329472300526,0.00570685611015906,-0.36733525987605414,0.7133716982109174
bmi,alt_log_adj,REACTOME_SARS_COV_2_HOST_INTERACTIONS,bmi,0.2883517201963875,0.005764291545880951,50.0237918053326,0
bmi,alt_log_adj,REACTOME_SARS_COV_2_HOST_INTERACTIONS,ppgs:bmi,0.0020242381369011664,0.00546788209776455,0.3702051545202011,0.7112324020391224
bmi,alt_log_adj,REACTOME_SARS_COV_2_INFECTION,ppgs,-0.00393708928725111,0.005653757859673055,-0.6963668032784806,0.4862048565688495
bmi,alt_log_adj,REACTOME_SARS_COV_2_INFECTION,bmi,0.2885213893449317,0.005762233821832154,50.07110059501087,0
bmi,alt_log_adj,REACTOME_SARS_COV_2_INFECTION,ppgs:bmi,-0.006651002499274749,0.005530954045304663,-1.2025054709902927,0.22917779159242713
bmi,alt_log_adj,REACTOME_SARS_COV_2_MODULATES_AUTOPHAGY,ppgs,-0.0026499954339930226,0.005718426749851291,-0.463413373977718,0.6430716519411859
bmi,alt_log_adj,REACTOME_SARS_COV_2_MODULATES_AUTOPHAGY,bmi,0.28840023720200336,0.00576114925500778,50.05949758224306,0
bmi,alt_log_adj,REACTOME_SARS_COV_2_MODULATES_AUTOPHAGY,ppgs:bmi,-0.014350328136611667,0.00572408716215209,-2.507007271219882,0.012181369467483166
bmi,alt_log_adj,REACTOME_SARS_COV_2_MODULATES_HOST_TRANSLATION_MACHINERY,ppgs,0.008495665092318373,0.005757774748266086,1.4755118884907374,0.14008608086381616
bmi,alt_log_adj,REACTOME_SARS_COV_2_MODULATES_HOST_TRANSLATION_MACHINERY,bmi,0.2883755660715853,0.005761704270122487,50.05039352105706,0
bmi,alt_log_adj,REACTOME_SARS_COV_2_MODULATES_HOST_TRANSLATION_MACHINERY,ppgs:bmi,5.312959894631759e-4,0.005705588715974292,0.09311852219135133,0.92581006083764406
bmi,alt_log_adj,REACTOME_SARS_COV_2_TARGETS_HOST_INTRACELLULAR_SIGNALLING_AND_REGULATORY_PATHWAYS,ppgs,0.004392298358685467,0.005706776442077177,0.7696636451885855,0.4415058537763137
bmi,alt_log_adj,REACTOME_SARS_COV_2_TARGETS_HOST_INTRACELLULAR_SIGNALLING_AND_REGULATORY_PATHWAYS,bmi,0.28843034190759986,0.005761723268066536,50.05973534101865,0
bmi,alt_log_adj,REACTOME_SARS_COV_2_TARGETS_HOST_INTRACELLULAR_SIGNALLING_AND_REGULATORY_PATHWAYS,ppgs:bmi,0.002302220505501124,0.005752200309233618,0.4002330207113137,0.6889879115057757
bmi,alt_log_adj,REACTOME_SARS_COV_2_TARGETS_PDZ_PROTEINS_IN_CELL_CELL_JUNCTION,ppgs,-0.007521194420111652,0.00572275834681163,-1.3142603556381163,0.1887692374589855
bmi,alt_log_adj,REACTOME_SARS_COV_2_TARGETS_PDZ_PROTEINS_IN_CELL_CELL_JUNCTION,bmi,0.28841878108647745,0.0057619881952826494,50.05542727814098,0
bmi,alt_log_adj,REACTOME_SARS_COV_2_TARGETS_PDZ_PROTEINS_IN_CELL_CELL_JUNCTION,ppgs:bmi,0.0027891185072271354,0.0056425996105548834,0.49429672486594495,0.6211004680170427
bmi,alt_log_adj,REACTOME_SARS_COV_INFECTIONS,ppgs,0.005630137273244775,0.005702785541871349,0.987260915197815,0.3235231722348261
bmi,alt_log_adj,REACTOME_SARS_COV_INFECTIONS,bmi,0.28847386024925875,0.005762009484179778,50.06480135815379,0
bmi,alt_log_adj,REACTOME_SARS_COV_INFECTIONS,ppgs:bmi,-3.7232822556169823e-4,0.005693111867683014,-0.0653997733076741,0.9478561657348199
bmi,alt_log_adj,REACTOME_SCAVENGING_BY_CLASS_A_RECEPTORS,ppgs,0.014656045389120452,0.005798380974142596,2.52760994051234,0.011489573464469662
bmi,alt_log_adj,REACTOME_SCAVENGING_BY_CLASS_A_RECEPTORS,bmi,0.28822409687822187,0.005761151902864914,50.02890077154421,0
bmi,alt_log_adj,REACTOME_SCAVENGING_BY_CLASS_A_RECEPTORS,ppgs:bmi,0.008431869887380974,0.005795448231726742,1.454912467550196,0.14570456829357437
bmi,alt_log_adj,REACTOME_SCAVENGING_BY_CLASS_B_RECEPTORS,ppgs,0.003599330375322456,0.0057009265487225225,0.6313588404553295,0.5278110125161715
bmi,alt_log_adj,REACTOME_SCAVENGING_BY_CLASS_B_RECEPTORS,bmi,0.28850390373359003,0.005762918464278354,50.06211792200276,0
bmi,alt_log_adj,REACTOME_SCAVENGING_BY_CLASS_B_RECEPTORS,ppgs:bmi,0.002495847950778373,0.0057520957974951685,0.433902361616652,0.6643626467713104
bmi,alt_log_adj,REACTOME_SCAVENGING_BY_CLASS_F_RECEPTORS,ppgs,0.0016273352913974823,0.005695032146041152,0.28574646282351696,0.7750744033170691
bmi,alt_log_adj,REACTOME_SCAVENGING_BY_CLASS_F_RECEPTORS,bmi,0.28853676962251457,0.005762830375120301,50.06858623988065,0
bmi,alt_log_adj,REACTOME_SCAVENGING_BY_CLASS_F_RECEPTORS,ppgs:bmi,-0.0070799862870682745,0.00561438072531427,-1.261044919014103,0.20730304169842995
bmi,alt_log_adj,REACTOME_SCAVENGING_OF_HEME_FROM_PLASMA,ppgs,0.009543157379783267,0.005696721765331029,1.675201593635972,0.09390571426099346
bmi,alt_log_adj,REACTOME_SCAVENGING_OF_HEME_FROM_PLASMA,bmi,0.2885003641314429,0.005761731561995829,50.07181626342692,0
bmi,alt_log_adj,REACTOME_SCAVENGING_OF_HEME_FROM_PLASMA,ppgs:bmi,0.0036754715912587837,0.005728816753185196,0.6415760443402625,0.5211536785743711
bmi,alt_log_adj,REACTOME_SCF_BETA_TRCP_MEDIATED_DEGRADATION_OF_EMI1,ppgs,-0.01051845610858135,0.005679904038820218,-1.8518721507777716,0.06405457416227557
bmi,alt_log_adj,REACTOME_SCF_BETA_TRCP_MEDIATED_DEGRADATION_OF_EMI1,bmi,0.2882701514791757,0.00576174385435428,50.031754060244005,0
bmi,alt_log_adj,REACTOME_SCF_BETA_TRCP_MEDIATED_DEGRADATION_OF_EMI1,ppgs:bmi,-0.006710971422315535,0.005794576904845461,-1.1581469247053704,0.24681384032036158
bmi,alt_log_adj,REACTOME_SCF_SKP2_MEDIATED_DEGRADATION_OF_P27_P21,ppgs,-0.009617066649929,0.005679097974950436,-1.6934144634144885,0.09038759038650081
bmi,alt_log_adj,REACTOME_SCF_SKP2_MEDIATED_DEGRADATION_OF_P27_P21,bmi,0.28832045535215683,0.005761653287297729,50.04127131144712,0
bmi,alt_log_adj,REACTOME_SCF_SKP2_MEDIATED_DEGRADATION_OF_P27_P21,ppgs:bmi,-0.005156883500800751,0.005804864971824944,-0.8883726883968363,0.37434784918307706
bmi,alt_log_adj,REACTOME_SEALING_OF_THE_NUCLEAR_ENVELOPE_NE_BY_ESCRT_III,ppgs,0.009399644223546114,0.005720683340581743,1.643098151730638,0.10037371761290735
bmi,alt_log_adj,REACTOME_SEALING_OF_THE_NUCLEAR_ENVELOPE_NE_BY_ESCRT_III,bmi,0.2884040331157316,0.005762183431276783,50.051171844043,0
bmi,alt_log_adj,REACTOME_SEALING_OF_THE_NUCLEAR_ENVELOPE_NE_BY_ESCRT_III,ppgs:bmi,-4.1123525018469206e-4,0.005552087551469766,-0.07406858165913262,0.940956337379032
bmi,alt_log_adj,REACTOME_SELECTIVE_AUTOPHAGY,ppgs,0.008386815763845598,0.005706549685577341,1.4696824221196787,0.1416588832370279
bmi,alt_log_adj,REACTOME_SELECTIVE_AUTOPHAGY,bmi,0.28851915486983365,0.005761739897683111,50.07500511882736,0
bmi,alt_log_adj,REACTOME_SELECTIVE_AUTOPHAGY,ppgs:bmi,0.007083849896298648,0.005710072171823581,1.2405885045120777,0.21476806790743805
bmi,alt_log_adj,REACTOME_SELENOAMINO_ACID_METABOLISM,ppgs,0.016350884572000787,0.005821481694288634,2.8087152774253994,0.004977363492561093
bmi,alt_log_adj,REACTOME_SELENOAMINO_ACID_METABOLISM,bmi,0.2883519859600912,0.005760210347903369,50.05928057211435,0
bmi,alt_log_adj,REACTOME_SELENOAMINO_ACID_METABOLISM,ppgs:bmi,0.014625455998700377,0.005777413699505277,2.5314884409182543,0.01136331315923793
bmi,alt_log_adj,REACTOME_SEMA3A_PAK_DEPENDENT_AXON_REPULSION,ppgs,-0.00562806426856936,0.005697847082946189,-0.9877527751515672,0.323282171457426
bmi,alt_log_adj,REACTOME_SEMA3A_PAK_DEPENDENT_AXON_REPULSION,bmi,0.2885728737178782,0.0057617449097539675,50.08428492371429,0
bmi,alt_log_adj,REACTOME_SEMA3A_PAK_DEPENDENT_AXON_REPULSION,ppgs:bmi,0.011242245860490798,0.0059848354689868415,1.8784552923380484,0.06032916177438952
bmi,alt_log_adj,REACTOME_SEMA3A_PLEXIN_REPULSION_SIGNALING_BY_INHIBITING_INTEGRIN_ADHESION,ppgs,-0.005552201894223075,0.005698136728018412,-0.9743890256129238,0.32987173074541265
bmi,alt_log_adj,REACTOME_SEMA3A_PLEXIN_REPULSION_SIGNALING_BY_INHIBITING_INTEGRIN_ADHESION,bmi,0.28858019520473194,0.005761788178493648,50.08517950761908,0
bmi,alt_log_adj,REACTOME_SEMA3A_PLEXIN_REPULSION_SIGNALING_BY_INHIBITING_INTEGRIN_ADHESION,ppgs:bmi,0.011351505649112394,0.005986776947779141,1.8960963049280393,0.057957469885544094
bmi,alt_log_adj,REACTOME_SEMA4D_INDUCED_CELL_MIGRATION_AND_GROWTH_CONE_COLLAPSE,ppgs,0.005381225334106245,0.0056929089266274545,0.9452505570459118,0.34453903049857415
bmi,alt_log_adj,REACTOME_SEMA4D_INDUCED_CELL_MIGRATION_AND_GROWTH_CONE_COLLAPSE,bmi,0.2884447125409423,0.005761988558614638,50.05992455672168,0
bmi,alt_log_adj,REACTOME_SEMA4D_INDUCED_CELL_MIGRATION_AND_GROWTH_CONE_COLLAPSE,ppgs:bmi,0.0027809924373113915,0.005847862253437866,0.47555710391032036,0.6343936061347399
bmi,alt_log_adj,REACTOME_SEMA4D_IN_SEMAPHORIN_SIGNALING,ppgs,0.00980488469244382,0.005693104571299636,1.7222386431952605,0.08503720501716368
bmi,alt_log_adj,REACTOME_SEMA4D_IN_SEMAPHORIN_SIGNALING,bmi,0.288466575344412,0.005761394702521675,50.068879193115265,0
bmi,alt_log_adj,REACTOME_SEMA4D_IN_SEMAPHORIN_SIGNALING,ppgs:bmi,0.005319033511881702,0.0058508169556151825,0.9091095401261675,0.36330003617423035
bmi,alt_log_adj,REACTOME_SEMA4D_MEDIATED_INHIBITION_OF_CELL_ATTACHMENT_AND_MIGRATION,ppgs,0.010054471538614832,0.005688573941117457,1.7674854265214566,0.07715772388089744
bmi,alt_log_adj,REACTOME_SEMA4D_MEDIATED_INHIBITION_OF_CELL_ATTACHMENT_AND_MIGRATION,bmi,0.2884082806345359,0.005761368120467787,50.05899199704652,0
bmi,alt_log_adj,REACTOME_SEMA4D_MEDIATED_INHIBITION_OF_CELL_ATTACHMENT_AND_MIGRATION,ppgs:bmi,0.0026221949782425135,0.005669775174937004,0.4624865885042167,0.643735967450477
bmi,alt_log_adj,REACTOME_SEMAPHORIN_INTERACTIONS,ppgs,0.0013402987512502055,0.005698396056041803,0.23520631736875067,0.8140503019115715
bmi,alt_log_adj,REACTOME_SEMAPHORIN_INTERACTIONS,bmi,0.28852052566896447,0.005761390819378839,50.07827705395468,0
bmi,alt_log_adj,REACTOME_SEMAPHORIN_INTERACTIONS,ppgs:bmi,0.012172779442427534,0.005863747883055761,2.0759384075162455,0.03790863951211659
bmi,alt_log_adj,REACTOME_SENESCENCE_ASSOCIATED_SECRETORY_PHENOTYPE_SASP,ppgs,0.0014922945398592373,0.005767673193616264,0.2587342399203423,0.7958421777508953
bmi,alt_log_adj,REACTOME_SENESCENCE_ASSOCIATED_SECRETORY_PHENOTYPE_SASP,bmi,0.2882447420596544,0.005762709601028826,50.0189601794603,0
bmi,alt_log_adj,REACTOME_SENESCENCE_ASSOCIATED_SECRETORY_PHENOTYPE_SASP,ppgs:bmi,-0.008695671334645758,0.005942803253004744,-1.4632271950529634,0.14341630886544632
bmi,alt_log_adj,REACTOME_SENSING_OF_DNA_DOUBLE_STRAND_BREAKS,ppgs,-0.0030995509215630147,0.0057480898722802485,-0.5392314647880467,0.5897313867891747
bmi,alt_log_adj,REACTOME_SENSING_OF_DNA_DOUBLE_STRAND_BREAKS,bmi,0.28847108917111663,0.00576187787006123,50.06546401651709,0
bmi,alt_log_adj,REACTOME_SENSING_OF_DNA_DOUBLE_STRAND_BREAKS,ppgs:bmi,-0.004155063261665726,0.005800638470589598,-0.7163113651596684,0.4738050113893957
bmi,alt_log_adj,REACTOME_SENSORY_PERCEPTION,ppgs,0.012259793692966208,0.005692004544118147,2.1538622462336066,0.03125937934465189
bmi,alt_log_adj,REACTOME_SENSORY_PERCEPTION,bmi,0.2884937058843315,0.00576137122732051,50.073792245201965,0
bmi,alt_log_adj,REACTOME_SENSORY_PERCEPTION,ppgs:bmi,-0.011118451938192192,0.00559365811885745,-1.987688861553667,0.046855715934590925
bmi,alt_log_adj,REACTOME_SENSORY_PERCEPTION_OF_SALTY_TASTE,ppgs,0.001434057384575609,0.005735384808243708,0.25003682098442265,0.8025606856060139
bmi,alt_log_adj,REACTOME_SENSORY_PERCEPTION_OF_SALTY_TASTE,bmi,0.2885876829741829,0.005762254949450434,50.08242181330532,0
bmi,alt_log_adj,REACTOME_SENSORY_PERCEPTION_OF_SALTY_TASTE,ppgs:bmi,-0.01287353340855993,0.0057408682763401995,-2.242436647016538,0.02494086352326514
bmi,alt_log_adj,REACTOME_SENSORY_PERCEPTION_OF_TASTE,ppgs,0.005765303653922159,0.00568803511049074,1.0135843998727976,0.3107897554234684
bmi,alt_log_adj,REACTOME_SENSORY_PERCEPTION_OF_TASTE,bmi,0.2884371559640245,0.0057623674298641825,50.055321788257245,0
bmi,alt_log_adj,REACTOME_SENSORY_PERCEPTION_OF_TASTE,ppgs:bmi,-0.006289727476600449,0.0055883293860535905,-1.1255112292230465,0.2603819902339951
bmi,alt_log_adj,REACTOME_SENSORY_PROCESSING_OF_SOUND,ppgs,0.018238986039368733,0.005690295670277646,3.2052791447441256,0.0013508100484363008
bmi,alt_log_adj,REACTOME_SENSORY_PROCESSING_OF_SOUND,bmi,0.2884638750105866,0.0057605983256784985,50.07533223150229,0
bmi,alt_log_adj,REACTOME_SENSORY_PROCESSING_OF_SOUND,ppgs:bmi,-0.011182030028597391,0.005712851795220495,-1.9573464233664415,0.05031655124557418
bmi,alt_log_adj,REACTOME_SENSORY_PROCESSING_OF_SOUND_BY_OUTER_HAIR_CELLS_OF_THE_COCHLEA,ppgs,0.016435914891006,0.005696199805417603,2.8854175507281106,0.0039118957456853905
bmi,alt_log_adj,REACTOME_SENSORY_PROCESSING_OF_SOUND_BY_OUTER_HAIR_CELLS_OF_THE_COCHLEA,bmi,0.2884375480655268,0.005760743911899131,50.06949666166262,0
bmi,alt_log_adj,REACTOME_SENSORY_PROCESSING_OF_SOUND_BY_OUTER_HAIR_CELLS_OF_THE_COCHLEA,ppgs:bmi,-0.01111607201191906,0.005693640943194968,-1.9523661788341211,0.05090457468805622
bmi,alt_log_adj,REACTOME_SEPARATION_OF_SISTER_CHROMATIDS,ppgs,0.004436638909502325,0.005681160589107838,0.7809388310565339,0.43484499337681537
bmi,alt_log_adj,REACTOME_SEPARATION_OF_SISTER_CHROMATIDS,bmi,0.288395944242762,0.005761545272383187,50.055311658337594,0
bmi,alt_log_adj,REACTOME_SEPARATION_OF_SISTER_CHROMATIDS,ppgs:bmi,0.007330961912089792,0.005655184819648388,1.2963257870227478,0.19487382086614274
bmi,alt_log_adj,REACTOME_SERINE_METABOLISM,ppgs,0.012862123268013037,0.005716978534200271,2.2498113629549032,0.02446856058542913
bmi,alt_log_adj,REACTOME_SERINE_METABOLISM,bmi,0.28836735914180256,0.005761182938822072,50.05349807565076,0
bmi,alt_log_adj,REACTOME_SERINE_METABOLISM,ppgs:bmi,-0.0062998750578154026,0.005549328683970092,-1.135249940414118,0.2562802085261491
bmi,alt_log_adj,REACTOME_SEROTONIN_AND_MELATONIN_BIOSYNTHESIS,ppgs,0.0013798354102579034,0.005700379887117251,0.24206025520795638,0.8087352252350853
bmi,alt_log_adj,REACTOME_SEROTONIN_AND_MELATONIN_BIOSYNTHESIS,bmi,0.2884193232850115,0.005761626540953155,50.05866333663789,0
bmi,alt_log_adj,REACTOME_SEROTONIN_AND_MELATONIN_BIOSYNTHESIS,ppgs:bmi,1.4388008405588108e-4,0.005728133133824016,0.025118145946413938,0.9799609031753026
bmi,alt_log_adj,REACTOME_SEROTONIN_NEUROTRANSMITTER_RELEASE_CYCLE,ppgs,-0.004125540575309588,0.005718850714300549,-0.7213932976066795,0.47067351865111684
bmi,alt_log_adj,REACTOME_SEROTONIN_NEUROTRANSMITTER_RELEASE_CYCLE,bmi,0.2884364600564139,0.0057617482865533415,50.06057982948707,0
bmi,alt_log_adj,REACTOME_SEROTONIN_NEUROTRANSMITTER_RELEASE_CYCLE,ppgs:bmi,-0.005113927629113933,0.005762708558411373,-0.887417362387611,0.37486176797550186
bmi,alt_log_adj,REACTOME_SEROTONIN_RECEPTORS,ppgs,-0.005547073939879012,0.005775672636148227,-0.9604204201535794,0.3368518564115047
bmi,alt_log_adj,REACTOME_SEROTONIN_RECEPTORS,bmi,0.2884809721332741,0.0057619694620663735,50.06638338374988,0
bmi,alt_log_adj,REACTOME_SEROTONIN_RECEPTORS,ppgs:bmi,-6.515203735910756e-4,0.0057948954919128486,-0.11243004718554707,0.9104832282128713
bmi,alt_log_adj,REACTOME_SHC1_EVENTS_IN_EGFR_SIGNALING,ppgs,-0.004303899345178961,0.005811197080106903,-0.7406218178199846,0.45892890962845834
bmi,alt_log_adj,REACTOME_SHC1_EVENTS_IN_EGFR_SIGNALING,bmi,0.2884156488435543,0.005761551873973215,50.05867432113571,0
bmi,alt_log_adj,REACTOME_SHC1_EVENTS_IN_EGFR_SIGNALING,ppgs:bmi,0.002286844584259321,0.005757691667193006,0.3971808003005144,0.6912371296176567
bmi,alt_log_adj,REACTOME_SHC1_EVENTS_IN_ERBB2_SIGNALING,ppgs,-0.005235834854576262,0.005689942978854796,-0.9201910940116431,0.35748073767445043
bmi,alt_log_adj,REACTOME_SHC1_EVENTS_IN_ERBB2_SIGNALING,bmi,0.28838807738366284,0.005762350235925057,50.046954033741855,0
bmi,alt_log_adj,REACTOME_SHC1_EVENTS_IN_ERBB2_SIGNALING,ppgs:bmi,0.002410762302156714,0.005621685284564867,0.4288326685194924,0.6680482613721606
bmi,alt_log_adj,REACTOME_SHC1_EVENTS_IN_ERBB4_SIGNALING,ppgs,-0.00827563991159084,0.0057018235956018464,-1.4514023053912666,0.1466789340934313
bmi,alt_log_adj,REACTOME_SHC1_EVENTS_IN_ERBB4_SIGNALING,bmi,0.2883743673025798,0.005762025530100979,50.0473949301516,0
bmi,alt_log_adj,REACTOME_SHC1_EVENTS_IN_ERBB4_SIGNALING,ppgs:bmi,4.408831752806098e-4,0.005656119886713735,0.07794798980768555,0.9378699753002837
bmi,alt_log_adj,REACTOME_SHC_MEDIATED_CASCADE_FGFR1,ppgs,0.0020575392399427663,0.00574877235334613,0.35790932628340294,0.7204138358497452
bmi,alt_log_adj,REACTOME_SHC_MEDIATED_CASCADE_FGFR1,bmi,0.2884276706595632,0.005762119114551859,50.05583274583092,0
bmi,alt_log_adj,REACTOME_SHC_MEDIATED_CASCADE_FGFR1,ppgs:bmi,-0.0023023044745189253,0.005722602917659791,-0.40231770535992956,0.6874532594175989
bmi,alt_log_adj,REACTOME_SHC_MEDIATED_CASCADE_FGFR3,ppgs,0.0021103790031309125,0.0057541043674788185,0.36676064046707285,0.7138003065012473
bmi,alt_log_adj,REACTOME_SHC_MEDIATED_CASCADE_FGFR3,bmi,0.2884207139328579,0.005762069299131708,50.05505816744,0
bmi,alt_log_adj,REACTOME_SHC_MEDIATED_CASCADE_FGFR3,ppgs:bmi,-0.0017328033949645092,0.005727438607038239,-0.3025442110955377,0.7622394556763656
bmi,alt_log_adj,REACTOME_SHC_MEDIATED_CASCADE_FGFR4,ppgs,0.0028406430937411107,0.005753283896229914,0.49374290317961955,0.6214915866879807
bmi,alt_log_adj,REACTOME_SHC_MEDIATED_CASCADE_FGFR4,bmi,0.28841225276013993,0.005762085805907494,50.053446351744626,0
bmi,alt_log_adj,REACTOME_SHC_MEDIATED_CASCADE_FGFR4,ppgs:bmi,-0.0013813172531784194,0.005728481336370154,-0.2411314922872193,0.8094549493896102
bmi,alt_log_adj,REACTOME_SHC_RELATED_EVENTS_TRIGGERED_BY_IGF1R,ppgs,-0.003717302845138866,0.005703496334616566,-0.6517586103417339,0.5145621899948498
bmi,alt_log_adj,REACTOME_SHC_RELATED_EVENTS_TRIGGERED_BY_IGF1R,bmi,0.2884321967330333,0.005761647252053794,50.06071772794124,0
bmi,alt_log_adj,REACTOME_SHC_RELATED_EVENTS_TRIGGERED_BY_IGF1R,ppgs:bmi,0.001982311474730669,0.005747982274188187,0.3448708399175847,0.7301940321396878
bmi,alt_log_adj,REACTOME_SIALIC_ACID_METABOLISM,ppgs,0.0037563434846058733,0.005654154681276463,0.6643510297029677,0.5064710711571114
bmi,alt_log_adj,REACTOME_SIALIC_ACID_METABOLISM,bmi,0.2885163602575064,0.005761830564068198,50.07373213241392,0
bmi,alt_log_adj,REACTOME_SIALIC_ACID_METABOLISM,ppgs:bmi,-0.007604387991765194,0.0055665460088776325,-1.3660873330854668,0.1719223903437559
bmi,alt_log_adj,REACTOME_SIGNALING_BY_ACTIVATED_POINT_MUTANTS_OF_FGFR1,ppgs,0.002842179083935292,0.005749863713663103,0.49430373057044286,0.6210955211501101
bmi,alt_log_adj,REACTOME_SIGNALING_BY_ACTIVATED_POINT_MUTANTS_OF_FGFR1,bmi,0.2884219862107746,0.005762039084305421,50.05554144823058,0
bmi,alt_log_adj,REACTOME_SIGNALING_BY_ACTIVATED_POINT_MUTANTS_OF_FGFR1,ppgs:bmi,-0.0023484556830181197,0.005730396160885249,-0.40982431529748253,0.6819379248066435
bmi,alt_log_adj,REACTOME_SIGNALING_BY_ACTIVIN,ppgs,0.007975044782044206,0.005685251404192136,1.4027602677629425,0.16069929028048477
bmi,alt_log_adj,REACTOME_SIGNALING_BY_ACTIVIN,bmi,0.2883753508537025,0.005761905658916001,50.048606819424236,0
bmi,alt_log_adj,REACTOME_SIGNALING_BY_ACTIVIN,ppgs:bmi,0.0017092294434452276,0.005765928259079182,0.2964361273059251,0.7668992104671184
bmi,alt_log_adj,REACTOME_SIGNALING_BY_ALK,ppgs,1.9197632135529603e-4,0.005706250684589613,0.03364316290445322,0.9731619395775328
bmi,alt_log_adj,REACTOME_SIGNALING_BY_ALK,bmi,0.2884729389543438,0.005761991849740927,50.06479468854407,0
bmi,alt_log_adj,REACTOME_SIGNALING_BY_ALK,ppgs:bmi,-0.00516311913694531,0.005574355547323744,-0.9262270935380379,0.3543358602180853
bmi,alt_log_adj,REACTOME_SIGNALING_BY_ALK_IN_CANCER,ppgs,0.003055747940492531,0.005710693115711783,0.5350923046600554,0.5925902281378351
bmi,alt_log_adj,REACTOME_SIGNALING_BY_ALK_IN_CANCER,bmi,0.28837432523568207,0.005762448706706346,50.04371230238833,0
bmi,alt_log_adj,REACTOME_SIGNALING_BY_ALK_IN_CANCER,ppgs:bmi,-0.0014062942800818462,0.005703238063803867,-0.2465782182593822,0.8052364488523642
bmi,alt_log_adj,REACTOME_SIGNALING_BY_BMP,ppgs,0.005302467545386606,0.005705444689896874,0.9293697220088989,0.3527054270565595
bmi,alt_log_adj,REACTOME_SIGNALING_BY_BMP,bmi,0.2883365947133342,0.0057613083053183875,50.047069074078976,0
bmi,alt_log_adj,REACTOME_SIGNALING_BY_BMP,ppgs:bmi,-0.01076172015169586,0.005695838582045133,-1.889400480136462,0.05884838205806543
bmi,alt_log_adj,REACTOME_SIGNALING_BY_BRAF_AND_RAF1_FUSIONS,ppgs,0.01875745742647658,0.005704362180597359,3.288265512010723,0.0010092943178217897
bmi,alt_log_adj,REACTOME_SIGNALING_BY_BRAF_AND_RAF1_FUSIONS,bmi,0.2884402934642187,0.005761590196127872,50.062618764185544,0
bmi,alt_log_adj,REACTOME_SIGNALING_BY_BRAF_AND_RAF1_FUSIONS,ppgs:bmi,-0.008379508636586108,0.005604842598071548,-1.4950479857309884,0.13491305048057223
bmi,alt_log_adj,REACTOME_SIGNALING_BY_CSF1_M_CSF_IN_MYELOID_CELLS,ppgs,-8.313618581041074e-4,0.0057092112450636626,-0.14561763830738006,0.8842242783825641
bmi,alt_log_adj,REACTOME_SIGNALING_BY_CSF1_M_CSF_IN_MYELOID_CELLS,bmi,0.28855185087618485,0.005761924776754311,50.07907288902962,0
bmi,alt_log_adj,REACTOME_SIGNALING_BY_CSF1_M_CSF_IN_MYELOID_CELLS,ppgs:bmi,-0.01006561157643904,0.0057320629156545466,-1.756019032685311,0.07909595659238843
bmi,alt_log_adj,REACTOME_SIGNALING_BY_CSF3_G_CSF,ppgs,0.003552491063975182,0.005707851871686953,0.6223866953515114,0.5336926327802043
bmi,alt_log_adj,REACTOME_SIGNALING_BY_CSF3_G_CSF,bmi,0.2883595492072686,0.005761409088320835,50.05017779275783,0
bmi,alt_log_adj,REACTOME_SIGNALING_BY_CSF3_G_CSF,ppgs:bmi,-0.009073586061141548,0.0057716897076232464,-1.57208486955859,0.11594203022679622
bmi,alt_log_adj,REACTOME_SIGNALING_BY_CTNNB1_PHOSPHO_SITE_MUTANTS,ppgs,0.010292072368281944,0.005704946593823931,1.8040611246780032,0.0712323357336061
bmi,alt_log_adj,REACTOME_SIGNALING_BY_CTNNB1_PHOSPHO_SITE_MUTANTS,bmi,0.2882219895216736,0.005761710554186874,50.02368425332139,0
bmi,alt_log_adj,REACTOME_SIGNALING_BY_CTNNB1_PHOSPHO_SITE_MUTANTS,ppgs:bmi,0.007061143998787285,0.005523785096853408,1.2783162043739944,0.2011484225924985
bmi,alt_log_adj,REACTOME_SIGNALING_BY_CYTOSOLIC_FGFR1_FUSION_MUTANTS,ppgs,-0.007099860776958564,0.005708349766608571,-1.2437676504144408,0.21359537442243087
bmi,alt_log_adj,REACTOME_SIGNALING_BY_CYTOSOLIC_FGFR1_FUSION_MUTANTS,bmi,0.2882604129284184,0.005761011453683869,50.03642420188052,0
bmi,alt_log_adj,REACTOME_SIGNALING_BY_CYTOSOLIC_FGFR1_FUSION_MUTANTS,ppgs:bmi,-0.015710045008568232,0.005888031098953426,-2.6681321386635726,0.007631763055316816
bmi,alt_log_adj,REACTOME_SIGNALING_BY_EGFR,ppgs,0.0012689870695796787,0.005709991369062486,0.22223975266499074,0.8241288506279731
bmi,alt_log_adj,REACTOME_SIGNALING_BY_EGFR,bmi,0.28853516086618214,0.0057615004538576296,50.079864295244924,0
bmi,alt_log_adj,REACTOME_SIGNALING_BY_EGFR,ppgs:bmi,-0.011875764313336645,0.005662695647884589,-2.0971927597368,0.03598534997271836
bmi,alt_log_adj,REACTOME_SIGNALING_BY_EGFR_IN_CANCER,ppgs,-0.003680580497591033,0.0056919102466411456,-0.6466336147452397,0.5178743322853154
bmi,alt_log_adj,REACTOME_SIGNALING_BY_EGFR_IN_CANCER,bmi,0.28843907789744805,0.005761489664405329,50.06328132105036,0
bmi,alt_log_adj,REACTOME_SIGNALING_BY_EGFR_IN_CANCER,ppgs:bmi,-0.00624329315125842,0.005614542416685037,-1.111986104638713,0.26615355499131294
bmi,alt_log_adj,REACTOME_SIGNALING_BY_ERBB2,ppgs,-0.002023030104278113,0.005690950940859856,-0.35548190896413695,0.7222312405445392
bmi,alt_log_adj,REACTOME_SIGNALING_BY_ERBB2,bmi,0.2884205821879921,0.005761892862388905,50.056568054341035,0
bmi,alt_log_adj,REACTOME_SIGNALING_BY_ERBB2,ppgs:bmi,1.9361256581844997e-4,0.005716889091076618,0.0338667696248745,0.9729836304164463
bmi,alt_log_adj,REACTOME_SIGNALING_BY_ERBB2_ECD_MUTANTS,ppgs,0.0014044617561758087,0.005685605635951058,0.24702060714432186,0.804894064778648
bmi,alt_log_adj,REACTOME_SIGNALING_BY_ERBB2_ECD_MUTANTS,bmi,0.288387642984494,0.005761702691899723,50.05250329732097,0
bmi,alt_log_adj,REACTOME_SIGNALING_BY_ERBB2_ECD_MUTANTS,ppgs:bmi,-0.0036010206470341445,0.005617613378265021,-0.6410232254442377,0.5215127753427973
bmi,alt_log_adj,REACTOME_SIGNALING_BY_ERBB2_IN_CANCER,ppgs,-0.00654375463722664,0.005696046942548366,-1.1488238603418208,0.2506383117290171
bmi,alt_log_adj,REACTOME_SIGNALING_BY_ERBB2_IN_CANCER,bmi,0.28843856372583165,0.005761946047712475,50.05922675036907,0
bmi,alt_log_adj,REACTOME_SIGNALING_BY_ERBB2_IN_CANCER,ppgs:bmi,-0.0014004364745035837,0.005669042552694188,-0.24703227423086324,0.8048850356170651
bmi,alt_log_adj,REACTOME_SIGNALING_BY_ERBB4,ppgs,-6.194182291292334e-4,0.005708972012376464,-0.10849908316005026,0.9136005756608632
bmi,alt_log_adj,REACTOME_SIGNALING_BY_ERBB4,bmi,0.28871285450204065,0.005763505609505289,50.09327205752861,0
bmi,alt_log_adj,REACTOME_SIGNALING_BY_ERBB4,ppgs:bmi,0.010977976409478795,0.005877807234555522,1.8676992918276514,0.06181430779792097
bmi,alt_log_adj,REACTOME_SIGNALING_BY_ERYTHROPOIETIN,ppgs,-6.446086369644897e-4,0.005727689431146185,-0.11254252604186592,0.9103940498640489
bmi,alt_log_adj,REACTOME_SIGNALING_BY_ERYTHROPOIETIN,bmi,0.2885180802652212,0.005763087033779508,50.06311349700496,0
bmi,alt_log_adj,REACTOME_SIGNALING_BY_ERYTHROPOIETIN,ppgs:bmi,-0.004856228870982825,0.0054986401034813346,-0.8831690708232055,0.37715241915948283
bmi,alt_log_adj,REACTOME_SIGNALING_BY_FGFR,ppgs,0.0035849673791169914,0.005721137549436959,0.6266179318603873,0.5309147569790773
bmi,alt_log_adj,REACTOME_SIGNALING_BY_FGFR,bmi,0.2884605692927357,0.005761972028470911,50.06282013647439,0
bmi,alt_log_adj,REACTOME_SIGNALING_BY_FGFR,ppgs:bmi,-0.004619956375233308,0.0056758405589190444,-0.8139686672440939,0.41566973791841944
bmi,alt_log_adj,REACTOME_SIGNALING_BY_FGFR1,ppgs,0.0028647520131982194,0.0057145339476423725,0.5013098249910863,0.6161569844710174
bmi,alt_log_adj,REACTOME_SIGNALING_BY_FGFR1,bmi,0.28843158896719906,0.005762048915056472,50.05712259982997,0
bmi,alt_log_adj,REACTOME_SIGNALING_BY_FGFR1,ppgs:bmi,-0.0024869717398072516,0.005673766889711147,-0.4383281492084466,0.6611517633022086
bmi,alt_log_adj,REACTOME_SIGNALING_BY_FGFR1_IN_DISEASE,ppgs,-0.0017915506613610343,0.005710089592746346,-0.31375176032909907,0.7537118937635172
bmi,alt_log_adj,REACTOME_SIGNALING_BY_FGFR1_IN_DISEASE,bmi,0.2884929127517434,0.005761764520166545,50.07023659887517,0
bmi,alt_log_adj,REACTOME_SIGNALING_BY_FGFR1_IN_DISEASE,ppgs:bmi,-0.0080515434710074045,0.005695144087378173,-1.4137558852727863,0.1574445715275633
bmi,alt_log_adj,REACTOME_SIGNALING_BY_FGFR2,ppgs,0.0039032324261094016,0.005724589046607692,0.6818362670805864,0.49534805935900084
bmi,alt_log_adj,REACTOME_SIGNALING_BY_FGFR2,bmi,0.2884714620292641,0.005762092714081885,50.06366199632182,0
bmi,alt_log_adj,REACTOME_SIGNALING_BY_FGFR2,ppgs:bmi,-0.005508877591372028,0.005692082747116075,-0.9678140385719325,0.333145508026064
bmi,alt_log_adj,REACTOME_SIGNALING_BY_FGFR2_IIIA_TM,ppgs,0.0021664002323319035,0.005757107281601521,0.3763001324042117,0.7066965970371837
bmi,alt_log_adj,REACTOME_SIGNALING_BY_FGFR2_IIIA_TM,bmi,0.2884474195552376,0.0057619998007331025,50.060296690489004,0
bmi,alt_log_adj,REACTOME_SIGNALING_BY_FGFR2_IIIA_TM,ppgs:bmi,-0.004104771710042941,0.005737307249083829,-0.7154526560693465,0.47433527791980334
bmi,alt_log_adj,REACTOME_SIGNALING_BY_FGFR2_IN_DISEASE,ppgs,-5.794306833390657e-4,0.005734672690559941,-0.10103988747132651,0.9195195111236742
bmi,alt_log_adj,REACTOME_SIGNALING_BY_FGFR2_IN_DISEASE,bmi,0.288486264695884,0.005762258612406586,50.064789538385334,0
bmi,alt_log_adj,REACTOME_SIGNALING_BY_FGFR2_IN_DISEASE,ppgs:bmi,-0.004774860678043315,0.005707244342257157,-0.836631549606111,0.4028067581965902
bmi,alt_log_adj,REACTOME_SIGNALING_BY_FGFR3,ppgs,0.003715336380039064,0.005717217024519017,0.6498505066547883,0.5157940564724688
bmi,alt_log_adj,REACTOME_SIGNALING_BY_FGFR3,bmi,0.2884262100421097,0.005762123362523637,50.05554235752906,0
bmi,alt_log_adj,REACTOME_SIGNALING_BY_FGFR3,ppgs:bmi,-0.0027159417165895294,0.00568501977264506,-0.4777365471370889,0.6328414120493967
bmi,alt_log_adj,REACTOME_SIGNALING_BY_FGFR4,ppgs,0.004223023612881593,0.00571614909353954,0.7387882197919758,0.4600417227679128
bmi,alt_log_adj,REACTOME_SIGNALING_BY_FGFR4,bmi,0.2884181558505133,0.005762111723144511,50.05424568427444,0
bmi,alt_log_adj,REACTOME_SIGNALING_BY_FGFR4,ppgs:bmi,-0.0023201536795351653,0.005683916318177148,-0.4081963121299518,0.6831326384497632
bmi,alt_log_adj,REACTOME_SIGNALING_BY_FGFR4_IN_DISEASE,ppgs,-0.001756639622038273,0.005696102920608821,-0.3083932377139205,0.7577853929429564
bmi,alt_log_adj,REACTOME_SIGNALING_BY_FGFR4_IN_DISEASE,bmi,0.28842666488675206,0.005761482866423118,50.06118590886568,0
bmi,alt_log_adj,REACTOME_SIGNALING_BY_FGFR4_IN_DISEASE,ppgs:bmi,-0.006992286374069086,0.005608445619247869,-1.2467422970228959,0.21250230561867062
bmi,alt_log_adj,REACTOME_SIGNALING_BY_FGFR_IN_DISEASE,ppgs,-0.002601137466925486,0.0057183903903878465,-0.45487231359681013,0.6492045855063127
bmi,alt_log_adj,REACTOME_SIGNALING_BY_FGFR_IN_DISEASE,bmi,0.2885255113964689,0.00576169956407672,50.076458896846965,0
bmi,alt_log_adj,REACTOME_SIGNALING_BY_FGFR_IN_DISEASE,ppgs:bmi,-0.009523568546712465,0.005681877091853914,-1.6761306858197214,0.09372362457375377
bmi,alt_log_adj,REACTOME_SIGNALING_BY_FLT3_FUSION_PROTEINS,ppgs,-0.0054669141823177215,0.005701689897039811,-0.9588234858504003,0.33765585291455025
bmi,alt_log_adj,REACTOME_SIGNALING_BY_FLT3_FUSION_PROTEINS,bmi,0.2884594806793892,0.0057609687609393055,50.071349568012046,0
bmi,alt_log_adj,REACTOME_SIGNALING_BY_FLT3_FUSION_PROTEINS,ppgs:bmi,-0.013971853160999614,0.005778940076502829,-2.4177189893020645,0.015624397506698385
bmi,alt_log_adj,REACTOME_SIGNALING_BY_FLT3_ITD_AND_TKD_MUTANTS,ppgs,-0.003253647834707136,0.0057062727743987145,-0.5701879253485181,0.5685547636692656
bmi,alt_log_adj,REACTOME_SIGNALING_BY_FLT3_ITD_AND_TKD_MUTANTS,bmi,0.2883988719026874,0.0057613004911447625,50.057946525435085,0
bmi,alt_log_adj,REACTOME_SIGNALING_BY_FLT3_ITD_AND_TKD_MUTANTS,ppgs:bmi,-0.010751087053437506,0.005772962890319607,-1.8623170212068167,0.0625687555745914
bmi,alt_log_adj,REACTOME_SIGNALING_BY_GPCR,ppgs,-0.01610444232573544,0.005703115516685876,-2.823797322466625,0.004749147903350571
bmi,alt_log_adj,REACTOME_SIGNALING_BY_GPCR,bmi,0.2886488565754071,0.005761619393413096,50.098563765840126,0
bmi,alt_log_adj,REACTOME_SIGNALING_BY_GPCR,ppgs:bmi,-0.0027707741418496754,0.005673446312732123,-0.4883758458472788,0.6252874250476481
bmi,alt_log_adj,REACTOME_SIGNALING_BY_HEDGEHOG,ppgs,-0.012354692262645904,0.0057398863871410515,-2.1524280150080783,0.03137207323149443
bmi,alt_log_adj,REACTOME_SIGNALING_BY_HEDGEHOG,bmi,0.28845345772803477,0.005761185337091895,50.068421835156414,0
bmi,alt_log_adj,REACTOME_SIGNALING_BY_HEDGEHOG,ppgs:bmi,-0.005570812789496852,0.00569002176365435,-0.9790494695610905,0.32756389205716174
bmi,alt_log_adj,REACTOME_SIGNALING_BY_HIPPO,ppgs,-0.001631765468859058,0.005696633385867071,-0.2864438271396134,0.7745403043384063
bmi,alt_log_adj,REACTOME_SIGNALING_BY_HIPPO,bmi,0.2884080574599878,0.005761724541657494,50.05585660591482,0
bmi,alt_log_adj,REACTOME_SIGNALING_BY_HIPPO,ppgs:bmi,-4.166969324861877e-4,0.005629119885101588,-0.07402523680283417,0.9409908265814102
bmi,alt_log_adj,REACTOME_SIGNALING_BY_INSULIN_RECEPTOR,ppgs,0.003359107344359419,0.005710770828222444,0.5882055935004115,0.5563989893102348
bmi,alt_log_adj,REACTOME_SIGNALING_BY_INSULIN_RECEPTOR,bmi,0.2884522150215489,0.005762453550598882,50.05718701048281,0
bmi,alt_log_adj,REACTOME_SIGNALING_BY_INSULIN_RECEPTOR,ppgs:bmi,-0.003782941933913058,0.005628798952692051,-0.6720691155799433,0.5015451742221955
bmi,alt_log_adj,REACTOME_SIGNALING_BY_INTERLEUKINS,ppgs,0.009371898985673996,0.005713082332900881,1.6404277830379717,0.10092734721144252
bmi,alt_log_adj,REACTOME_SIGNALING_BY_INTERLEUKINS,bmi,0.2884304640843635,0.005761392847813196,50.06262751095695,0
bmi,alt_log_adj,REACTOME_SIGNALING_BY_INTERLEUKINS,ppgs:bmi,0.00103045368995368,0.0057787858806517415,0.17831664145989498,0.8584755844582589
bmi,alt_log_adj,REACTOME_SIGNALING_BY_KIT_IN_DISEASE,ppgs,-4.08999691221206e-5,0.005711808352608918,-0.007160598990237336,0.9942867678303434
bmi,alt_log_adj,REACTOME_SIGNALING_BY_KIT_IN_DISEASE,bmi,0.28846859604095454,0.005762824877899297,50.05680411133871,0
bmi,alt_log_adj,REACTOME_SIGNALING_BY_KIT_IN_DISEASE,ppgs:bmi,-0.0031011714973798814,0.005655527144486232,-0.548343490916372,0.5834603880500044
bmi,alt_log_adj,REACTOME_SIGNALING_BY_LEPTIN,ppgs,0.009821971262330908,0.00570376864491733,1.722014316110689,0.08507783354466356
bmi,alt_log_adj,REACTOME_SIGNALING_BY_LEPTIN,bmi,0.28837980676900693,0.0057614487526065055,50.05334927930108,0
bmi,alt_log_adj,REACTOME_SIGNALING_BY_LEPTIN,ppgs:bmi,0.0030758247973921636,0.005598744618881918,0.5493775849355338,0.5827506809727021
bmi,alt_log_adj,REACTOME_SIGNALING_BY_LRP5_MUTANTS,ppgs,0.010291781141547517,0.005714742028245121,1.8009178875757423,0.07172644703521586
bmi,alt_log_adj,REACTOME_SIGNALING_BY_LRP5_MUTANTS,bmi,0.2883991059318306,0.005762066009085069,50.05133670407641,0
bmi,alt_log_adj,REACTOME_SIGNALING_BY_LRP5_MUTANTS,ppgs:bmi,-5.88535704677895e-4,0.005795183770336271,-0.10155600374407879,0.9191098210010985
bmi,alt_log_adj,REACTOME_SIGNALING_BY_LTK,ppgs,0.0037501691599368865,0.005699227159765241,0.6580136314642635,0.5105347152708763
bmi,alt_log_adj,REACTOME_SIGNALING_BY_LTK,bmi,0.2884318074984228,0.005761594091018598,50.06111207105717,0
bmi,alt_log_adj,REACTOME_SIGNALING_BY_LTK,ppgs:bmi,-0.003139403015665681,0.005540203636943559,-0.5666584157180257,0.5709507649022795
bmi,alt_log_adj,REACTOME_SIGNALING_BY_LTK_IN_CANCER,ppgs,-7.579662236795303e-4,0.005702609484393905,-0.13291568110245405,0.8942610086262237
bmi,alt_log_adj,REACTOME_SIGNALING_BY_LTK_IN_CANCER,bmi,0.28840576606640983,0.005761592541430951,50.05660570276657,0
bmi,alt_log_adj,REACTOME_SIGNALING_BY_LTK_IN_CANCER,ppgs:bmi,-0.005551362549158663,0.00575260544042514,-0.9650170877612624,0.33454448513587465
bmi,alt_log_adj,REACTOME_SIGNALING_BY_MAPK_MUTANTS,ppgs,-0.0014238258410470084,0.0057027954414491005,-0.24967156119582104,0.8028431617350598
bmi,alt_log_adj,REACTOME_SIGNALING_BY_MAPK_MUTANTS,bmi,0.28848932560660256,0.005761870815273523,50.0686903361105,0
bmi,alt_log_adj,REACTOME_SIGNALING_BY_MAPK_MUTANTS,ppgs:bmi,0.006331168217073471,0.005853934819270458,1.0815235243535712,0.279473502324081
bmi,alt_log_adj,REACTOME_SIGNALING_BY_MEMBRANE_TETHERED_FUSIONS_OF_PDGFRA_OR_PDGFRB,ppgs,0.0035128608313179715,0.00571360329035439,0.6148240703459977,0.538675846171613
bmi,alt_log_adj,REACTOME_SIGNALING_BY_MEMBRANE_TETHERED_FUSIONS_OF_PDGFRA_OR_PDGFRB,bmi,0.28832770813453557,0.005762971762298375,50.031081189879956,0
bmi,alt_log_adj,REACTOME_SIGNALING_BY_MEMBRANE_TETHERED_FUSIONS_OF_PDGFRA_OR_PDGFRB,ppgs:bmi,0.003249223037127972,0.005603537037152423,0.5798521568761051,0.5620189298572544
bmi,alt_log_adj,REACTOME_SIGNALING_BY_MET,ppgs,0.018132146365499417,0.005716926247334634,3.1716600111734956,0.0015173182674371086
bmi,alt_log_adj,REACTOME_SIGNALING_BY_MET,bmi,0.2884600599751611,0.005760763180774734,50.073236986695164,0
bmi,alt_log_adj,REACTOME_SIGNALING_BY_MET,ppgs:bmi,8.227427135138806e-4,0.005825845818774385,0.1412228780347238,0.887694876613878
bmi,alt_log_adj,REACTOME_SIGNALING_BY_MODERATE_KINASE_ACTIVITY_BRAF_MUTANTS,ppgs,0.017367966493646997,0.00570170729441192,3.046099281643034,0.0023204423209300306
bmi,alt_log_adj,REACTOME_SIGNALING_BY_MODERATE_KINASE_ACTIVITY_BRAF_MUTANTS,bmi,0.2884821932673057,0.005761637285591724,50.06948181009599,0
bmi,alt_log_adj,REACTOME_SIGNALING_BY_MODERATE_KINASE_ACTIVITY_BRAF_MUTANTS,ppgs:bmi,-0.00934583292821122,0.005612798606222694,-1.6650932242339596,0.09590520879057923
bmi,alt_log_adj,REACTOME_SIGNALING_BY_MRAS_COMPLEX_MUTANTS,ppgs,0.005835342462289373,0.005783235935407958,1.0090099258379537,0.3129784861200828
bmi,alt_log_adj,REACTOME_SIGNALING_BY_MRAS_COMPLEX_MUTANTS,bmi,0.28846168590205584,0.005760592235893302,50.07500515393166,0
bmi,alt_log_adj,REACTOME_SIGNALING_BY_MRAS_COMPLEX_MUTANTS,ppgs:bmi,0.01753052566559446,0.005772335303808696,3.036990185588749,0.0023917034742272866
bmi,alt_log_adj,REACTOME_SIGNALING_BY_MST1,ppgs,-0.00542373705839829,0.005698243046539664,-0.951826205744581,0.34119324457148503
bmi,alt_log_adj,REACTOME_SIGNALING_BY_MST1,bmi,0.2884497349230295,0.005761797638302769,50.06245498896019,0
bmi,alt_log_adj,REACTOME_SIGNALING_BY_MST1,ppgs:bmi,-0.0026762985827089073,0.005657817393378293,-0.47302668089662125,0.636197786123047
bmi,alt_log_adj,REACTOME_SIGNALING_BY_NODAL,ppgs,0.01319832216268007,0.00570659993270496,2.3128171447659187,0.020739818165994354
bmi,alt_log_adj,REACTOME_SIGNALING_BY_NODAL,bmi,0.2882123776658349,0.005761569528485047,50.02324041060697,0
bmi,alt_log_adj,REACTOME_SIGNALING_BY_NODAL,ppgs:bmi,0.004270212040877865,0.0055930055129292154,0.7634914771684954,0.44517669713262653
bmi,alt_log_adj,REACTOME_SIGNALING_BY_NOTCH,ppgs,-2.175824698877129e-4,0.0057282726101750515,-0.037983958637238066,0.9697007394175767
bmi,alt_log_adj,REACTOME_SIGNALING_BY_NOTCH,bmi,0.2883620387539727,0.005762821431614356,50.03834357456275,0
bmi,alt_log_adj,REACTOME_SIGNALING_BY_NOTCH,ppgs:bmi,0.0026146950662229336,0.005628942871656802,0.4645090784965338,0.6422866240692029
bmi,alt_log_adj,REACTOME_SIGNALING_BY_NOTCH1,ppgs,0.002425720317109439,0.005723942858007804,0.4237848590182645,0.6717259367120643
bmi,alt_log_adj,REACTOME_SIGNALING_BY_NOTCH1,bmi,0.2883136592938969,0.0057635164206743085,50.02391565324375,0
bmi,alt_log_adj,REACTOME_SIGNALING_BY_NOTCH1,ppgs:bmi,0.0032733662322222963,0.005663427025113688,0.5779832983998917,0.5632799862128993
bmi,alt_log_adj,REACTOME_SIGNALING_BY_NOTCH1_HD_DOMAIN_MUTANTS_IN_CANCER,ppgs,0.003649153847475591,0.005679087554512681,0.6425598852716972,0.5205149161288667
bmi,alt_log_adj,REACTOME_SIGNALING_BY_NOTCH1_HD_DOMAIN_MUTANTS_IN_CANCER,bmi,0.28841952176740526,0.005761681361725417,50.05822149127559,0
bmi,alt_log_adj,REACTOME_SIGNALING_BY_NOTCH1_HD_DOMAIN_MUTANTS_IN_CANCER,ppgs:bmi,-0.0015415539904851743,0.0056779651167954874,-0.27149761556745733,0.7860103103465622
bmi,alt_log_adj,REACTOME_SIGNALING_BY_NOTCH1_PEST_DOMAIN_MUTANTS_IN_CANCER,ppgs,0.0010879063991454524,0.005707851638221302,0.1905982264606424,0.8488417446444062
bmi,alt_log_adj,REACTOME_SIGNALING_BY_NOTCH1_PEST_DOMAIN_MUTANTS_IN_CANCER,bmi,0.28837902502654356,0.005762871485967421,50.04085649467385,0
bmi,alt_log_adj,REACTOME_SIGNALING_BY_NOTCH1_PEST_DOMAIN_MUTANTS_IN_CANCER,ppgs:bmi,0.0013070055471826505,0.005593415473004805,0.2336685972087323,0.8152439559653542
bmi,alt_log_adj,REACTOME_SIGNALING_BY_NOTCH1_T_7_9_NOTCH1_M1580_K2555_TRANSLOCATION_MUTANT,ppgs,0.0016478039406639812,0.005687915446510861,0.28970260830350314,0.7720458794933001
bmi,alt_log_adj,REACTOME_SIGNALING_BY_NOTCH1_T_7_9_NOTCH1_M1580_K2555_TRANSLOCATION_MUTANT,bmi,0.2884273390189421,0.005761778804592001,50.05873165229327,0
bmi,alt_log_adj,REACTOME_SIGNALING_BY_NOTCH1_T_7_9_NOTCH1_M1580_K2555_TRANSLOCATION_MUTANT,ppgs:bmi,-0.00243815159623539,0.005630193400878181,-0.43304935064132866,0.6649822123520217
bmi,alt_log_adj,REACTOME_SIGNALING_BY_NOTCH2,ppgs,-0.008731293001709226,0.005700601620113803,-1.531644128735823,0.12562143541542237
bmi,alt_log_adj,REACTOME_SIGNALING_BY_NOTCH2,bmi,0.2883826155058481,0.005761365106442444,50.05456348936719,0
bmi,alt_log_adj,REACTOME_SIGNALING_BY_NOTCH2,ppgs:bmi,0.00413021930309177,0.005658505489981791,0.7299134569020381,0.46544911749724327
bmi,alt_log_adj,REACTOME_SIGNALING_BY_NOTCH3,ppgs,-0.0074196354347600985,0.005744581582581461,-1.2915884870114271,0.1965102237499704
bmi,alt_log_adj,REACTOME_SIGNALING_BY_NOTCH3,bmi,0.2883943280991307,0.0057614826505169876,50.05557520393688,0
bmi,alt_log_adj,REACTOME_SIGNALING_BY_NOTCH3,ppgs:bmi,4.1895622774271033e-4,0.005718638753734964,0.07326153054677237,0.9415985204615022
bmi,alt_log_adj,REACTOME_SIGNALING_BY_NOTCH4,ppgs,-0.011372481357956696,0.005688520414173961,-1.9991984786799983,0.04559641150420075
bmi,alt_log_adj,REACTOME_SIGNALING_BY_NOTCH4,bmi,0.28845152794981044,0.005761158563813075,50.0683195497567,0
bmi,alt_log_adj,REACTOME_SIGNALING_BY_NOTCH4,ppgs:bmi,0.0053410037022684756,0.005667708460228459,0.9423568166477613,0.3460180188352239
bmi,alt_log_adj,REACTOME_SIGNALING_BY_NTRK2_TRKB,ppgs,-0.0018749551835311137,0.005709457108400424,-0.32839465257957,0.7426157112003844
bmi,alt_log_adj,REACTOME_SIGNALING_BY_NTRK2_TRKB,bmi,0.28841971712325126,0.005762427304545068,50.05177538565433,0
bmi,alt_log_adj,REACTOME_SIGNALING_BY_NTRK2_TRKB,ppgs:bmi,-1.9158078137780413e-4,0.005698742853413731,-0.033618077935038085,0.9731819429951098
bmi,alt_log_adj,REACTOME_SIGNALING_BY_NTRK3_TRKC,ppgs,0.00437198097146805,0.005706407120269357,0.7661530064931087,0.44359164584165744
bmi,alt_log_adj,REACTOME_SIGNALING_BY_NTRK3_TRKC,bmi,0.2884647556075589,0.0057617576581726225,50.06540932841791,0
bmi,alt_log_adj,REACTOME_SIGNALING_BY_NTRK3_TRKC,ppgs:bmi,-0.005262748036655986,0.005527227035533341,-0.9521497855656955,0.34102914123328143
bmi,alt_log_adj,REACTOME_SIGNALING_BY_NTRKS,ppgs,-0.0013760238179124696,0.00570441315454052,-0.24122092503366468,0.8093856384497121
bmi,alt_log_adj,REACTOME_SIGNALING_BY_NTRKS,bmi,0.2883975967654527,0.005761674148849353,50.054478839808695,0
bmi,alt_log_adj,REACTOME_SIGNALING_BY_NTRKS,ppgs:bmi,-0.002663511437146265,0.005714946313179361,-0.46606062265254944,0.6411756890578326
bmi,alt_log_adj,REACTOME_SIGNALING_BY_NUCLEAR_RECEPTORS,ppgs,0.013709758835720195,0.005699844464727652,2.405286481159319,0.016166157830553127
bmi,alt_log_adj,REACTOME_SIGNALING_BY_NUCLEAR_RECEPTORS,bmi,0.2882565827696839,0.00576080993690858,50.03750964302267,0
bmi,alt_log_adj,REACTOME_SIGNALING_BY_NUCLEAR_RECEPTORS,ppgs:bmi,0.01110109616134181,0.005582623823987383,1.9885087212293777,0.04676505443741911
bmi,alt_log_adj,REACTOME_SIGNALING_BY_PDGF,ppgs,-0.0027169577584350503,0.005745268323172574,-0.4729035452489935,0.6362856364818186
bmi,alt_log_adj,REACTOME_SIGNALING_BY_PDGF,bmi,0.28842329178072984,0.005761570558758868,50.05983851786078,0
bmi,alt_log_adj,REACTOME_SIGNALING_BY_PDGF,ppgs:bmi,-0.00260018025419658,0.005705690474376901,-0.45571701897841504,0.6485969727186234
bmi,alt_log_adj,REACTOME_SIGNALING_BY_PDGFRA_TRANSMEMBRANE_JUXTAMEMBRANE_AND_KINASE_DOMAIN_MUTANTS,ppgs,-0.005818070104455313,0.005704624835829681,-1.0198865432680346,0.30779097595220367
bmi,alt_log_adj,REACTOME_SIGNALING_BY_PDGFRA_TRANSMEMBRANE_JUXTAMEMBRANE_AND_KINASE_DOMAIN_MUTANTS,bmi,0.28847383288869805,0.005761471078275747,50.06947513394973,0
bmi,alt_log_adj,REACTOME_SIGNALING_BY_PDGFRA_TRANSMEMBRANE_JUXTAMEMBRANE_AND_KINASE_DOMAIN_MUTANTS,ppgs:bmi,-0.0066775882902191325,0.005654704382900288,-1.180890783683056,0.23765602059619229
bmi,alt_log_adj,REACTOME_SIGNALING_BY_PDGFR_IN_DISEASE,ppgs,-0.0027233954340639805,0.0056866967633698385,-0.47890639283008707,0.6320089167053525
bmi,alt_log_adj,REACTOME_SIGNALING_BY_PDGFR_IN_DISEASE,bmi,0.28830601285708024,0.005762512811981648,50.03130097301004,0
bmi,alt_log_adj,REACTOME_SIGNALING_BY_PDGFR_IN_DISEASE,ppgs:bmi,0.007303933070007,0.005487360158184129,1.3310467801377208,0.18318432350711503
bmi,alt_log_adj,REACTOME_SIGNALING_BY_PTK6,ppgs,4.464193031171319e-5,0.005700061825029851,0.007831832650601014,0.9937512206370385
bmi,alt_log_adj,REACTOME_SIGNALING_BY_PTK6,bmi,0.2882982336946409,0.005761899159335816,50.0352792928562,0
bmi,alt_log_adj,REACTOME_SIGNALING_BY_PTK6,ppgs:bmi,0.008462077898261068,0.00566053760424652,1.494924773914202,0.13494520706663962
bmi,alt_log_adj,REACTOME_SIGNALING_BY_RECEPTOR_TYROSINE_KINASES,ppgs,0.00928269543911308,0.005725402649421049,1.6213174876096694,0.10496068793930778
bmi,alt_log_adj,REACTOME_SIGNALING_BY_RECEPTOR_TYROSINE_KINASES,bmi,0.2883733961353533,0.005761254182099181,50.053926978497074,0
bmi,alt_log_adj,REACTOME_SIGNALING_BY_RECEPTOR_TYROSINE_KINASES,ppgs:bmi,-0.0062691975636752825,0.0057157471515500305,-1.0968290579430484,0.27272544220588646
bmi,alt_log_adj,REACTOME_SIGNALING_BY_RETINOIC_ACID,ppgs,0.008769377228507099,0.005709240249089641,1.535997233590828,0.12455021923485954
bmi,alt_log_adj,REACTOME_SIGNALING_BY_RETINOIC_ACID,bmi,0.28855521981699367,0.00576134149683116,50.08472765860245,0
bmi,alt_log_adj,REACTOME_SIGNALING_BY_RETINOIC_ACID,ppgs:bmi,0.010419755462938243,0.005776679622878372,1.8037620472617355,0.0712792297354531
bmi,alt_log_adj,REACTOME_SIGNALING_BY_RHO_GTPASES_MIRO_GTPASES_AND_RHOBTB3,ppgs,0.009554242063421045,0.005715340066525092,1.6716839159546273,0.09459770425533326
bmi,alt_log_adj,REACTOME_SIGNALING_BY_RHO_GTPASES_MIRO_GTPASES_AND_RHOBTB3,bmi,0.28846021466878063,0.005761349909772092,50.06816443825256,0
bmi,alt_log_adj,REACTOME_SIGNALING_BY_RHO_GTPASES_MIRO_GTPASES_AND_RHOBTB3,ppgs:bmi,0.0029664442125998574,0.00569055478025869,0.5212926203418438,0.6021670132354215
bmi,alt_log_adj,REACTOME_SIGNALING_BY_RNF43_MUTANTS,ppgs,0.014375356947113404,0.005707119863195802,2.518846159131424,0.0117794644654812
bmi,alt_log_adj,REACTOME_SIGNALING_BY_RNF43_MUTANTS,bmi,0.28843152282186324,0.00576092481768432,50.06687848736795,0
bmi,alt_log_adj,REACTOME_SIGNALING_BY_RNF43_MUTANTS,ppgs:bmi,0.003577893937327732,0.00577176478697432,0.6198960057073529,0.5353312382001663
bmi,alt_log_adj,REACTOME_SIGNALING_BY_ROBO_RECEPTORS,ppgs,8.425553832860175e-5,0.005709279970903366,0.014757646981405642,0.9882256325646099
bmi,alt_log_adj,REACTOME_SIGNALING_BY_ROBO_RECEPTORS,bmi,0.2883276008519477,0.00576207394647127,50.03885814907345,0
bmi,alt_log_adj,REACTOME_SIGNALING_BY_ROBO_RECEPTORS,ppgs:bmi,-0.006162074049812373,0.005828443342178851,-1.0572418205079095,0.29041024719027625
bmi,alt_log_adj,REACTOME_SIGNALING_BY_SCF_KIT,ppgs,0.0013119049378649045,0.005708811104264767,0.22980352894928435,0.8182461004422609
bmi,alt_log_adj,REACTOME_SIGNALING_BY_SCF_KIT,bmi,0.28847829754881316,0.005761597031770448,50.06915547166761,0
bmi,alt_log_adj,REACTOME_SIGNALING_BY_SCF_KIT,ppgs:bmi,-0.009304689456555007,0.005774529117956456,-1.6113330223967832,0.10711828984865848
bmi,alt_log_adj,REACTOME_SIGNALING_BY_TGFBR3,ppgs,0.005630425403397479,0.00571658627463829,0.9849279155248537,0.3246678861669666
bmi,alt_log_adj,REACTOME_SIGNALING_BY_TGFBR3,bmi,0.28834383418883874,0.005761483293658808,50.04680556935662,0
bmi,alt_log_adj,REACTOME_SIGNALING_BY_TGFBR3,ppgs:bmi,0.008764319502322518,0.005750948767692404,1.5239780176026927,0.12752535766521228
bmi,alt_log_adj,REACTOME_SIGNALING_BY_TGFB_FAMILY_MEMBERS,ppgs,0.005393407591708752,0.005697273693562512,0.9466646473036557,0.34381775953596994
bmi,alt_log_adj,REACTOME_SIGNALING_BY_TGFB_FAMILY_MEMBERS,bmi,0.28835510990156304,0.005761371751007625,50.04973162010101,0
bmi,alt_log_adj,REACTOME_SIGNALING_BY_TGFB_FAMILY_MEMBERS,ppgs:bmi,0.009363739917548517,0.005711132241520974,1.639559289044722,0.10110792966977517
bmi,alt_log_adj,REACTOME_SIGNALING_BY_TGF_BETA_RECEPTOR_COMPLEX,ppgs,0.0043913823826960095,0.005697812810553468,0.7707136981689372,0.4408830739455549
bmi,alt_log_adj,REACTOME_SIGNALING_BY_TGF_BETA_RECEPTOR_COMPLEX,bmi,0.2883684047550826,0.005761433667730226,50.05150130777921,0
bmi,alt_log_adj,REACTOME_SIGNALING_BY_TGF_BETA_RECEPTOR_COMPLEX,ppgs:bmi,0.008857733030719444,0.005714723848595011,1.5499844376377268,0.12115641449347306
bmi,alt_log_adj,REACTOME_SIGNALING_BY_TGF_BETA_RECEPTOR_COMPLEX_IN_CANCER,ppgs,0.005352889255902015,0.005692113622506566,0.9404044983811882,0.34701812869686555
bmi,alt_log_adj,REACTOME_SIGNALING_BY_TGF_BETA_RECEPTOR_COMPLEX_IN_CANCER,bmi,0.2883417532965439,0.005761873693049001,50.043053467901096,0
bmi,alt_log_adj,REACTOME_SIGNALING_BY_TGF_BETA_RECEPTOR_COMPLEX_IN_CANCER,ppgs:bmi,0.003793359154433516,0.005759821249871162,0.6585897356655586,0.5101646046896033
bmi,alt_log_adj,REACTOME_SIGNALING_BY_THE_B_CELL_RECEPTOR_BCR,ppgs,-0.0016875705599171877,0.005676085481993049,-0.297312393421642,0.766230199147729
bmi,alt_log_adj,REACTOME_SIGNALING_BY_THE_B_CELL_RECEPTOR_BCR,bmi,0.2884156456896378,0.005761524236015184,50.05891390454575,0
bmi,alt_log_adj,REACTOME_SIGNALING_BY_THE_B_CELL_RECEPTOR_BCR,ppgs:bmi,0.004641209446615984,0.005725098643144031,0.8106776382226994,0.41755762397098584
bmi,alt_log_adj,REACTOME_SIGNALING_BY_TYPE_1_INSULIN_LIKE_GROWTH_FACTOR_1_RECEPTOR_IGF1R,ppgs,9.412553306400059e-4,0.005699231114092676,0.16515479225127982,0.8688233247402499
bmi,alt_log_adj,REACTOME_SIGNALING_BY_TYPE_1_INSULIN_LIKE_GROWTH_FACTOR_1_RECEPTOR_IGF1R,bmi,0.28849828026395474,0.005762034065162957,50.068825869705385,0
bmi,alt_log_adj,REACTOME_SIGNALING_BY_TYPE_1_INSULIN_LIKE_GROWTH_FACTOR_1_RECEPTOR_IGF1R,ppgs:bmi,-0.007242951917853332,0.005651030948837393,-1.2817045214278027,0.19995680107596217
bmi,alt_log_adj,REACTOME_SIGNALING_BY_VEGF,ppgs,0.01632100672598427,0.005702577666656692,2.8620402351403578,0.004212316273308402
bmi,alt_log_adj,REACTOME_SIGNALING_BY_VEGF,bmi,0.28843568909688366,0.005761063782715202,50.066393981311435,0
bmi,alt_log_adj,REACTOME_SIGNALING_BY_VEGF,ppgs:bmi,-0.00972623973838628,0.005605242214999743,-1.7352041830339935,0.08271551355545921
bmi,alt_log_adj,REACTOME_SIGNALING_BY_WNT,ppgs,0.009080204322683158,0.005695963921793765,1.594147092108623,0.11091424176621126
bmi,alt_log_adj,REACTOME_SIGNALING_BY_WNT,bmi,0.28842811072432856,0.0057613647862611445,50.0624628754856,0
bmi,alt_log_adj,REACTOME_SIGNALING_BY_WNT,ppgs:bmi,0.002338759687576494,0.005683149275356362,0.41152529596890486,0.6806905077526988
bmi,alt_log_adj,REACTOME_SIGNALING_BY_WNT_IN_CANCER,ppgs,0.020629187649353963,0.005679537517459049,3.632194978189561,2.8151617271541277e-4
bmi,alt_log_adj,REACTOME_SIGNALING_BY_WNT_IN_CANCER,bmi,0.28803576424799243,0.0057618265399168,49.99035674755867,0
bmi,alt_log_adj,REACTOME_SIGNALING_BY_WNT_IN_CANCER,ppgs:bmi,0.007336884803975237,0.0056150626831095105,1.306643437132961,0.1913444371643848
bmi,alt_log_adj,REACTOME_SIGNALLING_TO_ERKS,ppgs,0.016484809949405366,0.005706379239939023,2.888838833919058,0.003869600047000712
bmi,alt_log_adj,REACTOME_SIGNALLING_TO_ERKS,bmi,0.28862492665787537,0.0057609255067468225,50.10044415951162,0
bmi,alt_log_adj,REACTOME_SIGNALLING_TO_ERKS,ppgs:bmi,0.012093244463062858,0.0057620880215425935,2.098760799531369,0.035846815155815816
bmi,alt_log_adj,REACTOME_SIGNALLING_TO_P38_VIA_RIT_AND_RIN,ppgs,0.0024353536123756284,0.005698384131331834,0.42737617476244694,0.6691086040460013
bmi,alt_log_adj,REACTOME_SIGNALLING_TO_P38_VIA_RIT_AND_RIN,bmi,0.2884318954228898,0.005761248018165166,50.06413445723331,0
bmi,alt_log_adj,REACTOME_SIGNALLING_TO_P38_VIA_RIT_AND_RIN,ppgs:bmi,0.010643644243012968,0.005814795325390913,1.8304417692117863,0.06719439970363594
bmi,alt_log_adj,REACTOME_SIGNALLING_TO_RAS,ppgs,0.013293678514236247,0.005715157014605794,2.3260390712385677,0.020023481328425928
bmi,alt_log_adj,REACTOME_SIGNALLING_TO_RAS,bmi,0.2885801407958213,0.00576130112061858,50.08940424291466,0
bmi,alt_log_adj,REACTOME_SIGNALLING_TO_RAS,ppgs:bmi,0.009906596666242487,0.0057444704072685095,1.7245448168220374,0.08462043642392135
bmi,alt_log_adj,REACTOME_SIGNAL_AMPLIFICATION,ppgs,-0.001474097315965644,0.005691698252926459,-0.25899077049766617,0.7956442421652851
bmi,alt_log_adj,REACTOME_SIGNAL_AMPLIFICATION,bmi,0.2884169944067264,0.005762026710801085,50.054782610792216,0
bmi,alt_log_adj,REACTOME_SIGNAL_AMPLIFICATION,ppgs:bmi,-0.0014408346461365223,0.005745532548533178,-0.25077477744066806,0.8019900607356382
bmi,alt_log_adj,REACTOME_SIGNAL_ATTENUATION,ppgs,0.006239070341645584,0.005711566912594412,1.0923570426686222,0.27468547988954695
bmi,alt_log_adj,REACTOME_SIGNAL_ATTENUATION,bmi,0.28843346097466815,0.005761536187494666,50.061902171283585,0
bmi,alt_log_adj,REACTOME_SIGNAL_ATTENUATION,ppgs:bmi,-1.254500484578687e-4,0.005593094690419944,-0.022429451922697484,0.9821055448849463
bmi,alt_log_adj,REACTOME_SIGNAL_REGULATORY_PROTEIN_FAMILY_INTERACTIONS,ppgs,-0.004156180153732817,0.005724604397290156,-0.7260205012070737,0.4678321965897957
bmi,alt_log_adj,REACTOME_SIGNAL_REGULATORY_PROTEIN_FAMILY_INTERACTIONS,bmi,0.28842054695862834,0.005761484908965129,50.060106294790955,0
bmi,alt_log_adj,REACTOME_SIGNAL_REGULATORY_PROTEIN_FAMILY_INTERACTIONS,ppgs:bmi,-0.0045477331625265564,0.005702319660902227,-0.7975233646945372,0.42515381881911996
bmi,alt_log_adj,REACTOME_SIGNAL_TRANSDUCTION_BY_L1,ppgs,0.0010385632660508345,0.005745238792932577,0.18076938200173825,0.856549889022607
bmi,alt_log_adj,REACTOME_SIGNAL_TRANSDUCTION_BY_L1,bmi,0.2884541000558891,0.0057619254815220455,50.06210180623376,0
bmi,alt_log_adj,REACTOME_SIGNAL_TRANSDUCTION_BY_L1,ppgs:bmi,0.0035320793464101714,0.005776866598206022,0.6114178484763767,0.540927892333121
bmi,alt_log_adj,REACTOME_SIRT1_NEGATIVELY_REGULATES_RRNA_EXPRESSION,ppgs,-0.004527732307552248,0.0056950515047789665,-0.7950292115449404,0.4266031662170513
bmi,alt_log_adj,REACTOME_SIRT1_NEGATIVELY_REGULATES_RRNA_EXPRESSION,bmi,0.28840467519277546,0.005761358299354517,50.058451533050345,0
bmi,alt_log_adj,REACTOME_SIRT1_NEGATIVELY_REGULATES_RRNA_EXPRESSION,ppgs:bmi,-0.008554057381375563,0.005743719810058402,-1.4892887648167827,0.13642246969281321
bmi,alt_log_adj,REACTOME_SLBP_DEPENDENT_PROCESSING_OF_REPLICATION_DEPENDENT_HISTONE_PRE_MRNAS,ppgs,-0.00402787451850289,0.005711698646842055,-0.7051973095131453,0.4806932495313132
bmi,alt_log_adj,REACTOME_SLBP_DEPENDENT_PROCESSING_OF_REPLICATION_DEPENDENT_HISTONE_PRE_MRNAS,bmi,0.2884654055410267,0.005762506723114176,50.05901414118162,0
bmi,alt_log_adj,REACTOME_SLBP_DEPENDENT_PROCESSING_OF_REPLICATION_DEPENDENT_HISTONE_PRE_MRNAS,ppgs:bmi,-0.0015298910462395979,0.005539993299488304,-0.27615395245710944,0.7824318361637752
bmi,alt_log_adj,REACTOME_SLC15A4_TASL_DEPENDENT_IRF5_ACTIVATION,ppgs,-0.0035394113608906127,0.005691574173713996,-0.6218686171634297,0.5340332635413765
bmi,alt_log_adj,REACTOME_SLC15A4_TASL_DEPENDENT_IRF5_ACTIVATION,bmi,0.28845588780205395,0.005760953689246093,50.07085690352125,0
bmi,alt_log_adj,REACTOME_SLC15A4_TASL_DEPENDENT_IRF5_ACTIVATION,ppgs:bmi,0.01418282128853015,0.005654986986232603,2.50802014629902,0.012146515274522929
bmi,alt_log_adj,REACTOME_SLC_MEDIATED_TRANSMEMBRANE_TRANSPORT,ppgs,0.011570422956214244,0.005679338138816293,2.0372836892972517,0.04163088956616105
bmi,alt_log_adj,REACTOME_SLC_MEDIATED_TRANSMEMBRANE_TRANSPORT,bmi,0.28844079029815506,0.005761341519698758,50.064865849722565,0
bmi,alt_log_adj,REACTOME_SLC_MEDIATED_TRANSMEMBRANE_TRANSPORT,ppgs:bmi,-0.007980382594369664,0.005555920068724443,-1.4363746230427397,0.15090680543152282
bmi,alt_log_adj,REACTOME_SLC_TRANSPORTER_DISORDERS,ppgs,0.011257825075623264,0.005678968104953412,1.9823715977210299,0.04744730505289338
bmi,alt_log_adj,REACTOME_SLC_TRANSPORTER_DISORDERS,bmi,0.28846783746866606,0.005761811913803436,50.06547276865989,0
bmi,alt_log_adj,REACTOME_SLC_TRANSPORTER_DISORDERS,ppgs:bmi,-0.00768479973476188,0.005582660151279513,-1.3765480123307468,0.16866290544788923
bmi,alt_log_adj,REACTOME_SMAC_XIAP_REGULATED_APOPTOTIC_RESPONSE,ppgs,0.01084450094170194,0.005821985737014114,1.8626807813623558,0.06251752746317947
bmi,alt_log_adj,REACTOME_SMAC_XIAP_REGULATED_APOPTOTIC_RESPONSE,bmi,0.2885838372358228,0.005762122618216132,50.08290457469718,0
bmi,alt_log_adj,REACTOME_SMAC_XIAP_REGULATED_APOPTOTIC_RESPONSE,ppgs:bmi,0.004664411775888252,0.005852268250681328,0.7970263111820303,0.42544242592970183
bmi,alt_log_adj,REACTOME_SMAD2_SMAD3_SMAD4_HETEROTRIMER_REGULATES_TRANSCRIPTION,ppgs,0.001103705538377815,0.00568717033538016,0.19406936548244558,0.846122958939971
bmi,alt_log_adj,REACTOME_SMAD2_SMAD3_SMAD4_HETEROTRIMER_REGULATES_TRANSCRIPTION,bmi,0.2883994815085993,0.005761467444021538,50.05660177909376,0
bmi,alt_log_adj,REACTOME_SMAD2_SMAD3_SMAD4_HETEROTRIMER_REGULATES_TRANSCRIPTION,ppgs:bmi,-0.006876592144351161,0.005697261618591913,-1.2069995384994663,0.2274423930690946
bmi,alt_log_adj,REACTOME_SMALL_INTERFERING_RNA_SIRNA_BIOGENESIS,ppgs,0.009266356268500982,0.005789660140571839,1.6005009004873563,0.10949865057341991
bmi,alt_log_adj,REACTOME_SMALL_INTERFERING_RNA_SIRNA_BIOGENESIS,bmi,0.2884061183517081,0.005761511916866274,50.05736732183558,0
bmi,alt_log_adj,REACTOME_SMALL_INTERFERING_RNA_SIRNA_BIOGENESIS,ppgs:bmi,-0.005572719564417172,0.005780325262717168,-0.9640840802438848,0.3350119973118486
bmi,alt_log_adj,REACTOME_SMOOTH_MUSCLE_CONTRACTION,ppgs,-8.002594923183813e-4,0.005705974961955827,-0.14024938729210226,0.8884639484881015
bmi,alt_log_adj,REACTOME_SMOOTH_MUSCLE_CONTRACTION,bmi,0.2885093189493249,0.005761793281790281,50.072834070798265,0
bmi,alt_log_adj,REACTOME_SMOOTH_MUSCLE_CONTRACTION,ppgs:bmi,-0.00832948368254534,0.005588472010115852,-1.4904760491719211,0.13611023556017549
bmi,alt_log_adj,REACTOME_SNRNP_ASSEMBLY,ppgs,-5.490772286459202e-4,0.005724351697013522,-0.09591954822279382,0.9235851469484693
bmi,alt_log_adj,REACTOME_SNRNP_ASSEMBLY,bmi,0.2883612133418971,0.005763780371233077,50.029875319521665,0
bmi,alt_log_adj,REACTOME_SNRNP_ASSEMBLY,ppgs:bmi,0.001961434319472387,0.005532108908676458,0.3545545382152744,0.7229259767236018
bmi,alt_log_adj,REACTOME_SODIUM_CALCIUM_EXCHANGERS,ppgs,0.013785781962598121,0.005711729919449578,2.4135913562115023,0.01580246543013518
bmi,alt_log_adj,REACTOME_SODIUM_CALCIUM_EXCHANGERS,bmi,0.2882710855482311,0.0057612947149616725,50.03581656734408,0
bmi,alt_log_adj,REACTOME_SODIUM_CALCIUM_EXCHANGERS,ppgs:bmi,-0.0026418236596351496,0.005747616354249754,-0.45963813462981057,0.6457795068566822
bmi,alt_log_adj,REACTOME_SODIUM_COUPLED_PHOSPHATE_COTRANSPORTERS,ppgs,0.005220339216019749,0.00570728584344328,0.9146798249148583,0.36036751867837324
bmi,alt_log_adj,REACTOME_SODIUM_COUPLED_PHOSPHATE_COTRANSPORTERS,bmi,0.28848204298860713,0.005761748604844285,50.06848836585149,0
bmi,alt_log_adj,REACTOME_SODIUM_COUPLED_PHOSPHATE_COTRANSPORTERS,ppgs:bmi,0.004760753052180074,0.005745770149763615,0.8285665677691502,0.40735668830219207
bmi,alt_log_adj,REACTOME_SODIUM_COUPLED_SULPHATE_DI_AND_TRI_CARBOXYLATE_TRANSPORTERS,ppgs,7.278896889356822e-4,0.005700452335319631,0.12768981233747453,0.8983953583919708
bmi,alt_log_adj,REACTOME_SODIUM_COUPLED_SULPHATE_DI_AND_TRI_CARBOXYLATE_TRANSPORTERS,bmi,0.2884438341334277,0.0057625641849393516,50.05477160450291,0
bmi,alt_log_adj,REACTOME_SODIUM_COUPLED_SULPHATE_DI_AND_TRI_CARBOXYLATE_TRANSPORTERS,ppgs:bmi,0.0015103700856182619,0.0057964779471215274,0.2605668648093963,0.7944284377878263
bmi,alt_log_adj,REACTOME_SODIUM_PROTON_EXCHANGERS,ppgs,-0.006991957675801227,0.005736224432123552,-1.2189128508719806,0.2228874143815393
bmi,alt_log_adj,REACTOME_SODIUM_PROTON_EXCHANGERS,bmi,0.28851998462375567,0.0057623054873461085,50.070234085530345,0
bmi,alt_log_adj,REACTOME_SODIUM_PROTON_EXCHANGERS,ppgs:bmi,-0.0037520187388011017,0.005675823671267626,-0.6610527310414375,0.5085838697507337
bmi,alt_log_adj,REACTOME_SOMITOGENESIS,ppgs,-0.01001178599512027,0.005694749945735769,-1.758072977834101,0.07874588343779688
bmi,alt_log_adj,REACTOME_SOMITOGENESIS,bmi,0.28837091233363826,0.0057614239808909465,50.0520206966342,0
bmi,alt_log_adj,REACTOME_SOMITOGENESIS,ppgs:bmi,-0.0016142841585744978,0.005690994487372035,-0.28365589918536993,0.7766761658740715
bmi,alt_log_adj,REACTOME_SOS_MEDIATED_SIGNALLING,ppgs,0.005275703150845281,0.005699921246923181,0.9255747443340743,0.3546749025383762
bmi,alt_log_adj,REACTOME_SOS_MEDIATED_SIGNALLING,bmi,0.28842843720128614,0.005761561253480705,50.06081242771466,0
bmi,alt_log_adj,REACTOME_SOS_MEDIATED_SIGNALLING,ppgs:bmi,-4.011815589281494e-4,0.005615132674643639,-0.07144649684588444,0.9430429090120809
bmi,alt_log_adj,REACTOME_SPECIFICATION_OF_PRIMORDIAL_GERM_CELLS,ppgs,0.005839358808675376,0.005683361177374648,1.0274481290968718,0.3042182650272218
bmi,alt_log_adj,REACTOME_SPECIFICATION_OF_PRIMORDIAL_GERM_CELLS,bmi,0.2885040910340654,0.005764028156303369,50.05251244627699,0
bmi,alt_log_adj,REACTOME_SPECIFICATION_OF_PRIMORDIAL_GERM_CELLS,ppgs:bmi,-0.005259331621490011,0.0055576522211460005,-0.9463225499211833,0.3439921612743453
bmi,alt_log_adj,REACTOME_SPECIFICATION_OF_THE_NEURAL_PLATE_BORDER,ppgs,0.007054853776980284,0.005704335671310273,1.236752916288287,0.21618907252167027
bmi,alt_log_adj,REACTOME_SPECIFICATION_OF_THE_NEURAL_PLATE_BORDER,bmi,0.28855014398507195,0.005762886100922891,50.070422863096745,0
bmi,alt_log_adj,REACTOME_SPECIFICATION_OF_THE_NEURAL_PLATE_BORDER,ppgs:bmi,0.0036462604998908914,0.005780030381199067,0.6308376010879159,0.5281518006883082
bmi,alt_log_adj,REACTOME_SPERM_MOTILITY_AND_TAXES,ppgs,-0.005182524214837854,0.00569204177740257,-0.9104859762998397,0.3625740156881547
bmi,alt_log_adj,REACTOME_SPERM_MOTILITY_AND_TAXES,bmi,0.28847948232002707,0.005761601168685172,50.06932515355964,0
bmi,alt_log_adj,REACTOME_SPERM_MOTILITY_AND_TAXES,ppgs:bmi,0.006921288109451164,0.0058436679689766995,1.184408174146001,0.23626145622115718
bmi,alt_log_adj,REACTOME_SPHINGOLIPID_CATABOLISM,ppgs,-0.010762976041048382,0.005707650374945321,-1.885710464728928,0.059344197351464664
bmi,alt_log_adj,REACTOME_SPHINGOLIPID_CATABOLISM,bmi,0.2885208762979438,0.0057614603685427895,50.07773339434037,0
bmi,alt_log_adj,REACTOME_SPHINGOLIPID_CATABOLISM,ppgs:bmi,-0.005962633276392045,0.005587987756387512,-1.0670447997271082,0.2859606934699785
bmi,alt_log_adj,REACTOME_SPHINGOLIPID_DE_NOVO_BIOSYNTHESIS,ppgs,0.009037141735292497,0.0057191226695411145,1.5801622482102855,0.11408087175549246
bmi,alt_log_adj,REACTOME_SPHINGOLIPID_DE_NOVO_BIOSYNTHESIS,bmi,0.2884311483931727,0.005762461238827149,50.05346438597094,0
bmi,alt_log_adj,REACTOME_SPHINGOLIPID_DE_NOVO_BIOSYNTHESIS,ppgs:bmi,-0.001065967035736837,0.005774605283808449,-0.1845956534424486,0.8535475158796284
bmi,alt_log_adj,REACTOME_SPHINGOLIPID_METABOLISM,ppgs,-0.0034089237464857746,0.005740285031036242,-0.5938596651655105,0.5526107171285267
bmi,alt_log_adj,REACTOME_SPHINGOLIPID_METABOLISM,bmi,0.28832776918383435,0.005761573622688738,50.0432326419325,0
bmi,alt_log_adj,REACTOME_SPHINGOLIPID_METABOLISM,ppgs:bmi,-0.008944084641190415,0.00582637793566187,-1.5351020376563294,0.12476992595991879
bmi,alt_log_adj,REACTOME_SPRY_REGULATION_OF_FGF_SIGNALING,ppgs,0.01642734429365264,0.0057478186675356735,2.8580136646335292,0.004266125427082526
bmi,alt_log_adj,REACTOME_SPRY_REGULATION_OF_FGF_SIGNALING,bmi,0.288459059401442,0.005760814041236325,50.07262121926366,0
bmi,alt_log_adj,REACTOME_SPRY_REGULATION_OF_FGF_SIGNALING,ppgs:bmi,0.006389879024843581,0.005830697132260046,1.0959030935580065,0.27313049518187044
bmi,alt_log_adj,REACTOME_SRP_DEPENDENT_COTRANSLATIONAL_PROTEIN_TARGETING_TO_MEMBRANE,ppgs,0.024828356987709698,0.005696306289981483,4.358676609679008,1.3131144942027974e-5
bmi,alt_log_adj,REACTOME_SRP_DEPENDENT_COTRANSLATIONAL_PROTEIN_TARGETING_TO_MEMBRANE,bmi,0.28843034305430576,0.005759805525538772,50.076403061772815,0
bmi,alt_log_adj,REACTOME_SRP_DEPENDENT_COTRANSLATIONAL_PROTEIN_TARGETING_TO_MEMBRANE,ppgs:bmi,-0.0030181419732275903,0.005781257531591679,-0.5220563098486714,0.6016352040016304
bmi,alt_log_adj,REACTOME_STABILIZATION_OF_P53,ppgs,-0.003487297496933375,0.005692000988059848,-0.6126663548106728,0.5401018881528661
bmi,alt_log_adj,REACTOME_STABILIZATION_OF_P53,bmi,0.28837696080857844,0.005761656276677976,50.0510525030572,0
bmi,alt_log_adj,REACTOME_STABILIZATION_OF_P53,ppgs:bmi,-0.004212300792442768,0.005797679421913436,-0.7265494495127781,0.4675080036776291
bmi,alt_log_adj,REACTOME_STAT3_NUCLEAR_EVENTS_DOWNSTREAM_OF_ALK_SIGNALING,ppgs,0.00547275010754842,0.00570405702197229,0.9594487022950744,0.3373409331336654
bmi,alt_log_adj,REACTOME_STAT3_NUCLEAR_EVENTS_DOWNSTREAM_OF_ALK_SIGNALING,bmi,0.2883765223936865,0.0057618885893598116,50.048958413777186,0
bmi,alt_log_adj,REACTOME_STAT3_NUCLEAR_EVENTS_DOWNSTREAM_OF_ALK_SIGNALING,ppgs:bmi,-0.005062572202501176,0.005846406426056846,-0.8659288858088621,0.38653648966479837
bmi,alt_log_adj,REACTOME_STAT5_ACTIVATION,ppgs,-2.9849797758192464e-4,0.005703885484194217,-0.05233239313956759,0.9582642114177855
bmi,alt_log_adj,REACTOME_STAT5_ACTIVATION,bmi,0.2883504420022327,0.005761608832392889,50.04686197734742,0
bmi,alt_log_adj,REACTOME_STAT5_ACTIVATION,ppgs:bmi,-0.007937103248191812,0.0057922494129373486,-1.3702972165638792,0.1706049927408543
bmi,alt_log_adj,REACTOME_STAT5_ACTIVATION_DOWNSTREAM_OF_FLT3_ITD_MUTANTS,ppgs,-8.01552175567393e-4,0.005702303929037553,-0.14056637203879813,0.8882135143538832
bmi,alt_log_adj,REACTOME_STAT5_ACTIVATION_DOWNSTREAM_OF_FLT3_ITD_MUTANTS,bmi,0.2883527541544023,0.005761552057080487,50.0477564547976,0
bmi,alt_log_adj,REACTOME_STAT5_ACTIVATION_DOWNSTREAM_OF_FLT3_ITD_MUTANTS,ppgs:bmi,-0.008443973736429912,0.005797286340646392,-1.4565390150261954,0.14525474789207696
bmi,alt_log_adj,REACTOME_STIMULI_SENSING_CHANNELS,ppgs,0.0038310588269772463,0.005705558912818596,0.6714607430255539,0.5019325313369112
bmi,alt_log_adj,REACTOME_STIMULI_SENSING_CHANNELS,bmi,0.2886451430699018,0.0057621306190805315,50.093474471767735,0
bmi,alt_log_adj,REACTOME_STIMULI_SENSING_CHANNELS,ppgs:bmi,-0.012047493772352548,0.005613551880356004,-2.146144549676543,0.0318699106871763
bmi,alt_log_adj,REACTOME_STING_MEDIATED_INDUCTION_OF_HOST_IMMUNE_RESPONSES,ppgs,9.037556961422108e-4,0.00569034070663914,0.15882277401909595,0.87380963686453
bmi,alt_log_adj,REACTOME_STING_MEDIATED_INDUCTION_OF_HOST_IMMUNE_RESPONSES,bmi,0.2883718819644698,0.005761047451437471,50.05546029524831,0
bmi,alt_log_adj,REACTOME_STING_MEDIATED_INDUCTION_OF_HOST_IMMUNE_RESPONSES,ppgs:bmi,0.014920950288614,0.005781543496987464,2.580790111911935,0.009862427863539637
bmi,alt_log_adj,REACTOME_STRAND_ASYNCHRONOUS_MITOCHONDRIAL_DNA_REPLICATION,ppgs,0.0021754534748195803,0.005679961368287066,0.3830049772813231,0.7017189454247124
bmi,alt_log_adj,REACTOME_STRAND_ASYNCHRONOUS_MITOCHONDRIAL_DNA_REPLICATION,bmi,0.2884014100614845,0.005761550674837807,50.05621339425315,0
bmi,alt_log_adj,REACTOME_STRAND_ASYNCHRONOUS_MITOCHONDRIAL_DNA_REPLICATION,ppgs:bmi,-0.00447153501436801,0.005715316828192351,-0.7823774514670735,0.43399931639312095
bmi,alt_log_adj,REACTOME_STRIATED_MUSCLE_CONTRACTION,ppgs,-0.0028932519930864125,0.0057576739304947815,-0.5025036200404949,0.6153172100157043
bmi,alt_log_adj,REACTOME_STRIATED_MUSCLE_CONTRACTION,bmi,0.28841966704279604,0.005762163004599213,50.05406247837604,0
bmi,alt_log_adj,REACTOME_STRIATED_MUSCLE_CONTRACTION,ppgs:bmi,-5.066697140508652e-4,0.005712633159373868,-0.08869284967466712,0.9293266417999955
bmi,alt_log_adj,REACTOME_SULFIDE_OXIDATION_TO_SULFATE,ppgs,-0.001474718687158249,0.005709688765613028,-0.258283550592081,0.7961899554597448
bmi,alt_log_adj,REACTOME_SULFIDE_OXIDATION_TO_SULFATE,bmi,0.2884059463599748,0.0057617111927979105,50.05560617485995,0
bmi,alt_log_adj,REACTOME_SULFIDE_OXIDATION_TO_SULFATE,ppgs:bmi,-0.002978022176458009,0.005692093790574891,-0.5231857179495341,0.6008491085395893
bmi,alt_log_adj,REACTOME_SULFUR_AMINO_ACID_METABOLISM,ppgs,0.005803856540089037,0.005736629475430092,1.011718913509558,0.31168110475077715
bmi,alt_log_adj,REACTOME_SULFUR_AMINO_ACID_METABOLISM,bmi,0.2885097380436342,0.005762984950221511,50.06255274578581,0
bmi,alt_log_adj,REACTOME_SULFUR_AMINO_ACID_METABOLISM,ppgs:bmi,0.0010451885773859356,0.005790860536305943,0.18048933674591194,0.8567697151699221
bmi,alt_log_adj,REACTOME_SUMOYLATION,ppgs,0.0030126101499605485,0.005714389995432583,0.5271971553163991,0.5980608094936711
bmi,alt_log_adj,REACTOME_SUMOYLATION,bmi,0.28876479559231116,0.005762702797350735,50.1092639594504,0
bmi,alt_log_adj,REACTOME_SUMOYLATION,ppgs:bmi,0.014256681056923393,0.005820238046211809,2.4495013681102913,0.014311423862701693
bmi,alt_log_adj,REACTOME_SUMOYLATION_OF_CHROMATIN_ORGANIZATION_PROTEINS,ppgs,0.004402276057638821,0.005736463379997209,0.7674198833011574,0.442838302041493
bmi,alt_log_adj,REACTOME_SUMOYLATION_OF_CHROMATIN_ORGANIZATION_PROTEINS,bmi,0.2884902876213682,0.005761958736711638,50.0680933001631,0
bmi,alt_log_adj,REACTOME_SUMOYLATION_OF_CHROMATIN_ORGANIZATION_PROTEINS,ppgs:bmi,0.004282051512177713,0.005726666029955197,0.747738996787842,0.454623806819737
bmi,alt_log_adj,REACTOME_SUMOYLATION_OF_DNA_DAMAGE_RESPONSE_AND_REPAIR_PROTEINS,ppgs,0.0015946975765188719,0.005693375039177736,0.2800970541278773,0.7794050885114403
bmi,alt_log_adj,REACTOME_SUMOYLATION_OF_DNA_DAMAGE_RESPONSE_AND_REPAIR_PROTEINS,bmi,0.28826102460185754,0.005761950467964497,50.02837601686126,0
bmi,alt_log_adj,REACTOME_SUMOYLATION_OF_DNA_DAMAGE_RESPONSE_AND_REPAIR_PROTEINS,ppgs:bmi,0.009809034214446725,0.005530011694087866,1.77378182128142,0.07610997888559638
bmi,alt_log_adj,REACTOME_SUMOYLATION_OF_DNA_METHYLATION_PROTEINS,ppgs,-0.0013242984251251254,0.005727758910387281,-0.2312070821841877,0.8171555969199243
bmi,alt_log_adj,REACTOME_SUMOYLATION_OF_DNA_METHYLATION_PROTEINS,bmi,0.2884404777424839,0.00576287619732762,50.05147913402,0
bmi,alt_log_adj,REACTOME_SUMOYLATION_OF_DNA_METHYLATION_PROTEINS,ppgs:bmi,0.0014809660143869018,0.005716122408093489,0.25908577680036976,0.7955709399006188
bmi,alt_log_adj,REACTOME_SUMOYLATION_OF_DNA_REPLICATION_PROTEINS,ppgs,-0.0038756759499784157,0.005687707020757417,-0.6814127267515798,0.4956159386020641
bmi,alt_log_adj,REACTOME_SUMOYLATION_OF_DNA_REPLICATION_PROTEINS,bmi,0.2882300712672084,0.005763789453953924,50.00704372875459,0
bmi,alt_log_adj,REACTOME_SUMOYLATION_OF_DNA_REPLICATION_PROTEINS,ppgs:bmi,0.006511895627434273,0.005406854926165824,1.2043777235303166,0.22845367344952974
bmi,alt_log_adj,REACTOME_SUMOYLATION_OF_IMMUNE_RESPONSE_PROTEINS,ppgs,5.165296422289605e-5,0.005709227236793106,0.009047277692858081,0.9927814789527574
bmi,alt_log_adj,REACTOME_SUMOYLATION_OF_IMMUNE_RESPONSE_PROTEINS,bmi,0.2884000239165384,0.005761768046851289,50.05408436636811,0
bmi,alt_log_adj,REACTOME_SUMOYLATION_OF_IMMUNE_RESPONSE_PROTEINS,ppgs:bmi,0.0018138753523593886,0.0056466671917927355,0.3212293713707447,0.7480389436937241
bmi,alt_log_adj,REACTOME_SUMOYLATION_OF_INTRACELLULAR_RECEPTORS,ppgs,0.012522576589379223,0.005685535416389062,2.2025325096527903,0.02763573440378123
bmi,alt_log_adj,REACTOME_SUMOYLATION_OF_INTRACELLULAR_RECEPTORS,bmi,0.2885586842522226,0.00576131979285111,50.08551766390028,0
bmi,alt_log_adj,REACTOME_SUMOYLATION_OF_INTRACELLULAR_RECEPTORS,ppgs:bmi,0.005846974244437948,0.005666324072204324,1.0318813696378202,0.30213649780605545
bmi,alt_log_adj,REACTOME_SUMOYLATION_OF_RNA_BINDING_PROTEINS,ppgs,-0.0022354213734536625,0.005687309426748817,-0.39305429082861665,0.6942823389316445
bmi,alt_log_adj,REACTOME_SUMOYLATION_OF_RNA_BINDING_PROTEINS,bmi,0.2883196969737721,0.005763113535081842,50.028460348504595,0
bmi,alt_log_adj,REACTOME_SUMOYLATION_OF_RNA_BINDING_PROTEINS,ppgs:bmi,0.0040181929365078395,0.005451427580267319,0.7370900332699277,0.461073700032934
bmi,alt_log_adj,REACTOME_SUMOYLATION_OF_SUMOYLATION_PROTEINS,ppgs,-0.004209179197160512,0.00568661153181595,-0.7401910915860226,0.45919018231744835
bmi,alt_log_adj,REACTOME_SUMOYLATION_OF_SUMOYLATION_PROTEINS,bmi,0.28826835805875284,0.005763578949758303,50.01551302959794,0
bmi,alt_log_adj,REACTOME_SUMOYLATION_OF_SUMOYLATION_PROTEINS,ppgs:bmi,0.005476030101621187,0.00542344463139588,1.0096959541028396,0.31264959946971765
bmi,alt_log_adj,REACTOME_SUMOYLATION_OF_TRANSCRIPTION_COFACTORS,ppgs,0.001799664337380587,0.005705437707212684,0.3154296707342002,0.752437763732503
bmi,alt_log_adj,REACTOME_SUMOYLATION_OF_TRANSCRIPTION_COFACTORS,bmi,0.2886012809275391,0.005763053560630677,50.07784118111791,0
bmi,alt_log_adj,REACTOME_SUMOYLATION_OF_TRANSCRIPTION_COFACTORS,ppgs:bmi,0.007596941575205652,0.00574422762297655,1.3225349122340422,0.18600076115959835
bmi,alt_log_adj,REACTOME_SUMOYLATION_OF_TRANSCRIPTION_FACTORS,ppgs,9.636560013252419e-4,0.005655776316955454,0.1703843906337486,0.8647090630555424
bmi,alt_log_adj,REACTOME_SUMOYLATION_OF_TRANSCRIPTION_FACTORS,bmi,0.28845699392098756,0.005761611760682743,50.06532996364299,0
bmi,alt_log_adj,REACTOME_SUMOYLATION_OF_TRANSCRIPTION_FACTORS,ppgs:bmi,0.007114982254454175,0.005805063312659828,1.2256511033975535,0.2203401802854864
bmi,alt_log_adj,REACTOME_SUMOYLATION_OF_UBIQUITINYLATION_PROTEINS,ppgs,-0.0025882851812363988,0.005691365011538816,-0.4547740614051013,0.6492752753598898
bmi,alt_log_adj,REACTOME_SUMOYLATION_OF_UBIQUITINYLATION_PROTEINS,bmi,0.28827336632811085,0.005763896989743087,50.01362217976765,0
bmi,alt_log_adj,REACTOME_SUMOYLATION_OF_UBIQUITINYLATION_PROTEINS,ppgs:bmi,0.005055529480860194,0.005433151785635246,0.9304966399478383,0.3521219267361977
bmi,alt_log_adj,REACTOME_SUMO_IS_CONJUGATED_TO_E1_UBA2_SAE1,ppgs,-8.300462940462328e-4,0.005871723903163498,-0.14136330449717335,0.8875839463708048
bmi,alt_log_adj,REACTOME_SUMO_IS_CONJUGATED_TO_E1_UBA2_SAE1,bmi,0.2884163910298656,0.005761594085611799,50.05843638831074,0
bmi,alt_log_adj,REACTOME_SUMO_IS_CONJUGATED_TO_E1_UBA2_SAE1,ppgs:bmi,0.0015999375501186358,0.00598870499242764,0.2671591858576539,0.7893485427250752
bmi,alt_log_adj,REACTOME_SUMO_IS_PROTEOLYTICALLY_PROCESSED,ppgs,-0.0024547362545652295,0.005768916779364574,-0.42551077584371216,0.6704675980223626
bmi,alt_log_adj,REACTOME_SUMO_IS_PROTEOLYTICALLY_PROCESSED,bmi,0.2884259377423113,0.00576197993423742,50.05674109146018,0
bmi,alt_log_adj,REACTOME_SUMO_IS_PROTEOLYTICALLY_PROCESSED,ppgs:bmi,9.813744753368677e-4,0.005702152660070901,0.17210596310563617,0.8633554533979579
bmi,alt_log_adj,REACTOME_SUMO_IS_TRANSFERRED_FROM_E1_TO_E2_UBE2I_UBC9,ppgs,-0.0016076852599608425,0.005879513439062489,-0.27343848715093577,0.7845181631639471
bmi,alt_log_adj,REACTOME_SUMO_IS_TRANSFERRED_FROM_E1_TO_E2_UBE2I_UBC9,bmi,0.28840777160463443,0.005761589004841915,50.05698451629625,0
bmi,alt_log_adj,REACTOME_SUMO_IS_TRANSFERRED_FROM_E1_TO_E2_UBE2I_UBC9,ppgs:bmi,0.002970635927078606,0.005989175458802682,0.49600081806126894,0.6198976791587963
bmi,alt_log_adj,REACTOME_SUPPRESSION_OF_APOPTOSIS,ppgs,0.0034755672808500903,0.0056993132389319846,0.6098221198141041,0.5419845349114696
bmi,alt_log_adj,REACTOME_SUPPRESSION_OF_APOPTOSIS,bmi,0.2884514212508405,0.005762310652112976,50.05829061733569,0
bmi,alt_log_adj,REACTOME_SUPPRESSION_OF_APOPTOSIS,ppgs:bmi,0.005481318163131125,0.005873470415422923,0.9332332974280315,0.3507074746479628
bmi,alt_log_adj,REACTOME_SUPPRESSION_OF_PHAGOSOMAL_MATURATION,ppgs,0.007090441799062164,0.0056876194390772595,1.2466449056606526,0.21253802912005437
bmi,alt_log_adj,REACTOME_SUPPRESSION_OF_PHAGOSOMAL_MATURATION,bmi,0.2887201902816743,0.005761242343909242,50.11422416328448,0
bmi,alt_log_adj,REACTOME_SUPPRESSION_OF_PHAGOSOMAL_MATURATION,ppgs:bmi,0.018240488570276544,0.005782785945099387,3.1542735185856943,0.0016106619993025576
bmi,alt_log_adj,REACTOME_SURFACTANT_METABOLISM,ppgs,0.004701895218026872,0.00572636498396815,0.8210959712122017,0.4115985095312116
bmi,alt_log_adj,REACTOME_SURFACTANT_METABOLISM,bmi,0.2884088640549352,0.005761204871697474,50.06051172937351,0
bmi,alt_log_adj,REACTOME_SURFACTANT_METABOLISM,ppgs:bmi,0.010246788754528764,0.005693053739663011,1.7998756419845954,0.0718909048422105
bmi,alt_log_adj,REACTOME_SWITCHING_OF_ORIGINS_TO_A_POST_REPLICATIVE_STATE,ppgs,-0.006580259520778226,0.0056798735279094984,-1.1585221904052005,0.24666076089973643
bmi,alt_log_adj,REACTOME_SWITCHING_OF_ORIGINS_TO_A_POST_REPLICATIVE_STATE,bmi,0.28831780650626154,0.005761668351898988,50.040680736376444,0
bmi,alt_log_adj,REACTOME_SWITCHING_OF_ORIGINS_TO_A_POST_REPLICATIVE_STATE,ppgs:bmi,-0.006435487487820377,0.005723125230484172,-1.1244708491685302,0.26082285165452745
bmi,alt_log_adj,REACTOME_SYNAPTIC_ADHESION_LIKE_MOLECULES,ppgs,0.002791925785227213,0.005713908759291799,0.48861924522106887,0.6251150651357544
bmi,alt_log_adj,REACTOME_SYNAPTIC_ADHESION_LIKE_MOLECULES,bmi,0.28841096961980356,0.005761849576754245,50.05527578911053,0
bmi,alt_log_adj,REACTOME_SYNAPTIC_ADHESION_LIKE_MOLECULES,ppgs:bmi,6.063983502867292e-4,0.0058002924689835806,0.10454616789228767,0.9167366719296766
bmi,alt_log_adj,REACTOME_SYNDECAN_INTERACTIONS,ppgs,-0.002848245603857934,0.005711642056436355,-0.49867368713140786,0.6180131536618797
bmi,alt_log_adj,REACTOME_SYNDECAN_INTERACTIONS,bmi,0.28845740073260057,0.005761050583806753,50.07027738020578,0
bmi,alt_log_adj,REACTOME_SYNDECAN_INTERACTIONS,ppgs:bmi,0.014365874140442783,0.005842448420073656,2.4588790704739627,0.013943087285576578
bmi,alt_log_adj,REACTOME_SYNTHESIS_OF_12_EICOSATETRAENOIC_ACID_DERIVATIVES,ppgs,0.006434687128882314,0.005761238361849502,1.1168930574878382,0.26404951957631345
bmi,alt_log_adj,REACTOME_SYNTHESIS_OF_12_EICOSATETRAENOIC_ACID_DERIVATIVES,bmi,0.2884005688312855,0.005761778050340117,50.05409203748507,0
bmi,alt_log_adj,REACTOME_SYNTHESIS_OF_12_EICOSATETRAENOIC_ACID_DERIVATIVES,ppgs:bmi,1.8814064421521104e-4,0.005620555086219282,0.03347367676842139,0.9732970926293899
bmi,alt_log_adj,REACTOME_SYNTHESIS_OF_16_20_HYDROXYEICOSATETRAENOIC_ACIDS_HETE,ppgs,0.0023275621388262713,0.005795510748479847,0.40161467036132875,0.6879706589979124
bmi,alt_log_adj,REACTOME_SYNTHESIS_OF_16_20_HYDROXYEICOSATETRAENOIC_ACIDS_HETE,bmi,0.28847387869518154,0.00576187965624731,50.065932630579006,0
bmi,alt_log_adj,REACTOME_SYNTHESIS_OF_16_20_HYDROXYEICOSATETRAENOIC_ACIDS_HETE,ppgs:bmi,-0.004689871744147315,0.005738205592884585,-0.8173063282993535,0.413760260012065
bmi,alt_log_adj,REACTOME_SYNTHESIS_OF_5_EICOSATETRAENOIC_ACIDS,ppgs,0.01894374375343617,0.005724053893668374,3.309497797424771,9.358001755040066e-4
bmi,alt_log_adj,REACTOME_SYNTHESIS_OF_5_EICOSATETRAENOIC_ACIDS,bmi,0.28863129154504713,0.0057608475163849916,50.102227271963464,0
bmi,alt_log_adj,REACTOME_SYNTHESIS_OF_5_EICOSATETRAENOIC_ACIDS,ppgs:bmi,-0.007086356726964607,0.005615574612556317,-1.261911240769493,0.206991109135456
bmi,alt_log_adj,REACTOME_SYNTHESIS_OF_ACTIVE_UBIQUITIN_ROLES_OF_E1_AND_E2_ENZYMES,ppgs,0.0033007640731832918,0.005676219542462846,0.581507471388453,0.5609031079015946
bmi,alt_log_adj,REACTOME_SYNTHESIS_OF_ACTIVE_UBIQUITIN_ROLES_OF_E1_AND_E2_ENZYMES,bmi,0.28869414344384203,0.00576288577745176,50.09541306083238,0
bmi,alt_log_adj,REACTOME_SYNTHESIS_OF_ACTIVE_UBIQUITIN_ROLES_OF_E1_AND_E2_ENZYMES,ppgs:bmi,-0.010976374737994558,0.005432542263955896,-2.0204858433999053,0.04334240165230027
bmi,alt_log_adj,REACTOME_SYNTHESIS_OF_BILE_ACIDS_AND_BILE_SALTS,ppgs,0.008646496357661532,0.005737061214434136,1.5071298761650678,0.13178851331008332
bmi,alt_log_adj,REACTOME_SYNTHESIS_OF_BILE_ACIDS_AND_BILE_SALTS,bmi,0.2884957378280821,0.005762040579130603,50.06832802826448,0
bmi,alt_log_adj,REACTOME_SYNTHESIS_OF_BILE_ACIDS_AND_BILE_SALTS,ppgs:bmi,0.0010892732268004334,0.005752115099123975,0.1893691638691871,0.8498048465983885
bmi,alt_log_adj,REACTOME_SYNTHESIS_OF_BILE_ACIDS_AND_BILE_SALTS_VIA_24_HYDROXYCHOLESTEROL,ppgs,0.0011434432743037241,0.005707008191535089,0.200357741907526,0.8412022436867261
bmi,alt_log_adj,REACTOME_SYNTHESIS_OF_BILE_ACIDS_AND_BILE_SALTS_VIA_24_HYDROXYCHOLESTEROL,bmi,0.2884043766951684,0.0057617016620873165,50.05541654350199,0
bmi,alt_log_adj,REACTOME_SYNTHESIS_OF_BILE_ACIDS_AND_BILE_SALTS_VIA_24_HYDROXYCHOLESTEROL,ppgs:bmi,-0.0042489060746867344,0.005686789485157164,-0.747153747431062,0.4549769567465307
bmi,alt_log_adj,REACTOME_SYNTHESIS_OF_BILE_ACIDS_AND_BILE_SALTS_VIA_27_HYDROXYCHOLESTEROL,ppgs,0.0035657895727565533,0.005710345168524834,0.6244437888642923,0.5323412004894645
bmi,alt_log_adj,REACTOME_SYNTHESIS_OF_BILE_ACIDS_AND_BILE_SALTS_VIA_27_HYDROXYCHOLESTEROL,bmi,0.2884215790078443,0.005761615253890454,50.05915291082505,0
bmi,alt_log_adj,REACTOME_SYNTHESIS_OF_BILE_ACIDS_AND_BILE_SALTS_VIA_27_HYDROXYCHOLESTEROL,ppgs:bmi,-0.003942053270767321,0.005673069296808439,-0.6948713411600745,0.4871416294945846
bmi,alt_log_adj,REACTOME_SYNTHESIS_OF_BILE_ACIDS_AND_BILE_SALTS_VIA_7ALPHA_HYDROXYCHOLESTEROL,ppgs,0.007714677618784239,0.005719565644343166,1.3488222880026393,0.17740482837889066
bmi,alt_log_adj,REACTOME_SYNTHESIS_OF_BILE_ACIDS_AND_BILE_SALTS_VIA_7ALPHA_HYDROXYCHOLESTEROL,bmi,0.28851062591659954,0.005762137315791753,50.0700712435133,0
bmi,alt_log_adj,REACTOME_SYNTHESIS_OF_BILE_ACIDS_AND_BILE_SALTS_VIA_7ALPHA_HYDROXYCHOLESTEROL,ppgs:bmi,8.430920774766608e-4,0.005695923026054612,0.14801676104472294,0.8823305932864658
bmi,alt_log_adj,REACTOME_SYNTHESIS_OF_DIPHTHAMIDE_EEF2,ppgs,9.427917033945609e-4,0.005716687656358188,0.16491922596925046,0.8690087353858837
bmi,alt_log_adj,REACTOME_SYNTHESIS_OF_DIPHTHAMIDE_EEF2,bmi,0.2884093054607379,0.005761820728090421,50.055237583957656,0
bmi,alt_log_adj,REACTOME_SYNTHESIS_OF_DIPHTHAMIDE_EEF2,ppgs:bmi,-0.0014405128138333205,0.005700468618152831,-0.2527007708184001,0.800501284412581
bmi,alt_log_adj,REACTOME_SYNTHESIS_OF_DNA,ppgs,-0.0056699581697768195,0.00567896153061429,-0.9984146114058116,0.3180868734057324
bmi,alt_log_adj,REACTOME_SYNTHESIS_OF_DNA,bmi,0.2884398408555133,0.00576152883068919,50.06307341883253,0
bmi,alt_log_adj,REACTOME_SYNTHESIS_OF_DNA,ppgs:bmi,-0.0040655150051097065,0.005587634453950403,-0.727591441175152,0.4668697304474695
bmi,alt_log_adj,REACTOME_SYNTHESIS_OF_DOLICHYL_PHOSPHATE,ppgs,0.006581184491417795,0.00578124108129016,1.138368803320881,0.25497613533497315
bmi,alt_log_adj,REACTOME_SYNTHESIS_OF_DOLICHYL_PHOSPHATE,bmi,0.2884052465778671,0.005761464987177951,50.05762375015875,0
bmi,alt_log_adj,REACTOME_SYNTHESIS_OF_DOLICHYL_PHOSPHATE,ppgs:bmi,0.0021553968204679444,0.005865523202553311,0.3674688081584405,0.7132720975740752
bmi,alt_log_adj,REACTOME_SYNTHESIS_OF_EPOXY_EET_AND_DIHYDROXYEICOSATRIENOIC_ACIDS_DHET,ppgs,-8.18966909245381e-4,0.005731661291219945,-0.1428847357920324,0.8863822294569094
bmi,alt_log_adj,REACTOME_SYNTHESIS_OF_EPOXY_EET_AND_DIHYDROXYEICOSATRIENOIC_ACIDS_DHET,bmi,0.28842822707099625,0.005761714523830569,50.059444264038284,0
bmi,alt_log_adj,REACTOME_SYNTHESIS_OF_EPOXY_EET_AND_DIHYDROXYEICOSATRIENOIC_ACIDS_DHET,ppgs:bmi,-0.0022525530934795054,0.005627102993544257,-0.40030422333903726,0.6889354741377302
bmi,alt_log_adj,REACTOME_SYNTHESIS_OF_GDP_MANNOSE,ppgs,-0.0038636424817306155,0.005811307146378358,-0.6648491267818224,0.506152405608412
bmi,alt_log_adj,REACTOME_SYNTHESIS_OF_GDP_MANNOSE,bmi,0.2884656912681251,0.005761620134015122,50.066766735470445,0
bmi,alt_log_adj,REACTOME_SYNTHESIS_OF_GDP_MANNOSE,ppgs:bmi,0.00635273680877685,0.005872384212764707,1.081798564025836,0.2793512470452943
bmi,alt_log_adj,REACTOME_SYNTHESIS_OF_GLYCOSYLPHOSPHATIDYLINOSITOL_GPI,ppgs,0.0035653203690659903,0.005759437465195147,0.6190396875756661,0.5358951884790563
bmi,alt_log_adj,REACTOME_SYNTHESIS_OF_GLYCOSYLPHOSPHATIDYLINOSITOL_GPI,bmi,0.2884126745686555,0.005761307432477434,50.06028196704553,0
bmi,alt_log_adj,REACTOME_SYNTHESIS_OF_GLYCOSYLPHOSPHATIDYLINOSITOL_GPI,ppgs:bmi,0.013743214546618721,0.00571863624803628,2.403232860166267,0.016257218039821077
bmi,alt_log_adj,REACTOME_SYNTHESIS_OF_IP2_IP_AND_INS_IN_THE_CYTOSOL,ppgs,0.00579823116674176,0.005705985664688589,1.0161664447606364,0.3095588049156059
bmi,alt_log_adj,REACTOME_SYNTHESIS_OF_IP2_IP_AND_INS_IN_THE_CYTOSOL,bmi,0.28837203524181704,0.005762396840365256,50.0437653342074,0
bmi,alt_log_adj,REACTOME_SYNTHESIS_OF_IP2_IP_AND_INS_IN_THE_CYTOSOL,ppgs:bmi,-0.00780389616533294,0.005662175447755673,-1.3782505041284414,0.16813683660780634
bmi,alt_log_adj,REACTOME_SYNTHESIS_OF_IP3_AND_IP4_IN_THE_CYTOSOL,ppgs,0.006347891618674208,0.005787312706596982,1.0968634218500446,0.27271041800438184
bmi,alt_log_adj,REACTOME_SYNTHESIS_OF_IP3_AND_IP4_IN_THE_CYTOSOL,bmi,0.28839558843277074,0.005761648082428119,50.0543567234382,0
bmi,alt_log_adj,REACTOME_SYNTHESIS_OF_IP3_AND_IP4_IN_THE_CYTOSOL,ppgs:bmi,-0.0032133999821130467,0.005799789374237571,-0.554054600049243,0.5795458497460741
bmi,alt_log_adj,REACTOME_SYNTHESIS_OF_KETONE_BODIES,ppgs,-0.006130155207423964,0.005688743352975439,-1.077593912584868,0.2812241896675489
bmi,alt_log_adj,REACTOME_SYNTHESIS_OF_KETONE_BODIES,bmi,0.28840200346018025,0.00576145895329325,50.05711327602702,0
bmi,alt_log_adj,REACTOME_SYNTHESIS_OF_KETONE_BODIES,ppgs:bmi,0.0035356155865787393,0.005645356887780526,0.6262873467276517,0.5311315270089003
bmi,alt_log_adj,REACTOME_SYNTHESIS_OF_LEUKOTRIENES_LT_AND_EOXINS_EX,ppgs,-0.002313485914835914,0.005773839890203437,-0.40068411296981776,0.6886557286556981
bmi,alt_log_adj,REACTOME_SYNTHESIS_OF_LEUKOTRIENES_LT_AND_EOXINS_EX,bmi,0.28839478129130763,0.005761696914661377,50.05379240922064,0
bmi,alt_log_adj,REACTOME_SYNTHESIS_OF_LEUKOTRIENES_LT_AND_EOXINS_EX,ppgs:bmi,0.001974154481841894,0.005827662170298672,0.33875582079952954,0.7347961943148066
bmi,alt_log_adj,REACTOME_SYNTHESIS_OF_PA,ppgs,0.013735271097729849,0.005796108313037108,2.36974023877975,0.017807242807089053
bmi,alt_log_adj,REACTOME_SYNTHESIS_OF_PA,bmi,0.2884559425603137,0.005760910437140515,50.07124233361483,0
bmi,alt_log_adj,REACTOME_SYNTHESIS_OF_PA,ppgs:bmi,-0.008313546275388568,0.00580706840706433,-1.431625338746672,0.15226209861473905
bmi,alt_log_adj,REACTOME_SYNTHESIS_OF_PC,ppgs,0.004049558392142671,0.005683164747024616,0.71255340508346,0.47612801799203563
bmi,alt_log_adj,REACTOME_SYNTHESIS_OF_PC,bmi,0.2884285298528473,0.005761563981925723,50.060804801901035,0
bmi,alt_log_adj,REACTOME_SYNTHESIS_OF_PC,ppgs:bmi,0.005957884601152242,0.0057528030500640405,1.0356489782986606,0.30037476765412463
bmi,alt_log_adj,REACTOME_SYNTHESIS_OF_PE,ppgs,0.0037293733768910074,0.005692119185201264,0.6551818849097312,0.5123559724925963
bmi,alt_log_adj,REACTOME_SYNTHESIS_OF_PE,bmi,0.28848699740423306,0.005762138658208777,50.06595892885235,0
bmi,alt_log_adj,REACTOME_SYNTHESIS_OF_PE,ppgs:bmi,0.004019506439109052,0.005811583730959368,0.6916370175820417,0.4891709728993967
bmi,alt_log_adj,REACTOME_SYNTHESIS_OF_PG,ppgs,-0.0020451767287312066,0.00582195905633505,-0.35128669043211286,0.7253758896819966
bmi,alt_log_adj,REACTOME_SYNTHESIS_OF_PG,bmi,0.28841386509586053,0.005762092467302281,50.05366830409288,0
bmi,alt_log_adj,REACTOME_SYNTHESIS_OF_PG,ppgs:bmi,-4.4368778681065814e-4,0.0056371708748843685,-0.0787075284141993,0.937265812783101
bmi,alt_log_adj,REACTOME_SYNTHESIS_OF_PI,ppgs,-0.00242331126810675,0.0057087714697808606,-0.4244891008397245,0.6712123737534914
bmi,alt_log_adj,REACTOME_SYNTHESIS_OF_PI,bmi,0.28845787728821093,0.005762231355285443,50.06009989925537,0
bmi,alt_log_adj,REACTOME_SYNTHESIS_OF_PI,ppgs:bmi,0.004294500643401402,0.005941905293094298,0.722748080214689,0.4698406331019984
bmi,alt_log_adj,REACTOME_SYNTHESIS_OF_PIPS_AT_THE_EARLY_ENDOSOME_MEMBRANE,ppgs,0.0036016872216777193,0.005702887133310707,0.6315550593032384,0.5276827529765609
bmi,alt_log_adj,REACTOME_SYNTHESIS_OF_PIPS_AT_THE_EARLY_ENDOSOME_MEMBRANE,bmi,0.28844510149153635,0.005761801790129988,50.061614751421175,0
bmi,alt_log_adj,REACTOME_SYNTHESIS_OF_PIPS_AT_THE_EARLY_ENDOSOME_MEMBRANE,ppgs:bmi,-7.581516779864652e-5,0.005713704431157548,-0.013269004148204953,0.9894132704932799
bmi,alt_log_adj,REACTOME_SYNTHESIS_OF_PIPS_AT_THE_ER_MEMBRANE,ppgs,0.010624709675482671,0.005697184144779667,1.8649054349451033,0.062204985233542044
bmi,alt_log_adj,REACTOME_SYNTHESIS_OF_PIPS_AT_THE_ER_MEMBRANE,bmi,0.2883271156476838,0.005761800590860082,50.041147919116774,0
bmi,alt_log_adj,REACTOME_SYNTHESIS_OF_PIPS_AT_THE_ER_MEMBRANE,ppgs:bmi,0.003371677038228331,0.005823740238778657,0.5789538853016274,0.5626248895028438
bmi,alt_log_adj,REACTOME_SYNTHESIS_OF_PIPS_AT_THE_GOLGI_MEMBRANE,ppgs,-0.014095038107559766,0.00570689253457684,-2.469827147113941,0.01352367927755268
bmi,alt_log_adj,REACTOME_SYNTHESIS_OF_PIPS_AT_THE_GOLGI_MEMBRANE,bmi,0.2885296105337325,0.005761048967581815,50.08282556828223,0
bmi,alt_log_adj,REACTOME_SYNTHESIS_OF_PIPS_AT_THE_GOLGI_MEMBRANE,ppgs:bmi,0.007289089354735888,0.005729772355308904,1.272142923441313,0.203332777818732
bmi,alt_log_adj,REACTOME_SYNTHESIS_OF_PIPS_AT_THE_LATE_ENDOSOME_MEMBRANE,ppgs,0.004438083533552206,0.005696055329589703,0.7791503552462663,0.43589765441477124
bmi,alt_log_adj,REACTOME_SYNTHESIS_OF_PIPS_AT_THE_LATE_ENDOSOME_MEMBRANE,bmi,0.2883959254420289,0.005761901955979169,50.05220978166043,0
bmi,alt_log_adj,REACTOME_SYNTHESIS_OF_PIPS_AT_THE_LATE_ENDOSOME_MEMBRANE,ppgs:bmi,0.0012739220335801673,0.005814167817862668,0.21910651248598992,0.8265686552315445
bmi,alt_log_adj,REACTOME_SYNTHESIS_OF_PIPS_AT_THE_PLASMA_MEMBRANE,ppgs,0.010019200490891594,0.005697755752570699,1.7584468211665893,0.07868230162478405
bmi,alt_log_adj,REACTOME_SYNTHESIS_OF_PIPS_AT_THE_PLASMA_MEMBRANE,bmi,0.28847692926165386,0.00576161765132745,50.06873880206024,0
bmi,alt_log_adj,REACTOME_SYNTHESIS_OF_PIPS_AT_THE_PLASMA_MEMBRANE,ppgs:bmi,-0.003768336065956518,0.005652605099557366,-0.6666547546814481,0.5049981112149649
bmi,alt_log_adj,REACTOME_SYNTHESIS_OF_PROSTAGLANDINS_PG_AND_THROMBOXANES_TX,ppgs,-0.0059216231581744935,0.005698035598682712,-1.0392394107792993,0.2987022692867324
bmi,alt_log_adj,REACTOME_SYNTHESIS_OF_PROSTAGLANDINS_PG_AND_THROMBOXANES_TX,bmi,0.2883800928157766,0.005763695811987885,50.03388489308824,0
bmi,alt_log_adj,REACTOME_SYNTHESIS_OF_PROSTAGLANDINS_PG_AND_THROMBOXANES_TX,ppgs:bmi,0.0018311097176240822,0.005890831952031825,0.310840596461508,0.7559240912904985
bmi,alt_log_adj,REACTOME_SYNTHESIS_OF_PYROPHOSPHATES_IN_THE_CYTOSOL,ppgs,0.013536895431446943,0.005686910049268035,2.380360391525673,0.017302282713887
bmi,alt_log_adj,REACTOME_SYNTHESIS_OF_PYROPHOSPHATES_IN_THE_CYTOSOL,bmi,0.28842596133296017,0.005761069520282609,50.06465558478653,0
bmi,alt_log_adj,REACTOME_SYNTHESIS_OF_PYROPHOSPHATES_IN_THE_CYTOSOL,ppgs:bmi,0.0028498143182588416,0.005658728705320072,0.5036138798418768,0.6145366503671774
bmi,alt_log_adj,REACTOME_SYNTHESIS_OF_SUBSTRATES_IN_N_GLYCAN_BIOSYTHESIS,ppgs,0.0056794314763853595,0.005671045460132236,1.00147874255498,0.31660396042239514
bmi,alt_log_adj,REACTOME_SYNTHESIS_OF_SUBSTRATES_IN_N_GLYCAN_BIOSYTHESIS,bmi,0.28837790720729234,0.005761639841508651,50.05135953304959,0
bmi,alt_log_adj,REACTOME_SYNTHESIS_OF_SUBSTRATES_IN_N_GLYCAN_BIOSYTHESIS,ppgs:bmi,0.002304276628415085,0.005671811777471307,0.40626817652302494,0.6845486320781454
bmi,alt_log_adj,REACTOME_SYNTHESIS_OF_UDP_N_ACETYL_GLUCOSAMINE,ppgs,0.004525924646826465,0.005701185086433081,0.7938568171723904,0.42728543640241956
bmi,alt_log_adj,REACTOME_SYNTHESIS_OF_UDP_N_ACETYL_GLUCOSAMINE,bmi,0.2884368157998756,0.005761624721287122,50.061715184990405,0
bmi,alt_log_adj,REACTOME_SYNTHESIS_OF_UDP_N_ACETYL_GLUCOSAMINE,ppgs:bmi,0.001880045224480788,0.005706772421513579,0.3294410720485947,0.7418247617269498
bmi,alt_log_adj,REACTOME_SYNTHESIS_OF_VERY_LONG_CHAIN_FATTY_ACYL_COAS,ppgs,0.001790659681412684,0.005757553789752954,0.31101049973681927,0.7557949263543178
bmi,alt_log_adj,REACTOME_SYNTHESIS_OF_VERY_LONG_CHAIN_FATTY_ACYL_COAS,bmi,0.2884204070199432,0.005761827106338982,50.05710891648104,0
bmi,alt_log_adj,REACTOME_SYNTHESIS_OF_VERY_LONG_CHAIN_FATTY_ACYL_COAS,ppgs:bmi,-0.005444325537167004,0.005808679050903557,-0.9372742906702899,0.3486254688667806
bmi,alt_log_adj,REACTOME_SYNTHESIS_OF_WYBUTOSINE_AT_G37_OF_TRNA_PHE,ppgs,0.0030165047043518387,0.005686626595038766,0.5304559133500263,0.5958000232083878
bmi,alt_log_adj,REACTOME_SYNTHESIS_OF_WYBUTOSINE_AT_G37_OF_TRNA_PHE,bmi,0.28842457011702316,0.0057615941567181585,50.05985535803717,0
bmi,alt_log_adj,REACTOME_SYNTHESIS_OF_WYBUTOSINE_AT_G37_OF_TRNA_PHE,ppgs:bmi,-0.006690450296076978,0.0056561434317691185,-1.1828643273963706,0.2368728416339814
bmi,alt_log_adj,REACTOME_SYNTHESIS_SECRETION_AND_DEACYLATION_OF_GHRELIN,ppgs,0.00268142911399966,0.0057294529437423355,0.46800787794728227,0.6397825540321583
bmi,alt_log_adj,REACTOME_SYNTHESIS_SECRETION_AND_DEACYLATION_OF_GHRELIN,bmi,0.2884009911105642,0.005761654359212848,50.055239889462115,0
bmi,alt_log_adj,REACTOME_SYNTHESIS_SECRETION_AND_DEACYLATION_OF_GHRELIN,ppgs:bmi,4.6224100115304734e-4,0.0057711002559420015,0.08009581893454681,0.9361616134646465
bmi,alt_log_adj,REACTOME_SYNTHESIS_SECRETION_AND_INACTIVATION_OF_GLUCAGON_LIKE_PEPTIDE_1_GLP_1,ppgs,0.009775322361813223,0.005692307339896197,1.717286467176504,0.08593776568895392
bmi,alt_log_adj,REACTOME_SYNTHESIS_SECRETION_AND_INACTIVATION_OF_GLUCAGON_LIKE_PEPTIDE_1_GLP_1,bmi,0.2882640574156569,0.005761777243653649,50.030406457168645,0
bmi,alt_log_adj,REACTOME_SYNTHESIS_SECRETION_AND_INACTIVATION_OF_GLUCAGON_LIKE_PEPTIDE_1_GLP_1,ppgs:bmi,0.007787943065496836,0.005669164235170184,1.373737422737242,0.16953407717404453
bmi,alt_log_adj,REACTOME_SYNTHESIS_SECRETION_AND_INACTIVATION_OF_GLUCOSE_DEPENDENT_INSULINOTROPIC_POLYPEPTIDE_GIP,ppgs,0.0013939869723302181,0.005686015123020084,0.24516061638432868,0.8063338441428126
bmi,alt_log_adj,REACTOME_SYNTHESIS_SECRETION_AND_INACTIVATION_OF_GLUCOSE_DEPENDENT_INSULINOTROPIC_POLYPEPTIDE_GIP,bmi,0.2883902207826053,0.0057614265759104175,50.05534948382711,0
bmi,alt_log_adj,REACTOME_SYNTHESIS_SECRETION_AND_INACTIVATION_OF_GLUCOSE_DEPENDENT_INSULINOTROPIC_POLYPEPTIDE_GIP,ppgs:bmi,0.00799783701991115,0.005758969598941,1.3887618058240572,0.16491610359934178
bmi,alt_log_adj,REACTOME_S_PHASE,ppgs,-3.666362767623235e-4,0.005670846508150445,-0.06465283026711695,0.9484508760680851
bmi,alt_log_adj,REACTOME_S_PHASE,bmi,0.288455252860708,0.005761410103251493,50.06678012695472,0
bmi,alt_log_adj,REACTOME_S_PHASE,ppgs:bmi,-0.00890411185611942,0.005627516354270099,-1.5822453984275096,0.11360471604838351
bmi,alt_log_adj,REACTOME_TACHYKININ_RECEPTORS_BIND_TACHYKININS,ppgs,-8.542505858777653e-4,0.005710622471032465,-0.14958974966582217,0.8810893599306
bmi,alt_log_adj,REACTOME_TACHYKININ_RECEPTORS_BIND_TACHYKININS,bmi,0.28840090872449264,0.005762331331968801,50.04934498029905,0
bmi,alt_log_adj,REACTOME_TACHYKININ_RECEPTORS_BIND_TACHYKININS,ppgs:bmi,-6.150317773474421e-4,0.00578760171104521,-0.10626712204015341,0.9153711685933604
bmi,alt_log_adj,REACTOME_TAK1_DEPENDENT_IKK_AND_NF_KAPPA_B_ACTIVATION,ppgs,-0.00802181323763685,0.005713968163697875,-1.4038953329493913,0.16036097432073104
bmi,alt_log_adj,REACTOME_TAK1_DEPENDENT_IKK_AND_NF_KAPPA_B_ACTIVATION,bmi,0.2884539356313817,0.005761563720606627,50.065216600782605,0
bmi,alt_log_adj,REACTOME_TAK1_DEPENDENT_IKK_AND_NF_KAPPA_B_ACTIVATION,ppgs:bmi,0.0038758749805870873,0.005801468888441079,0.6680851100157462,0.5040847051510944
bmi,alt_log_adj,REACTOME_TANDEM_PORE_DOMAIN_POTASSIUM_CHANNELS,ppgs,0.003739931342883875,0.005693756534316932,0.6568477806072097,0.5112841301212963
bmi,alt_log_adj,REACTOME_TANDEM_PORE_DOMAIN_POTASSIUM_CHANNELS,bmi,0.2884418031265889,0.005761552940542564,50.06320450462205,0
bmi,alt_log_adj,REACTOME_TANDEM_PORE_DOMAIN_POTASSIUM_CHANNELS,ppgs:bmi,0.004742778906103389,0.005717847143548025,0.8294693417005917,0.406845862494964
bmi,alt_log_adj,REACTOME_TBC_RABGAPS,ppgs,0.0035470960749142263,0.005679539187409537,0.6245394138273519,0.5322784206925434
bmi,alt_log_adj,REACTOME_TBC_RABGAPS,bmi,0.2884209065614811,0.005761729056425241,50.05804746057021,0
bmi,alt_log_adj,REACTOME_TBC_RABGAPS,ppgs:bmi,-0.0030915726520091805,0.005581766016243141,-0.553869983623927,0.5796721975472325
bmi,alt_log_adj,REACTOME_TCF_DEPENDENT_SIGNALING_IN_RESPONSE_TO_WNT,ppgs,0.009917925319503543,0.005701972882235393,1.7393848628082802,0.08197794325615049
bmi,alt_log_adj,REACTOME_TCF_DEPENDENT_SIGNALING_IN_RESPONSE_TO_WNT,bmi,0.2884599035820017,0.0057613219643709865,50.06835329910179,0
bmi,alt_log_adj,REACTOME_TCF_DEPENDENT_SIGNALING_IN_RESPONSE_TO_WNT,ppgs:bmi,-0.00474674523656479,0.005640391367120963,-0.8415630986591771,0.4000396509187464
bmi,alt_log_adj,REACTOME_TCR_SIGNALING,ppgs,0.003540613119369215,0.005833872622682237,0.6069061408031479,0.5439180631639862
bmi,alt_log_adj,REACTOME_TCR_SIGNALING,bmi,0.28840038311715566,0.005761947643521256,50.05258654882669,0
bmi,alt_log_adj,REACTOME_TCR_SIGNALING,ppgs:bmi,8.177931294154673e-4,0.005754432983687107,0.14211532773668223,0.8869899212171297
bmi,alt_log_adj,REACTOME_TELOMERE_C_STRAND_LAGGING_STRAND_SYNTHESIS,ppgs,-0.0015174945774765155,0.005687444028729912,-0.26681485915482384,0.7896136536970396
bmi,alt_log_adj,REACTOME_TELOMERE_C_STRAND_LAGGING_STRAND_SYNTHESIS,bmi,0.28839547417171185,0.005761984707948123,50.05141262764843,0
bmi,alt_log_adj,REACTOME_TELOMERE_C_STRAND_LAGGING_STRAND_SYNTHESIS,ppgs:bmi,0.0018324856312340162,0.0055301711170726,0.3313614700957108,0.7403739142508856
bmi,alt_log_adj,REACTOME_TELOMERE_C_STRAND_SYNTHESIS_INITIATION,ppgs,0.002143344753015703,0.0057019150977520834,0.3758990999113075,0.7069947225248048
bmi,alt_log_adj,REACTOME_TELOMERE_C_STRAND_SYNTHESIS_INITIATION,bmi,0.2884219159965134,0.005761849916582066,50.05717263937439,0
bmi,alt_log_adj,REACTOME_TELOMERE_C_STRAND_SYNTHESIS_INITIATION,ppgs:bmi,-0.0016018971794813167,0.005732117867902523,-0.2794599162817769,0.7798939340252502
bmi,alt_log_adj,REACTOME_TELOMERE_EXTENSION_BY_TELOMERASE,ppgs,9.171719662789786e-4,0.005704634368005411,0.16077664353441498,0.8722704672980768
bmi,alt_log_adj,REACTOME_TELOMERE_EXTENSION_BY_TELOMERASE,bmi,0.2884671171809848,0.005761883220160597,50.06472817283939,0
bmi,alt_log_adj,REACTOME_TELOMERE_EXTENSION_BY_TELOMERASE,ppgs:bmi,-0.005805870957334629,0.00562060131613118,-1.032962601469655,0.30163021281807834
bmi,alt_log_adj,REACTOME_TELOMERE_MAINTENANCE,ppgs,-4.898541668728128e-4,0.005685701379893613,-0.08615545104164066,0.9313434523598758
bmi,alt_log_adj,REACTOME_TELOMERE_MAINTENANCE,bmi,0.2884185495695061,0.0057620642226873684,50.05472664360388,0
bmi,alt_log_adj,REACTOME_TELOMERE_MAINTENANCE,ppgs:bmi,-1.9530875997074662e-4,0.00554562653897957,-0.03521852014338576,0.9719057424207217
bmi,alt_log_adj,REACTOME_TERMINAL_PATHWAY_OF_COMPLEMENT,ppgs,-0.005829200693347801,0.005716944410699716,-1.0196357135182192,0.3079099623361084
bmi,alt_log_adj,REACTOME_TERMINAL_PATHWAY_OF_COMPLEMENT,bmi,0.28848536779966677,0.005761848207610504,50.068199890900026,0
bmi,alt_log_adj,REACTOME_TERMINAL_PATHWAY_OF_COMPLEMENT,ppgs:bmi,-0.0023626706331069183,0.005700339043026263,-0.414478966123495,0.6785265043960563
bmi,alt_log_adj,REACTOME_TERMINATION_OF_O_GLYCAN_BIOSYNTHESIS,ppgs,6.379670419474082e-4,0.005649423593164501,0.11292604129017943,0.9100899900401505
bmi,alt_log_adj,REACTOME_TERMINATION_OF_O_GLYCAN_BIOSYNTHESIS,bmi,0.2884730785765538,0.005761767692413904,50.066766655025866,0
bmi,alt_log_adj,REACTOME_TERMINATION_OF_O_GLYCAN_BIOSYNTHESIS,ppgs:bmi,-0.00582973686266773,0.0055650871314475645,-1.0475553616626532,0.29485244408348527
bmi,alt_log_adj,REACTOME_TERMINATION_OF_TRANSLESION_DNA_SYNTHESIS,ppgs,-0.0019895098813084524,0.005689793287396992,-0.34966294570230827,0.7265942627803058
bmi,alt_log_adj,REACTOME_TERMINATION_OF_TRANSLESION_DNA_SYNTHESIS,bmi,0.28839713437266545,0.005762203165506401,50.049803189700654,0
bmi,alt_log_adj,REACTOME_TERMINATION_OF_TRANSLESION_DNA_SYNTHESIS,ppgs:bmi,0.002512578272623621,0.005568033636140858,0.451250555728514,0.6518124281867643
bmi,alt_log_adj,REACTOME_TETRAHYDROBIOPTERIN_BH4_SYNTHESIS_RECYCLING_SALVAGE_AND_REGULATION,ppgs,-0.0038221827947849127,0.0056961191501791715,-0.6710152463479782,0.5022162840793172
bmi,alt_log_adj,REACTOME_TETRAHYDROBIOPTERIN_BH4_SYNTHESIS_RECYCLING_SALVAGE_AND_REGULATION,bmi,0.2885824904638665,0.005761698178731157,50.08636022087125,0
bmi,alt_log_adj,REACTOME_TETRAHYDROBIOPTERIN_BH4_SYNTHESIS_RECYCLING_SALVAGE_AND_REGULATION,ppgs:bmi,-0.011497864071265082,0.005620378853401717,-2.045745379656397,0.04079063711220151
bmi,alt_log_adj,REACTOME_TFAP2A_ACTS_AS_A_TRANSCRIPTIONAL_REPRESSOR_DURING_RETINOIC_ACID_INDUCED_CELL_DIFFERENTIATION,ppgs,0.002414434415633017,0.0057063515821656,0.4231135044638667,0.6722156596133508
bmi,alt_log_adj,REACTOME_TFAP2A_ACTS_AS_A_TRANSCRIPTIONAL_REPRESSOR_DURING_RETINOIC_ACID_INDUCED_CELL_DIFFERENTIATION,bmi,0.28825325993877465,0.005763095461340518,50.017089231370434,0
bmi,alt_log_adj,REACTOME_TFAP2A_ACTS_AS_A_TRANSCRIPTIONAL_REPRESSOR_DURING_RETINOIC_ACID_INDUCED_CELL_DIFFERENTIATION,ppgs:bmi,-0.008194003317220524,0.005785765259363341,-1.416235009527881,0.15671769638495706
bmi,alt_log_adj,REACTOME_TFAP2_AP_2_FAMILY_REGULATES_TRANSCRIPTION_OF_CELL_CYCLE_FACTORS,ppgs,0.0012160931801220055,0.0057006836173698365,0.21332409615166167,0.8310757141323282
bmi,alt_log_adj,REACTOME_TFAP2_AP_2_FAMILY_REGULATES_TRANSCRIPTION_OF_CELL_CYCLE_FACTORS,bmi,0.28821736699928835,0.005762893488720562,50.0126139001879,0
bmi,alt_log_adj,REACTOME_TFAP2_AP_2_FAMILY_REGULATES_TRANSCRIPTION_OF_CELL_CYCLE_FACTORS,ppgs:bmi,-0.009490612060586172,0.005779922361988998,-1.6419964605407338,0.10060182976798818
bmi,alt_log_adj,REACTOME_TFAP2_AP_2_FAMILY_REGULATES_TRANSCRIPTION_OF_GROWTH_FACTORS_AND_THEIR_RECEPTORS,ppgs,-4.1006549762901133e-4,0.005680879778351197,-0.07218344932974935,0.9424564255689671
bmi,alt_log_adj,REACTOME_TFAP2_AP_2_FAMILY_REGULATES_TRANSCRIPTION_OF_GROWTH_FACTORS_AND_THEIR_RECEPTORS,bmi,0.2884200006363872,0.0057631628944445745,50.045436146601176,0
bmi,alt_log_adj,REACTOME_TFAP2_AP_2_FAMILY_REGULATES_TRANSCRIPTION_OF_GROWTH_FACTORS_AND_THEIR_RECEPTORS,ppgs:bmi,3.506332053971374e-4,0.005845535503230759,0.05998307686324829,0.9521695359523796
bmi,alt_log_adj,REACTOME_TGFBR3_EXPRESSION,ppgs,-6.784551417251832e-4,0.005731336927497205,-0.11837641902889404,0.9057702480092317
bmi,alt_log_adj,REACTOME_TGFBR3_EXPRESSION,bmi,0.2884422275843331,0.005762132011475656,50.058247018617735,0
bmi,alt_log_adj,REACTOME_TGFBR3_EXPRESSION,ppgs:bmi,-0.0019083441427561237,0.005740524185454607,-0.33243377801482027,0.739564194280934
bmi,alt_log_adj,REACTOME_TGFBR3_PTM_REGULATION,ppgs,0.0035053781992738717,0.005757590720201029,0.6088272629339446,0.5426438193531664
bmi,alt_log_adj,REACTOME_TGFBR3_PTM_REGULATION,bmi,0.28838121018094665,0.005762058412484828,50.04829689961183,0
bmi,alt_log_adj,REACTOME_TGFBR3_PTM_REGULATION,ppgs:bmi,0.0014013463975314513,0.005790834996256011,0.24199383999673166,0.8087866868606047
bmi,alt_log_adj,REACTOME_TGFBR3_REGULATES_TGF_BETA_SIGNALING,ppgs,-0.0010828334122963228,0.005705285337626843,-0.1897947864508974,0.8494713003501653
bmi,alt_log_adj,REACTOME_TGFBR3_REGULATES_TGF_BETA_SIGNALING,bmi,0.28842517814084884,0.00576178248151391,50.058324670573995,0
bmi,alt_log_adj,REACTOME_TGFBR3_REGULATES_TGF_BETA_SIGNALING,ppgs:bmi,9.344884678680317e-4,0.005802264203021708,0.16105582840942817,0.8720505774888434
bmi,alt_log_adj,REACTOME_TGF_BETA_RECEPTOR_SIGNALING_ACTIVATES_SMADS,ppgs,0.0064847236584355105,0.00568883632469344,1.1399033630634399,0.25433619488946435
bmi,alt_log_adj,REACTOME_TGF_BETA_RECEPTOR_SIGNALING_ACTIVATES_SMADS,bmi,0.28829608816498,0.005761516468891977,50.03823033771931,0
bmi,alt_log_adj,REACTOME_TGF_BETA_RECEPTOR_SIGNALING_ACTIVATES_SMADS,ppgs:bmi,-0.00927842081561395,0.005772345703529141,-1.6073917419639712,0.10797959738646394
bmi,alt_log_adj,REACTOME_TGF_BETA_RECEPTOR_SIGNALING_IN_EMT_EPITHELIAL_TO_MESENCHYMAL_TRANSITION,ppgs,0.0019308395205207603,0.005699711940680877,0.3387608953953743,0.7347923711972918
bmi,alt_log_adj,REACTOME_TGF_BETA_RECEPTOR_SIGNALING_IN_EMT_EPITHELIAL_TO_MESENCHYMAL_TRANSITION,bmi,0.2883637061937083,0.005761427438135697,50.05073990604975,0
bmi,alt_log_adj,REACTOME_TGF_BETA_RECEPTOR_SIGNALING_IN_EMT_EPITHELIAL_TO_MESENCHYMAL_TRANSITION,ppgs:bmi,0.010110531202736587,0.00569772357786564,1.7744860845853774,0.07599351183804762
bmi,alt_log_adj,REACTOME_THE_ACTIVATION_OF_ARYLSULFATASES,ppgs,-0.008660863309683195,0.005725103198137583,-1.512787282594423,0.13034484795158813
bmi,alt_log_adj,REACTOME_THE_ACTIVATION_OF_ARYLSULFATASES,bmi,0.2883636127564831,0.005761311857953643,50.051727777657014,0
bmi,alt_log_adj,REACTOME_THE_ACTIVATION_OF_ARYLSULFATASES,ppgs:bmi,-0.006987106236984359,0.005810320724445021,-1.2025336583552777,0.22916687766259294
bmi,alt_log_adj,REACTOME_THE_CANONICAL_RETINOID_CYCLE_IN_RODS_TWILIGHT_VISION,ppgs,-0.0010671981883805482,0.005684379326556123,-0.1877422541797733,0.8510800488537055
bmi,alt_log_adj,REACTOME_THE_CANONICAL_RETINOID_CYCLE_IN_RODS_TWILIGHT_VISION,bmi,0.28836863776404387,0.00576181477410769,50.04823116839996,0
bmi,alt_log_adj,REACTOME_THE_CANONICAL_RETINOID_CYCLE_IN_RODS_TWILIGHT_VISION,ppgs:bmi,0.004397776604935064,0.00559718896613637,0.7857116548221103,0.43204300064064083
bmi,alt_log_adj,REACTOME_THE_CRY_PER_KINASE_COMPLEX_REPRESSES_TRANSACTIVATION_BY_THE_BMAL_CLOCK_ARNTL_CLOCK_COMPLEX,ppgs,-0.004021984162328749,0.005723728209622123,-0.7026860841448441,0.48225717188283657
bmi,alt_log_adj,REACTOME_THE_CRY_PER_KINASE_COMPLEX_REPRESSES_TRANSACTIVATION_BY_THE_BMAL_CLOCK_ARNTL_CLOCK_COMPLEX,bmi,0.28842840212652265,0.005761615335948342,50.060336434981444,0
bmi,alt_log_adj,REACTOME_THE_CRY_PER_KINASE_COMPLEX_REPRESSES_TRANSACTIVATION_BY_THE_BMAL_CLOCK_ARNTL_CLOCK_COMPLEX,ppgs:bmi,-0.006571352480839372,0.005690018835088136,-1.1548911649143223,0.24814473270617854
bmi,alt_log_adj,REACTOME_THE_FATTY_ACID_CYCLING_MODEL,ppgs,-0.004167606265264907,0.005817756575463747,-0.7163596845632368,0.47377518307714717
bmi,alt_log_adj,REACTOME_THE_FATTY_ACID_CYCLING_MODEL,bmi,0.288588423898201,0.005761588796641447,50.088340921938986,0
bmi,alt_log_adj,REACTOME_THE_FATTY_ACID_CYCLING_MODEL,ppgs:bmi,-0.013041979322210932,0.0057014109520551245,-2.2875003103415716,0.022173968225855382
bmi,alt_log_adj,REACTOME_THE_NLRP3_INFLAMMASOME,ppgs,0.003264018288424908,0.0058274191636781035,0.5601138680342931,0.5754061977502951
bmi,alt_log_adj,REACTOME_THE_NLRP3_INFLAMMASOME,bmi,0.28844468596851036,0.005762492868360507,50.055538906129016,0
bmi,alt_log_adj,REACTOME_THE_NLRP3_INFLAMMASOME,ppgs:bmi,0.0017435977445881515,0.005835123091213351,0.2988107906778688,0.7650866074399325
bmi,alt_log_adj,REACTOME_THE_PHOTOTRANSDUCTION_CASCADE,ppgs,-0.0014850452884065915,0.005693897715924353,-0.2608134818181411,0.7942382417066441
bmi,alt_log_adj,REACTOME_THE_PHOTOTRANSDUCTION_CASCADE,bmi,0.28841349632487384,0.0057615986224397175,50.0578945575259,0
bmi,alt_log_adj,REACTOME_THE_PHOTOTRANSDUCTION_CASCADE,ppgs:bmi,-9.510860877273668e-4,0.005651702385250936,-0.16828311593501194,0.8663617565059101
bmi,alt_log_adj,REACTOME_THE_RETINOID_CYCLE_IN_CONES_DAYLIGHT_VISION,ppgs,-0.0026860902531597613,0.005716839437808508,-0.4698558149797271,0.638461648347203
bmi,alt_log_adj,REACTOME_THE_RETINOID_CYCLE_IN_CONES_DAYLIGHT_VISION,bmi,0.2883770475839044,0.005762044978576242,50.04769116799922,0
bmi,alt_log_adj,REACTOME_THE_RETINOID_CYCLE_IN_CONES_DAYLIGHT_VISION,ppgs:bmi,-0.0019923331768834044,0.005782548655216454,-0.34454239742299697,0.7304409728564616
bmi,alt_log_adj,REACTOME_THE_ROLE_OF_GTSE1_IN_G2_M_PROGRESSION_AFTER_G2_CHECKPOINT,ppgs,-0.0027631851284930643,0.005686919549471816,-0.48588433587911417,0.6270529304903723
bmi,alt_log_adj,REACTOME_THE_ROLE_OF_GTSE1_IN_G2_M_PROGRESSION_AFTER_G2_CHECKPOINT,bmi,0.28839760220271743,0.005762528821949695,50.047055921733495,0
bmi,alt_log_adj,REACTOME_THE_ROLE_OF_GTSE1_IN_G2_M_PROGRESSION_AFTER_G2_CHECKPOINT,ppgs:bmi,6.195335137714139e-4,0.005813428287528522,0.10656939126616419,0.9151313565891886
bmi,alt_log_adj,REACTOME_THE_ROLE_OF_NEF_IN_HIV_1_REPLICATION_AND_DISEASE_PATHOGENESIS,ppgs,0.00922412204788857,0.005736792905793789,1.6078882747489114,0.10787078670761367
bmi,alt_log_adj,REACTOME_THE_ROLE_OF_NEF_IN_HIV_1_REPLICATION_AND_DISEASE_PATHOGENESIS,bmi,0.288310399258198,0.005761007836613694,50.04513228151867,0
bmi,alt_log_adj,REACTOME_THE_ROLE_OF_NEF_IN_HIV_1_REPLICATION_AND_DISEASE_PATHOGENESIS,ppgs:bmi,0.012124120279218999,0.005700253648503,2.126943997027752,0.033433346994548044
bmi,alt_log_adj,REACTOME_THROMBIN_SIGNALLING_THROUGH_PROTEINASE_ACTIVATED_RECEPTORS_PARS,ppgs,9.238912583431332e-5,0.005699510112430729,0.016210011739923234,0.9870669623767216
bmi,alt_log_adj,REACTOME_THROMBIN_SIGNALLING_THROUGH_PROTEINASE_ACTIVATED_RECEPTORS_PARS,bmi,0.28840194441808215,0.005761880110593246,50.05344416796415,0
bmi,alt_log_adj,REACTOME_THROMBIN_SIGNALLING_THROUGH_PROTEINASE_ACTIVATED_RECEPTORS_PARS,ppgs:bmi,-0.0019230164482111492,0.00574842356500937,-0.33452935860825256,0.7379826156480054
bmi,alt_log_adj,REACTOME_THROMBOXANE_SIGNALLING_THROUGH_TP_RECEPTOR,ppgs,1.965770194321635e-4,0.00570159230243843,0.03447756503882124,0.9724965749606787
bmi,alt_log_adj,REACTOME_THROMBOXANE_SIGNALLING_THROUGH_TP_RECEPTOR,bmi,0.28840222599783616,0.005761827425456127,50.05395071772828,0
bmi,alt_log_adj,REACTOME_THROMBOXANE_SIGNALLING_THROUGH_TP_RECEPTOR,ppgs:bmi,-0.001822567852494177,0.0057567549174908595,-0.3165963947773135,0.7515522029269882
bmi,alt_log_adj,REACTOME_THYROXINE_BIOSYNTHESIS,ppgs,-0.001435897120681091,0.005687500705661365,-0.25246539648809047,0.8006831879935045
bmi,alt_log_adj,REACTOME_THYROXINE_BIOSYNTHESIS,bmi,0.2883831304325414,0.005761455570661009,50.05386692575941,0
bmi,alt_log_adj,REACTOME_THYROXINE_BIOSYNTHESIS,ppgs:bmi,-0.009265971956483994,0.0057257272916848715,-1.6183047994514874,0.10560805200823864
bmi,alt_log_adj,REACTOME_TICAM1_DEPENDENT_ACTIVATION_OF_IRF3_IRF7,ppgs,-7.742449100999137e-4,0.005692799603109231,-0.13600424467375333,0.891818891102717
bmi,alt_log_adj,REACTOME_TICAM1_DEPENDENT_ACTIVATION_OF_IRF3_IRF7,bmi,0.2884334663304836,0.005762060460293821,50.05734811671444,0
bmi,alt_log_adj,REACTOME_TICAM1_DEPENDENT_ACTIVATION_OF_IRF3_IRF7,ppgs:bmi,-0.001263207670044142,0.005626610893176477,-0.22450595820941938,0.8223652493180744
bmi,alt_log_adj,REACTOME_TICAM1_RIP1_MEDIATED_IKK_COMPLEX_RECRUITMENT,ppgs,0.006364198414547272,0.0056972411728605475,1.11706670324294,0.2639752733570151
bmi,alt_log_adj,REACTOME_TICAM1_RIP1_MEDIATED_IKK_COMPLEX_RECRUITMENT,bmi,0.2883686258680985,0.005761747083669908,50.04881708282551,0
bmi,alt_log_adj,REACTOME_TICAM1_RIP1_MEDIATED_IKK_COMPLEX_RECRUITMENT,ppgs:bmi,-0.00458661872651093,0.005610978241859321,-0.8174365554108892,0.4136858623972933
bmi,alt_log_adj,REACTOME_TICAM1_TRAF6_DEPENDENT_INDUCTION_OF_TAK1_COMPLEX,ppgs,-0.012606617099823912,0.005686089421812175,-2.2170979322738376,0.02662430250223105
bmi,alt_log_adj,REACTOME_TICAM1_TRAF6_DEPENDENT_INDUCTION_OF_TAK1_COMPLEX,bmi,0.2884023192150217,0.005760894461593232,50.06207302316404,0
bmi,alt_log_adj,REACTOME_TICAM1_TRAF6_DEPENDENT_INDUCTION_OF_TAK1_COMPLEX,ppgs:bmi,-0.007973485033073635,0.005658020873132202,-1.409235704826876,0.15877645257295178
bmi,alt_log_adj,REACTOME_TIE2_SIGNALING,ppgs,-0.01431694887403521,0.0056728990806296205,-2.523744679844756,0.011616640012445187
bmi,alt_log_adj,REACTOME_TIE2_SIGNALING,bmi,0.28832810717107754,0.005761418185212782,50.04464142372074,0
bmi,alt_log_adj,REACTOME_TIE2_SIGNALING,ppgs:bmi,0.004020055885118671,0.00587695496555608,0.6840372112224092,0.4939572601650345
bmi,alt_log_adj,REACTOME_TIGHT_JUNCTION_INTERACTIONS,ppgs,4.8790749106285936e-4,0.0056989912396677705,0.0856129568452017,0.9317747028159485
bmi,alt_log_adj,REACTOME_TIGHT_JUNCTION_INTERACTIONS,bmi,0.28839694404391175,0.005761216307498613,50.05834335165365,0
bmi,alt_log_adj,REACTOME_TIGHT_JUNCTION_INTERACTIONS,ppgs:bmi,0.011920237889224677,0.005694810526175917,2.0931755032821355,0.036342355339729536
bmi,alt_log_adj,REACTOME_TLR3_MEDIATED_TICAM1_DEPENDENT_PROGRAMMED_CELL_DEATH,ppgs,0.004346894647712007,0.0057653728709435555,0.7539659177326719,0.45087594964377087
bmi,alt_log_adj,REACTOME_TLR3_MEDIATED_TICAM1_DEPENDENT_PROGRAMMED_CELL_DEATH,bmi,0.28841621717044597,0.005761075253227003,50.062914385451364,0
bmi,alt_log_adj,REACTOME_TLR3_MEDIATED_TICAM1_DEPENDENT_PROGRAMMED_CELL_DEATH,ppgs:bmi,-0.012675584942267759,0.005791000156947512,-2.1888420995915103,0.02861644664875411
bmi,alt_log_adj,REACTOME_TNFR1_INDUCED_NF_KAPPA_B_SIGNALING_PATHWAY,ppgs,-0.002088761923565102,0.005699311591300643,-0.366493722988117,0.7139994308329807
bmi,alt_log_adj,REACTOME_TNFR1_INDUCED_NF_KAPPA_B_SIGNALING_PATHWAY,bmi,0.2884022856973731,0.005761703460881747,50.05503800315979,0
bmi,alt_log_adj,REACTOME_TNFR1_INDUCED_NF_KAPPA_B_SIGNALING_PATHWAY,ppgs:bmi,0.0024958115947478652,0.005679133741664666,0.4394704735402646,0.6603240219205648
bmi,alt_log_adj,REACTOME_TNFR1_INDUCED_PROAPOPTOTIC_SIGNALING,ppgs,0.0013950368346835103,0.0056864034440019,0.2453285012963713,0.8062038609639364
bmi,alt_log_adj,REACTOME_TNFR1_INDUCED_PROAPOPTOTIC_SIGNALING,bmi,0.28836547464964346,0.005761539884144936,50.05007002436806,0
bmi,alt_log_adj,REACTOME_TNFR1_INDUCED_PROAPOPTOTIC_SIGNALING,ppgs:bmi,0.007497552174248386,0.005667233489667044,1.3229651095051098,0.1858576522352406
bmi,alt_log_adj,REACTOME_TNFR1_MEDIATED_CERAMIDE_PRODUCTION,ppgs,0.009218988467205905,0.005829860518903472,1.581339456975531,0.11381159875462248
bmi,alt_log_adj,REACTOME_TNFR1_MEDIATED_CERAMIDE_PRODUCTION,bmi,0.288326965327431,0.005761469264963609,50.04399955420957,0
bmi,alt_log_adj,REACTOME_TNFR1_MEDIATED_CERAMIDE_PRODUCTION,ppgs:bmi,0.005154291097968217,0.0058339099552773615,0.8835054256032251,0.376970744848668
bmi,alt_log_adj,REACTOME_TNFR2_NON_CANONICAL_NF_KB_PATHWAY,ppgs,-0.0025974260000021262,0.005694201072659099,-0.4561528416117506,0.6482835685714479
bmi,alt_log_adj,REACTOME_TNFR2_NON_CANONICAL_NF_KB_PATHWAY,bmi,0.2883516018981851,0.005761613576611351,50.047022082271766,0
bmi,alt_log_adj,REACTOME_TNFR2_NON_CANONICAL_NF_KB_PATHWAY,ppgs:bmi,-0.007109247015700044,0.0056850059262597875,-1.2505258759470241,0.21111783073055693
bmi,alt_log_adj,REACTOME_TNFS_BIND_THEIR_PHYSIOLOGICAL_RECEPTORS,ppgs,0.007666999778537116,0.005765339844486303,1.3298435105901814,0.18358053648787515
bmi,alt_log_adj,REACTOME_TNFS_BIND_THEIR_PHYSIOLOGICAL_RECEPTORS,bmi,0.2884336694009732,0.005761540791886056,50.06189833927283,0
bmi,alt_log_adj,REACTOME_TNFS_BIND_THEIR_PHYSIOLOGICAL_RECEPTORS,ppgs:bmi,4.933676634751665e-4,0.005762541404984146,0.08561633293401452,0.9317720189650935
bmi,alt_log_adj,REACTOME_TNF_RECEPTOR_SUPERFAMILY_TNFSF_MEMBERS_MEDIATING_NON_CANONICAL_NF_KB_PATHWAY,ppgs,3.073445526298421e-4,0.005682425676213065,0.05408685834931421,0.9568663435765459
bmi,alt_log_adj,REACTOME_TNF_RECEPTOR_SUPERFAMILY_TNFSF_MEMBERS_MEDIATING_NON_CANONICAL_NF_KB_PATHWAY,bmi,0.2884507787676565,0.0057618473016146565,50.06220464864163,0
bmi,alt_log_adj,REACTOME_TNF_RECEPTOR_SUPERFAMILY_TNFSF_MEMBERS_MEDIATING_NON_CANONICAL_NF_KB_PATHWAY,ppgs:bmi,-0.004415737743399363,0.005510762158621219,-0.8012934719912084,0.42296848521359387
bmi,alt_log_adj,REACTOME_TNF_SIGNALING,ppgs,-1.0436475107756336e-4,0.005681618832186816,-0.01836884067025561,0.985344739064241
bmi,alt_log_adj,REACTOME_TNF_SIGNALING,bmi,0.2884143573735071,0.005761601929830919,50.05801526832851,0
bmi,alt_log_adj,REACTOME_TNF_SIGNALING,ppgs:bmi,-5.734609232578466e-4,0.0056618426349412665,-0.10128521052824978,0.9193247724241904
bmi,alt_log_adj,REACTOME_TOLL_LIKE_RECEPTOR_9_TLR9_CASCADE,ppgs,-4.989067387500634e-4,0.0057323787323703,-0.0870331082509911,0.9306458100820871
bmi,alt_log_adj,REACTOME_TOLL_LIKE_RECEPTOR_9_TLR9_CASCADE,bmi,0.2885628987400578,0.005763178073535004,50.07009935458402,0
bmi,alt_log_adj,REACTOME_TOLL_LIKE_RECEPTOR_9_TLR9_CASCADE,ppgs:bmi,0.006219329056469744,0.005841092561584932,1.0647544086824368,0.28699615037609066
bmi,alt_log_adj,REACTOME_TOLL_LIKE_RECEPTOR_CASCADES,ppgs,-0.003981870805533182,0.005691002712603546,-0.6996782476864323,0.4841340051376162
bmi,alt_log_adj,REACTOME_TOLL_LIKE_RECEPTOR_CASCADES,bmi,0.2884433907755839,0.005762377545641013,50.05631590276113,0
bmi,alt_log_adj,REACTOME_TOLL_LIKE_RECEPTOR_CASCADES,ppgs:bmi,0.0030869787648154664,0.005771491225614848,0.5348667517876378,0.5927461957782327
bmi,alt_log_adj,REACTOME_TOLL_LIKE_RECEPTOR_TLR1_TLR2_CASCADE,ppgs,6.163589891316195e-4,0.005730714916855316,0.10755359463419994,0.9143505706268491
bmi,alt_log_adj,REACTOME_TOLL_LIKE_RECEPTOR_TLR1_TLR2_CASCADE,bmi,0.28852313981879907,0.0057635466664981766,50.05999890586474,0
bmi,alt_log_adj,REACTOME_TOLL_LIKE_RECEPTOR_TLR1_TLR2_CASCADE,ppgs:bmi,0.0041367981854916105,0.005842069486540458,0.7081049266911971,0.47888592236750416
bmi,alt_log_adj,REACTOME_TOXICITY_OF_BOTULINUM_TOXIN_TYPE_D_BOTD,ppgs,-0.001657373723791062,0.0056905193137287285,-0.2912517526814373,0.770860915273972
bmi,alt_log_adj,REACTOME_TOXICITY_OF_BOTULINUM_TOXIN_TYPE_D_BOTD,bmi,0.28844173944599966,0.0057617161915275664,50.06177497429407,0
bmi,alt_log_adj,REACTOME_TOXICITY_OF_BOTULINUM_TOXIN_TYPE_D_BOTD,ppgs:bmi,0.0035421130727574515,0.005796714208546156,0.6110553229509361,0.5411678552194872
bmi,alt_log_adj,REACTOME_TP53_REGULATES_METABOLIC_GENES,ppgs,0.003215865896291104,0.005678976736743689,0.5662755889602522,0.5712109348851055
bmi,alt_log_adj,REACTOME_TP53_REGULATES_METABOLIC_GENES,bmi,0.2884255870639771,0.0057630471458279715,50.04741064330461,0
bmi,alt_log_adj,REACTOME_TP53_REGULATES_METABOLIC_GENES,ppgs:bmi,-3.8156037795654635e-4,0.005522789520040467,-0.0690883432316194,0.9449197869062771
bmi,alt_log_adj,REACTOME_TP53_REGULATES_TRANSCRIPTION_OF_ADDITIONAL_CELL_CYCLE_GENES_WHOSE_EXACT_ROLE_IN_THE_P53_PATHWAY_REMAIN_UNCERTAIN,ppgs,0.00394258573792532,0.005701794779979132,0.6914639845981531,0.4892796688560883
bmi,alt_log_adj,REACTOME_TP53_REGULATES_TRANSCRIPTION_OF_ADDITIONAL_CELL_CYCLE_GENES_WHOSE_EXACT_ROLE_IN_THE_P53_PATHWAY_REMAIN_UNCERTAIN,bmi,0.2882972597628446,0.0057619944110833925,50.034283130906026,0
bmi,alt_log_adj,REACTOME_TP53_REGULATES_TRANSCRIPTION_OF_ADDITIONAL_CELL_CYCLE_GENES_WHOSE_EXACT_ROLE_IN_THE_P53_PATHWAY_REMAIN_UNCERTAIN,ppgs:bmi,0.006878261317673628,0.005567686241528642,1.2353895351303343,0.21669580363230212
bmi,alt_log_adj,REACTOME_TP53_REGULATES_TRANSCRIPTION_OF_CASPASE_ACTIVATORS_AND_CASPASES,ppgs,0.004387345714408016,0.00572485892417571,0.7663674812807243,0.44346405771410213
bmi,alt_log_adj,REACTOME_TP53_REGULATES_TRANSCRIPTION_OF_CASPASE_ACTIVATORS_AND_CASPASES,bmi,0.28840731092506644,0.005761620343421914,50.0566322899674,0
bmi,alt_log_adj,REACTOME_TP53_REGULATES_TRANSCRIPTION_OF_CASPASE_ACTIVATORS_AND_CASPASES,ppgs:bmi,-2.3277607510681356e-4,0.005782364211735298,-0.04025621122834064,0.9678891473274973
bmi,alt_log_adj,REACTOME_TP53_REGULATES_TRANSCRIPTION_OF_CELL_CYCLE_GENES,ppgs,-0.0010223622597944257,0.005686734413425921,-0.17978020168846132,0.8573264120973901
bmi,alt_log_adj,REACTOME_TP53_REGULATES_TRANSCRIPTION_OF_CELL_CYCLE_GENES,bmi,0.2884301307072327,0.005761608018530812,50.060700030194226,0
bmi,alt_log_adj,REACTOME_TP53_REGULATES_TRANSCRIPTION_OF_CELL_CYCLE_GENES,ppgs:bmi,-0.003791568279372771,0.005661000229428465,-0.6697700275054692,0.5030098583020054
bmi,alt_log_adj,REACTOME_TP53_REGULATES_TRANSCRIPTION_OF_CELL_DEATH_GENES,ppgs,9.675468046221437e-4,0.005762116025205401,0.16791518955706097,0.8666511980994454
bmi,alt_log_adj,REACTOME_TP53_REGULATES_TRANSCRIPTION_OF_CELL_DEATH_GENES,bmi,0.2884651326221628,0.005762034921187568,50.063065664778975,0
bmi,alt_log_adj,REACTOME_TP53_REGULATES_TRANSCRIPTION_OF_CELL_DEATH_GENES,ppgs:bmi,-0.004820694956395576,0.005678260986298604,-0.8489738263224784,0.39590302556685186
bmi,alt_log_adj,REACTOME_TP53_REGULATES_TRANSCRIPTION_OF_DEATH_RECEPTORS_AND_LIGANDS,ppgs,0.002575351858913424,0.00576724040043419,0.44654838017841897,0.6552045845519889
bmi,alt_log_adj,REACTOME_TP53_REGULATES_TRANSCRIPTION_OF_DEATH_RECEPTORS_AND_LIGANDS,bmi,0.28841911224244005,0.005762369393884798,50.05217342513988,0
bmi,alt_log_adj,REACTOME_TP53_REGULATES_TRANSCRIPTION_OF_DEATH_RECEPTORS_AND_LIGANDS,ppgs:bmi,-0.0015185896801574665,0.005765975440245127,-0.263370820062478,0.7922666933022282
bmi,alt_log_adj,REACTOME_TP53_REGULATES_TRANSCRIPTION_OF_DNA_REPAIR_GENES,ppgs,0.005972610937864385,0.005713437151559498,1.0453621488133715,0.29586453729041234
bmi,alt_log_adj,REACTOME_TP53_REGULATES_TRANSCRIPTION_OF_DNA_REPAIR_GENES,bmi,0.2884451371886892,0.005762815355692257,50.05281609513581,0
bmi,alt_log_adj,REACTOME_TP53_REGULATES_TRANSCRIPTION_OF_DNA_REPAIR_GENES,ppgs:bmi,-0.0019441518332183284,0.005621597870939891,-0.3458361622179283,0.7294684129600781
bmi,alt_log_adj,REACTOME_TP53_REGULATES_TRANSCRIPTION_OF_GENES_INVOLVED_IN_CYTOCHROME_C_RELEASE,ppgs,-0.004599688814762582,0.005766275710187632,-0.7976879785050913,0.42505826334485275
bmi,alt_log_adj,REACTOME_TP53_REGULATES_TRANSCRIPTION_OF_GENES_INVOLVED_IN_CYTOCHROME_C_RELEASE,bmi,0.28843071971065054,0.005761625502576437,50.060650346273356,0
bmi,alt_log_adj,REACTOME_TP53_REGULATES_TRANSCRIPTION_OF_GENES_INVOLVED_IN_CYTOCHROME_C_RELEASE,ppgs:bmi,-0.001052517642126605,0.005741867620483467,-0.1833058007767136,0.8545593941110275
bmi,alt_log_adj,REACTOME_TP53_REGULATES_TRANSCRIPTION_OF_GENES_INVOLVED_IN_G1_CELL_CYCLE_ARREST,ppgs,0.007339781414512694,0.005864081995268952,1.2516505431599205,0.210707556634744
bmi,alt_log_adj,REACTOME_TP53_REGULATES_TRANSCRIPTION_OF_GENES_INVOLVED_IN_G1_CELL_CYCLE_ARREST,bmi,0.2883862523258191,0.005761353556100401,50.05529508260463,0
bmi,alt_log_adj,REACTOME_TP53_REGULATES_TRANSCRIPTION_OF_GENES_INVOLVED_IN_G1_CELL_CYCLE_ARREST,ppgs:bmi,0.006178736506989149,0.005827529726344308,1.0602668364019068,0.2890322554668109
bmi,alt_log_adj,REACTOME_TP53_REGULATES_TRANSCRIPTION_OF_GENES_INVOLVED_IN_G2_CELL_CYCLE_ARREST,ppgs,-0.0017243935242973055,0.005687999338380865,-0.3031634537405147,0.7617675235196897
bmi,alt_log_adj,REACTOME_TP53_REGULATES_TRANSCRIPTION_OF_GENES_INVOLVED_IN_G2_CELL_CYCLE_ARREST,bmi,0.2884224360813441,0.005761573730148544,50.05966244467517,0
bmi,alt_log_adj,REACTOME_TP53_REGULATES_TRANSCRIPTION_OF_GENES_INVOLVED_IN_G2_CELL_CYCLE_ARREST,ppgs:bmi,-0.004812839687986592,0.005656215631711093,-0.8508939547855663,0.39483545034503387
bmi,alt_log_adj,REACTOME_TP53_REGULATES_TRANSCRIPTION_OF_SEVERAL_ADDITIONAL_CELL_DEATH_GENES_WHOSE_SPECIFIC_ROLES_IN_P53_DEPENDENT_APOPTOSIS_REMAIN_UNCERTAIN,ppgs,0.0018871921552613949,0.005767177458047626,0.32722977036678,0.7434965219743657
bmi,alt_log_adj,REACTOME_TP53_REGULATES_TRANSCRIPTION_OF_SEVERAL_ADDITIONAL_CELL_DEATH_GENES_WHOSE_SPECIFIC_ROLES_IN_P53_DEPENDENT_APOPTOSIS_REMAIN_UNCERTAIN,bmi,0.2884443871632937,0.0057617784718287735,50.061693377069766,0
bmi,alt_log_adj,REACTOME_TP53_REGULATES_TRANSCRIPTION_OF_SEVERAL_ADDITIONAL_CELL_DEATH_GENES_WHOSE_SPECIFIC_ROLES_IN_P53_DEPENDENT_APOPTOSIS_REMAIN_UNCERTAIN,ppgs:bmi,-0.004073537148144656,0.00575276001126964,-0.7081013531182613,0.4788881413618399
bmi,alt_log_adj,REACTOME_TRAF3_DEPENDENT_IRF_ACTIVATION_PATHWAY,ppgs,-0.0038003754056682823,0.005680791534941407,-0.6689869505495734,0.5035092500608778
bmi,alt_log_adj,REACTOME_TRAF3_DEPENDENT_IRF_ACTIVATION_PATHWAY,bmi,0.2884459097807031,0.005761684113260005,50.06277749883414,0
bmi,alt_log_adj,REACTOME_TRAF3_DEPENDENT_IRF_ACTIVATION_PATHWAY,ppgs:bmi,-0.0027177548537975793,0.0055311848316451145,-0.49135129931813365,0.6231818068217069
bmi,alt_log_adj,REACTOME_TRAF6_MEDIATED_INDUCTION_OF_TAK1_COMPLEX_WITHIN_TLR4_COMPLEX,ppgs,-0.015995216076899844,0.00573115938734869,-2.7909215214304903,0.005259334693007861
bmi,alt_log_adj,REACTOME_TRAF6_MEDIATED_INDUCTION_OF_TAK1_COMPLEX_WITHIN_TLR4_COMPLEX,bmi,0.28836156119993034,0.005760858499218067,50.05531054773698,0
bmi,alt_log_adj,REACTOME_TRAF6_MEDIATED_INDUCTION_OF_TAK1_COMPLEX_WITHIN_TLR4_COMPLEX,ppgs:bmi,0.005501990029698787,0.00565769639968335,0.9724788396222043,0.3308206845399677
bmi,alt_log_adj,REACTOME_TRAF6_MEDIATED_IRF7_ACTIVATION,ppgs,-0.007849946660152604,0.005704918884601287,-1.3759961918724515,0.16883368240453972
bmi,alt_log_adj,REACTOME_TRAF6_MEDIATED_IRF7_ACTIVATION,bmi,0.2884155739104778,0.005761346672558919,50.06044425068023,0
bmi,alt_log_adj,REACTOME_TRAF6_MEDIATED_IRF7_ACTIVATION,ppgs:bmi,0.004571070534858877,0.005686301070553056,0.8038741667286163,0.42147639155337047
bmi,alt_log_adj,REACTOME_TRAF6_MEDIATED_IRF7_ACTIVATION_IN_TLR7_8_OR_9_SIGNALING,ppgs,-0.002592186385212739,0.005711324053675879,-0.45386785285705783,0.6499274172984151
bmi,alt_log_adj,REACTOME_TRAF6_MEDIATED_IRF7_ACTIVATION_IN_TLR7_8_OR_9_SIGNALING,bmi,0.2883882856735176,0.005761629182663384,50.05325343416262,0
bmi,alt_log_adj,REACTOME_TRAF6_MEDIATED_IRF7_ACTIVATION_IN_TLR7_8_OR_9_SIGNALING,ppgs:bmi,-0.0038597595683058446,0.005763836611190072,-0.6696511071830871,0.503085680513577
bmi,alt_log_adj,REACTOME_TRAF6_MEDIATED_NF_KB_ACTIVATION,ppgs,0.00559817700182359,0.005709554281132835,0.9804928241636497,0.32685127760169297
bmi,alt_log_adj,REACTOME_TRAF6_MEDIATED_NF_KB_ACTIVATION,bmi,0.288479455569878,0.005761790867568422,50.06767204857288,0
bmi,alt_log_adj,REACTOME_TRAF6_MEDIATED_NF_KB_ACTIVATION,ppgs:bmi,0.0061244380302286835,0.005767394239431084,1.0619072974683312,0.2882868182600105
bmi,alt_log_adj,REACTOME_TRAFFICKING_AND_PROCESSING_OF_ENDOSOMAL_TLR,ppgs,9.980509316201089e-4,0.005763904080250244,0.17315536791111516,0.8625305411428457
bmi,alt_log_adj,REACTOME_TRAFFICKING_AND_PROCESSING_OF_ENDOSOMAL_TLR,bmi,0.2884076735137193,0.005761689142714293,50.05609750370052,0
bmi,alt_log_adj,REACTOME_TRAFFICKING_AND_PROCESSING_OF_ENDOSOMAL_TLR,ppgs:bmi,-8.374329396680173e-4,0.005805926290344533,-0.1442376113283937,0.8853138672343382
bmi,alt_log_adj,REACTOME_TRAFFICKING_OF_AMPA_RECEPTORS,ppgs,0.003338308607207665,0.005695572044984369,0.5861234974891494,0.5577971934553677
bmi,alt_log_adj,REACTOME_TRAFFICKING_OF_AMPA_RECEPTORS,bmi,0.2883998380941662,0.005761615108809425,50.05538076523145,0
bmi,alt_log_adj,REACTOME_TRAFFICKING_OF_AMPA_RECEPTORS,ppgs:bmi,-8.480497095244939e-4,0.005700916836388234,-0.14875672349954297,0.8817466583552139
bmi,alt_log_adj,REACTOME_TRAFFICKING_OF_GLUR2_CONTAINING_AMPA_RECEPTORS,ppgs,-0.006507989743529796,0.0057006583396343865,-1.1416207314657605,0.25362134596735825
bmi,alt_log_adj,REACTOME_TRAFFICKING_OF_GLUR2_CONTAINING_AMPA_RECEPTORS,bmi,0.28850813563160216,0.005761677773636261,50.07363253664243,0
bmi,alt_log_adj,REACTOME_TRAFFICKING_OF_GLUR2_CONTAINING_AMPA_RECEPTORS,ppgs:bmi,0.009561050718311585,0.005860623815842143,1.6314049525694918,0.10281600870748302
bmi,alt_log_adj,REACTOME_TRAFFICKING_OF_MYRISTOYLATED_PROTEINS_TO_THE_CILIUM,ppgs,0.003745295212973888,0.005773299038619154,0.6487270428780145,0.5165200766613562
bmi,alt_log_adj,REACTOME_TRAFFICKING_OF_MYRISTOYLATED_PROTEINS_TO_THE_CILIUM,bmi,0.2883967095990454,0.005761625088107001,50.05475107957762,0
bmi,alt_log_adj,REACTOME_TRAFFICKING_OF_MYRISTOYLATED_PROTEINS_TO_THE_CILIUM,ppgs:bmi,0.0011020130771689997,0.005693488511277252,0.19355674029836215,0.8465243605152557
bmi,alt_log_adj,REACTOME_TRAIL_SIGNALING,ppgs,0.011434165510742937,0.005724779288946911,1.9973111509852257,0.045800933695425185
bmi,alt_log_adj,REACTOME_TRAIL_SIGNALING,bmi,0.28842972661364374,0.005761214998250555,50.0640449455936,0
bmi,alt_log_adj,REACTOME_TRAIL_SIGNALING,ppgs:bmi,-0.0032805262677748524,0.005788117168040336,-0.5667691535148259,0.5708755177520543
bmi,alt_log_adj,REACTOME_TRANSCRIPTIONAL_ACTIVATION_OF_MITOCHONDRIAL_BIOGENESIS,ppgs,-0.0022141879203560443,0.005715168733737118,-0.3874230182016339,0.6984459743177565
bmi,alt_log_adj,REACTOME_TRANSCRIPTIONAL_ACTIVATION_OF_MITOCHONDRIAL_BIOGENESIS,bmi,0.28842813712134974,0.005761473061420774,50.06152663503448,0
bmi,alt_log_adj,REACTOME_TRANSCRIPTIONAL_ACTIVATION_OF_MITOCHONDRIAL_BIOGENESIS,ppgs:bmi,-0.006584756633839782,0.005747081707081124,-1.1457565716747227,0.25190556096672534
bmi,alt_log_adj,REACTOME_TRANSCRIPTIONAL_ACTIVITY_OF_SMAD2_SMAD3_SMAD4_HETEROTRIMER,ppgs,0.008733148725389828,0.0056957489185456055,1.5332748775063305,0.12521930128710487
bmi,alt_log_adj,REACTOME_TRANSCRIPTIONAL_ACTIVITY_OF_SMAD2_SMAD3_SMAD4_HETEROTRIMER,bmi,0.2883489020351106,0.005761105948591524,50.05096323659977,0
bmi,alt_log_adj,REACTOME_TRANSCRIPTIONAL_ACTIVITY_OF_SMAD2_SMAD3_SMAD4_HETEROTRIMER,ppgs:bmi,-0.010424809528216446,0.005685657992191611,-1.833527367023015,0.06673466119561063
bmi,alt_log_adj,REACTOME_TRANSCRIPTIONAL_AND_POST_TRANSLATIONAL_REGULATION_OF_MITF_M_EXPRESSION_AND_ACTIVITY,ppgs,0.0019436072349180965,0.005654660086648531,0.3437177841170743,0.7310610845638328
bmi,alt_log_adj,REACTOME_TRANSCRIPTIONAL_AND_POST_TRANSLATIONAL_REGULATION_OF_MITF_M_EXPRESSION_AND_ACTIVITY,bmi,0.2884535049041215,0.005761583417252148,50.06497068850783,0
bmi,alt_log_adj,REACTOME_TRANSCRIPTIONAL_AND_POST_TRANSLATIONAL_REGULATION_OF_MITF_M_EXPRESSION_AND_ACTIVITY,ppgs:bmi,0.00719410415579022,0.005790806140209982,1.2423320659685133,0.21412434590754803
bmi,alt_log_adj,REACTOME_TRANSCRIPTIONAL_REGULATION_BY_E2F6,ppgs,3.0629452096353824e-4,0.005691587143310303,0.053815309025628526,0.9570826915734969
bmi,alt_log_adj,REACTOME_TRANSCRIPTIONAL_REGULATION_BY_E2F6,bmi,0.2884198838140657,0.005761966930104231,50.05580339365959,0
bmi,alt_log_adj,REACTOME_TRANSCRIPTIONAL_REGULATION_BY_E2F6,ppgs:bmi,3.543049174949761e-4,0.00572436114373056,0.061894228648207886,0.9506474999089669
bmi,alt_log_adj,REACTOME_TRANSCRIPTIONAL_REGULATION_BY_MECP2,ppgs,0.0028440226328351275,0.005712911424167796,0.49782368772668634,0.6186121801049658
bmi,alt_log_adj,REACTOME_TRANSCRIPTIONAL_REGULATION_BY_MECP2,bmi,0.28842698553880486,0.005761637133456842,50.05990118050973,0
bmi,alt_log_adj,REACTOME_TRANSCRIPTIONAL_REGULATION_BY_MECP2,ppgs:bmi,9.411052467061739e-4,0.005742598579382595,0.1638814264477729,0.869825657277728
bmi,alt_log_adj,REACTOME_TRANSCRIPTIONAL_REGULATION_BY_NPAS4,ppgs,9.928383532259398e-4,0.005712375423291195,0.17380481492477157,0.8620201012596518
bmi,alt_log_adj,REACTOME_TRANSCRIPTIONAL_REGULATION_BY_NPAS4,bmi,0.28839996635615345,0.005761719985120815,50.054491905355256,0
bmi,alt_log_adj,REACTOME_TRANSCRIPTIONAL_REGULATION_BY_NPAS4,ppgs:bmi,0.002381352775523388,0.005710009392026732,0.4170488368808342,0.6766458447080073
bmi,alt_log_adj,REACTOME_TRANSCRIPTIONAL_REGULATION_BY_RUNX1,ppgs,0.013345709241849437,0.005715945565396512,2.334820912683701,0.019559721046792176
bmi,alt_log_adj,REACTOME_TRANSCRIPTIONAL_REGULATION_BY_RUNX1,bmi,0.28856041575208796,0.005762932077218493,50.071805790111455,0
bmi,alt_log_adj,REACTOME_TRANSCRIPTIONAL_REGULATION_BY_RUNX1,ppgs:bmi,1.7843071720031713e-4,0.005743083012837341,0.031068803428659537,0.9752148876313864
bmi,alt_log_adj,REACTOME_TRANSCRIPTIONAL_REGULATION_BY_RUNX2,ppgs,-0.003603756141121553,0.005710983932809661,-0.6310219365909852,0.528031268661438
bmi,alt_log_adj,REACTOME_TRANSCRIPTIONAL_REGULATION_BY_RUNX2,bmi,0.2884761821701032,0.00576147657383792,50.06983513220104,0
bmi,alt_log_adj,REACTOME_TRANSCRIPTIONAL_REGULATION_BY_RUNX2,ppgs:bmi,-0.008205913431108203,0.00558728627432378,-1.468676031299533,0.14193177762357934
bmi,alt_log_adj,REACTOME_TRANSCRIPTIONAL_REGULATION_BY_RUNX3,ppgs,0.002474748175289136,0.005685040312055516,0.43530881743112076,0.6633415996720049
bmi,alt_log_adj,REACTOME_TRANSCRIPTIONAL_REGULATION_BY_RUNX3,bmi,0.2883261761921356,0.005761392451082865,50.0445297972965,0
bmi,alt_log_adj,REACTOME_TRANSCRIPTIONAL_REGULATION_BY_RUNX3,ppgs:bmi,0.0119118086098775,0.00570048836681238,2.0896119496053616,0.03666156331896607
bmi,alt_log_adj,REACTOME_TRANSCRIPTIONAL_REGULATION_BY_SMALL_RNAS,ppgs,-0.004842511090425574,0.005685514071735152,-0.851727922809924,0.39437231396221006
bmi,alt_log_adj,REACTOME_TRANSCRIPTIONAL_REGULATION_BY_SMALL_RNAS,bmi,0.28831787519089813,0.0057640699812050175,50.01984294622033,0
bmi,alt_log_adj,REACTOME_TRANSCRIPTIONAL_REGULATION_BY_SMALL_RNAS,ppgs:bmi,0.003418992358402723,0.005402620811099042,0.6328395935873956,0.5268435027351166
bmi,alt_log_adj,REACTOME_TRANSCRIPTIONAL_REGULATION_BY_THE_AP_2_TFAP2_FAMILY_OF_TRANSCRIPTION_FACTORS,ppgs,0.010565365323427202,0.005710699028941017,1.8501001838625046,0.06430951048436229
bmi,alt_log_adj,REACTOME_TRANSCRIPTIONAL_REGULATION_BY_THE_AP_2_TFAP2_FAMILY_OF_TRANSCRIPTION_FACTORS,bmi,0.28853710194492427,0.005761999303628501,50.075865466214815,0
bmi,alt_log_adj,REACTOME_TRANSCRIPTIONAL_REGULATION_BY_THE_AP_2_TFAP2_FAMILY_OF_TRANSCRIPTION_FACTORS,ppgs:bmi,0.004184536356141525,0.00574872711639162,0.7279065906972618,0.4666767804946851
bmi,alt_log_adj,REACTOME_TRANSCRIPTIONAL_REGULATION_BY_TP53,ppgs,0.010409403970069158,0.005703103237680272,1.8252175239077675,0.0679787274794602
bmi,alt_log_adj,REACTOME_TRANSCRIPTIONAL_REGULATION_BY_TP53,bmi,0.28846115529848776,0.00576136216368411,50.06822121281662,0
bmi,alt_log_adj,REACTOME_TRANSCRIPTIONAL_REGULATION_BY_TP53,ppgs:bmi,0.00348439143250172,0.005729669992664372,0.6081312600835205,0.5431052929054647
bmi,alt_log_adj,REACTOME_TRANSCRIPTIONAL_REGULATION_BY_VENTX,ppgs,0.01136372890132962,0.005692932135287447,1.9961117805870072,0.045931305909964554
bmi,alt_log_adj,REACTOME_TRANSCRIPTIONAL_REGULATION_BY_VENTX,bmi,0.288337722120909,0.005761926786553864,50.041892721333966,0
bmi,alt_log_adj,REACTOME_TRANSCRIPTIONAL_REGULATION_BY_VENTX,ppgs:bmi,1.682401549269476e-4,0.005664454909159319,0.029701031718851953,0.9763056981763267
bmi,alt_log_adj,REACTOME_TRANSCRIPTIONAL_REGULATION_OF_BROWN_AND_BEIGE_ADIPOCYTE_DIFFERENTIATION,ppgs,0.010337229093378243,0.005733459876920233,1.8029652801775522,0.07140428277190651
bmi,alt_log_adj,REACTOME_TRANSCRIPTIONAL_REGULATION_OF_BROWN_AND_BEIGE_ADIPOCYTE_DIFFERENTIATION,bmi,0.28908030749365277,0.005764234368141859,50.150685942153984,0
bmi,alt_log_adj,REACTOME_TRANSCRIPTIONAL_REGULATION_OF_BROWN_AND_BEIGE_ADIPOCYTE_DIFFERENTIATION,ppgs:bmi,0.015773123753436993,0.005778396281165184,2.7296715188693192,0.006343658543207198
bmi,alt_log_adj,REACTOME_TRANSCRIPTIONAL_REGULATION_OF_GRANULOPOIESIS,ppgs,2.5920677279538324e-4,0.005683335586807421,0.04560821173345336,0.9636228452228376
bmi,alt_log_adj,REACTOME_TRANSCRIPTIONAL_REGULATION_OF_GRANULOPOIESIS,bmi,0.28843315241402184,0.005761681953512896,50.06058209064529,0
bmi,alt_log_adj,REACTOME_TRANSCRIPTIONAL_REGULATION_OF_GRANULOPOIESIS,ppgs:bmi,-0.003569866676375775,0.0056193626278720965,-0.6352796416214892,0.5252511765758204
bmi,alt_log_adj,REACTOME_TRANSCRIPTIONAL_REGULATION_OF_PLURIPOTENT_STEM_CELLS,ppgs,-4.0135027068598125e-4,0.005699997664517912,-0.07041235704083858,0.943865952843729
bmi,alt_log_adj,REACTOME_TRANSCRIPTIONAL_REGULATION_OF_PLURIPOTENT_STEM_CELLS,bmi,0.2885526655199979,0.005761882979683748,50.07957755085052,0
bmi,alt_log_adj,REACTOME_TRANSCRIPTIONAL_REGULATION_OF_PLURIPOTENT_STEM_CELLS,ppgs:bmi,-0.010318043610501128,0.00563044871956256,-1.8325437499593735,0.06688093309262887
bmi,alt_log_adj,REACTOME_TRANSCRIPTIONAL_REGULATION_OF_TESTIS_DIFFERENTIATION,ppgs,-0.0031738218808561817,0.005842728172519274,-0.5432088892623751,0.5869902579919762
bmi,alt_log_adj,REACTOME_TRANSCRIPTIONAL_REGULATION_OF_TESTIS_DIFFERENTIATION,bmi,0.288357603492129,0.0057613885287813495,50.05001868067428,0
bmi,alt_log_adj,REACTOME_TRANSCRIPTIONAL_REGULATION_OF_TESTIS_DIFFERENTIATION,ppgs:bmi,-0.009863362635244302,0.00582510919415222,-1.69324939782177,0.09041899259342248
bmi,alt_log_adj,REACTOME_TRANSCRIPTIONAL_REGULATION_OF_WHITE_ADIPOCYTE_DIFFERENTIATION,ppgs,0.013066279462682162,0.005720933579311351,2.2839418220015406,0.0223823103005986
bmi,alt_log_adj,REACTOME_TRANSCRIPTIONAL_REGULATION_OF_WHITE_ADIPOCYTE_DIFFERENTIATION,bmi,0.2886857012050061,0.005761681121310711,50.10442180447044,0
bmi,alt_log_adj,REACTOME_TRANSCRIPTIONAL_REGULATION_OF_WHITE_ADIPOCYTE_DIFFERENTIATION,ppgs:bmi,0.008707786860642532,0.005710996800341963,1.524740280036775,0.1273350462071373
bmi,alt_log_adj,REACTOME_TRANSCRIPTION_COUPLED_NUCLEOTIDE_EXCISION_REPAIR_TC_NER,ppgs,0.009585612666837943,0.005677114361941784,1.688465663312674,0.09133287368021152
bmi,alt_log_adj,REACTOME_TRANSCRIPTION_COUPLED_NUCLEOTIDE_EXCISION_REPAIR_TC_NER,bmi,0.288382393826079,0.005762173063658721,50.047506494532314,0
bmi,alt_log_adj,REACTOME_TRANSCRIPTION_COUPLED_NUCLEOTIDE_EXCISION_REPAIR_TC_NER,ppgs:bmi,0.0025752577000707545,0.005568652714087098,0.46245615093864434,0.6437577897886206
bmi,alt_log_adj,REACTOME_TRANSCRIPTION_OF_E2F_TARGETS_UNDER_NEGATIVE_CONTROL_BY_DREAM_COMPLEX,ppgs,-7.794823636056575e-4,0.005675265063327457,-0.13734730535187378,0.8907572558697464
bmi,alt_log_adj,REACTOME_TRANSCRIPTION_OF_E2F_TARGETS_UNDER_NEGATIVE_CONTROL_BY_DREAM_COMPLEX,bmi,0.2883996929179234,0.005761652177302684,50.055033529104435,0
bmi,alt_log_adj,REACTOME_TRANSCRIPTION_OF_E2F_TARGETS_UNDER_NEGATIVE_CONTROL_BY_DREAM_COMPLEX,ppgs:bmi,-0.002730415295070004,0.005671535261206659,-0.48142437088350026,0.6302186352411043
bmi,alt_log_adj,REACTOME_TRANSCRIPTION_OF_E2F_TARGETS_UNDER_NEGATIVE_CONTROL_BY_P107_RBL1_AND_P130_RBL2_IN_COMPLEX_WITH_HDAC1,ppgs,-1.0896253897134442e-4,0.005685490906549803,-0.01916501859950516,0.9847095984672141
bmi,alt_log_adj,REACTOME_TRANSCRIPTION_OF_E2F_TARGETS_UNDER_NEGATIVE_CONTROL_BY_P107_RBL1_AND_P130_RBL2_IN_COMPLEX_WITH_HDAC1,bmi,0.2884264419417614,0.005761655489534196,50.059647347134145,0
bmi,alt_log_adj,REACTOME_TRANSCRIPTION_OF_E2F_TARGETS_UNDER_NEGATIVE_CONTROL_BY_P107_RBL1_AND_P130_RBL2_IN_COMPLEX_WITH_HDAC1,ppgs:bmi,-0.0024004934561193633,0.005593645746563206,-0.42914649316043146,0.6678198803899331
bmi,alt_log_adj,REACTOME_TRANSCRIPTION_OF_THE_HIV_GENOME,ppgs,0.0155703087441334,0.0056972837787795366,2.732935438836232,0.0062811541598732454
bmi,alt_log_adj,REACTOME_TRANSCRIPTION_OF_THE_HIV_GENOME,bmi,0.28826990630190386,0.005762510009223882,50.02505953837453,0
bmi,alt_log_adj,REACTOME_TRANSCRIPTION_OF_THE_HIV_GENOME,ppgs:bmi,0.005989462307821949,0.00557206810352939,1.0749083099017003,0.28242492988765894
bmi,alt_log_adj,REACTOME_TRANSFERRIN_ENDOCYTOSIS_AND_RECYCLING,ppgs,0.004665737821892378,0.005706752076721242,0.8175820079734445,0.41360277597741557
bmi,alt_log_adj,REACTOME_TRANSFERRIN_ENDOCYTOSIS_AND_RECYCLING,bmi,0.2880969067037294,0.005762931241099501,49.991383664116704,0
bmi,alt_log_adj,REACTOME_TRANSFERRIN_ENDOCYTOSIS_AND_RECYCLING,ppgs:bmi,0.01132592027223618,0.0056349467486297225,2.009942733707352,0.04444670649386859
bmi,alt_log_adj,REACTOME_TRANSLATION,ppgs,0.02362959614252955,0.005697183165807445,4.147592846293998,3.369670607133211e-5
bmi,alt_log_adj,REACTOME_TRANSLATION,bmi,0.28843571856843037,0.005760076857930304,50.07497741481011,0
bmi,alt_log_adj,REACTOME_TRANSLATION,ppgs:bmi,-0.004067226669795306,0.0057810200540232125,-0.7035482720674497,0.48171991324140984
bmi,alt_log_adj,REACTOME_TRANSLATION_OF_REPLICASE_AND_ASSEMBLY_OF_THE_REPLICATION_TRANSCRIPTION_COMPLEX,ppgs,-0.0013181216492294018,0.00572083644763665,-0.2304071548442771,0.817777064548742
bmi,alt_log_adj,REACTOME_TRANSLATION_OF_REPLICASE_AND_ASSEMBLY_OF_THE_REPLICATION_TRANSCRIPTION_COMPLEX,bmi,0.2886689395849848,0.005761632574129935,50.1019348024942,0
bmi,alt_log_adj,REACTOME_TRANSLATION_OF_REPLICASE_AND_ASSEMBLY_OF_THE_REPLICATION_TRANSCRIPTION_COMPLEX,ppgs:bmi,-0.015222667952366325,0.0056126298685118935,-2.712216609502239,0.0066875210022402706
bmi,alt_log_adj,REACTOME_TRANSLATION_OF_SARS_COV_1_STRUCTURAL_PROTEINS,ppgs,6.619960418071823e-4,0.005650430236051359,0.11715851964394824,0.9067352669937097
bmi,alt_log_adj,REACTOME_TRANSLATION_OF_SARS_COV_1_STRUCTURAL_PROTEINS,bmi,0.2884704102719056,0.005761780582678504,50.066191541400755,0
bmi,alt_log_adj,REACTOME_TRANSLATION_OF_SARS_COV_1_STRUCTURAL_PROTEINS,ppgs:bmi,-0.005530695415053604,0.005571848475448762,-0.9926141099176529,0.3209065183026268
bmi,alt_log_adj,REACTOME_TRANSLATION_OF_SARS_COV_2_STRUCTURAL_PROTEINS,ppgs,7.724311079711793e-4,0.00565038666696181,0.13670411486839223,0.8912656476559283
bmi,alt_log_adj,REACTOME_TRANSLATION_OF_SARS_COV_2_STRUCTURAL_PROTEINS,bmi,0.2884701516091263,0.0057617739178690685,50.06620456149622,0
bmi,alt_log_adj,REACTOME_TRANSLATION_OF_SARS_COV_2_STRUCTURAL_PROTEINS,ppgs:bmi,-0.005501297451389642,0.005566287351863333,-0.9883243719978029,0.323002248382962
bmi,alt_log_adj,REACTOME_TRANSLESION_SYNTHESIS_BY_POLH,ppgs,0.0022396228126108954,0.0057095921815073294,0.3922561789727749,0.6948718874302305
bmi,alt_log_adj,REACTOME_TRANSLESION_SYNTHESIS_BY_POLH,bmi,0.2883422931769131,0.005763061531565248,50.03283265285549,0
bmi,alt_log_adj,REACTOME_TRANSLESION_SYNTHESIS_BY_POLH,ppgs:bmi,0.0026128019513418474,0.005582477000470205,0.46803631275539054,0.6397622201599042
bmi,alt_log_adj,REACTOME_TRANSLESION_SYNTHESIS_BY_POLK,ppgs,-0.0012594731562601315,0.005712502482155939,-0.2204766055147161,0.82550157794896
bmi,alt_log_adj,REACTOME_TRANSLESION_SYNTHESIS_BY_POLK,bmi,0.2883575790559789,0.005762565166351926,50.03979490587311,0
bmi,alt_log_adj,REACTOME_TRANSLESION_SYNTHESIS_BY_POLK,ppgs:bmi,0.0030398257999270342,0.0055734522735952745,0.5454116498545218,0.5854747210577851
bmi,alt_log_adj,REACTOME_TRANSLESION_SYNTHESIS_BY_Y_FAMILY_DNA_POLYMERASES_BYPASSES_LESIONS_ON_DNA_TEMPLATE,ppgs,-2.379566918653407e-4,0.005692273502567121,-0.04180345370931776,0.9666556761656535
bmi,alt_log_adj,REACTOME_TRANSLESION_SYNTHESIS_BY_Y_FAMILY_DNA_POLYMERASES_BYPASSES_LESIONS_ON_DNA_TEMPLATE,bmi,0.2883609011464591,0.005762358467280316,50.042166377503754,0
bmi,alt_log_adj,REACTOME_TRANSLESION_SYNTHESIS_BY_Y_FAMILY_DNA_POLYMERASES_BYPASSES_LESIONS_ON_DNA_TEMPLATE,ppgs:bmi,0.003397420710369911,0.005523550564350499,0.6150791362891064,0.5385073970436824
bmi,alt_log_adj,REACTOME_TRANSLOCATION_OF_SLC2A4_GLUT4_TO_THE_PLASMA_MEMBRANE,ppgs,0.009078239895608452,0.0057591838492742934,1.5763066665691507,0.1149663046619315
bmi,alt_log_adj,REACTOME_TRANSLOCATION_OF_SLC2A4_GLUT4_TO_THE_PLASMA_MEMBRANE,bmi,0.28842216630954826,0.005761468409030769,50.06053072467831,0
bmi,alt_log_adj,REACTOME_TRANSLOCATION_OF_SLC2A4_GLUT4_TO_THE_PLASMA_MEMBRANE,ppgs:bmi,0.005744580354632646,0.005712388013084596,1.0056355313179552,0.3145995090455338
bmi,alt_log_adj,REACTOME_TRANSMISSION_ACROSS_CHEMICAL_SYNAPSES,ppgs,-0.0018332901524038244,0.005710709655161384,-0.32102667848765215,0.7481925401024674
bmi,alt_log_adj,REACTOME_TRANSMISSION_ACROSS_CHEMICAL_SYNAPSES,bmi,0.28840273515643267,0.005761724231475149,50.05493556615329,0
bmi,alt_log_adj,REACTOME_TRANSMISSION_ACROSS_CHEMICAL_SYNAPSES,ppgs:bmi,-0.00420398062617908,0.0058132001980140706,-0.723178366988851,0.4695762743719255
bmi,alt_log_adj,REACTOME_TRANSPORT_AND_SYNTHESIS_OF_PAPS,ppgs,0.00904037281627503,0.005699712581641175,1.5861102971041297,0.11272544512842668
bmi,alt_log_adj,REACTOME_TRANSPORT_AND_SYNTHESIS_OF_PAPS,bmi,0.2884151634521616,0.005761366910447967,50.06019716070058,0
bmi,alt_log_adj,REACTOME_TRANSPORT_AND_SYNTHESIS_OF_PAPS,ppgs:bmi,0.0045413327235020685,0.005740256229654794,0.7911376325051562,0.4288702998805948
bmi,alt_log_adj,REACTOME_TRANSPORT_OF_BILE_SALTS_AND_ORGANIC_ACIDS_METAL_IONS_AND_AMINE_COMPOUNDS,ppgs,-0.00355674654744111,0.00570243376818008,-0.623724306503649,0.5328136759659773
bmi,alt_log_adj,REACTOME_TRANSPORT_OF_BILE_SALTS_AND_ORGANIC_ACIDS_METAL_IONS_AND_AMINE_COMPOUNDS,bmi,0.2884239716158781,0.0057615803937068584,50.059871060883225,0
bmi,alt_log_adj,REACTOME_TRANSPORT_OF_BILE_SALTS_AND_ORGANIC_ACIDS_METAL_IONS_AND_AMINE_COMPOUNDS,ppgs:bmi,-0.0033095577443426087,0.005627399576632369,-0.5881149364415957,0.5564598332569961
bmi,alt_log_adj,REACTOME_TRANSPORT_OF_CONNEXONS_TO_THE_PLASMA_MEMBRANE,ppgs,0.01694769495413451,0.005712384921968657,2.966833500480187,0.0030113487149753455
bmi,alt_log_adj,REACTOME_TRANSPORT_OF_CONNEXONS_TO_THE_PLASMA_MEMBRANE,bmi,0.2886555228161403,0.005760966585994089,50.10539785422676,0
bmi,alt_log_adj,REACTOME_TRANSPORT_OF_CONNEXONS_TO_THE_PLASMA_MEMBRANE,ppgs:bmi,0.01287648315950396,0.005783837229176034,2.2262872638513627,0.026002774519286398
bmi,alt_log_adj,REACTOME_TRANSPORT_OF_FATTY_ACIDS,ppgs,-0.0045780299128633725,0.005690645183514245,-0.8044834575393823,0.42112456581225166
bmi,alt_log_adj,REACTOME_TRANSPORT_OF_FATTY_ACIDS,bmi,0.28844150369057636,0.005761608890809968,50.06266637616688,0
bmi,alt_log_adj,REACTOME_TRANSPORT_OF_FATTY_ACIDS,ppgs:bmi,0.004782760428314007,0.005771354919939399,0.8287066892715425,0.4072773768555227
bmi,alt_log_adj,REACTOME_TRANSPORT_OF_INORGANIC_CATIONS_ANIONS_AND_AMINO_ACIDS_OLIGOPEPTIDES,ppgs,0.015165568272016424,0.005678441648668719,2.670727148454878,0.0075730335722621386
bmi,alt_log_adj,REACTOME_TRANSPORT_OF_INORGANIC_CATIONS_ANIONS_AND_AMINO_ACIDS_OLIGOPEPTIDES,bmi,0.28838219383675257,0.005761086827851969,50.056908089385,0
bmi,alt_log_adj,REACTOME_TRANSPORT_OF_INORGANIC_CATIONS_ANIONS_AND_AMINO_ACIDS_OLIGOPEPTIDES,ppgs:bmi,-0.010274252223219222,0.005583355962614003,-1.840157119126083,0.0657556206727806
bmi,alt_log_adj,REACTOME_TRANSPORT_OF_MATURE_MRNAS_DERIVED_FROM_INTRONLESS_TRANSCRIPTS,ppgs,-0.002803640272468261,0.005678253026090549,-0.4937505003010678,0.6214862207426239
bmi,alt_log_adj,REACTOME_TRANSPORT_OF_MATURE_MRNAS_DERIVED_FROM_INTRONLESS_TRANSCRIPTS,bmi,0.28810316004075487,0.0057640329902028135,49.98291309755631,0
bmi,alt_log_adj,REACTOME_TRANSPORT_OF_MATURE_MRNAS_DERIVED_FROM_INTRONLESS_TRANSCRIPTS,ppgs:bmi,0.010499140869597775,0.005403279395003209,1.9431053073633513,0.05201332186228331
bmi,alt_log_adj,REACTOME_TRANSPORT_OF_MATURE_TRANSCRIPT_TO_CYTOPLASM,ppgs,-0.001999566883694849,0.005676262946762399,-0.3522681916691955,0.7246397592387306
bmi,alt_log_adj,REACTOME_TRANSPORT_OF_MATURE_TRANSCRIPT_TO_CYTOPLASM,bmi,0.28814542719432745,0.0057637598844231,49.992614711979485,0
bmi,alt_log_adj,REACTOME_TRANSPORT_OF_MATURE_TRANSCRIPT_TO_CYTOPLASM,ppgs:bmi,0.009678133610069518,0.005416147198304533,1.7869037261578034,0.07396373164214366
bmi,alt_log_adj,REACTOME_TRANSPORT_OF_NUCLEOSIDES_AND_FREE_PURINE_AND_PYRIMIDINE_BASES_ACROSS_THE_PLASMA_MEMBRANE,ppgs,-0.005250596096090369,0.00574887148093483,-0.9133264004079917,0.36107866892312557
bmi,alt_log_adj,REACTOME_TRANSPORT_OF_NUCLEOSIDES_AND_FREE_PURINE_AND_PYRIMIDINE_BASES_ACROSS_THE_PLASMA_MEMBRANE,bmi,0.28838107294161675,0.00576162483556155,50.052039341695526,0
bmi,alt_log_adj,REACTOME_TRANSPORT_OF_NUCLEOSIDES_AND_FREE_PURINE_AND_PYRIMIDINE_BASES_ACROSS_THE_PLASMA_MEMBRANE,ppgs:bmi,-0.0017943672581318584,0.005814801170745975,-0.30858617611196165,0.7576386054029092
bmi,alt_log_adj,REACTOME_TRANSPORT_OF_NUCLEOTIDE_SUGARS,ppgs,0.00358389430955145,0.005688079637848389,0.6300710499382385,0.5286531781809177
bmi,alt_log_adj,REACTOME_TRANSPORT_OF_NUCLEOTIDE_SUGARS,bmi,0.28841945553350923,0.0057614940353583,50.05983756356918,0
bmi,alt_log_adj,REACTOME_TRANSPORT_OF_NUCLEOTIDE_SUGARS,ppgs:bmi,0.007379094158479245,0.005719949992968923,1.2900627046652113,0.19703941092660804
bmi,alt_log_adj,REACTOME_TRANSPORT_OF_ORGANIC_ANIONS,ppgs,0.016027188257152863,0.0057194647525011,2.8022182058459637,0.005078695701960047
bmi,alt_log_adj,REACTOME_TRANSPORT_OF_ORGANIC_ANIONS,bmi,0.2884248652873309,0.005761779939825093,50.05829245469005,0
bmi,alt_log_adj,REACTOME_TRANSPORT_OF_ORGANIC_ANIONS,ppgs:bmi,-0.0012389391695532426,0.005667521888695846,-0.21860333208846858,0.826960630600786
bmi,alt_log_adj,REACTOME_TRANSPORT_OF_RCBL_WITHIN_THE_BODY,ppgs,0.005578925337821022,0.005755005844609734,0.9694039395366326,0.3323519581793495
bmi,alt_log_adj,REACTOME_TRANSPORT_OF_RCBL_WITHIN_THE_BODY,bmi,0.2884741742770155,0.005761844876179155,50.066286142071746,0
bmi,alt_log_adj,REACTOME_TRANSPORT_OF_RCBL_WITHIN_THE_BODY,ppgs:bmi,-0.003871787997863655,0.005829388930892051,-0.6641841955930651,0.5065778295206849
bmi,alt_log_adj,REACTOME_TRANSPORT_OF_SMALL_MOLECULES,ppgs,0.03590951337176045,0.0059247553070326305,6.060927668883842,1.3704525265982928e-9
bmi,alt_log_adj,REACTOME_TRANSPORT_OF_SMALL_MOLECULES,bmi,0.2882488444538406,0.005757294465759488,50.06671904106185,0
bmi,alt_log_adj,REACTOME_TRANSPORT_OF_SMALL_MOLECULES,ppgs:bmi,0.016885186145632197,0.005907417987693667,2.8583022533376536,0.004262248227083678
bmi,alt_log_adj,REACTOME_TRANSPORT_OF_THE_SLBP_DEPENDANT_MATURE_MRNA,ppgs,-0.002531540132683855,0.005686158798074009,-0.4452109451359901,0.6561707172420397
bmi,alt_log_adj,REACTOME_TRANSPORT_OF_THE_SLBP_DEPENDANT_MATURE_MRNA,bmi,0.288254588168036,0.005764167549868219,50.0080168860855,0
bmi,alt_log_adj,REACTOME_TRANSPORT_OF_THE_SLBP_DEPENDANT_MATURE_MRNA,ppgs:bmi,0.005185103165014594,0.0054093551122041715,0.9585436817258239,0.3377968506406632
bmi,alt_log_adj,REACTOME_TRANSPORT_OF_VITAMINS_NUCLEOSIDES_AND_RELATED_MOLECULES,ppgs,0.006962743612596223,0.005700844114519645,1.2213530966164485,0.22196251493192273
bmi,alt_log_adj,REACTOME_TRANSPORT_OF_VITAMINS_NUCLEOSIDES_AND_RELATED_MOLECULES,bmi,0.2884582666941845,0.0057615444661307715,50.06613563253497,0
bmi,alt_log_adj,REACTOME_TRANSPORT_OF_VITAMINS_NUCLEOSIDES_AND_RELATED_MOLECULES,ppgs:bmi,-0.0019483574785847907,0.005741095475263325,-0.3393703321917715,0.73433327929891
bmi,alt_log_adj,REACTOME_TRANSPORT_TO_THE_GOLGI_AND_SUBSEQUENT_MODIFICATION,ppgs,0.004394603373979491,0.005700461979607367,0.7709205656840781,0.44076044151635385
bmi,alt_log_adj,REACTOME_TRANSPORT_TO_THE_GOLGI_AND_SUBSEQUENT_MODIFICATION,bmi,0.28848298772245173,0.005761816713427007,50.068060486927244,0
bmi,alt_log_adj,REACTOME_TRANSPORT_TO_THE_GOLGI_AND_SUBSEQUENT_MODIFICATION,ppgs:bmi,0.004749004624371344,0.005758431158595744,0.8247045928963472,0.40954626269445515
bmi,alt_log_adj,REACTOME_TRANS_GOLGI_NETWORK_VESICLE_BUDDING,ppgs,0.0077248493550020995,0.005724002052995741,1.3495539106173424,0.17716989369714004
bmi,alt_log_adj,REACTOME_TRANS_GOLGI_NETWORK_VESICLE_BUDDING,bmi,0.28874710986418295,0.0057664908756382026,50.073279589161935,0
bmi,alt_log_adj,REACTOME_TRANS_GOLGI_NETWORK_VESICLE_BUDDING,ppgs:bmi,0.006383538051572165,0.006124328877042765,1.0423245027714063,0.29727014473969127
bmi,alt_log_adj,REACTOME_TRIF_MEDIATED_PROGRAMMED_CELL_DEATH,ppgs,0.0029185636773092424,0.005717868312789833,0.510428627882343,0.6097551792863516
bmi,alt_log_adj,REACTOME_TRIF_MEDIATED_PROGRAMMED_CELL_DEATH,bmi,0.2883290506102317,0.005761151930847495,50.04711801929809,0
bmi,alt_log_adj,REACTOME_TRIF_MEDIATED_PROGRAMMED_CELL_DEATH,ppgs:bmi,-0.014396931924469936,0.005778962903185584,-2.4912656761533802,0.0127345630974458
bmi,alt_log_adj,REACTOME_TRIGLYCERIDE_BIOSYNTHESIS,ppgs,0.017233148057165342,0.005719358907751528,3.0131258302060764,0.002587999398722447
bmi,alt_log_adj,REACTOME_TRIGLYCERIDE_BIOSYNTHESIS,bmi,0.2885065664621377,0.005761638921035889,50.07369785162915,0
bmi,alt_log_adj,REACTOME_TRIGLYCERIDE_BIOSYNTHESIS,ppgs:bmi,0.0022845063974912877,0.005787008750655223,0.3947646350513344,0.6930195666613445
bmi,alt_log_adj,REACTOME_TRIGLYCERIDE_CATABOLISM,ppgs,-0.006257332503578615,0.005680377879821895,-1.101569761019985,0.27065811334363143
bmi,alt_log_adj,REACTOME_TRIGLYCERIDE_CATABOLISM,bmi,0.288350297777309,0.005761702895556653,50.0460199014567,0
bmi,alt_log_adj,REACTOME_TRIGLYCERIDE_CATABOLISM,ppgs:bmi,0.0028305780063623593,0.005690382359007958,0.49743195233295934,0.6188883360899012
bmi,alt_log_adj,REACTOME_TRIGLYCERIDE_METABOLISM,ppgs,-0.002875899415415946,0.005677700717915007,-0.5065253626950679,0.6124918288631
bmi,alt_log_adj,REACTOME_TRIGLYCERIDE_METABOLISM,bmi,0.2883860280248759,0.0057617294516078025,50.05199054329116,0
bmi,alt_log_adj,REACTOME_TRIGLYCERIDE_METABOLISM,ppgs:bmi,0.003256919167367482,0.005705653412953141,0.5708231698710491,0.5681240400110334
bmi,alt_log_adj,REACTOME_TRISTETRAPROLIN_TTP_ZFP36_BINDS_AND_DESTABILIZES_MRNA,ppgs,0.0034100207519911735,0.0058722345401780035,0.5807024104128863,0.5614456531041118
bmi,alt_log_adj,REACTOME_TRISTETRAPROLIN_TTP_ZFP36_BINDS_AND_DESTABILIZES_MRNA,bmi,0.28839277531387353,0.005761491578963636,50.05522812301827,0
bmi,alt_log_adj,REACTOME_TRISTETRAPROLIN_TTP_ZFP36_BINDS_AND_DESTABILIZES_MRNA,ppgs:bmi,0.0069353362718547786,0.005820500333774928,1.19153610070439,0.23345316874292973
bmi,alt_log_adj,REACTOME_TRNA_AMINOACYLATION,ppgs,-0.015457799211685525,0.005730017053861825,-2.697688168531283,0.0069864117476750595
bmi,alt_log_adj,REACTOME_TRNA_AMINOACYLATION,bmi,0.28848686059949014,0.005761144249674464,50.0745768717371,0
bmi,alt_log_adj,REACTOME_TRNA_AMINOACYLATION,ppgs:bmi,0.007964661705421585,0.005741087326192269,1.3873089282381783,0.16535848790931554
bmi,alt_log_adj,REACTOME_TRNA_MODIFICATION_IN_THE_MITOCHONDRION,ppgs,-0.00896939842431977,0.005717123910950539,-1.56886549321414,0.11669044504585172
bmi,alt_log_adj,REACTOME_TRNA_MODIFICATION_IN_THE_MITOCHONDRION,bmi,0.2884661406404275,0.0057610933192523235,50.07142301903639,0
bmi,alt_log_adj,REACTOME_TRNA_MODIFICATION_IN_THE_MITOCHONDRION,ppgs:bmi,-0.011660850977883701,0.00568090040976961,-2.05264133091124,0.04011653564922121
bmi,alt_log_adj,REACTOME_TRNA_MODIFICATION_IN_THE_NUCLEUS_AND_CYTOSOL,ppgs,0.009720292370181547,0.0056996589219547745,1.7054165000539792,0.08812772863453082
bmi,alt_log_adj,REACTOME_TRNA_MODIFICATION_IN_THE_NUCLEUS_AND_CYTOSOL,bmi,0.2883634741101094,0.005761384713457771,50.05107078451705,0
bmi,alt_log_adj,REACTOME_TRNA_MODIFICATION_IN_THE_NUCLEUS_AND_CYTOSOL,ppgs:bmi,-0.0011287915769352536,0.005718004580456863,-0.19741005119045643,0.8435080800329984
bmi,alt_log_adj,REACTOME_TRNA_PROCESSING,ppgs,0.0038057061245980834,0.005686306957032063,0.6692755339019635,0.5033251813073519
bmi,alt_log_adj,REACTOME_TRNA_PROCESSING,bmi,0.2882864780430895,0.00576425968687224,50.012749893910026,0
bmi,alt_log_adj,REACTOME_TRNA_PROCESSING,ppgs:bmi,0.0031416606522868674,0.005495784808885821,0.5716491386648356,0.567564230473814
bmi,alt_log_adj,REACTOME_TRNA_PROCESSING_IN_THE_MITOCHONDRION,ppgs,0.0063673845947244965,0.0057112673548406065,1.11488119871114,0.2649107859881972
bmi,alt_log_adj,REACTOME_TRNA_PROCESSING_IN_THE_MITOCHONDRION,bmi,0.2884067052076529,0.005761117911980715,50.06089262778107,0
bmi,alt_log_adj,REACTOME_TRNA_PROCESSING_IN_THE_MITOCHONDRION,ppgs:bmi,-0.012170686662643964,0.005725470750257153,-2.125709342257548,0.033536088346915016
bmi,alt_log_adj,REACTOME_TRNA_PROCESSING_IN_THE_NUCLEUS,ppgs,-0.0014434391144890802,0.005682203341798342,-0.25402806405591444,0.7994757194861467
bmi,alt_log_adj,REACTOME_TRNA_PROCESSING_IN_THE_NUCLEUS,bmi,0.28830943710342977,0.005763194858781606,50.02597416329267,0
bmi,alt_log_adj,REACTOME_TRNA_PROCESSING_IN_THE_NUCLEUS,ppgs:bmi,0.004270113573305718,0.005424674594323674,0.7871649255743235,0.43119190742960456
bmi,alt_log_adj,REACTOME_TRP_CHANNELS,ppgs,-0.005066985044120646,0.005719529032641725,-0.885909489260922,0.37567381706117964
bmi,alt_log_adj,REACTOME_TRP_CHANNELS,bmi,0.2886250768267449,0.005762774459165258,50.08439578399749,0
bmi,alt_log_adj,REACTOME_TRP_CHANNELS,ppgs:bmi,-0.008065086136491808,0.0055073740162564465,-1.4644159108652526,0.14309143250593476
bmi,alt_log_adj,REACTOME_TRYPTOPHAN_CATABOLISM,ppgs,-0.0037203127374164074,0.005700284246792202,-0.6526538987086459,0.5139847218577092
bmi,alt_log_adj,REACTOME_TRYPTOPHAN_CATABOLISM,bmi,0.2882867511128245,0.005762066924533229,50.031829704265,0
bmi,alt_log_adj,REACTOME_TRYPTOPHAN_CATABOLISM,ppgs:bmi,-0.008118292677713369,0.005754942009534431,-1.410664549575562,0.15835452167611877
bmi,alt_log_adj,REACTOME_TURBULENT_OSCILLATORY_DISTURBED_FLOW_SHEAR_STRESS_ACTIVATES_SIGNALING_BY_PIEZO1_AND_INTEGRINS_IN_ENDOTHELIAL_CELLS,ppgs,-0.004509642941008192,0.005699284566422456,-0.7912647435744687,0.428796137735312
bmi,alt_log_adj,REACTOME_TURBULENT_OSCILLATORY_DISTURBED_FLOW_SHEAR_STRESS_ACTIVATES_SIGNALING_BY_PIEZO1_AND_INTEGRINS_IN_ENDOTHELIAL_CELLS,bmi,0.2884181223661241,0.005761137204982359,50.062706737255574,0
bmi,alt_log_adj,REACTOME_TURBULENT_OSCILLATORY_DISTURBED_FLOW_SHEAR_STRESS_ACTIVATES_SIGNALING_BY_PIEZO1_AND_INTEGRINS_IN_ENDOTHELIAL_CELLS,ppgs:bmi,0.013867763409271443,0.005683802390856586,2.43987430519756,0.014698457942171138
bmi,alt_log_adj,REACTOME_TYPE_I_HEMIDESMOSOME_ASSEMBLY,ppgs,-0.0013584676154366178,0.005692935138153497,-0.23862341348881708,0.8113993330457585
bmi,alt_log_adj,REACTOME_TYPE_I_HEMIDESMOSOME_ASSEMBLY,bmi,0.28845128295998695,0.005762814523208792,50.05388977873513,0
bmi,alt_log_adj,REACTOME_TYPE_I_HEMIDESMOSOME_ASSEMBLY,ppgs:bmi,-0.0012960475109926755,0.005565364034728869,-0.2328774008142337,0.8158582888553291
bmi,alt_log_adj,REACTOME_TYROSINE_CATABOLISM,ppgs,-0.0017750471261773417,0.005786589983177751,-0.3067518402612934,0.7590345209181326
bmi,alt_log_adj,REACTOME_TYROSINE_CATABOLISM,bmi,0.28864026230975953,0.005763395835677035,50.08163078492639,0
bmi,alt_log_adj,REACTOME_TYROSINE_CATABOLISM,ppgs:bmi,0.008829571279608605,0.006003641037671888,1.4707027325925146,0.14138262609836222
bmi,alt_log_adj,REACTOME_TYSND1_CLEAVES_PEROXISOMAL_PROTEINS,ppgs,0.001436933097257802,0.005706192741412714,0.2518199371060944,0.8011820717160568
bmi,alt_log_adj,REACTOME_TYSND1_CLEAVES_PEROXISOMAL_PROTEINS,bmi,0.2884277723476696,0.005761710359805181,50.059401520735605,0
bmi,alt_log_adj,REACTOME_TYSND1_CLEAVES_PEROXISOMAL_PROTEINS,ppgs:bmi,0.0014703714528270905,0.005777435270031252,0.25450245378848474,0.7991092546727194
bmi,alt_log_adj,REACTOME_UBIQUINOL_BIOSYNTHESIS,ppgs,0.005361870249355101,0.005713971254202743,0.9383789331126466,0.34805770322308993
bmi,alt_log_adj,REACTOME_UBIQUINOL_BIOSYNTHESIS,bmi,0.28858049601080726,0.005763910776114349,50.066787502451476,0
bmi,alt_log_adj,REACTOME_UBIQUINOL_BIOSYNTHESIS,ppgs:bmi,0.005649939563666019,0.006075084534823451,0.930018262508048,0.3523695483299313
bmi,alt_log_adj,REACTOME_UBIQUITIN_DEPENDENT_DEGRADATION_OF_CYCLIN_D,ppgs,-0.00963852631212352,0.005684121621207895,-1.69569318787294,0.08995498018967299
bmi,alt_log_adj,REACTOME_UBIQUITIN_DEPENDENT_DEGRADATION_OF_CYCLIN_D,bmi,0.28830018385643674,0.005761717633855244,50.0371941454429,0
bmi,alt_log_adj,REACTOME_UBIQUITIN_DEPENDENT_DEGRADATION_OF_CYCLIN_D,ppgs:bmi,-0.006140218746100774,0.005816930521880701,-1.055577116316588,0.29117045618070464
bmi,alt_log_adj,REACTOME_UB_SPECIFIC_PROCESSING_PROTEASES,ppgs,0.00478894083798197,0.00569702067728373,0.84060443330974155,0.4005766642172678
bmi,alt_log_adj,REACTOME_UB_SPECIFIC_PROCESSING_PROTEASES,bmi,0.2883604807972418,0.005761745492272606,50.047417259922,0
bmi,alt_log_adj,REACTOME_UB_SPECIFIC_PROCESSING_PROTEASES,ppgs:bmi,-0.0060293791946385575,0.005682207484549789,-1.0610980347044254,0.28865439086542505
bmi,alt_log_adj,REACTOME_UCH_PROTEINASES,ppgs,-0.0032346599805507786,0.005693928952178124,-0.5680892767925054,0.5699788481471741
bmi,alt_log_adj,REACTOME_UCH_PROTEINASES,bmi,0.2883334380592605,0.005762111677616965,50.03954352000801,0
bmi,alt_log_adj,REACTOME_UCH_PROTEINASES,ppgs:bmi,-0.006597832801592294,0.005831944458162784,-1.1313264124725195,0.2579273018189547
bmi,alt_log_adj,REACTOME_UNBLOCKING_OF_NMDA_RECEPTORS_GLUTAMATE_BINDING_AND_ACTIVATION,ppgs,-1.1661395042280372e-4,0.00570247569080976,-0.020449705837543755,0.9836847765264934
bmi,alt_log_adj,REACTOME_UNBLOCKING_OF_NMDA_RECEPTORS_GLUTAMATE_BINDING_AND_ACTIVATION,bmi,0.288453670962833,0.005761469554031638,50.065988938704884,0
bmi,alt_log_adj,REACTOME_UNBLOCKING_OF_NMDA_RECEPTORS_GLUTAMATE_BINDING_AND_ACTIVATION,ppgs:bmi,0.008090615851583669,0.005796300540761605,1.3958240768724188,0.16277840979274938
bmi,alt_log_adj,REACTOME_UNFOLDED_PROTEIN_RESPONSE_UPR,ppgs,0.005466372768138789,0.005706729647782975,0.9578818527459835,0.33813050726636484
bmi,alt_log_adj,REACTOME_UNFOLDED_PROTEIN_RESPONSE_UPR,bmi,0.2883838070176377,0.005761550215818909,50.05316212047433,0
bmi,alt_log_adj,REACTOME_UNFOLDED_PROTEIN_RESPONSE_UPR,ppgs:bmi,0.0029285970051376974,0.00572463495397687,0.5115779484075607,0.6089504066467636
bmi,alt_log_adj,REACTOME_UNWINDING_OF_DNA,ppgs,0.001491098237221943,0.005695884381397263,0.2617852009236466,0.7934889512265184
bmi,alt_log_adj,REACTOME_UNWINDING_OF_DNA,bmi,0.28842537571165455,0.005761637275642776,50.05962054066957,0
bmi,alt_log_adj,REACTOME_UNWINDING_OF_DNA,ppgs:bmi,-0.001967682314933713,0.005779472936288275,-0.3404605119921902,0.7335122781298128
bmi,alt_log_adj,REACTOME_UPTAKE_AND_ACTIONS_OF_BACTERIAL_TOXINS,ppgs,0.0013550651883944254,0.005718605786707935,0.23695726527330785,0.8126916557329462
bmi,alt_log_adj,REACTOME_UPTAKE_AND_ACTIONS_OF_BACTERIAL_TOXINS,bmi,0.2884091293864785,0.005761647757480105,50.056709734129285,0
bmi,alt_log_adj,REACTOME_UPTAKE_AND_ACTIONS_OF_BACTERIAL_TOXINS,ppgs:bmi,-0.005076417625244843,0.005807773128012874,-0.8740729903445342,0.38208591004859205
bmi,alt_log_adj,REACTOME_UPTAKE_AND_FUNCTION_OF_ANTHRAX_TOXINS,ppgs,0.0018248884056963617,0.0056968789894786985,0.3203312566523992,0.7487195920987241
bmi,alt_log_adj,REACTOME_UPTAKE_AND_FUNCTION_OF_ANTHRAX_TOXINS,bmi,0.28838355967973495,0.005761656685388429,50.05219426056331,0
bmi,alt_log_adj,REACTOME_UPTAKE_AND_FUNCTION_OF_ANTHRAX_TOXINS,ppgs:bmi,-0.005035081562604254,0.0057400566078074505,-0.8771832590911541,0.380394541107798
bmi,alt_log_adj,REACTOME_UPTAKE_AND_FUNCTION_OF_DIPHTHERIA_TOXIN,ppgs,0.0021891613468910864,0.005700896862300399,0.38400297352647184,0.7009791236930523
bmi,alt_log_adj,REACTOME_UPTAKE_AND_FUNCTION_OF_DIPHTHERIA_TOXIN,bmi,0.2884320447604263,0.005761708666543232,50.06015775064736,0
bmi,alt_log_adj,REACTOME_UPTAKE_AND_FUNCTION_OF_DIPHTHERIA_TOXIN,ppgs:bmi,0.004522452407950502,0.005757579674825871,0.7854780417063488,0.43217990451930677
bmi,alt_log_adj,REACTOME_UPTAKE_OF_DIETARY_COBALAMINS_INTO_ENTEROCYTES,ppgs,0.0016133547078143482,0.00568587884368994,0.2837476408075091,0.776605854660992
bmi,alt_log_adj,REACTOME_UPTAKE_OF_DIETARY_COBALAMINS_INTO_ENTEROCYTES,bmi,0.28845162806182706,0.0057618434356631314,50.06238563797927,0
bmi,alt_log_adj,REACTOME_UPTAKE_OF_DIETARY_COBALAMINS_INTO_ENTEROCYTES,ppgs:bmi,-0.005653212942766258,0.005596771022464982,-1.0100847292259632,0.3124633191100597
bmi,alt_log_adj,REACTOME_UREA_CYCLE,ppgs,0.010873802096853541,0.0057088093870786265,1.9047407891153991,0.05682388462436247
bmi,alt_log_adj,REACTOME_UREA_CYCLE,bmi,0.28847900661445364,0.005760897299008463,50.07536007699794,0
bmi,alt_log_adj,REACTOME_UREA_CYCLE,ppgs:bmi,0.011942050320957284,0.005840288334211139,2.044770675276998,0.04088668765153919
bmi,alt_log_adj,REACTOME_VASOPRESSIN_LIKE_RECEPTORS,ppgs,0.00718603972495886,0.005705046139627125,1.2595936209954177,0.20782636812054123
bmi,alt_log_adj,REACTOME_VASOPRESSIN_LIKE_RECEPTORS,bmi,0.2883603443014651,0.005761477288770361,50.04972333458737,0
bmi,alt_log_adj,REACTOME_VASOPRESSIN_LIKE_RECEPTORS,ppgs:bmi,0.005171139124352583,0.005668563905783064,0.912248536014032,0.36164565668259896
bmi,alt_log_adj,REACTOME_VASOPRESSIN_REGULATES_RENAL_WATER_HOMEOSTASIS_VIA_AQUAPORINS,ppgs,-0.0012027190280242434,0.005786210173125163,-0.20785954744790208,0.8353401289063356
bmi,alt_log_adj,REACTOME_VASOPRESSIN_REGULATES_RENAL_WATER_HOMEOSTASIS_VIA_AQUAPORINS,bmi,0.28846456272392174,0.005761765202615885,50.06531029639261,0
bmi,alt_log_adj,REACTOME_VASOPRESSIN_REGULATES_RENAL_WATER_HOMEOSTASIS_VIA_AQUAPORINS,ppgs:bmi,-0.0060513372332070894,0.0057636832138202,-1.0499080203952138,0.29376935404263016
bmi,alt_log_adj,REACTOME_VEGFR2_MEDIATED_CELL_PROLIFERATION,ppgs,-0.0037632788434283906,0.005767888847254546,-0.6524534267368332,0.5141139985773069
bmi,alt_log_adj,REACTOME_VEGFR2_MEDIATED_CELL_PROLIFERATION,bmi,0.28843316975251987,0.0057616586059947034,50.06078795651313,0
bmi,alt_log_adj,REACTOME_VEGFR2_MEDIATED_CELL_PROLIFERATION,ppgs:bmi,-3.3297690364386294e-4,0.00596649099976903,-0.05580782802768878,0.955495292101652
bmi,alt_log_adj,REACTOME_VEGFR2_MEDIATED_VASCULAR_PERMEABILITY,ppgs,8.365756543779543e-4,0.005726639533519236,0.1460849158535821,0.8838553927898056
bmi,alt_log_adj,REACTOME_VEGFR2_MEDIATED_VASCULAR_PERMEABILITY,bmi,0.288488136315876,0.0057621745825261585,50.06584444537981,0
bmi,alt_log_adj,REACTOME_VEGFR2_MEDIATED_VASCULAR_PERMEABILITY,ppgs:bmi,0.005023208596044406,0.005738938331319148,0.8752853413028007,0.38142608392278177
bmi,alt_log_adj,REACTOME_VEGF_LIGAND_RECEPTOR_INTERACTIONS,ppgs,0.006199363736722952,0.0056588328962370186,1.095519844886279,0.2732982634390553
bmi,alt_log_adj,REACTOME_VEGF_LIGAND_RECEPTOR_INTERACTIONS,bmi,0.2884219315651182,0.005761308589568211,50.06187866543951,0
bmi,alt_log_adj,REACTOME_VEGF_LIGAND_RECEPTOR_INTERACTIONS,ppgs:bmi,-0.007432122274160183,0.00577276214817916,-1.287446474215886,0.19794922535581633
bmi,alt_log_adj,REACTOME_VESICLE_MEDIATED_TRANSPORT,ppgs,0.01867181817498991,0.005759311781021578,3.2420224646490543,0.0011882177094282593
bmi,alt_log_adj,REACTOME_VESICLE_MEDIATED_TRANSPORT,bmi,0.2886242705773373,0.005760593472969916,50.103217998567594,0
bmi,alt_log_adj,REACTOME_VESICLE_MEDIATED_TRANSPORT,ppgs:bmi,0.009602026893813956,0.005801628836329567,1.6550570821915476,0.09792398923665267
bmi,alt_log_adj,REACTOME_VIF_MEDIATED_DEGRADATION_OF_APOBEC3G,ppgs,-0.008851245058023498,0.005683551668964635,-1.5573439943119085,0.11939999865552309
bmi,alt_log_adj,REACTOME_VIF_MEDIATED_DEGRADATION_OF_APOBEC3G,bmi,0.28829769827355334,0.0057619308053288324,50.034911562444606,0
bmi,alt_log_adj,REACTOME_VIF_MEDIATED_DEGRADATION_OF_APOBEC3G,ppgs:bmi,-0.00524893876839807,0.005811193028481073,-0.9032463287095517,0.3664028496970466
bmi,alt_log_adj,REACTOME_VIRAL_INFECTION_PATHWAYS,ppgs,0.006758690887764874,0.005697012984439019,1.186356939369061,0.2354913119594468
bmi,alt_log_adj,REACTOME_VIRAL_INFECTION_PATHWAYS,bmi,0.2884865931480275,0.005761779870723131,50.069006387052596,0
bmi,alt_log_adj,REACTOME_VIRAL_INFECTION_PATHWAYS,ppgs:bmi,0.0012033115912008742,0.005676169863292314,0.21199358373375468,0.8321135640973203
bmi,alt_log_adj,REACTOME_VIRAL_MESSENGER_RNA_SYNTHESIS,ppgs,-0.004822293843495663,0.00568328164925086,-0.8485051667519087,0.39616386081442345
bmi,alt_log_adj,REACTOME_VIRAL_MESSENGER_RNA_SYNTHESIS,bmi,0.28828651101609526,0.005763684331372432,50.017748100276215,0
bmi,alt_log_adj,REACTOME_VIRAL_MESSENGER_RNA_SYNTHESIS,ppgs:bmi,0.004649965895560469,0.005415853815630721,0.8585840855120906,0.39057728084734267
bmi,alt_log_adj,REACTOME_VISUAL_PHOTOTRANSDUCTION,ppgs,-0.007430216445898545,0.005696260758429061,-1.3044024424099017,0.1921069928821681
bmi,alt_log_adj,REACTOME_VISUAL_PHOTOTRANSDUCTION,bmi,0.2884005180370211,0.005761429416820093,50.05711207622466,0
bmi,alt_log_adj,REACTOME_VISUAL_PHOTOTRANSDUCTION,ppgs:bmi,-0.001563998810589726,0.005654111423388893,-0.27661266173851157,0.7820795579322806
bmi,alt_log_adj,REACTOME_VITAMINS,ppgs,-0.005406659371891246,0.005678361768384175,-0.9521512704587254,0.3410283882870738
bmi,alt_log_adj,REACTOME_VITAMINS,bmi,0.28843025497847663,0.005760978897638777,50.066188420980694,0
bmi,alt_log_adj,REACTOME_VITAMINS,ppgs:bmi,-0.013249027626350683,0.0056971284207813855,-2.325562397017816,0.020048926378899323
bmi,alt_log_adj,REACTOME_VITAMIN_B1_THIAMIN_METABOLISM,ppgs,-0.00938313537242454,0.005689945364091532,-1.6490730177551836,0.09914375702739434
bmi,alt_log_adj,REACTOME_VITAMIN_B1_THIAMIN_METABOLISM,bmi,0.2883888412636624,0.005761598603106266,50.05361552055753,0
bmi,alt_log_adj,REACTOME_VITAMIN_B1_THIAMIN_METABOLISM,ppgs:bmi,-0.005867453002259636,0.005657888167476585,-1.037039409154055,0.29972633680510685
bmi,alt_log_adj,REACTOME_VITAMIN_B2_RIBOFLAVIN_METABOLISM,ppgs,0.002526746270335327,0.005746474889154814,0.43970369993332703,0.6601550744282919
bmi,alt_log_adj,REACTOME_VITAMIN_B2_RIBOFLAVIN_METABOLISM,bmi,0.28837347313292055,0.005761968914128929,50.04773150125814,0
bmi,alt_log_adj,REACTOME_VITAMIN_B2_RIBOFLAVIN_METABOLISM,ppgs:bmi,0.002148846518036081,0.005603938296343678,0.3834529226415837,0.701386845311817
bmi,alt_log_adj,REACTOME_VITAMIN_B5_PANTOTHENATE_METABOLISM,ppgs,-0.0030152424382452305,0.005693595379327338,-0.5295849524525682,0.5964038768172486
bmi,alt_log_adj,REACTOME_VITAMIN_B5_PANTOTHENATE_METABOLISM,bmi,0.2883685991482199,0.0057616213473273715,50.04990466476675,0
bmi,alt_log_adj,REACTOME_VITAMIN_B5_PANTOTHENATE_METABOLISM,ppgs:bmi,-0.005701173651471678,0.005762050302730423,-0.9894348976387976,0.32245885241372363
bmi,alt_log_adj,REACTOME_VITAMIN_C_ASCORBATE_METABOLISM,ppgs,0.0018029772504911592,0.005692259154240117,0.31674194755313206,0.7514417491410332
bmi,alt_log_adj,REACTOME_VITAMIN_C_ASCORBATE_METABOLISM,bmi,0.28849830699047785,0.005761453721087843,50.07387387917877,0
bmi,alt_log_adj,REACTOME_VITAMIN_C_ASCORBATE_METABOLISM,ppgs:bmi,0.010061530259686159,0.0056503900083204805,1.7806788991326359,0.07497562829544074
bmi,alt_log_adj,REACTOME_VITAMIN_D_CALCIFEROL_METABOLISM,ppgs,-0.005704561216541906,0.005703491201345637,-1.000187607056537,0.3172282627992613
bmi,alt_log_adj,REACTOME_VITAMIN_D_CALCIFEROL_METABOLISM,bmi,0.28847619036185584,0.00576253509657863,50.06063920255025,0
bmi,alt_log_adj,REACTOME_VITAMIN_D_CALCIFEROL_METABOLISM,ppgs:bmi,0.0011987560267764322,0.005766722058487846,0.20787477090421294,0.8353282420637718
bmi,alt_log_adj,REACTOME_VLDLR_INTERNALISATION_AND_DEGRADATION,ppgs,0.0044836371683362524,0.005710453329211307,0.7851630877360668,0.4323645162027697
bmi,alt_log_adj,REACTOME_VLDLR_INTERNALISATION_AND_DEGRADATION,bmi,0.2884287698736219,0.005761625349142138,50.06031326152902,0
bmi,alt_log_adj,REACTOME_VLDLR_INTERNALISATION_AND_DEGRADATION,ppgs:bmi,-0.0019276070408592765,0.005618741758847706,-0.343067384761707,0.7315503108763575
bmi,alt_log_adj,REACTOME_VLDL_ASSEMBLY,ppgs,0.015680679201581976,0.005698106472939679,2.751910529585496,0.005928635275159804
bmi,alt_log_adj,REACTOME_VLDL_ASSEMBLY,bmi,0.2880641674652831,0.005760819983845022,50.00402169710163,0
bmi,alt_log_adj,REACTOME_VLDL_ASSEMBLY,ppgs:bmi,0.015498651027435138,0.005632498547141085,2.75164758547552,0.005933395854639734
bmi,alt_log_adj,REACTOME_VLDL_CLEARANCE,ppgs,0.018070880461095958,0.00568966787190426,3.1760870525203186,0.0014943600838706148
bmi,alt_log_adj,REACTOME_VLDL_CLEARANCE,bmi,0.28796660261046625,0.005760522861067625,49.989664055789554,0
bmi,alt_log_adj,REACTOME_VLDL_CLEARANCE,ppgs:bmi,0.01779261651875827,0.005660062104504641,3.1435373305529217,0.0016709122853686782
bmi,alt_log_adj,REACTOME_VOLTAGE_GATED_POTASSIUM_CHANNELS,ppgs,-0.009993073778320177,0.005720058636924972,-1.7470229612352928,0.08064418414587407
bmi,alt_log_adj,REACTOME_VOLTAGE_GATED_POTASSIUM_CHANNELS,bmi,0.28841538866491434,0.00576116879032259,50.06195776617141,0
bmi,alt_log_adj,REACTOME_VOLTAGE_GATED_POTASSIUM_CHANNELS,ppgs:bmi,-0.0064445128654166605,0.005764163414850254,-1.1180309095355654,0.26356326684031767
bmi,alt_log_adj,REACTOME_VXPX_CARGO_TARGETING_TO_CILIUM,ppgs,0.003780341479621339,0.005698484437142074,0.6633941921437047,0.5070835191090186
bmi,alt_log_adj,REACTOME_VXPX_CARGO_TARGETING_TO_CILIUM,bmi,0.2884433059844716,0.005761791978763702,50.061388374934424,0
bmi,alt_log_adj,REACTOME_VXPX_CARGO_TARGETING_TO_CILIUM,ppgs:bmi,9.021468085353448e-4,0.0057644728994088405,0.15650117960097654,0.8756391039709397
bmi,alt_log_adj,REACTOME_WAX_AND_PLASMALOGEN_BIOSYNTHESIS,ppgs,-0.007238758038233524,0.005699032159168751,-1.2701732217088162,0.20403335913087978
bmi,alt_log_adj,REACTOME_WAX_AND_PLASMALOGEN_BIOSYNTHESIS,bmi,0.28837256134296063,0.0057618928846969505,50.048233647114685,0
bmi,alt_log_adj,REACTOME_WAX_AND_PLASMALOGEN_BIOSYNTHESIS,ppgs:bmi,2.399485653145173e-4,0.00602015436241758,0.03985754365576741,0.9682069801200675
bmi,alt_log_adj,REACTOME_WNT5A_DEPENDENT_INTERNALIZATION_OF_FZD2_FZD5_AND_ROR2,ppgs,-0.005515876084866421,0.005685472830673426,-0.9701701598340208,0.33196995944272445
bmi,alt_log_adj,REACTOME_WNT5A_DEPENDENT_INTERNALIZATION_OF_FZD2_FZD5_AND_ROR2,bmi,0.2884148892574274,0.005761495682224442,50.059030703998374,0
bmi,alt_log_adj,REACTOME_WNT5A_DEPENDENT_INTERNALIZATION_OF_FZD2_FZD5_AND_ROR2,ppgs:bmi,-0.0026110806948764415,0.005736447056575179,-0.4551738504905387,0.6489876574144042
bmi,alt_log_adj,REACTOME_WNT5A_DEPENDENT_INTERNALIZATION_OF_FZD4,ppgs,-6.233413619475751e-5,0.005697045331873489,-0.01094148502663551,0.991270209203816
bmi,alt_log_adj,REACTOME_WNT5A_DEPENDENT_INTERNALIZATION_OF_FZD4,bmi,0.28848165221566746,0.00576201376642106,50.066116449918006,0
bmi,alt_log_adj,REACTOME_WNT5A_DEPENDENT_INTERNALIZATION_OF_FZD4,ppgs:bmi,-0.004955379398162759,0.005543295369749648,-0.893941070722082,0.3713610108605232
bmi,alt_log_adj,REACTOME_WNT_LIGAND_BIOGENESIS_AND_TRAFFICKING,ppgs,-0.00299686504069971,0.005704622986187366,-0.525339719724868,0.5993511589834559
bmi,alt_log_adj,REACTOME_WNT_LIGAND_BIOGENESIS_AND_TRAFFICKING,bmi,0.2884973548550846,0.005761462411701101,50.073633088218706,0
bmi,alt_log_adj,REACTOME_WNT_LIGAND_BIOGENESIS_AND_TRAFFICKING,ppgs:bmi,0.0098575167315184,0.005782799235587997,1.704627176204585,0.08827493715513779
bmi,alt_log_adj,REACTOME_WNT_MEDIATED_ACTIVATION_OF_DVL,ppgs,0.01412036207526221,0.005684564591028197,2.483983047276482,0.01299793036890935
bmi,alt_log_adj,REACTOME_WNT_MEDIATED_ACTIVATION_OF_DVL,bmi,0.28838140551312985,0.0057609804125213,50.057695889113326,0
bmi,alt_log_adj,REACTOME_WNT_MEDIATED_ACTIVATION_OF_DVL,ppgs:bmi,0.0017573658283645552,0.005660482625203068,0.31046218930872704,0.7562117908670586
bmi,alt_log_adj,REACTOME_XENOBIOTICS,ppgs,-0.0011471377502396316,0.005688436312989572,-0.2016613506984577,0.8401829264220062
bmi,alt_log_adj,REACTOME_XENOBIOTICS,bmi,0.28839982501163447,0.005764064476524009,50.03410808228026,0
bmi,alt_log_adj,REACTOME_XENOBIOTICS,ppgs:bmi,-2.2739502921929598e-4,0.005835086010196017,-0.03897029603710282,0.9689143453667298
bmi,alt_log_adj,REACTOME_YAP1_AND_WWTR1_TAZ_STIMULATED_GENE_EXPRESSION,ppgs,0.0038060350789592503,0.005693713992058891,0.6684626386691683,0.5038437658135304
bmi,alt_log_adj,REACTOME_YAP1_AND_WWTR1_TAZ_STIMULATED_GENE_EXPRESSION,bmi,0.28839626563645215,0.0057618640490721745,50.05259811412805,0
bmi,alt_log_adj,REACTOME_YAP1_AND_WWTR1_TAZ_STIMULATED_GENE_EXPRESSION,ppgs:bmi,4.570144933919555e-4,0.005603126505419145,0.08156419330349714,0.9349938518147265
bmi,alt_log_adj,REACTOME_ZBP1_DAI_MEDIATED_INDUCTION_OF_TYPE_I_IFNS,ppgs,0.0021882603361788686,0.005728819377776061,0.38197404942942287,0.7024834765882595
bmi,alt_log_adj,REACTOME_ZBP1_DAI_MEDIATED_INDUCTION_OF_TYPE_I_IFNS,bmi,0.28835991563824753,0.0057621931467833785,50.04343108478033,0
bmi,alt_log_adj,REACTOME_ZBP1_DAI_MEDIATED_INDUCTION_OF_TYPE_I_IFNS,ppgs:bmi,-0.003090060469216643,0.005773445018460469,-0.5352195195998645,0.5925022685332657
bmi,alt_log_adj,REACTOME_ZINC_EFFLUX_AND_COMPARTMENTALIZATION_BY_THE_SLC30_FAMILY,ppgs,-0.00305813363137039,0.005704235626577849,-0.536116288240544,0.5918823901386553
bmi,alt_log_adj,REACTOME_ZINC_EFFLUX_AND_COMPARTMENTALIZATION_BY_THE_SLC30_FAMILY,bmi,0.2884293731313231,0.005761637926819353,50.06030868214367,0
bmi,alt_log_adj,REACTOME_ZINC_EFFLUX_AND_COMPARTMENTALIZATION_BY_THE_SLC30_FAMILY,ppgs:bmi,-0.003004940110587658,0.00561117829993261,-0.5355274685574949,0.5922893696869855
bmi,alt_log_adj,REACTOME_ZINC_INFLUX_INTO_CELLS_BY_THE_SLC39_GENE_FAMILY,ppgs,-0.005520815866536235,0.00579603856235295,-0.9525153787615613,0.3408437916575836
bmi,alt_log_adj,REACTOME_ZINC_INFLUX_INTO_CELLS_BY_THE_SLC39_GENE_FAMILY,bmi,0.28846647451520013,0.0057617770220555475,50.06553940060111,0
bmi,alt_log_adj,REACTOME_ZINC_INFLUX_INTO_CELLS_BY_THE_SLC39_GENE_FAMILY,ppgs:bmi,0.0027312333922880063,0.005812081026631161,0.46992348863916356,0.6384132969437794
bmi,alt_log_adj,REACTOME_ZINC_TRANSPORTERS,ppgs,-0.002927210164634585,0.005704823704408414,-0.5131114152348963,0.6078773853945953
bmi,alt_log_adj,REACTOME_ZINC_TRANSPORTERS,bmi,0.28842816777337565,0.005761641114647511,50.060071780611295,0
bmi,alt_log_adj,REACTOME_ZINC_TRANSPORTERS,ppgs:bmi,-0.0028766889295164036,0.0056152962985522486,-0.5122951268409611,0.6084484664627468
bmi,alt_log_adj,REACTOME_ZYGOTIC_GENOME_ACTIVATION_ZGA,ppgs,0.0021886844914787524,0.005771500308511528,0.37922279727699004,0.7045252642830111
bmi,alt_log_adj,REACTOME_ZYGOTIC_GENOME_ACTIVATION_ZGA,bmi,0.28841465449520926,0.00576225137942783,50.05242491240425,0
bmi,alt_log_adj,REACTOME_ZYGOTIC_GENOME_ACTIVATION_ZGA,ppgs:bmi,-5.913919895325779e-4,0.005857646760448455,-0.10096067819004188,0.9195823888884765
bmi,alt_log_adj,REACTOME_Z_DECAY_DEGRADATION_OF_MATERNAL_MRNAS_BY_ZYGOTICALLY_EXPRESSED_FACTORS,ppgs,0.007966596234127314,0.005733250609504363,1.3895426480957584,0.16467871466391243
bmi,alt_log_adj,REACTOME_Z_DECAY_DEGRADATION_OF_MATERNAL_MRNAS_BY_ZYGOTICALLY_EXPRESSED_FACTORS,bmi,0.28838148420685955,0.005761497538522873,50.05321659493315,0
bmi,alt_log_adj,REACTOME_Z_DECAY_DEGRADATION_OF_MATERNAL_MRNAS_BY_ZYGOTICALLY_EXPRESSED_FACTORS,ppgs:bmi,-0.0029879818996234406,0.005835495703110993,-0.5120356610031435,0.6086300406215841
