e,y,pathway,term,estimate,std.error,statistic,p.value
bmi,alt_log_adj,REACTOME_2_LTR_CIRCLE_FORMATION,ppgs,0.002189700613432583,0.005906527132099437,0.3707255658799062,0.7108447162848691
bmi,alt_log_adj,REACTOME_2_LTR_CIRCLE_FORMATION,bmi,0.28840959365261487,0.005761499972695901,50.05807428957832,0
bmi,alt_log_adj,REACTOME_ABACAVIR_ADME,ppgs,0.002578865607011104,0.0056872253922726716,0.4534488136367959,0.6502290643825861
bmi,alt_log_adj,REACTOME_ABACAVIR_ADME,bmi,0.2884150502729274,0.0057614771550086735,50.05921962602891,0
bmi,alt_log_adj,REACTOME_ABACAVIR_TRANSMEMBRANE_TRANSPORT,ppgs,0.004062443209123899,0.005681587785047324,0.7150189987058454,0.4746031918913297
bmi,alt_log_adj,REACTOME_ABACAVIR_TRANSMEMBRANE_TRANSPORT,bmi,0.28841590708187664,0.005761446300550778,50.05963642398349,0
bmi,alt_log_adj,REACTOME_ABC_FAMILY_PROTEINS_MEDIATED_TRANSPORT,ppgs,0.03125048438463181,0.005890992567760764,5.304791005110788,1.136477360409178e-7
bmi,alt_log_adj,REACTOME_ABC_FAMILY_PROTEINS_MEDIATED_TRANSPORT,bmi,0.28839726986781633,0.005758641434877204,50.08078261673642,0
bmi,alt_log_adj,REACTOME_ABC_TRANSPORTERS_IN_LIPID_HOMEOSTASIS,ppgs,-0.007316263559114559,0.005692017733186345,-1.285355018565442,0.1986787524794207
bmi,alt_log_adj,REACTOME_ABC_TRANSPORTERS_IN_LIPID_HOMEOSTASIS,bmi,0.28835862803827533,0.005761494788496963,50.0492734305677,0
bmi,alt_log_adj,REACTOME_ABC_TRANSPORTER_DISORDERS,ppgs,0.03134610163467897,0.005895675300965424,5.316795792594957,1.0640912720255727e-7
bmi,alt_log_adj,REACTOME_ABC_TRANSPORTER_DISORDERS,bmi,0.2883961127514659,0.005758628620246001,50.08069312501455,0
bmi,alt_log_adj,REACTOME_ABERRANT_REGULATION_OF_MITOTIC_EXIT_IN_CANCER_DUE_TO_RB1_DEFECTS,ppgs,0.010022417651805317,0.005668987042321108,1.7679380067345756,0.07708202234050462
bmi,alt_log_adj,REACTOME_ABERRANT_REGULATION_OF_MITOTIC_EXIT_IN_CANCER_DUE_TO_RB1_DEFECTS,bmi,0.28839648019277225,0.00576118952138213,50.05849558019485,0
bmi,alt_log_adj,REACTOME_ABERRANT_REGULATION_OF_MITOTIC_G1_S_TRANSITION_IN_CANCER_DUE_TO_RB1_DEFECTS,ppgs,-7.676223447167771e-4,0.0056853338976962965,-0.13501798813044533,0.8925986106495286
bmi,alt_log_adj,REACTOME_ABERRANT_REGULATION_OF_MITOTIC_G1_S_TRANSITION_IN_CANCER_DUE_TO_RB1_DEFECTS,bmi,0.2884103087216237,0.005761584694429052,50.057462315965125,0
bmi,alt_log_adj,REACTOME_ABORTIVE_ELONGATION_OF_HIV_1_TRANSCRIPT_IN_THE_ABSENCE_OF_TAT,ppgs,6.481477154145311e-4,0.005708083238259182,0.11354910017258252,0.9095960425086407
bmi,alt_log_adj,REACTOME_ABORTIVE_ELONGATION_OF_HIV_1_TRANSCRIPT_IN_THE_ABSENCE_OF_TAT,bmi,0.2884129162923899,0.0057615162499388,50.05850956255716,0
bmi,alt_log_adj,REACTOME_ACETYLCHOLINE_BINDING_AND_DOWNSTREAM_EVENTS,ppgs,-0.007577616395679261,0.005718667168130608,-1.3250668683619737,0.18515965346365684
bmi,alt_log_adj,REACTOME_ACETYLCHOLINE_BINDING_AND_DOWNSTREAM_EVENTS,bmi,0.28838271499007834,0.005761369881109435,50.05453927470216,0
bmi,alt_log_adj,REACTOME_ACETYLCHOLINE_INHIBITS_CONTRACTION_OF_OUTER_HAIR_CELLS,ppgs,-0.0087757339536218,0.005735287443078873,-1.5301297521211468,0.12599577289857658
bmi,alt_log_adj,REACTOME_ACETYLCHOLINE_INHIBITS_CONTRACTION_OF_OUTER_HAIR_CELLS,bmi,0.28858307669137784,0.005762311841464744,50.08112796235301,0
bmi,alt_log_adj,REACTOME_ACETYLCHOLINE_NEUROTRANSMITTER_RELEASE_CYCLE,ppgs,-0.004054281099474878,0.005702906108688204,-0.7109149304243856,0.4771428020697318
bmi,alt_log_adj,REACTOME_ACETYLCHOLINE_NEUROTRANSMITTER_RELEASE_CYCLE,bmi,0.28837742430210944,0.005761684207121457,50.0508903187846,0
bmi,alt_log_adj,REACTOME_ACETYLCHOLINE_REGULATES_INSULIN_SECRETION,ppgs,-0.00965454977518532,0.005724025440913627,-1.686671360014838,0.0916775647592822
bmi,alt_log_adj,REACTOME_ACETYLCHOLINE_REGULATES_INSULIN_SECRETION,bmi,0.28844234267148056,0.005761232348402575,50.06608399528573,0
bmi,alt_log_adj,REACTOME_ACROSOME_REACTION_AND_SPERM_OOCYTE_MEMBRANE_BINDING,ppgs,-0.006768464906189654,0.005722601285871617,-1.182760176372962,0.2369141268108102
bmi,alt_log_adj,REACTOME_ACROSOME_REACTION_AND_SPERM_OOCYTE_MEMBRANE_BINDING,bmi,0.28837619205506804,0.005761447442985991,50.05273325996202,0
bmi,alt_log_adj,REACTOME_ACTIVATED_NOTCH1_TRANSMITS_SIGNAL_TO_THE_NUCLEUS,ppgs,-1.1793046656503413e-4,0.00569346298133315,-0.02071331050218231,0.9834744968281062
bmi,alt_log_adj,REACTOME_ACTIVATED_NOTCH1_TRANSMITS_SIGNAL_TO_THE_NUCLEUS,bmi,0.2884143275552237,0.005761515493609864,50.05876108032791,0
bmi,alt_log_adj,REACTOME_ACTIVATED_NTRK2_SIGNALS_THROUGH_CDK5,ppgs,0.0012047944904232096,0.005704192751855749,0.2112120930750899,0.8327232928925212
bmi,alt_log_adj,REACTOME_ACTIVATED_NTRK2_SIGNALS_THROUGH_CDK5,bmi,0.2884138002682508,0.005761494752858305,50.05884976727044,0
bmi,alt_log_adj,REACTOME_ACTIVATED_NTRK2_SIGNALS_THROUGH_FRS2_AND_FRS3,ppgs,0.009068498712040556,0.00574128540108504,1.5795241097623731,0.11422704771575277
bmi,alt_log_adj,REACTOME_ACTIVATED_NTRK2_SIGNALS_THROUGH_FRS2_AND_FRS3,bmi,0.28846336306517634,0.005761327102530929,50.06890911270347,0
bmi,alt_log_adj,REACTOME_ACTIVATED_NTRK2_SIGNALS_THROUGH_FYN,ppgs,-0.0021387544882095844,0.0057572531521554865,-0.3714886998513945,0.7102763472624967
bmi,alt_log_adj,REACTOME_ACTIVATED_NTRK2_SIGNALS_THROUGH_FYN,bmi,0.28840620907251285,0.005761528458637856,50.05723934941702,0
bmi,alt_log_adj,REACTOME_ACTIVATED_NTRK2_SIGNALS_THROUGH_PI3K,ppgs,-2.6185544494035415e-5,0.005699891411029067,-0.004594042694105963,0.9963345294813646
bmi,alt_log_adj,REACTOME_ACTIVATED_NTRK2_SIGNALS_THROUGH_PI3K,bmi,0.2884147242818448,0.00576154078190506,50.058610222399594,0
bmi,alt_log_adj,REACTOME_ACTIVATED_NTRK2_SIGNALS_THROUGH_RAS,ppgs,-0.0035694124930956105,0.005722652300724735,-0.623733944598306,0.5328073451654503
bmi,alt_log_adj,REACTOME_ACTIVATED_NTRK2_SIGNALS_THROUGH_RAS,bmi,0.2884414851958479,0.005761619406746793,50.06257179328542,0
bmi,alt_log_adj,REACTOME_ACTIVATED_NTRK3_SIGNALS_THROUGH_PI3K,ppgs,0.004622515715635616,0.0056955789452525244,0.8115971633557381,0.4170296336668693
bmi,alt_log_adj,REACTOME_ACTIVATED_NTRK3_SIGNALS_THROUGH_PI3K,bmi,0.28841631170715404,0.005761431414622375,50.05983599408306,0
bmi,alt_log_adj,REACTOME_ACTIVATED_NTRK3_SIGNALS_THROUGH_RAS,ppgs,-0.0032346569976307534,0.005680859541412513,-0.5693957004306561,0.569092145400826
bmi,alt_log_adj,REACTOME_ACTIVATED_NTRK3_SIGNALS_THROUGH_RAS,bmi,0.28842171732483085,0.005761478501301543,50.06036510587953,0
bmi,alt_log_adj,REACTOME_ACTIVATED_PKN1_STIMULATES_TRANSCRIPTION_OF_AR_ANDROGEN_RECEPTOR_REGULATED_GENES_KLK2_AND_KLK3,ppgs,-0.004622075674232211,0.0056981457187801334,-0.8111543478080288,0.4172838485843109
bmi,alt_log_adj,REACTOME_ACTIVATED_PKN1_STIMULATES_TRANSCRIPTION_OF_AR_ANDROGEN_RECEPTOR_REGULATED_GENES_KLK2_AND_KLK3,bmi,0.2884472393530631,0.0057615714311634305,50.06398736860182,0
bmi,alt_log_adj,REACTOME_ACTIVATED_TAK1_MEDIATES_P38_MAPK_ACTIVATION,ppgs,-0.01419049918609257,0.005742089831954007,-2.4713126407609,0.013467639068732965
bmi,alt_log_adj,REACTOME_ACTIVATED_TAK1_MEDIATES_P38_MAPK_ACTIVATION,bmi,0.28839760509724066,0.005760881571108877,50.06136674351539,0
bmi,alt_log_adj,REACTOME_ACTIVATION_OF_AMPK_DOWNSTREAM_OF_NMDARS,ppgs,0.01211811269825013,0.005704819628596917,2.124188578637068,0.033663008953926946
bmi,alt_log_adj,REACTOME_ACTIVATION_OF_AMPK_DOWNSTREAM_OF_NMDARS,bmi,0.28845436638127503,0.005761069893959225,50.069582853652605,0
bmi,alt_log_adj,REACTOME_ACTIVATION_OF_ANTERIOR_HOX_GENES_IN_HINDBRAIN_DEVELOPMENT_DURING_EARLY_EMBRYOGENESIS,ppgs,-0.006613547071884487,0.00569346346266044,-1.161603497635183,0.24540634065839523
bmi,alt_log_adj,REACTOME_ACTIVATION_OF_ANTERIOR_HOX_GENES_IN_HINDBRAIN_DEVELOPMENT_DURING_EARLY_EMBRYOGENESIS,bmi,0.28835739063694116,0.00576157152737063,50.04839205190548,0
bmi,alt_log_adj,REACTOME_ACTIVATION_OF_APC_C_AND_APC_C_CDC20_MEDIATED_DEGRADATION_OF_MITOTIC_PROTEINS,ppgs,-0.006102597607710062,0.005676855477839535,-1.074996119160066,0.2823856149223271
bmi,alt_log_adj,REACTOME_ACTIVATION_OF_APC_C_AND_APC_C_CDC20_MEDIATED_DEGRADATION_OF_MITOTIC_PROTEINS,bmi,0.28840647064246205,0.005761385534804126,50.05852652981106,0
bmi,alt_log_adj,REACTOME_ACTIVATION_OF_ATR_IN_RESPONSE_TO_REPLICATION_STRESS,ppgs,0.00102438792494016,0.005696256566826413,0.17983528531807036,0.8572831668443037
bmi,alt_log_adj,REACTOME_ACTIVATION_OF_ATR_IN_RESPONSE_TO_REPLICATION_STRESS,bmi,0.28841123471992974,0.005761525478073984,50.05813752234634,0
bmi,alt_log_adj,REACTOME_ACTIVATION_OF_BAD_AND_TRANSLOCATION_TO_MITOCHONDRIA,ppgs,0.021501779524916956,0.005697064745444164,3.7741855649633482,1.6085815139695657e-4
bmi,alt_log_adj,REACTOME_ACTIVATION_OF_BAD_AND_TRANSLOCATION_TO_MITOCHONDRIA,bmi,0.28862579970467883,0.0057603227894442045,50.105837859223065,0
bmi,alt_log_adj,REACTOME_ACTIVATION_OF_BH3_ONLY_PROTEINS,ppgs,0.008894100990453818,0.005691787935623427,1.5626198816698604,0.1181531912963248
bmi,alt_log_adj,REACTOME_ACTIVATION_OF_BH3_ONLY_PROTEINS,bmi,0.28842437041263713,0.005761253238006739,50.06278295665151,0
bmi,alt_log_adj,REACTOME_ACTIVATION_OF_C3_AND_C5,ppgs,4.990270031416311e-4,0.0056892719897914616,0.08771368358501046,0.930104863150834
bmi,alt_log_adj,REACTOME_ACTIVATION_OF_C3_AND_C5,bmi,0.2884109956530576,0.0057616455411986225,50.05705290108112,0
bmi,alt_log_adj,REACTOME_ACTIVATION_OF_CASPASES_THROUGH_APOPTOSOME_MEDIATED_CLEAVAGE,ppgs,0.010804940192649532,0.0058217366965912076,1.8559651107162116,0.06346890078927793
bmi,alt_log_adj,REACTOME_ACTIVATION_OF_CASPASES_THROUGH_APOPTOSOME_MEDIATED_CLEAVAGE,bmi,0.2885124294770315,0.005761388992594563,50.076887682444756,0
bmi,alt_log_adj,REACTOME_ACTIVATION_OF_GENE_EXPRESSION_BY_SREBF_SREBP,ppgs,0.012041453046109327,0.005723150161890127,2.103990408340521,0.03538806740210273
bmi,alt_log_adj,REACTOME_ACTIVATION_OF_GENE_EXPRESSION_BY_SREBF_SREBP,bmi,0.2885644822372625,0.005761488474306205,50.08505762428194,0
bmi,alt_log_adj,REACTOME_ACTIVATION_OF_IRF3_IRF7_MEDIATED_BY_TBK1_IKK_IKBKE,ppgs,0.006406933110722514,0.005695242291844061,1.1249623426728725,0.2606145164678552
bmi,alt_log_adj,REACTOME_ACTIVATION_OF_IRF3_IRF7_MEDIATED_BY_TBK1_IKK_IKBKE,bmi,0.28839316304257745,0.005761400953906396,50.05608277393688,0
bmi,alt_log_adj,REACTOME_ACTIVATION_OF_KAINATE_RECEPTORS_UPON_GLUTAMATE_BINDING,ppgs,0.0011988210956334002,0.005718673101801312,0.20963273722636572,0.833955833091925
bmi,alt_log_adj,REACTOME_ACTIVATION_OF_KAINATE_RECEPTORS_UPON_GLUTAMATE_BINDING,bmi,0.28840242160676305,0.00576178745412431,50.05433190707572,0
bmi,alt_log_adj,REACTOME_ACTIVATION_OF_MATRIX_METALLOPROTEINASES,ppgs,0.005153017997617016,0.005743084556230279,0.8972561603723664,0.36958986335789057
bmi,alt_log_adj,REACTOME_ACTIVATION_OF_MATRIX_METALLOPROTEINASES,bmi,0.2883743230383452,0.005761591227476616,50.05115976695964,0
bmi,alt_log_adj,REACTOME_ACTIVATION_OF_NF_KAPPAB_IN_B_CELLS,ppgs,-0.012081498423474427,0.005686421632432773,-2.1246223379861657,0.03362676616363771
bmi,alt_log_adj,REACTOME_ACTIVATION_OF_NF_KAPPAB_IN_B_CELLS,bmi,0.2883653623594483,0.005761085978105141,50.05399389201506,0
bmi,alt_log_adj,REACTOME_ACTIVATION_OF_NIMA_KINASES_NEK9_NEK6_NEK7,ppgs,-0.007776650652406874,0.005887792819088742,-1.3208091540168139,0.1865756683754015
bmi,alt_log_adj,REACTOME_ACTIVATION_OF_NIMA_KINASES_NEK9_NEK6_NEK7,bmi,0.2884015612418959,0.0057613291910865155,50.05816395426399,0
bmi,alt_log_adj,REACTOME_ACTIVATION_OF_NMDA_RECEPTORS_AND_POSTSYNAPTIC_EVENTS,ppgs,-7.924071795127084e-4,0.0057164097909715526,-0.1386197296009515,0.8897516364627378
bmi,alt_log_adj,REACTOME_ACTIVATION_OF_NMDA_RECEPTORS_AND_POSTSYNAPTIC_EVENTS,bmi,0.2884163551849188,0.005761509581953959,50.05916437044357,0
bmi,alt_log_adj,REACTOME_ACTIVATION_OF_NOXA_AND_TRANSLOCATION_TO_MITOCHONDRIA,ppgs,-0.0027086436343146192,0.005685850964213971,-0.47638315730793523,0.6338051030795822
bmi,alt_log_adj,REACTOME_ACTIVATION_OF_NOXA_AND_TRANSLOCATION_TO_MITOCHONDRIA,bmi,0.28840365014801483,0.005761520947067662,50.05686047098353,0
bmi,alt_log_adj,REACTOME_ACTIVATION_OF_PPARGC1A_PGC_1ALPHA_BY_PHOSPHORYLATION,ppgs,0.001824934425292875,0.005699055446387861,0.3202169977920715,0.7488061986940189
bmi,alt_log_adj,REACTOME_ACTIVATION_OF_PPARGC1A_PGC_1ALPHA_BY_PHOSPHORYLATION,bmi,0.2884018735128779,0.005761625106658983,50.05564717835566,0
bmi,alt_log_adj,REACTOME_ACTIVATION_OF_PUMA_AND_TRANSLOCATION_TO_MITOCHONDRIA,ppgs,-0.0014070562117590463,0.00568260487555205,-0.24760760999107026,0.8044398153526384
bmi,alt_log_adj,REACTOME_ACTIVATION_OF_PUMA_AND_TRANSLOCATION_TO_MITOCHONDRIA,bmi,0.2884119676913192,0.005761501716053094,50.05847119471055,0
bmi,alt_log_adj,REACTOME_ACTIVATION_OF_RAC1,ppgs,-0.002434294018806725,0.005717088106498291,-0.42579263664658246,0.6702621853217008
bmi,alt_log_adj,REACTOME_ACTIVATION_OF_RAC1,bmi,0.28839545706119374,0.005761655364863722,50.05427065629689,0
bmi,alt_log_adj,REACTOME_ACTIVATION_OF_RAC1_DOWNSTREAM_OF_NMDARS,ppgs,-0.004378350671287889,0.0056908314219192456,-0.7693692444348106,0.4416805511787646
bmi,alt_log_adj,REACTOME_ACTIVATION_OF_RAC1_DOWNSTREAM_OF_NMDARS,bmi,0.28840425943113285,0.005761453566732933,50.05755163877407,0
bmi,alt_log_adj,REACTOME_ACTIVATION_OF_RAS_IN_B_CELLS,ppgs,-3.532000637096477e-5,0.005775787886678896,-0.006115184121014169,0.9951208624419602
bmi,alt_log_adj,REACTOME_ACTIVATION_OF_RAS_IN_B_CELLS,bmi,0.2884149772413042,0.0057617904205999985,50.05648525675989,0
bmi,alt_log_adj,REACTOME_ACTIVATION_OF_SMO,ppgs,0.0037048614311464938,0.005670786855003592,0.653324049356136,0.5135526898976983
bmi,alt_log_adj,REACTOME_ACTIVATION_OF_SMO,bmi,0.28845922233220095,0.00576185902249645,50.06356823482636,0
bmi,alt_log_adj,REACTOME_ACTIVATION_OF_THE_AP_1_FAMILY_OF_TRANSCRIPTION_FACTORS,ppgs,-0.00087616811872678565,0.005733372028653099,-0.15281898930473167,0.8785421099374887
bmi,alt_log_adj,REACTOME_ACTIVATION_OF_THE_AP_1_FAMILY_OF_TRANSCRIPTION_FACTORS,bmi,0.2884139509112775,0.005761497273332019,50.05885401460589,0
bmi,alt_log_adj,REACTOME_ACTIVATION_OF_THE_MRNA_UPON_BINDING_OF_THE_CAP_BINDING_COMPLEX_AND_EIFS_AND_SUBSEQUENT_BINDING_TO_43S,ppgs,0.006316879609089793,0.005690384065731256,1.110097233529707,0.2669665451121436
bmi,alt_log_adj,REACTOME_ACTIVATION_OF_THE_MRNA_UPON_BINDING_OF_THE_CAP_BINDING_COMPLEX_AND_EIFS_AND_SUBSEQUENT_BINDING_TO_43S,bmi,0.28842576779291157,0.005761381499478893,50.061910987668355,0
bmi,alt_log_adj,REACTOME_ACTIVATION_OF_THE_PHOTOTRANSDUCTION_CASCADE,ppgs,0.0018804898684298067,0.005703963806465853,0.3296812413672991,0.7416432650437355
bmi,alt_log_adj,REACTOME_ACTIVATION_OF_THE_PHOTOTRANSDUCTION_CASCADE,bmi,0.28842251477227965,0.0057615366637216335,50.05999815784817,0
bmi,alt_log_adj,REACTOME_ACTIVATION_OF_THE_PRE_REPLICATIVE_COMPLEX,ppgs,-0.0027475109992178,0.005712860161264607,-0.4809344044244218,0.6305668313909745
bmi,alt_log_adj,REACTOME_ACTIVATION_OF_THE_PRE_REPLICATIVE_COMPLEX,bmi,0.28838274614194986,0.005761855692385439,50.050324329201985,0
bmi,alt_log_adj,REACTOME_ACTIVATION_OF_THE_TFAP2_AP_2_FAMILY_OF_TRANSCRIPTION_FACTORS,ppgs,-0.0031748050813550145,0.005721118976331525,-0.5549272956023633,0.5789487691364227
bmi,alt_log_adj,REACTOME_ACTIVATION_OF_THE_TFAP2_AP_2_FAMILY_OF_TRANSCRIPTION_FACTORS,bmi,0.288385452964427,0.00576170645626397,50.05209049671425,0
bmi,alt_log_adj,REACTOME_ACTIVATION_OF_TRKA_RECEPTORS,ppgs,0.0053192778342190964,0.005704491151826291,0.9324719230243931,0.35110063150993154
bmi,alt_log_adj,REACTOME_ACTIVATION_OF_TRKA_RECEPTORS,bmi,0.28844505748479815,0.005761502069814596,50.06421137918297,0
bmi,alt_log_adj,REACTOME_ACYL_CHAIN_REMODELING_OF_CL,ppgs,-0.0037165178842995207,0.005690150061388576,-0.6531493623548784,0.5136652886482139
bmi,alt_log_adj,REACTOME_ACYL_CHAIN_REMODELING_OF_CL,bmi,0.2884218614808497,0.005761465282829279,50.06050497959688,0
bmi,alt_log_adj,REACTOME_ACYL_CHAIN_REMODELING_OF_DAG_AND_TAG,ppgs,0.06445791711299749,0.005690658655134267,11.326969516058007,1.1176173756606772e-29
bmi,alt_log_adj,REACTOME_ACYL_CHAIN_REMODELING_OF_DAG_AND_TAG,bmi,0.28907179599145005,0.005748797311352933,50.283873362621534,0
bmi,alt_log_adj,REACTOME_ACYL_CHAIN_REMODELLING_OF_PC,ppgs,1.7195899996918325e-4,0.005701987163879738,0.03015773186205827,0.975941470566373
bmi,alt_log_adj,REACTOME_ACYL_CHAIN_REMODELLING_OF_PC,bmi,0.28841392109700636,0.005761544787943649,50.05843601190577,0
bmi,alt_log_adj,REACTOME_ACYL_CHAIN_REMODELLING_OF_PE,ppgs,-0.001397813628672842,0.0056917551258786545,-0.24558569329826133,0.806004743004157
bmi,alt_log_adj,REACTOME_ACYL_CHAIN_REMODELLING_OF_PE,bmi,0.2884077258409613,0.00576156027687095,50.05722616471399,0
bmi,alt_log_adj,REACTOME_ACYL_CHAIN_REMODELLING_OF_PG,ppgs,-0.005635207311187954,0.005700002365261466,-0.9886324513708267,0.3228514406615923
bmi,alt_log_adj,REACTOME_ACYL_CHAIN_REMODELLING_OF_PG,bmi,0.2884311725592499,0.005761422975250219,50.062488693901756,0
bmi,alt_log_adj,REACTOME_ACYL_CHAIN_REMODELLING_OF_PI,ppgs,-0.00514377143439634,0.005699522403098139,-0.9024916599328209,0.366803417627949
bmi,alt_log_adj,REACTOME_ACYL_CHAIN_REMODELLING_OF_PI,bmi,0.28843714571679263,0.005761469260490923,50.06312325481634,0
bmi,alt_log_adj,REACTOME_ACYL_CHAIN_REMODELLING_OF_PS,ppgs,8.103826569235766e-5,0.005699620433211182,0.014218186393633318,0.9886560108619933
bmi,alt_log_adj,REACTOME_ACYL_CHAIN_REMODELLING_OF_PS,bmi,0.28841442520715926,0.005761514617427484,50.058785642018606,0
bmi,alt_log_adj,REACTOME_ADAPTIVE_IMMUNE_SYSTEM,ppgs,0.014458606870220365,0.005708791466882004,2.5326913680589014,0.011324404069017458
bmi,alt_log_adj,REACTOME_ADAPTIVE_IMMUNE_SYSTEM,bmi,0.2884001042501895,0.005760849107375086,50.06208266780974,0
bmi,alt_log_adj,REACTOME_ADENYLATE_CYCLASE_ACTIVATING_PATHWAY,ppgs,-0.0015404926014977048,0.00583649703790514,-0.2639412975784915,0.7918270712941831
bmi,alt_log_adj,REACTOME_ADENYLATE_CYCLASE_ACTIVATING_PATHWAY,bmi,0.288419786237541,0.00576152411184934,50.05963363832278,0
bmi,alt_log_adj,REACTOME_ADENYLATE_CYCLASE_INHIBITORY_PATHWAY,ppgs,-0.002195112880709684,0.005741725087603261,-0.3823089484811922,0.7022350838962004
bmi,alt_log_adj,REACTOME_ADENYLATE_CYCLASE_INHIBITORY_PATHWAY,bmi,0.2884252467409348,0.005761550141918553,50.06035522323708,0
bmi,alt_log_adj,REACTOME_ADHERENS_JUNCTIONS_INTERACTIONS,ppgs,0.010954824045331666,0.005728217611808262,1.9124315428850283,0.05583093198903189
bmi,alt_log_adj,REACTOME_ADHERENS_JUNCTIONS_INTERACTIONS,bmi,0.28841884352960523,0.005761126775932851,50.06292254051361,0
bmi,alt_log_adj,REACTOME_ADIPOGENESIS,ppgs,0.0107645182595127,0.005715413751299637,1.8834188963248617,0.05965384887604352
bmi,alt_log_adj,REACTOME_ADIPOGENESIS,bmi,0.2885896371512478,0.0057618869005375845,50.08596005664783,0
bmi,alt_log_adj,REACTOME_ADORA2B_MEDIATED_ANTI_INFLAMMATORY_CYTOKINES_PRODUCTION,ppgs,-8.846520124108766e-4,0.005751463734651123,-0.15381336877446877,0.8777579873674323
bmi,alt_log_adj,REACTOME_ADORA2B_MEDIATED_ANTI_INFLAMMATORY_CYTOKINES_PRODUCTION,bmi,0.28842281089111915,0.005761741525996359,50.058269637710474,0
bmi,alt_log_adj,REACTOME_ADP_SIGNALLING_THROUGH_P2Y_PURINOCEPTOR_1,ppgs,-1.0917316460457709e-4,0.005706595191685488,-0.01913105116754075,0.9847366953448575
bmi,alt_log_adj,REACTOME_ADP_SIGNALLING_THROUGH_P2Y_PURINOCEPTOR_1,bmi,0.2884157494274143,0.005761799190071746,50.0565430888998,0
bmi,alt_log_adj,REACTOME_ADP_SIGNALLING_THROUGH_P2Y_PURINOCEPTOR_12,ppgs,0.005899547281054962,0.0056867951777152,1.037411599449453,0.299552923159182
bmi,alt_log_adj,REACTOME_ADP_SIGNALLING_THROUGH_P2Y_PURINOCEPTOR_12,bmi,0.2883719404627312,0.005761535511392521,50.05123024799925,0
bmi,alt_log_adj,REACTOME_ADRENALINE_NORADRENALINE_INHIBITS_INSULIN_SECRETION,ppgs,0.004618034841828367,0.0057034702789257605,0.8096885958873036,0.4181259699835397
bmi,alt_log_adj,REACTOME_ADRENALINE_NORADRENALINE_INHIBITS_INSULIN_SECRETION,bmi,0.28842353722490877,0.0057614418736757446,50.06099923401593,0
bmi,alt_log_adj,REACTOME_ADRENOCEPTORS,ppgs,-0.008339291425973748,0.005689953154762465,-1.4656168863172097,0.14276377898302614
bmi,alt_log_adj,REACTOME_ADRENOCEPTORS,bmi,0.28839682777063835,0.0057612925000089426,50.05766115332466,0
bmi,alt_log_adj,REACTOME_ADVANCED_GLYCOSYLATION_ENDPRODUCT_RECEPTOR_SIGNALING,ppgs,0.004677065636256613,0.005710981611591019,0.8189600237486375,0.4128161063077843
bmi,alt_log_adj,REACTOME_ADVANCED_GLYCOSYLATION_ENDPRODUCT_RECEPTOR_SIGNALING,bmi,0.2883956330845173,0.005761476476408336,50.05585534635405,0
bmi,alt_log_adj,REACTOME_AEROBIC_RESPIRATION_AND_RESPIRATORY_ELECTRON_TRANSPORT,ppgs,9.284795404440997e-4,0.005735274036199211,0.1618893072212129,0.8713941770719529
bmi,alt_log_adj,REACTOME_AEROBIC_RESPIRATION_AND_RESPIRATORY_ELECTRON_TRANSPORT,bmi,0.28841738307472164,0.005761520547789533,50.05924749940811,0
bmi,alt_log_adj,REACTOME_AFLATOXIN_ACTIVATION_AND_DETOXIFICATION,ppgs,-0.0021589950489726358,0.005787134944294032,-0.3730680327579626,0.7091005994044902
bmi,alt_log_adj,REACTOME_AFLATOXIN_ACTIVATION_AND_DETOXIFICATION,bmi,0.2884281920531007,0.005761598644766834,50.06044499734033,0
bmi,alt_log_adj,REACTOME_AGGREPHAGY,ppgs,0.019007544365231433,0.005682337865079086,3.345021858352115,8.238279191142358e-4
bmi,alt_log_adj,REACTOME_AGGREPHAGY,bmi,0.2885239519794385,0.005760454019440537,50.08701588550486,0
bmi,alt_log_adj,REACTOME_AKT_PHOSPHORYLATES_TARGETS_IN_THE_CYTOSOL,ppgs,0.004378355604016723,0.005663290947908883,0.7731115431449607,0.43946281618932825
bmi,alt_log_adj,REACTOME_AKT_PHOSPHORYLATES_TARGETS_IN_THE_CYTOSOL,bmi,0.28841020903494813,0.005761440063741402,50.05870161698053,0
bmi,alt_log_adj,REACTOME_AKT_PHOSPHORYLATES_TARGETS_IN_THE_NUCLEUS,ppgs,0.0053105060783894984,0.005668894662581479,0.9367798123754907,0.3488798117884898
bmi,alt_log_adj,REACTOME_AKT_PHOSPHORYLATES_TARGETS_IN_THE_NUCLEUS,bmi,0.28838138985798484,0.00576151801457549,50.05302233342628,0
bmi,alt_log_adj,REACTOME_ALK_MUTANTS_BIND_TKIS,ppgs,-0.005241615109578617,0.005730305933004601,-0.9147181967002334,0.3603473689630877
bmi,alt_log_adj,REACTOME_ALK_MUTANTS_BIND_TKIS,bmi,0.2884717461089819,0.0057617513949536235,50.06667701102779,0
bmi,alt_log_adj,REACTOME_ALPHA_DEFENSINS,ppgs,0.014177207608957451,0.005684699003690425,2.4939240582049833,0.012639609089554023
bmi,alt_log_adj,REACTOME_ALPHA_DEFENSINS,bmi,0.2885122188467515,0.005760998967759234,50.0802413715706,0
bmi,alt_log_adj,REACTOME_ALPHA_LINOLENIC_OMEGA3_AND_LINOLEIC_OMEGA6_ACID_METABOLISM,ppgs,0.004070516832987661,0.0057133270568061854,0.712459971661963,0.4761858536666539
bmi,alt_log_adj,REACTOME_ALPHA_LINOLENIC_OMEGA3_AND_LINOLEIC_OMEGA6_ACID_METABOLISM,bmi,0.2884281764641563,0.005761477801344223,50.06149227839818,0
bmi,alt_log_adj,REACTOME_ALPHA_OXIDATION_OF_PHYTANATE,ppgs,0.00256967119630909,0.005732243642277534,0.4482836663390862,0.6539519131003919
bmi,alt_log_adj,REACTOME_ALPHA_OXIDATION_OF_PHYTANATE,bmi,0.2883987350650894,0.005761586549272379,50.055437438757345,0
bmi,alt_log_adj,REACTOME_ALPHA_PROTEIN_KINASE_1_SIGNALING_PATHWAY,ppgs,-0.01270944029743785,0.005692647235420536,-2.2326063379367223,0.0255826930251067
bmi,alt_log_adj,REACTOME_ALPHA_PROTEIN_KINASE_1_SIGNALING_PATHWAY,bmi,0.28838179817503556,0.00576101028385429,50.05750449417692,0
bmi,alt_log_adj,REACTOME_ALTERNATIVE_COMPLEMENT_ACTIVATION,ppgs,-0.0027582381871037683,0.005735999386779146,-0.4808644494386117,0.6306165518285431
bmi,alt_log_adj,REACTOME_ALTERNATIVE_COMPLEMENT_ACTIVATION,bmi,0.28838664225270827,0.005761768290564283,50.051759756632784,0
bmi,alt_log_adj,REACTOME_AMINE_LIGAND_BINDING_RECEPTORS,ppgs,-0.003446894471515473,0.005703542630703824,-0.6043427207784581,0.5456206454842678
bmi,alt_log_adj,REACTOME_AMINE_LIGAND_BINDING_RECEPTORS,bmi,0.28844282463210486,0.005761649846887195,50.06253977546723,0
bmi,alt_log_adj,REACTOME_AMINO_ACIDS_REGULATE_MTORC1,ppgs,-0.0017181182289114738,0.005692428987069255,-0.3018251493016949,0.7627875720565231
bmi,alt_log_adj,REACTOME_AMINO_ACIDS_REGULATE_MTORC1,bmi,0.28842659066090054,0.005761625170575703,50.05993658419138,0
bmi,alt_log_adj,REACTOME_AMINO_ACID_CONJUGATION,ppgs,-6.584966165311508e-4,0.005722957707347788,-0.1150622895021044,0.9083965648568928
bmi,alt_log_adj,REACTOME_AMINO_ACID_CONJUGATION,bmi,0.2884205631146374,0.005761727971396689,50.05799727902147,0
bmi,alt_log_adj,REACTOME_AMINO_ACID_TRANSPORT_ACROSS_THE_PLASMA_MEMBRANE,ppgs,0.0011655938778929395,0.005706168872346899,0.20426908210544084,0.8381446958158449
bmi,alt_log_adj,REACTOME_AMINO_ACID_TRANSPORT_ACROSS_THE_PLASMA_MEMBRANE,bmi,0.2884079802706651,0.005761585484652605,50.05705131667498,0
bmi,alt_log_adj,REACTOME_AMPK_INHIBITS_CHREBP_TRANSCRIPTIONAL_ACTIVATION_ACTIVITY,ppgs,2.9822027770082455e-4,0.00568285070129737,0.05247723253273963,0.9581488058898621
bmi,alt_log_adj,REACTOME_AMPK_INHIBITS_CHREBP_TRANSCRIPTIONAL_ACTIVATION_ACTIVITY,bmi,0.28841600483489505,0.0057615579309097786,50.05868348343635,0
bmi,alt_log_adj,REACTOME_AMYLOID_FIBER_FORMATION,ppgs,-0.0013091556936129232,0.005687720656310547,-0.23017229092649094,0.8179595532371033
bmi,alt_log_adj,REACTOME_AMYLOID_FIBER_FORMATION,bmi,0.28841156239185,0.005761507924690903,50.05834690530655,0
bmi,alt_log_adj,REACTOME_ANCHORING_FIBRIL_FORMATION,ppgs,-0.0053272260247047365,0.005862135685075972,-0.9087517435440762,0.3634889095828341
bmi,alt_log_adj,REACTOME_ANCHORING_FIBRIL_FORMATION,bmi,0.2884144035217484,0.005761414059963844,50.05965558454557,0
bmi,alt_log_adj,REACTOME_ANCHORING_OF_THE_BASAL_BODY_TO_THE_PLASMA_MEMBRANE,ppgs,0.0031727837734433495,0.005690662695375566,0.5575420549915331,0.577161536172281
bmi,alt_log_adj,REACTOME_ANCHORING_OF_THE_BASAL_BODY_TO_THE_PLASMA_MEMBRANE,bmi,0.28842270588236096,0.005761484626835642,50.06048346270955,0
bmi,alt_log_adj,REACTOME_ANDROGEN_BIOSYNTHESIS,ppgs,-0.0034007065518888236,0.005705841980827439,-0.5960043343849607,0.5511770895906897
bmi,alt_log_adj,REACTOME_ANDROGEN_BIOSYNTHESIS,bmi,0.28842355605217523,0.005761481374357662,50.06065928388619,0
bmi,alt_log_adj,REACTOME_ANTIGEN_ACTIVATES_B_CELL_RECEPTOR_BCR_LEADING_TO_GENERATION_OF_SECOND_MESSENGERS,ppgs,0.002295502774408819,0.005674693141115231,0.4045157539492418,0.6858365473118521
bmi,alt_log_adj,REACTOME_ANTIGEN_ACTIVATES_B_CELL_RECEPTOR_BCR_LEADING_TO_GENERATION_OF_SECOND_MESSENGERS,bmi,0.2884156389731031,0.005761481892069427,50.059280646200044,0
bmi,alt_log_adj,REACTOME_ANTIGEN_PRESENTATION_FOLDING_ASSEMBLY_AND_PEPTIDE_LOADING_OF_CLASS_I_MHC,ppgs,0.006149436016747442,0.005695124667925882,1.0797719760868758,0.28025291954138026
bmi,alt_log_adj,REACTOME_ANTIGEN_PRESENTATION_FOLDING_ASSEMBLY_AND_PEPTIDE_LOADING_OF_CLASS_I_MHC,bmi,0.28845528004539495,0.005761502543571991,50.065981549764224,0
bmi,alt_log_adj,REACTOME_ANTIGEN_PROCESSING_CROSS_PRESENTATION,ppgs,0.006120069796926891,0.0057034343657388804,1.0730499212353144,0.2832578521913183
bmi,alt_log_adj,REACTOME_ANTIGEN_PROCESSING_CROSS_PRESENTATION,bmi,0.2884426142729187,0.005761440026247881,50.064326445964234,0
bmi,alt_log_adj,REACTOME_ANTIGEN_PROCESSING_UBIQUITINATION_PROTEASOME_DEGRADATION,ppgs,0.010262852292654915,0.005706596110422909,1.79841924924565,0.07212122857857799
bmi,alt_log_adj,REACTOME_ANTIGEN_PROCESSING_UBIQUITINATION_PROTEASOME_DEGRADATION,bmi,0.2883534237297806,0.005761269835308439,50.05032431610507,0
bmi,alt_log_adj,REACTOME_ANTIGEN_PROCESSING_UB_ATP_INDEPENDENT_PROTEASOMAL_DEGRADATION,ppgs,-0.003961115344153109,0.005678201993905563,-0.6976002876270676,0.4854329227757217
bmi,alt_log_adj,REACTOME_ANTIGEN_PROCESSING_UB_ATP_INDEPENDENT_PROTEASOMAL_DEGRADATION,bmi,0.28837964204542804,0.005761666723964544,50.051427106321235,0
bmi,alt_log_adj,REACTOME_ANTIMICROBIAL_PEPTIDES,ppgs,0.00501696902760431,0.005763421898428031,0.8704844302605513,0.3840430950354684
bmi,alt_log_adj,REACTOME_ANTIMICROBIAL_PEPTIDES,bmi,0.28843518948312763,0.005761469420609446,50.06278232621724,0
bmi,alt_log_adj,REACTOME_ANTIVIRAL_MECHANISM_BY_IFN_STIMULATED_GENES,ppgs,0.014363042534850623,0.005683485715479095,2.5271538020642104,0.011504503889514557
bmi,alt_log_adj,REACTOME_ANTIVIRAL_MECHANISM_BY_IFN_STIMULATED_GENES,bmi,0.2884635608245143,0.005760881649565454,50.072814956417865,0
bmi,alt_log_adj,REACTOME_ANTI_INFLAMMATORY_RESPONSE_FAVOURING_LEISHMANIA_PARASITE_INFECTION,ppgs,-0.007023292637879743,0.005695886815999525,-1.2330463832517857,0.21756868390710718
bmi,alt_log_adj,REACTOME_ANTI_INFLAMMATORY_RESPONSE_FAVOURING_LEISHMANIA_PARASITE_INFECTION,bmi,0.28846405348425536,0.0057614829500192,50.06767458771948,0
bmi,alt_log_adj,REACTOME_APC_CDC20_MEDIATED_DEGRADATION_OF_NEK2A,ppgs,0.006954324898255604,0.005676243067757372,1.2251633369539952,0.22052386422177456
bmi,alt_log_adj,REACTOME_APC_CDC20_MEDIATED_DEGRADATION_OF_NEK2A,bmi,0.28838375481349354,0.005761400535611789,50.05445343210646,0
bmi,alt_log_adj,REACTOME_APC_C_CDC20_MEDIATED_DEGRADATION_OF_CYCLIN_B,ppgs,0.007878010814781636,0.005676738822863133,1.3877705246985916,0.1652178400796871
bmi,alt_log_adj,REACTOME_APC_C_CDC20_MEDIATED_DEGRADATION_OF_CYCLIN_B,bmi,0.28837376285159966,0.005761377506863694,50.052919203446,0
bmi,alt_log_adj,REACTOME_APC_C_CDH1_MEDIATED_DEGRADATION_OF_CDC20_AND_OTHER_APC_C_CDH1_TARGETED_PROTEINS_IN_LATE_MITOSIS_EARLY_G1,ppgs,-0.005333069850096835,0.00567397946235337,-0.9399170168805762,0.34726813627112463
bmi,alt_log_adj,REACTOME_APC_C_CDH1_MEDIATED_DEGRADATION_OF_CDC20_AND_OTHER_APC_C_CDH1_TARGETED_PROTEINS_IN_LATE_MITOSIS_EARLY_G1,bmi,0.2884017389718997,0.0057614245053410965,50.05736666418843,0
bmi,alt_log_adj,REACTOME_APC_C_MEDIATED_DEGRADATION_OF_CELL_CYCLE_PROTEINS,ppgs,-0.0036043924054502733,0.005718010450075303,-0.6303577856180388,0.5284656046606404
bmi,alt_log_adj,REACTOME_APC_C_MEDIATED_DEGRADATION_OF_CELL_CYCLE_PROTEINS,bmi,0.28839588298823604,0.005761534289053736,50.055396448157154,0
bmi,alt_log_adj,REACTOME_APEX1_INDEPENDENT_RESOLUTION_OF_AP_SITES_VIA_THE_SINGLE_NUCLEOTIDE_REPLACEMENT_PATHWAY,ppgs,0.0032746025883931664,0.00573269956499627,0.571214756898794,0.5678586044593632
bmi,alt_log_adj,REACTOME_APEX1_INDEPENDENT_RESOLUTION_OF_AP_SITES_VIA_THE_SINGLE_NUCLEOTIDE_REPLACEMENT_PATHWAY,bmi,0.2884096616264659,0.0057614713606433405,50.058334681066846,0
bmi,alt_log_adj,REACTOME_APOBEC3G_MEDIATED_RESISTANCE_TO_HIV_1_INFECTION,ppgs,0.005471463670091462,0.005884215788918939,0.9298543538112988,0.35245441714029413
bmi,alt_log_adj,REACTOME_APOBEC3G_MEDIATED_RESISTANCE_TO_HIV_1_INFECTION,bmi,0.28837377576300866,0.005761577573673992,50.05118339127403,0
bmi,alt_log_adj,REACTOME_APOPTOSIS,ppgs,0.00318481400942129,0.005692234552602994,0.5595015419673651,0.5758238993826625
bmi,alt_log_adj,REACTOME_APOPTOSIS,bmi,0.288392645715656,0.005761600051286513,50.05426325127523,0
bmi,alt_log_adj,REACTOME_APOPTOSIS_INDUCED_DNA_FRAGMENTATION,ppgs,0.00500021952978867,0.005715056592335146,0.8749203877516816,0.3816246372572544
bmi,alt_log_adj,REACTOME_APOPTOSIS_INDUCED_DNA_FRAGMENTATION,bmi,0.2883976836917218,0.00576145271447925,50.05641770988459,0
bmi,alt_log_adj,REACTOME_APOPTOTIC_CLEAVAGE_OF_CELLULAR_PROTEINS,ppgs,-0.0044416362326737775,0.005685461634369781,-0.7812270169625587,0.43467551010704075
bmi,alt_log_adj,REACTOME_APOPTOTIC_CLEAVAGE_OF_CELLULAR_PROTEINS,bmi,0.2884045162872248,0.005761450476486272,50.05762306979226,0
bmi,alt_log_adj,REACTOME_APOPTOTIC_CLEAVAGE_OF_CELL_ADHESION_PROTEINS,ppgs,-0.004171648800598135,0.005699300624032281,-0.7319580200783784,0.46420024187257913
bmi,alt_log_adj,REACTOME_APOPTOTIC_CLEAVAGE_OF_CELL_ADHESION_PROTEINS,bmi,0.28839628316666277,0.0057614980074802416,50.05578111668761,0
bmi,alt_log_adj,REACTOME_APOPTOTIC_EXECUTION_PHASE,ppgs,6.219917860240928e-4,0.005703212972634684,0.10905989115408302,0.9131557591904392
bmi,alt_log_adj,REACTOME_APOPTOTIC_EXECUTION_PHASE,bmi,0.28841232309109277,0.0057615353320778495,50.05824081045412,0
bmi,alt_log_adj,REACTOME_APOPTOTIC_FACTOR_MEDIATED_RESPONSE,ppgs,0.001444558897888899,0.005717209102798739,0.2526685436748755,0.80052618970778
bmi,alt_log_adj,REACTOME_APOPTOTIC_FACTOR_MEDIATED_RESPONSE,bmi,0.28839896757823086,0.005761824609714601,50.05340965984663,0
bmi,alt_log_adj,REACTOME_AQUAPORIN_MEDIATED_TRANSPORT,ppgs,-0.0012438332615625177,0.005789313895763715,-0.21484985681510255,0.829885925755833
bmi,alt_log_adj,REACTOME_AQUAPORIN_MEDIATED_TRANSPORT,bmi,0.28842422453174665,0.0057616666245724315,50.05916574584014,0
bmi,alt_log_adj,REACTOME_ARACHIDONATE_METABOLISM,ppgs,-0.0010291246604502318,0.00576148138984084,-0.1786215368611407,0.8582361588818164
bmi,alt_log_adj,REACTOME_ARACHIDONATE_METABOLISM,bmi,0.2884102923591794,0.005761545723389411,50.05779806421687,0
bmi,alt_log_adj,REACTOME_ARACHIDONATE_PRODUCTION_FROM_DAG,ppgs,0.0033405369212448927,0.005732554477669336,0.582730950792995,0.5600790690465557
bmi,alt_log_adj,REACTOME_ARACHIDONATE_PRODUCTION_FROM_DAG,bmi,0.2884315768763103,0.00576153692934877,50.06156871217207,0
bmi,alt_log_adj,REACTOME_ARMS_MEDIATED_ACTIVATION,ppgs,0.008401784410172882,0.005695319082430325,1.4752087264244458,0.14016754166448836
bmi,alt_log_adj,REACTOME_ARMS_MEDIATED_ACTIVATION,bmi,0.28848395180962516,0.00576146851948979,50.07125368015931,0
bmi,alt_log_adj,REACTOME_ARYL_HYDROCARBON_RECEPTOR_SIGNALLING,ppgs,-0.004461906154763597,0.005690699856303434,-0.7840698450861477,0.4330056793217506
bmi,alt_log_adj,REACTOME_ARYL_HYDROCARBON_RECEPTOR_SIGNALLING,bmi,0.28839132658890165,0.005761512110358399,50.05479830033058,0
bmi,alt_log_adj,REACTOME_ASPARAGINE_N_LINKED_GLYCOSYLATION,ppgs,0.005951377207941448,0.005674242024851424,1.0488409168795159,0.29426028344626864
bmi,alt_log_adj,REACTOME_ASPARAGINE_N_LINKED_GLYCOSYLATION,bmi,0.2883928841625515,0.005761423468121573,50.05583876246086,0
bmi,alt_log_adj,REACTOME_ASPARTATE_AND_ASPARAGINE_METABOLISM,ppgs,0.005192712434095592,0.005704750813694485,0.910243515217225,0.36270183892664243
bmi,alt_log_adj,REACTOME_ASPARTATE_AND_ASPARAGINE_METABOLISM,bmi,0.2884428039107452,0.0057614969663062066,50.06386458199783,0
bmi,alt_log_adj,REACTOME_ASPIRIN_ADME,ppgs,0.01657004020221675,0.005686960624744614,2.913689982328806,0.0035746344125750368
bmi,alt_log_adj,REACTOME_ASPIRIN_ADME,bmi,0.2884895683832877,0.005760692902315385,50.07897023417714,0
bmi,alt_log_adj,REACTOME_ASSEMBLY_AND_CELL_SURFACE_PRESENTATION_OF_NMDA_RECEPTORS,ppgs,0.003938457540873423,0.005710267927801064,0.6897150169957195,0.49037906593315506
bmi,alt_log_adj,REACTOME_ASSEMBLY_AND_CELL_SURFACE_PRESENTATION_OF_NMDA_RECEPTORS,bmi,0.28841949242107956,0.005761453959273705,50.06019217715627,0
bmi,alt_log_adj,REACTOME_ASSEMBLY_OF_ACTIVE_LPL_AND_LIPC_LIPASE_COMPLEXES,ppgs,0.008938476658292064,0.005703953359137527,1.5670669263052348,0.11711021023219403
bmi,alt_log_adj,REACTOME_ASSEMBLY_OF_ACTIVE_LPL_AND_LIPC_LIPASE_COMPLEXES,bmi,0.28837808367575346,0.005761295628767091,50.05438051743683,0
bmi,alt_log_adj,REACTOME_ASSEMBLY_OF_COLLAGEN_FIBRILS_AND_OTHER_MULTIMERIC_STRUCTURES,ppgs,-0.003968919162128776,0.005777131728467414,-0.6870051348442544,0.49208511232296837
bmi,alt_log_adj,REACTOME_ASSEMBLY_OF_COLLAGEN_FIBRILS_AND_OTHER_MULTIMERIC_STRUCTURES,bmi,0.28843078987905163,0.0057614980742008584,50.06176972801611,0
bmi,alt_log_adj,REACTOME_ASSEMBLY_OF_THE_HIV_VIRION,ppgs,0.006539352719127678,0.005763112243180217,1.1346911951725434,0.2565143217438689
bmi,alt_log_adj,REACTOME_ASSEMBLY_OF_THE_HIV_VIRION,bmi,0.28834543191318734,0.005761689818212924,50.045288970905084,0
bmi,alt_log_adj,REACTOME_ASSEMBLY_OF_THE_ORC_COMPLEX_AT_THE_ORIGIN_OF_REPLICATION,ppgs,0.012207429557553651,0.005726122910533783,2.1318839550399535,0.03302495982616049
bmi,alt_log_adj,REACTOME_ASSEMBLY_OF_THE_ORC_COMPLEX_AT_THE_ORIGIN_OF_REPLICATION,bmi,0.28853264155244285,0.005761302157274659,50.081150697524095,0
bmi,alt_log_adj,REACTOME_ASSOCIATION_OF_TRIC_CCT_WITH_TARGET_PROTEINS_DURING_BIOSYNTHESIS,ppgs,0.007247880197152675,0.005689496229353032,1.2739054399508498,0.20270737391098606
bmi,alt_log_adj,REACTOME_ASSOCIATION_OF_TRIC_CCT_WITH_TARGET_PROTEINS_DURING_BIOSYNTHESIS,bmi,0.2884029181935691,0.0057613403962734075,50.058302123602346,0
bmi,alt_log_adj,REACTOME_ASYMMETRIC_LOCALIZATION_OF_PCP_PROTEINS,ppgs,-0.004692711269811492,0.005685106280211624,-0.8254394972606931,0.40912906469709676
bmi,alt_log_adj,REACTOME_ASYMMETRIC_LOCALIZATION_OF_PCP_PROTEINS,bmi,0.2883947646469113,0.005761478961053467,50.05568302798753,0
bmi,alt_log_adj,REACTOME_ATF4_ACTIVATES_GENES_IN_RESPONSE_TO_ENDOPLASMIC_RETICULUM_STRESS,ppgs,0.004236185871624026,0.0057038211650060336,0.742692617646182,0.4576739541516748
bmi,alt_log_adj,REACTOME_ATF4_ACTIVATES_GENES_IN_RESPONSE_TO_ENDOPLASMIC_RETICULUM_STRESS,bmi,0.28841074662616145,0.005761444284397333,50.05875825393497,0
bmi,alt_log_adj,REACTOME_ATF6_ATF6_ALPHA_ACTIVATES_CHAPERONES,ppgs,0.00487403719729003,0.005777893390037428,0.8435664814608941,0.39891881880627433
bmi,alt_log_adj,REACTOME_ATF6_ATF6_ALPHA_ACTIVATES_CHAPERONES,bmi,0.2883659772070073,0.005761714242647291,50.04864265439758,0
bmi,alt_log_adj,REACTOME_ATF6_ATF6_ALPHA_ACTIVATES_CHAPERONE_GENES,ppgs,0.007056444387462408,0.005728537767867136,1.2318055101327685,0.21803196181154746
bmi,alt_log_adj,REACTOME_ATF6_ATF6_ALPHA_ACTIVATES_CHAPERONE_GENES,bmi,0.28837261917909623,0.005761444696110696,50.05213698810026,0
bmi,alt_log_adj,REACTOME_ATORVASTATIN_ADME,ppgs,0.025591027716758183,0.005693609025575595,4.49469354179462,6.9945769194061656e-06
bmi,alt_log_adj,REACTOME_ATORVASTATIN_ADME,bmi,0.2884631814737532,0.005759456300884288,50.085141097339964,0
bmi,alt_log_adj,REACTOME_ATP_DEPENDENT_CHROMATIN_REMODELERS,ppgs,0.017294615765320213,0.005701970551529959,3.0330945431978256,0.0024227864734977134
bmi,alt_log_adj,REACTOME_ATP_DEPENDENT_CHROMATIN_REMODELERS,bmi,0.2883821948648331,0.0057605732752717236,50.06137081924893,0
bmi,alt_log_adj,REACTOME_ATTACHMENT_AND_ENTRY,ppgs,-0.012429848049772273,0.0056979957242325845,-2.1814421511252267,0.029158915137888992
bmi,alt_log_adj,REACTOME_ATTACHMENT_AND_ENTRY,bmi,0.288327204541135,0.005761153839847802,50.04678100190291,0
bmi,alt_log_adj,REACTOME_ATTACHMENT_OF_GPI_ANCHOR_TO_UPAR,ppgs,0.0032648473762204584,0.005788010826716831,0.5640707099493105,0.5727104730102208
bmi,alt_log_adj,REACTOME_ATTACHMENT_OF_GPI_ANCHOR_TO_UPAR,bmi,0.2884223226210064,0.005761481812906002,50.06044139112377,0
bmi,alt_log_adj,REACTOME_ATTENUATION_PHASE,ppgs,-0.00796902257797285,0.005685908497167468,-1.4015390120932747,0.161063897724605
bmi,alt_log_adj,REACTOME_ATTENUATION_PHASE,bmi,0.28836665642014275,0.0057614000221082795,50.05149014364398,0
bmi,alt_log_adj,REACTOME_AUF1_HNRNP_D0_BINDS_AND_DESTABILIZES_MRNA,ppgs,-0.009523962919166382,0.005684050812925156,-1.6755590744385183,0.0938356188457062
bmi,alt_log_adj,REACTOME_AUF1_HNRNP_D0_BINDS_AND_DESTABILIZES_MRNA,bmi,0.2883773417110523,0.005761255665935776,50.05459893337547,0
bmi,alt_log_adj,REACTOME_AURKA_ACTIVATION_BY_TPX2,ppgs,-6.092411141709319e-4,0.005701885957539287,-0.10684905287615692,0.9149094876922256
bmi,alt_log_adj,REACTOME_AURKA_ACTIVATION_BY_TPX2,bmi,0.28841084797491506,0.005761605093208812,50.057378683392265,0
bmi,alt_log_adj,REACTOME_AUTOPHAGY,ppgs,0.006893291633854701,0.005690809649449112,1.2113024434971202,0.22578960966191958
bmi,alt_log_adj,REACTOME_AUTOPHAGY,bmi,0.28843504665222247,0.005761373553075342,50.06359056483325,0
bmi,alt_log_adj,REACTOME_AZATHIOPRINE_ADME,ppgs,-8.970820215268385e-4,0.0056906068331372415,-0.1576425938096791,0.874739560925228
bmi,alt_log_adj,REACTOME_AZATHIOPRINE_ADME,bmi,0.2884131883599003,0.005761502626233256,50.05867515302315,0
bmi,alt_log_adj,REACTOME_A_TETRASACCHARIDE_LINKER_SEQUENCE_IS_REQUIRED_FOR_GAG_SYNTHESIS,ppgs,-0.0036843152119113887,0.005720847016229226,-0.6440156853451093,0.5195704729715274
bmi,alt_log_adj,REACTOME_A_TETRASACCHARIDE_LINKER_SEQUENCE_IS_REQUIRED_FOR_GAG_SYNTHESIS,bmi,0.28841298424311135,0.005761456387150448,50.059041475406744,0
bmi,alt_log_adj,REACTOME_BACTERIAL_INFECTION_PATHWAYS,ppgs,0.004720869140196054,0.005702690665678141,0.8278318809415323,0.40777268554294654
bmi,alt_log_adj,REACTOME_BACTERIAL_INFECTION_PATHWAYS,bmi,0.28840424740324005,0.0057614419647379215,50.05765035357066,0
bmi,alt_log_adj,REACTOME_BASE_EXCISION_REPAIR,ppgs,-1.5853125909690575e-4,0.0056836569109774615,-0.027892475140559096,0.9777481064123856
bmi,alt_log_adj,REACTOME_BASE_EXCISION_REPAIR,bmi,0.28841494169231774,0.005761509275787032,50.05892169685343,0
bmi,alt_log_adj,REACTOME_BASE_EXCISION_REPAIR_AP_SITE_FORMATION,ppgs,-0.005069723977854345,0.005711166795737784,-0.8876862047940633,0.37471709953360133
bmi,alt_log_adj,REACTOME_BASE_EXCISION_REPAIR_AP_SITE_FORMATION,bmi,0.2884081144104823,0.005761422564653537,50.05849009928084,0
bmi,alt_log_adj,REACTOME_BASIGIN_INTERACTIONS,ppgs,-0.003700796824743073,0.005715733005190215,-0.6474754543962316,0.5173295184855389
bmi,alt_log_adj,REACTOME_BASIGIN_INTERACTIONS,bmi,0.2884586677894529,0.00576185695907386,50.06348991971829,0
bmi,alt_log_adj,REACTOME_BBSOME_MEDIATED_CARGO_TARGETING_TO_CILIUM,ppgs,-0.0020570250852866775,0.005691441881651796,-0.3614242450438022,0.7177850197394744
bmi,alt_log_adj,REACTOME_BBSOME_MEDIATED_CARGO_TARGETING_TO_CILIUM,bmi,0.2884406352458653,0.005761934234313327,50.059688902408986,0
bmi,alt_log_adj,REACTOME_BETA_CATENIN_INDEPENDENT_WNT_SIGNALING,ppgs,0.006687876407304354,0.005690913645898777,1.175185009550101,0.2399305762891837
bmi,alt_log_adj,REACTOME_BETA_CATENIN_INDEPENDENT_WNT_SIGNALING,bmi,0.2884422942215055,0.005761405755657251,50.06456869285377,0
bmi,alt_log_adj,REACTOME_BETA_CATENIN_PHOSPHORYLATION_CASCADE,ppgs,0.010694470830720004,0.005696318985350644,1.8774353855925596,0.06046870465604849
bmi,alt_log_adj,REACTOME_BETA_CATENIN_PHOSPHORYLATION_CASCADE,bmi,0.2882948633629405,0.00576149295739657,50.038221949543356,0
bmi,alt_log_adj,REACTOME_BETA_DEFENSINS,ppgs,-0.0037546140359958004,0.005827597593541511,-0.6442816230408369,0.5193980428024645
bmi,alt_log_adj,REACTOME_BETA_DEFENSINS,bmi,0.28839473097947227,0.00576153851044174,50.05515982524621,0
bmi,alt_log_adj,REACTOME_BETA_OXIDATION_OF_BUTANOYL_COA_TO_ACETYL_COA,ppgs,8.465489485295397e-4,0.005686307786171988,0.1488749783450317,0.8816533444843511
bmi,alt_log_adj,REACTOME_BETA_OXIDATION_OF_BUTANOYL_COA_TO_ACETYL_COA,bmi,0.2884055970567939,0.005761814646788836,50.05464679734667,0
bmi,alt_log_adj,REACTOME_BETA_OXIDATION_OF_DECANOYL_COA_TO_OCTANOYL_COA_COA,ppgs,0.007075695017382635,0.005703936534476573,1.240493293467534,0.2148032595408995
bmi,alt_log_adj,REACTOME_BETA_OXIDATION_OF_DECANOYL_COA_TO_OCTANOYL_COA_COA,bmi,0.28841374312603596,0.0057613416505386105,50.060170116638204,0
bmi,alt_log_adj,REACTOME_BETA_OXIDATION_OF_HEXANOYL_COA_TO_BUTANOYL_COA,ppgs,0.004698014874657821,0.005730324017528785,0.8198515232798042,0.41230764762864314
bmi,alt_log_adj,REACTOME_BETA_OXIDATION_OF_HEXANOYL_COA_TO_BUTANOYL_COA,bmi,0.28841431380600907,0.0057614296824582975,50.0595042727221,0
bmi,alt_log_adj,REACTOME_BETA_OXIDATION_OF_LAUROYL_COA_TO_DECANOYL_COA_COA,ppgs,-0.007941034856201734,0.005677900435586057,-1.398586492716842,0.16194795844113416
bmi,alt_log_adj,REACTOME_BETA_OXIDATION_OF_LAUROYL_COA_TO_DECANOYL_COA_COA,bmi,0.28842304448253414,0.005761302361253614,50.062125956495635,0
bmi,alt_log_adj,REACTOME_BETA_OXIDATION_OF_OCTANOYL_COA_TO_HEXANOYL_COA,ppgs,0.007075695017382635,0.005703936534476573,1.240493293467534,0.2148032595408995
bmi,alt_log_adj,REACTOME_BETA_OXIDATION_OF_OCTANOYL_COA_TO_HEXANOYL_COA,bmi,0.28841374312603596,0.0057613416505386105,50.060170116638204,0
bmi,alt_log_adj,REACTOME_BETA_OXIDATION_OF_PRISTANOYL_COA,ppgs,0.006705157618594856,0.005715308087517298,1.1731926811153839,0.24072840339672436
bmi,alt_log_adj,REACTOME_BETA_OXIDATION_OF_PRISTANOYL_COA,bmi,0.28842872420382915,0.005761370651711694,50.06251839015729,0
bmi,alt_log_adj,REACTOME_BETA_OXIDATION_OF_VERY_LONG_CHAIN_FATTY_ACIDS,ppgs,0.005485031631673589,0.005706249642264288,0.961232328681835,0.3364435631106538
bmi,alt_log_adj,REACTOME_BETA_OXIDATION_OF_VERY_LONG_CHAIN_FATTY_ACIDS,bmi,0.28843134898447204,0.00576143036175822,50.062455132487486,0
bmi,alt_log_adj,REACTOME_BH3_ONLY_PROTEINS_ASSOCIATE_WITH_AND_INACTIVATE_ANTI_APOPTOTIC_BCL_2_MEMBERS,ppgs,0.02474397175138158,0.005691162651286831,4.347788539444872,1.3799606426552896e-5
bmi,alt_log_adj,REACTOME_BH3_ONLY_PROTEINS_ASSOCIATE_WITH_AND_INACTIVATE_ANTI_APOPTOTIC_BCL_2_MEMBERS,bmi,0.2885715142987059,0.0057596910750261215,50.10190833844282,0
bmi,alt_log_adj,REACTOME_BICARBONATE_TRANSPORTERS,ppgs,-4.1497526834659363e-4,0.005680713716900242,-0.07304984708383272,0.941766966559699
bmi,alt_log_adj,REACTOME_BICARBONATE_TRANSPORTERS,bmi,0.2884166593064243,0.005761564913670903,50.058736407200094,0
bmi,alt_log_adj,REACTOME_BILE_ACID_AND_BILE_SALT_METABOLISM,ppgs,0.016181244280054213,0.005731240080057296,2.8233408571312975,0.004755913456451781
bmi,alt_log_adj,REACTOME_BILE_ACID_AND_BILE_SALT_METABOLISM,bmi,0.28852769156406444,0.00576082732968591,50.084419312007995,0
bmi,alt_log_adj,REACTOME_BINDING_AND_UPTAKE_OF_LIGANDS_BY_SCAVENGER_RECEPTORS,ppgs,0.015485387080851027,0.0057712567201828255,2.6831915181829706,0.007296553018434043
bmi,alt_log_adj,REACTOME_BINDING_AND_UPTAKE_OF_LIGANDS_BY_SCAVENGER_RECEPTORS,bmi,0.2883569914862615,0.005760806555474596,50.054968641887605,0
bmi,alt_log_adj,REACTOME_BINDING_OF_TCF_LEF_CTNNB1_TO_TARGET_GENE_PROMOTERS,ppgs,0.012058718910503972,0.005691171206585355,2.118846626253418,0.03411210251863206
bmi,alt_log_adj,REACTOME_BINDING_OF_TCF_LEF_CTNNB1_TO_TARGET_GENE_PROMOTERS,bmi,0.28833011631425187,0.005761179864715163,50.04706033917709,0
bmi,alt_log_adj,REACTOME_BIOLOGICAL_OXIDATIONS,ppgs,-3.1431229672131865e-4,0.0057021314945256115,-0.055121895561874946,0.9560417409642548
bmi,alt_log_adj,REACTOME_BIOLOGICAL_OXIDATIONS,bmi,0.2884130018235581,0.005761572659041698,50.058034306127944,0
bmi,alt_log_adj,REACTOME_BIOSYNTHESIS_OF_EPA_DERIVED_SPMS,ppgs,0.009050909975468015,0.005687021182928457,1.5915027717212349,0.11150762198158327
bmi,alt_log_adj,REACTOME_BIOSYNTHESIS_OF_EPA_DERIVED_SPMS,bmi,0.2885033008134415,0.005761510047077559,50.074251100157426,0
bmi,alt_log_adj,REACTOME_BIOSYNTHESIS_OF_LIPOXINS_LX,ppgs,8.977385657905311e-4,0.005689939084090301,0.15777648099971886,0.8746340556635219
bmi,alt_log_adj,REACTOME_BIOSYNTHESIS_OF_LIPOXINS_LX,bmi,0.28841647317709496,0.0057615073855899,50.05920393306326,0
bmi,alt_log_adj,REACTOME_BIOSYNTHESIS_OF_MARESINS,ppgs,0.004935066441029993,0.005786182385097347,0.8529054413736675,0.3937189497208936
bmi,alt_log_adj,REACTOME_BIOSYNTHESIS_OF_MARESINS,bmi,0.28844140684001573,0.005761509638366174,50.06351198638467,0
bmi,alt_log_adj,REACTOME_BIOSYNTHESIS_OF_MARESIN_LIKE_SPMS,ppgs,-0.002259894927677117,0.005780178488997582,-0.3909732081766623,0.6958199777118537
bmi,alt_log_adj,REACTOME_BIOSYNTHESIS_OF_MARESIN_LIKE_SPMS,bmi,0.2884117322004649,0.005761487180407926,50.05855661385759,0
bmi,alt_log_adj,REACTOME_BIOSYNTHESIS_OF_SPECIALIZED_PRORESOLVING_MEDIATORS_SPMS,ppgs,-0.004501066168504794,0.005704950789028005,-0.7889754592031589,0.43013294800161916
bmi,alt_log_adj,REACTOME_BIOSYNTHESIS_OF_SPECIALIZED_PRORESOLVING_MEDIATORS_SPMS,bmi,0.28837890914584485,0.005761612529620131,50.05177069150431,0
bmi,alt_log_adj,REACTOME_BIOSYNTHESIS_OF_THE_N_GLYCAN_PRECURSOR_DOLICHOL_LIPID_LINKED_OLIGOSACCHARIDE_LLO_AND_TRANSFER_TO_A_NASCENT_PROTEIN,ppgs,0.0056264468922244066,0.005670813095557425,0.9921763947099975,0.32111995364301926
bmi,alt_log_adj,REACTOME_BIOSYNTHESIS_OF_THE_N_GLYCAN_PRECURSOR_DOLICHOL_LIPID_LINKED_OLIGOSACCHARIDE_LLO_AND_TRANSFER_TO_A_NASCENT_PROTEIN,bmi,0.28839288977996996,0.005761439577924432,50.055699774233155,0
bmi,alt_log_adj,REACTOME_BIOTIN_TRANSPORT_AND_METABOLISM,ppgs,0.0157320377763315,0.005704652199169708,2.757755815266221,0.005823691755463214
bmi,alt_log_adj,REACTOME_BIOTIN_TRANSPORT_AND_METABOLISM,bmi,0.28816727001975373,0.005761423516247765,50.01667890011809,0
bmi,alt_log_adj,REACTOME_BLOOD_GROUP_SYSTEMS_BIOSYNTHESIS,ppgs,0.004230490287316332,0.0057024384547154465,0.7418739055075755,0.45816988331383024
bmi,alt_log_adj,REACTOME_BLOOD_GROUP_SYSTEMS_BIOSYNTHESIS,bmi,0.2883651258211065,0.005761828333101344,50.047503873808054,0
bmi,alt_log_adj,REACTOME_BMAL1_CLOCK_NPAS2_ACTIVATES_CIRCADIAN_EXPRESSION,ppgs,0.007065461729792449,0.0057760886020441346,1.2232259954066511,0.2212545174493803
bmi,alt_log_adj,REACTOME_BMAL1_CLOCK_NPAS2_ACTIVATES_CIRCADIAN_EXPRESSION,bmi,0.28851067257424873,0.005761880999103186,50.07230670316764,0
bmi,alt_log_adj,REACTOME_BRANCHED_CHAIN_AMINO_ACID_CATABOLISM,ppgs,-0.0032556449887703124,0.005708443381054273,-0.5703209739410674,0.5684645378038404
bmi,alt_log_adj,REACTOME_BRANCHED_CHAIN_AMINO_ACID_CATABOLISM,bmi,0.288437620003482,0.005761606031389157,50.0620171584238,0
bmi,alt_log_adj,REACTOME_BRANCHED_CHAIN_KETOACID_DEHYDROGENASE_KINASE_DEFICIENCY,ppgs,3.495998976089134e-4,0.005737826278864563,0.06092897913216264,0.9514161998078645
bmi,alt_log_adj,REACTOME_BRANCHED_CHAIN_KETOACID_DEHYDROGENASE_KINASE_DEFICIENCY,bmi,0.2884136468892209,0.005761519833230444,50.058605235679515,0
bmi,alt_log_adj,REACTOME_BUDDING_AND_MATURATION_OF_HIV_VIRION,ppgs,0.004934536712911712,0.00569151009663287,0.8669995535685708,0.3859495924676818
bmi,alt_log_adj,REACTOME_BUDDING_AND_MATURATION_OF_HIV_VIRION,bmi,0.28838624401643687,0.005761514564416579,50.05389482090797,0
bmi,alt_log_adj,REACTOME_BUTYRATE_RESPONSE_FACTOR_1_BRF1_BINDS_AND_DESTABILIZES_MRNA,ppgs,0.002210659405429512,0.005911863364847295,0.37393614652435625,0.7084546195096886
bmi,alt_log_adj,REACTOME_BUTYRATE_RESPONSE_FACTOR_1_BRF1_BINDS_AND_DESTABILIZES_MRNA,bmi,0.28841611099736264,0.0057614851383604075,50.059334367985464,0
bmi,alt_log_adj,REACTOME_BUTYROPHILIN_BTN_FAMILY_INTERACTIONS,ppgs,0.003209358756623954,0.005680431782894665,0.5649850010149249,0.572088436864415
bmi,alt_log_adj,REACTOME_BUTYROPHILIN_BTN_FAMILY_INTERACTIONS,bmi,0.2883957033805149,0.005761562843142721,50.055117202055136,0
bmi,alt_log_adj,REACTOME_B_WICH_COMPLEX_POSITIVELY_REGULATES_RRNA_EXPRESSION,ppgs,0.012826120306117463,0.005742868203085378,2.233399732075791,0.025530366674800457
bmi,alt_log_adj,REACTOME_B_WICH_COMPLEX_POSITIVELY_REGULATES_RRNA_EXPRESSION,bmi,0.2885189013130657,0.005761180366472753,50.079824438773755,0
bmi,alt_log_adj,REACTOME_CA2_ACTIVATED_K_CHANNELS,ppgs,-0.014418208177008115,0.005723269763390186,-2.519225682709646,0.011766777134913722
bmi,alt_log_adj,REACTOME_CA2_ACTIVATED_K_CHANNELS,bmi,0.28861248857035926,0.005761388558882363,50.09425863586372,0
bmi,alt_log_adj,REACTOME_CA2_PATHWAY,ppgs,0.0071851496019881425,0.005698344885078299,1.2609186960240322,0.20734851832886098
bmi,alt_log_adj,REACTOME_CA2_PATHWAY,bmi,0.2884266529016144,0.005761344315951431,50.06238771445194,0
bmi,alt_log_adj,REACTOME_CALCINEURIN_ACTIVATES_NFAT,ppgs,-0.0012572355367393502,0.005815503025813099,-0.2161868940930641,0.8288436244611243
bmi,alt_log_adj,REACTOME_CALCINEURIN_ACTIVATES_NFAT,bmi,0.28842851472555076,0.005761851584807765,50.05830339088363,0
bmi,alt_log_adj,REACTOME_CALCITONIN_LIKE_LIGAND_RECEPTORS,ppgs,0.005871566097138596,0.005686233947244997,1.0325931278264402,0.3018031543549699
bmi,alt_log_adj,REACTOME_CALCITONIN_LIKE_LIGAND_RECEPTORS,bmi,0.28840956516148347,0.00576139170698259,50.05901001522634,0
bmi,alt_log_adj,REACTOME_CALNEXIN_CALRETICULIN_CYCLE,ppgs,0.015788327137637354,0.005672966340431823,2.78308140577396,0.0053880922781104
bmi,alt_log_adj,REACTOME_CALNEXIN_CALRETICULIN_CYCLE,bmi,0.28829850900444753,0.005760862129357767,50.0443340824384,0
bmi,alt_log_adj,REACTOME_CAMK_IV_MEDIATED_PHOSPHORYLATION_OF_CREB,ppgs,-0.0011986291511906042,0.005722092915756303,-0.2094739055862008,0.8340798090359869
bmi,alt_log_adj,REACTOME_CAMK_IV_MEDIATED_PHOSPHORYLATION_OF_CREB,bmi,0.2884221344297186,0.005761605122913727,50.059337333388676,0
bmi,alt_log_adj,REACTOME_CARBOXYTERMINAL_POST_TRANSLATIONAL_MODIFICATIONS_OF_TUBULIN,ppgs,-0.0014153420555128523,0.005712778630293937,-0.2477502012781527,0.8043294817238331
bmi,alt_log_adj,REACTOME_CARBOXYTERMINAL_POST_TRANSLATIONAL_MODIFICATIONS_OF_TUBULIN,bmi,0.2884069692945391,0.005761574540369739,50.056970932815716,0
bmi,alt_log_adj,REACTOME_CARDIAC_CONDUCTION,ppgs,0.008253512103644826,0.005697235725392516,1.4486871355627808,0.14743603496092855
bmi,alt_log_adj,REACTOME_CARDIAC_CONDUCTION,bmi,0.288392019714185,0.005761305845741241,50.05671065481872,0
bmi,alt_log_adj,REACTOME_CARDIOGENESIS,ppgs,-9.278926219217795e-4,0.005704738921492876,-0.16265295129035615,0.8707928522909552
bmi,alt_log_adj,REACTOME_CARDIOGENESIS,bmi,0.2884010341988526,0.0057621009058203805,50.0513682270879,0
bmi,alt_log_adj,REACTOME_CARGO_CONCENTRATION_IN_THE_ER,ppgs,-0.001820182694809059,0.005696686243826831,-0.3195160514205053,0.7493375759236615
bmi,alt_log_adj,REACTOME_CARGO_CONCENTRATION_IN_THE_ER,bmi,0.2884060375310139,0.005761550244400501,50.057020297845725,0
bmi,alt_log_adj,REACTOME_CARGO_RECOGNITION_FOR_CLATHRIN_MEDIATED_ENDOCYTOSIS,ppgs,0.0038991954500012106,0.005700769345137228,0.6839770588731563,0.4939952430602398
bmi,alt_log_adj,REACTOME_CARGO_RECOGNITION_FOR_CLATHRIN_MEDIATED_ENDOCYTOSIS,bmi,0.28842811430931237,0.005761484201625498,50.061425878411264,0
bmi,alt_log_adj,REACTOME_CARGO_TRAFFICKING_TO_THE_PERICILIARY_MEMBRANE,ppgs,0.0014197609476766706,0.00569155853338542,0.249450293684703,0.8030142929307239
bmi,alt_log_adj,REACTOME_CARGO_TRAFFICKING_TO_THE_PERICILIARY_MEMBRANE,bmi,0.2884174444126359,0.005761502756440931,50.05941272703665,0
bmi,alt_log_adj,REACTOME_CARNITINE_SHUTTLE,ppgs,0.0018454554759010917,0.005711046058691293,0.32313790800069025,0.7465931858376849
bmi,alt_log_adj,REACTOME_CARNITINE_SHUTTLE,bmi,0.288417228275191,0.005761493005449804,50.05945993553698,0
bmi,alt_log_adj,REACTOME_CASPASE_ACTIVATION_VIA_DEATH_RECEPTORS_IN_THE_PRESENCE_OF_LIGAND,ppgs,0.012394087168184029,0.00572200940065861,2.1660375403712995,0.03031662592850122
bmi,alt_log_adj,REACTOME_CASPASE_ACTIVATION_VIA_DEATH_RECEPTORS_IN_THE_PRESENCE_OF_LIGAND,bmi,0.2884344398218059,0.00576102853612465,50.066483443567705,0
bmi,alt_log_adj,REACTOME_CASPASE_ACTIVATION_VIA_DEPENDENCE_RECEPTORS_IN_THE_ABSENCE_OF_LIGAND,ppgs,0.0023839820390601906,0.005697378005472081,0.4184349426649383,0.6756323128286195
bmi,alt_log_adj,REACTOME_CASPASE_ACTIVATION_VIA_DEPENDENCE_RECEPTORS_IN_THE_ABSENCE_OF_LIGAND,bmi,0.28840840913863786,0.005761499313427251,50.05787442627967,0
bmi,alt_log_adj,REACTOME_CASPASE_ACTIVATION_VIA_EXTRINSIC_APOPTOTIC_SIGNALLING_PATHWAY,ppgs,0.008353502453994962,0.005720460396821443,1.4602849901096353,0.14422284721941933
bmi,alt_log_adj,REACTOME_CASPASE_ACTIVATION_VIA_EXTRINSIC_APOPTOTIC_SIGNALLING_PATHWAY,bmi,0.2883801906748093,0.005761329540807489,50.054451603959265,0
bmi,alt_log_adj,REACTOME_CASPASE_MEDIATED_CLEAVAGE_OF_CYTOSKELETAL_PROTEINS,ppgs,0.001996277791754186,0.005686045680745254,0.3510836711203733,0.7255281867140289
bmi,alt_log_adj,REACTOME_CASPASE_MEDIATED_CLEAVAGE_OF_CYTOSKELETAL_PROTEINS,bmi,0.2884051354406774,0.005761548811733931,50.056876174217855,0
bmi,alt_log_adj,REACTOME_CATION_COUPLED_CHLORIDE_COTRANSPORTERS,ppgs,0.007806567465032413,0.005731204131338262,1.3621164568796373,0.17317195796767304
bmi,alt_log_adj,REACTOME_CATION_COUPLED_CHLORIDE_COTRANSPORTERS,bmi,0.288448020110985,0.005761361618342794,50.0659460764684,0
bmi,alt_log_adj,REACTOME_CA_DEPENDENT_EVENTS,ppgs,-0.0011560337348749338,0.005722995511603151,-0.2019980152930612,0.839919725192634
bmi,alt_log_adj,REACTOME_CA_DEPENDENT_EVENTS,bmi,0.28842220996921536,0.005761616275538652,50.05925354552544,0
bmi,alt_log_adj,REACTOME_CD163_MEDIATING_AN_ANTI_INFLAMMATORY_RESPONSE,ppgs,0.0019080923686907543,0.005686995424062973,0.33551853420123756,0.737236448689223
bmi,alt_log_adj,REACTOME_CD163_MEDIATING_AN_ANTI_INFLAMMATORY_RESPONSE,bmi,0.28840509082775045,0.005761556567312586,50.056801049906866,0
bmi,alt_log_adj,REACTOME_CD209_DC_SIGN_SIGNALING,ppgs,-0.004542883793332181,0.0056998951242652005,-0.7970118211460645,0.4254508408448514
bmi,alt_log_adj,REACTOME_CD209_DC_SIGN_SIGNALING,bmi,0.2884247028174351,0.005761447305529374,50.06115434582353,0
bmi,alt_log_adj,REACTOME_CD22_MEDIATED_BCR_REGULATION,ppgs,0.005580207491843002,0.005697011947405756,0.9794972423015642,0.3273427091414087
bmi,alt_log_adj,REACTOME_CD22_MEDIATED_BCR_REGULATION,bmi,0.2884126033258392,0.0057614008497177864,50.0594579077008,0
bmi,alt_log_adj,REACTOME_CD28_DEPENDENT_PI3K_AKT_SIGNALING,ppgs,0.004662987564451645,0.005722041446048261,0.8149167754931211,0.41512679583676115
bmi,alt_log_adj,REACTOME_CD28_DEPENDENT_PI3K_AKT_SIGNALING,bmi,0.28833482868544646,0.0057622624786874055,50.03847529540631,0
bmi,alt_log_adj,REACTOME_CD28_DEPENDENT_VAV1_PATHWAY,ppgs,0.007027344522538975,0.005703812945305059,1.2320432997935786,0.21794312856222386
bmi,alt_log_adj,REACTOME_CD28_DEPENDENT_VAV1_PATHWAY,bmi,0.2884061371121666,0.0057613478462028266,50.05879610311128,0
bmi,alt_log_adj,REACTOME_CDC42_GTPASE_CYCLE,ppgs,-0.003943186857465838,0.005710784008873079,-0.6904808256342995,0.48989751684932603
bmi,alt_log_adj,REACTOME_CDC42_GTPASE_CYCLE,bmi,0.2884143057708415,0.005761449543087367,50.059330315039084,0
bmi,alt_log_adj,REACTOME_CDC6_ASSOCIATION_WITH_THE_ORC_ORIGIN_COMPLEX,ppgs,-0.00416466327899273,0.005692288798273099,-0.7316324639495078,0.4643989755567939
bmi,alt_log_adj,REACTOME_CDC6_ASSOCIATION_WITH_THE_ORC_ORIGIN_COMPLEX,bmi,0.28836357115480005,0.0057618660977274555,50.04690603076213,0
bmi,alt_log_adj,REACTOME_CDH11_HOMOTYPIC_AND_HETEROTYPIC_INTERACTIONS,ppgs,0.0033269827258941473,0.005714469180525542,0.5822032844681778,0.5604343912538966
bmi,alt_log_adj,REACTOME_CDH11_HOMOTYPIC_AND_HETEROTYPIC_INTERACTIONS,bmi,0.288424999637556,0.005761491099429005,50.060825341922424,0
bmi,alt_log_adj,REACTOME_CDK_MEDIATED_PHOSPHORYLATION_AND_REMOVAL_OF_CDC6,ppgs,-0.006266402625827854,0.005677638537368155,-1.1036987621851353,0.2697332010891161
bmi,alt_log_adj,REACTOME_CDK_MEDIATED_PHOSPHORYLATION_AND_REMOVAL_OF_CDC6,bmi,0.28841057482881666,0.005761375357539913,50.05932731867117,0
bmi,alt_log_adj,REACTOME_CELLULAR_HEXOSE_TRANSPORT,ppgs,-5.631252103888119e-4,0.005693362887013022,-0.09890906684928547,0.9212111692320315
bmi,alt_log_adj,REACTOME_CELLULAR_HEXOSE_TRANSPORT,bmi,0.2884131073663765,0.0057615173347025815,50.058533301499615,0
bmi,alt_log_adj,REACTOME_CELLULAR_RESPONSES_TO_MECHANICAL_STIMULI,ppgs,-0.004558910857163259,0.005728942722877191,-0.7957682730808804,0.42617339872550364
bmi,alt_log_adj,REACTOME_CELLULAR_RESPONSES_TO_MECHANICAL_STIMULI,bmi,0.2884181673992125,0.005761435346315517,50.06012392097018,0
bmi,alt_log_adj,REACTOME_CELLULAR_RESPONSES_TO_STIMULI,ppgs,0.013042583745840415,0.00571096517093691,2.283779248420932,0.022391868905758436
bmi,alt_log_adj,REACTOME_CELLULAR_RESPONSES_TO_STIMULI,bmi,0.2884396875739407,0.005760978499484721,50.0678292063995,0
bmi,alt_log_adj,REACTOME_CELLULAR_RESPONSE_TO_CHEMICAL_STRESS,ppgs,0.011360214914780311,0.005730208548522432,1.9825133445988818,0.047431453111047
bmi,alt_log_adj,REACTOME_CELLULAR_RESPONSE_TO_CHEMICAL_STRESS,bmi,0.2884397970496316,0.005761112615432465,50.0666826537949,0
bmi,alt_log_adj,REACTOME_CELLULAR_RESPONSE_TO_HEAT_STRESS,ppgs,-0.002603056864993121,0.0056879165398910705,-0.4576468108730323,0.6472097142364199
bmi,alt_log_adj,REACTOME_CELLULAR_RESPONSE_TO_HEAT_STRESS,bmi,0.28842435204713973,0.005761515915741913,50.06049731791797,0
bmi,alt_log_adj,REACTOME_CELLULAR_RESPONSE_TO_HYPOXIA,ppgs,-0.0023504901790374817,0.0056986440517161376,-0.41246481754368136,0.6800018819391758
bmi,alt_log_adj,REACTOME_CELLULAR_RESPONSE_TO_HYPOXIA,bmi,0.28843596957343376,0.005761713139728366,50.06080007430428,0
bmi,alt_log_adj,REACTOME_CELLULAR_RESPONSE_TO_MITOCHONDRIAL_STRESS,ppgs,0.003640340944922541,0.005696182469736319,0.6390843278394934,0.522773238191701
bmi,alt_log_adj,REACTOME_CELLULAR_RESPONSE_TO_MITOCHONDRIAL_STRESS,bmi,0.28839053623793537,0.0057615797355639225,50.05407361766013,0
bmi,alt_log_adj,REACTOME_CELLULAR_RESPONSE_TO_STARVATION,ppgs,0.00683246039373778,0.0056954265324381925,1.1996398083310587,0.23028928491335415
bmi,alt_log_adj,REACTOME_CELLULAR_RESPONSE_TO_STARVATION,bmi,0.28835224026464085,0.005761586403879838,50.04736891049055,0
bmi,alt_log_adj,REACTOME_CELLULAR_SENESCENCE,ppgs,-4.128940249278756e-5,0.00570412059943718,-0.007238522007557404,0.9942245964157796
bmi,alt_log_adj,REACTOME_CELLULAR_SENESCENCE,bmi,0.28841433272261324,0.005761636798369583,50.0577080464753,0
bmi,alt_log_adj,REACTOME_CELL_CELL_COMMUNICATION,ppgs,0.0050689847119191195,0.005709927888617682,0.8877493395361025,0.3746831307766215
bmi,alt_log_adj,REACTOME_CELL_CELL_COMMUNICATION,bmi,0.2883975035954432,0.005761450158779748,50.05640865537308,0
bmi,alt_log_adj,REACTOME_CELL_CELL_JUNCTION_ORGANIZATION,ppgs,0.007528213741834203,0.005721881915655137,1.3156884138480596,0.18828928424365138
bmi,alt_log_adj,REACTOME_CELL_CELL_JUNCTION_ORGANIZATION,bmi,0.28838305824104365,0.005761372025215372,50.054580224796936,0
bmi,alt_log_adj,REACTOME_CELL_CYCLE,ppgs,0.030691466665090313,0.005666391539065815,5.4164041530653275,6.130382175844559e-8
bmi,alt_log_adj,REACTOME_CELL_CYCLE,bmi,0.2884951742840635,0.005758538296472546,50.09868119845349,0
bmi,alt_log_adj,REACTOME_CELL_CYCLE_CHECKPOINTS,ppgs,0.0026909497788164226,0.005700893257804973,0.4720224808861839,0.6369143754226703
bmi,alt_log_adj,REACTOME_CELL_CYCLE_CHECKPOINTS,bmi,0.2884042168519127,0.0057615175031571556,50.056988752333915,0
bmi,alt_log_adj,REACTOME_CELL_CYCLE_MITOTIC,ppgs,0.031317411196712636,0.005668491990322224,5.524822342552592,3.3271492548600574e-8
bmi,alt_log_adj,REACTOME_CELL_CYCLE_MITOTIC,bmi,0.2884937685641688,0.005758416561303738,50.099496188384855,0
bmi,alt_log_adj,REACTOME_CELL_DEATH_SIGNALLING_VIA_NRAGE_NRIF_AND_NADE,ppgs,-0.007032001393139554,0.005706828226545907,-1.232208350065535,0.21788148452778786
bmi,alt_log_adj,REACTOME_CELL_DEATH_SIGNALLING_VIA_NRAGE_NRIF_AND_NADE,bmi,0.2883634618205119,0.005761493291617909,50.050125414540815,0
bmi,alt_log_adj,REACTOME_CELL_EXTRACELLULAR_MATRIX_INTERACTIONS,ppgs,0.01576583758151412,0.005700533307976026,2.7656776532565828,0.005684140155688448
bmi,alt_log_adj,REACTOME_CELL_EXTRACELLULAR_MATRIX_INTERACTIONS,bmi,0.28831924407713644,0.0057608240857479585,50.04826389169327,0
bmi,alt_log_adj,REACTOME_CELL_JUNCTION_ORGANIZATION,ppgs,0.007060986574769782,0.0057209331895331636,1.2342368527722605,0.21712488982088685
bmi,alt_log_adj,REACTOME_CELL_JUNCTION_ORGANIZATION,bmi,0.2883838669690307,0.005761397067465859,50.05450302974446,0
bmi,alt_log_adj,REACTOME_CELL_SURFACE_INTERACTIONS_AT_THE_VASCULAR_WALL,ppgs,-0.013694182310407784,0.005663191846055359,-2.4181031973950047,0.015607912540574012
bmi,alt_log_adj,REACTOME_CELL_SURFACE_INTERACTIONS_AT_THE_VASCULAR_WALL,bmi,0.2882949352572523,0.005761116510147809,50.04150406426266,0
bmi,alt_log_adj,REACTOME_CGMP_EFFECTS,ppgs,8.34982296631652e-4,0.005695104831548251,0.14661403456635877,0.8834377179380072
bmi,alt_log_adj,REACTOME_CGMP_EFFECTS,bmi,0.28841779869439754,0.005761536522240075,50.05918084196422,0
bmi,alt_log_adj,REACTOME_CHAPERONE_MEDIATED_AUTOPHAGY,ppgs,0.004481949308023741,0.005721369865265914,0.783369964461375,0.43341643297649246
bmi,alt_log_adj,REACTOME_CHAPERONE_MEDIATED_AUTOPHAGY,bmi,0.2884308989650123,0.005761473079418099,50.06200584280842,0
bmi,alt_log_adj,REACTOME_CHEMOKINE_RECEPTORS_BIND_CHEMOKINES,ppgs,-0.0016183733304351198,0.005703647947423771,-0.28374355243403626,0.7766089878976992
bmi,alt_log_adj,REACTOME_CHEMOKINE_RECEPTORS_BIND_CHEMOKINES,bmi,0.2884069893824581,0.005761552589871285,50.057165127586075,0
bmi,alt_log_adj,REACTOME_CHK1_CHK2_CDS1_MEDIATED_INACTIVATION_OF_CYCLIN_B_CDK1_COMPLEX,ppgs,0.00628393291161726,0.005709737719862281,1.100564197503774,0.27109571970695995
bmi,alt_log_adj,REACTOME_CHK1_CHK2_CDS1_MEDIATED_INACTIVATION_OF_CYCLIN_B_CDK1_COMPLEX,bmi,0.2884750019842855,0.0057616361001009845,50.06824398007875,0
bmi,alt_log_adj,REACTOME_CHL1_INTERACTIONS,ppgs,1.966771179766898e-4,0.0057044294775518015,0.03447796466774776,0.9724962562866417
bmi,alt_log_adj,REACTOME_CHL1_INTERACTIONS,bmi,0.2884151825575942,0.005761520770839242,50.05886362804567,0
bmi,alt_log_adj,REACTOME_CHOLESTEROL_BIOSYNTHESIS,ppgs,0.009471850799898637,0.005688735474578375,1.6650186745764708,0.09592008037476599
bmi,alt_log_adj,REACTOME_CHOLESTEROL_BIOSYNTHESIS,bmi,0.2883310637770234,0.005761434849870852,50.04500984394306,0
bmi,alt_log_adj,REACTOME_CHOLINE_CATABOLISM,ppgs,-0.006900977792651175,0.005670683441492962,-1.2169569794984543,0.2236307153434563
bmi,alt_log_adj,REACTOME_CHOLINE_CATABOLISM,bmi,0.2884357763969457,0.005761373707164952,50.0637158874526,0
bmi,alt_log_adj,REACTOME_CHONDROITIN_SULFATE_BIOSYNTHESIS,ppgs,6.693670334273255e-4,0.005715011335352413,0.11712435796700818,0.9067623374215075
bmi,alt_log_adj,REACTOME_CHONDROITIN_SULFATE_BIOSYNTHESIS,bmi,0.28841325290423003,0.005761508439808426,50.05863584464696,0
bmi,alt_log_adj,REACTOME_CHONDROITIN_SULFATE_DERMATAN_SULFATE_METABOLISM,ppgs,-6.26959998957407e-4,0.005704334732912481,-0.10990939843344326,0.9124820068100992
bmi,alt_log_adj,REACTOME_CHONDROITIN_SULFATE_DERMATAN_SULFATE_METABOLISM,bmi,0.2884153926739682,0.005761501008292804,50.059071804177094,0
bmi,alt_log_adj,REACTOME_CHREBP_ACTIVATES_METABOLIC_GENE_EXPRESSION,ppgs,0.008963764056595607,0.005710666994815298,1.5696527331630068,0.11650708382929681
bmi,alt_log_adj,REACTOME_CHREBP_ACTIVATES_METABOLIC_GENE_EXPRESSION,bmi,0.2884302187066788,0.005761256190680903,50.063772406654635,0
bmi,alt_log_adj,REACTOME_CHROMATIN_MODIFICATIONS_DURING_THE_MATERNAL_TO_ZYGOTIC_TRANSITION_MZT,ppgs,-8.427602220301854e-4,0.005843132509288991,-0.1442308933932999,0.8853191718202736
bmi,alt_log_adj,REACTOME_CHROMATIN_MODIFICATIONS_DURING_THE_MATERNAL_TO_ZYGOTIC_TRANSITION_MZT,bmi,0.28842191995064614,0.005761718026379419,50.05831917322867,0
bmi,alt_log_adj,REACTOME_CHROMATIN_ORGANIZATION,ppgs,0.011555620345393479,0.005677761400012141,2.0352423307835315,0.041835777780146514
bmi,alt_log_adj,REACTOME_CHROMATIN_ORGANIZATION,bmi,0.288323242054128,0.00576125205456418,50.04524004911615,0
bmi,alt_log_adj,REACTOME_CHROMOSOME_MAINTENANCE,ppgs,-7.142189525931263e-4,0.005680576685328344,-0.125730008088403,0.8999465389081635
bmi,alt_log_adj,REACTOME_CHROMOSOME_MAINTENANCE,bmi,0.28841757134350604,0.005761544110997098,50.059075446979826,0
bmi,alt_log_adj,REACTOME_CHYLOMICRON_ASSEMBLY,ppgs,0.017451447417773155,0.005742168346486943,3.039173769339233,0.0023744408118137055
bmi,alt_log_adj,REACTOME_CHYLOMICRON_ASSEMBLY,bmi,0.2881345961318768,0.005761296428546,50.012110938126895,0
bmi,alt_log_adj,REACTOME_CHYLOMICRON_CLEARANCE,ppgs,0.01441555995117129,0.005690336238945903,2.5333406227400155,0.011303452997289017
bmi,alt_log_adj,REACTOME_CHYLOMICRON_CLEARANCE,bmi,0.2883728910017289,0.00576086947285303,50.057181882115145,0
bmi,alt_log_adj,REACTOME_CHYLOMICRON_REMODELING,ppgs,0.01840198773186787,0.005721040933791257,3.2165453708217253,0.0012988959021949212
bmi,alt_log_adj,REACTOME_CHYLOMICRON_REMODELING,bmi,0.2881514337574393,0.0057610280039810625,50.01736383824502,0
bmi,alt_log_adj,REACTOME_CILIUM_ASSEMBLY,ppgs,0.003919421935896834,0.005690949831132029,0.6887113842501038,0.49101054667329014
bmi,alt_log_adj,REACTOME_CILIUM_ASSEMBLY,bmi,0.28841656283243994,0.005761450461855371,50.05971408449125,0
bmi,alt_log_adj,REACTOME_CIPROFLOXACIN_ADME,ppgs,0.0016317409283004146,0.005687339781684471,0.28690758613636536,0.7741851785103767
bmi,alt_log_adj,REACTOME_CIPROFLOXACIN_ADME,bmi,0.28843304108473045,0.00576184726032588,50.05912653582163,0
bmi,alt_log_adj,REACTOME_CIRCADIAN_CLOCK,ppgs,0.005274745616618175,0.005716886525493652,0.9226605413796807,0.3561919873522754
bmi,alt_log_adj,REACTOME_CIRCADIAN_CLOCK,bmi,0.2884702234802048,0.005761726614350941,50.066628076677844,0
bmi,alt_log_adj,REACTOME_CITRIC_ACID_CYCLE_TCA_CYCLE,ppgs,-0.0011819105150973866,0.0057036035144763025,-0.20722171730513567,0.8358381958138023
bmi,alt_log_adj,REACTOME_CITRIC_ACID_CYCLE_TCA_CYCLE,bmi,0.2884163298974456,0.005761499501539506,50.05924756573859,0
bmi,alt_log_adj,REACTOME_CLASS_A_1_RHODOPSIN_LIKE_RECEPTORS,ppgs,-0.016997452293774522,0.0057011592271677515,-2.981402836948758,0.0028717476833410097
bmi,alt_log_adj,REACTOME_CLASS_A_1_RHODOPSIN_LIKE_RECEPTORS,bmi,0.28858607526608043,0.005760881970858265,50.09407877576885,0
bmi,alt_log_adj,REACTOME_CLASS_B_2_SECRETIN_FAMILY_RECEPTORS,ppgs,0.006988318860570279,0.005692771133314851,1.227577694046703,0.21961573256166025
bmi,alt_log_adj,REACTOME_CLASS_B_2_SECRETIN_FAMILY_RECEPTORS,bmi,0.28837717983094613,0.005761425582935963,50.05309461690419,0
bmi,alt_log_adj,REACTOME_CLASS_C_3_METABOTROPIC_GLUTAMATE_PHEROMONE_RECEPTORS,ppgs,-0.009968191096863354,0.0056807865217005276,-1.7547202414287175,0.07931797397217476
bmi,alt_log_adj,REACTOME_CLASS_C_3_METABOTROPIC_GLUTAMATE_PHEROMONE_RECEPTORS,bmi,0.288444854947903,0.005761210876055047,50.066706661745,0
bmi,alt_log_adj,REACTOME_CLASS_I_MHC_MEDIATED_ANTIGEN_PROCESSING_PRESENTATION,ppgs,0.011054767882643327,0.005706939677607407,1.9370745981457365,0.052746147259145656
bmi,alt_log_adj,REACTOME_CLASS_I_MHC_MEDIATED_ANTIGEN_PROCESSING_PRESENTATION,bmi,0.2883555616497233,0.005761197394698859,50.051324732433656,0
bmi,alt_log_adj,REACTOME_CLASS_I_PEROXISOMAL_MEMBRANE_PROTEIN_IMPORT,ppgs,0.007560560383796357,0.005731472176152593,1.319130609279445,0.18713610612915874
bmi,alt_log_adj,REACTOME_CLASS_I_PEROXISOMAL_MEMBRANE_PROTEIN_IMPORT,bmi,0.28839194291107206,0.005761346807626425,50.05634143206258,0
bmi,alt_log_adj,REACTOME_CLATHRIN_MEDIATED_ENDOCYTOSIS,ppgs,0.012648242075760936,0.005711627697475394,2.2144724316242823,0.026804220334727145
bmi,alt_log_adj,REACTOME_CLATHRIN_MEDIATED_ENDOCYTOSIS,bmi,0.28846219665181083,0.005761039773294693,50.07120381098178,0
bmi,alt_log_adj,REACTOME_CLEC7A_DECTIN_1_INDUCES_NFAT_ACTIVATION,ppgs,0.001895710195906487,0.005854495226195734,0.3238042090160392,0.7460886580873907
bmi,alt_log_adj,REACTOME_CLEC7A_DECTIN_1_INDUCES_NFAT_ACTIVATION,bmi,0.28841543254222807,0.005761487860686189,50.0591929578201,0
bmi,alt_log_adj,REACTOME_CLEC7A_DECTIN_1_SIGNALING,ppgs,-0.008495863844835413,0.005703965920708624,-1.4894660948079335,0.1363757996584342
bmi,alt_log_adj,REACTOME_CLEC7A_DECTIN_1_SIGNALING,bmi,0.28835599118514854,0.005761407020742807,50.04957819278864,0
bmi,alt_log_adj,REACTOME_CLEC7A_INFLAMMASOME_PATHWAY,ppgs,-0.0015829360033555865,0.005713077429054124,-0.277072387520164,0.7817265438266968
bmi,alt_log_adj,REACTOME_CLEC7A_INFLAMMASOME_PATHWAY,bmi,0.2884273038293922,0.005761671968583249,50.059653760593086,0
bmi,alt_log_adj,REACTOME_COBALAMIN_CBL_METABOLISM,ppgs,0.008823829564858662,0.005696022234571031,1.5491213344119235,0.12136371794898133
bmi,alt_log_adj,REACTOME_COBALAMIN_CBL_METABOLISM,bmi,0.2884163592031426,0.0057612542374227745,50.06138373996876,0
bmi,alt_log_adj,REACTOME_COBALAMIN_CBL_VITAMIN_B12_TRANSPORT_AND_METABOLISM,ppgs,0.01299047276665006,0.0057195742525460915,2.2712307233125437,0.023140478035777984
bmi,alt_log_adj,REACTOME_COBALAMIN_CBL_VITAMIN_B12_TRANSPORT_AND_METABOLISM,bmi,0.2883606044802357,0.0057610229448513475,50.053715675259525,0
bmi,alt_log_adj,REACTOME_COENZYME_A_BIOSYNTHESIS,ppgs,-0.0033900242516287774,0.005693632238583012,-0.5954062555456622,0.5515766979057873
bmi,alt_log_adj,REACTOME_COENZYME_A_BIOSYNTHESIS,bmi,0.2883994753748362,0.005761518111318491,50.05616051232677,0
bmi,alt_log_adj,REACTOME_COHESIN_LOADING_ONTO_CHROMATIN,ppgs,0.02960748595485294,0.00567148568312054,5.220410948575725,1.7978404653290644e-7
bmi,alt_log_adj,REACTOME_COHESIN_LOADING_ONTO_CHROMATIN,bmi,0.28844168736095205,0.005758732955563803,50.087699774700255,0
bmi,alt_log_adj,REACTOME_COLLAGEN_BIOSYNTHESIS_AND_MODIFYING_ENZYMES,ppgs,-0.0013975912568487917,0.005654507133035752,-0.2471641159816634,0.8047830049945188
bmi,alt_log_adj,REACTOME_COLLAGEN_BIOSYNTHESIS_AND_MODIFYING_ENZYMES,bmi,0.2884155250141889,0.005761492921654932,50.059165035187505,0
bmi,alt_log_adj,REACTOME_COLLAGEN_CHAIN_TRIMERIZATION,ppgs,-5.467641836725244e-4,0.0056520329164093394,-0.0967376149004943,0.9229354513627436
bmi,alt_log_adj,REACTOME_COLLAGEN_CHAIN_TRIMERIZATION,bmi,0.2884142947068248,0.005761498015608138,50.05890723653786,0
bmi,alt_log_adj,REACTOME_COLLAGEN_DEGRADATION,ppgs,-0.006925598028327139,0.0057242296427271015,-1.2098742469436794,0.22633723899897173
bmi,alt_log_adj,REACTOME_COLLAGEN_DEGRADATION,bmi,0.28842415767305574,0.005761354621187449,50.06186507117137,0
bmi,alt_log_adj,REACTOME_COLLAGEN_FORMATION,ppgs,-0.0012822126766998247,0.005655133975388197,-0.22673427053720813,0.8206320117823033
bmi,alt_log_adj,REACTOME_COLLAGEN_FORMATION,bmi,0.28841570976843667,0.005761494744260408,50.05918126641631,0
bmi,alt_log_adj,REACTOME_COMMON_PATHWAY_OF_FIBRIN_CLOT_FORMATION,ppgs,0.002044795290834366,0.005689985897742015,0.35936737411701003,0.7193229550722828
bmi,alt_log_adj,REACTOME_COMMON_PATHWAY_OF_FIBRIN_CLOT_FORMATION,bmi,0.28841450616303244,0.005761484857436924,50.05905826355632,0
bmi,alt_log_adj,REACTOME_COMPLEMENT_CASCADE,ppgs,-0.0014062340214327346,0.005812739393710708,-0.24192277103533277,0.8088417552847309
bmi,alt_log_adj,REACTOME_COMPLEMENT_CASCADE,bmi,0.288426067119186,0.005761686245471293,50.05931507393169,0
bmi,alt_log_adj,REACTOME_COMPLEX_III_ASSEMBLY,ppgs,-5.349392823833021e-4,0.005845711617081064,-0.09150969418679826,0.927088250273185
bmi,alt_log_adj,REACTOME_COMPLEX_III_ASSEMBLY,bmi,0.2884117041968421,0.005761585364022144,50.05769870178628,0
bmi,alt_log_adj,REACTOME_COMPLEX_IV_ASSEMBLY,ppgs,0.003698774282323387,0.005696024990617235,0.649360613483295,0.5161105766595853
bmi,alt_log_adj,REACTOME_COMPLEX_IV_ASSEMBLY,bmi,0.2883949606404383,0.005761534684386078,50.055232926393174,0
bmi,alt_log_adj,REACTOME_COMPLEX_I_BIOGENESIS,ppgs,-0.004136225358072661,0.005697914905807459,-0.7259191171593167,0.46789434897887006
bmi,alt_log_adj,REACTOME_COMPLEX_I_BIOGENESIS,bmi,0.2884142284938628,0.005761444449865257,50.05936115562269,0
bmi,alt_log_adj,REACTOME_CONDENSATION_OF_PROMETAPHASE_CHROMOSOMES,ppgs,0.01087975207387994,0.005736567530204996,1.8965613176510714,0.05789601584550386
bmi,alt_log_adj,REACTOME_CONDENSATION_OF_PROMETAPHASE_CHROMOSOMES,bmi,0.2884857086867309,0.005761254420916875,50.07341936494793,0
bmi,alt_log_adj,REACTOME_CONDENSATION_OF_PROPHASE_CHROMOSOMES,ppgs,6.04990149759909e-4,0.005764380958683419,0.10495318649065978,0.916413697762126
bmi,alt_log_adj,REACTOME_CONDENSATION_OF_PROPHASE_CHROMOSOMES,bmi,0.2884222728334373,0.005761957974403063,50.05629581380585,0
bmi,alt_log_adj,REACTOME_CONJUGATION_OF_BENZOATE_WITH_GLYCINE,ppgs,-9.618146116803162e-4,0.005676341126637155,-0.16944270793854238,0.8654496420477468
bmi,alt_log_adj,REACTOME_CONJUGATION_OF_BENZOATE_WITH_GLYCINE,bmi,0.28842977696935373,0.005762189213320952,50.05558934138532,0
bmi,alt_log_adj,REACTOME_CONSTITUTIVE_SIGNALING_BY_ABERRANT_PI3K_IN_CANCER,ppgs,-0.0013553758886678798,0.00569600299267498,-0.23795210262545222,0.8119199635090927
bmi,alt_log_adj,REACTOME_CONSTITUTIVE_SIGNALING_BY_ABERRANT_PI3K_IN_CANCER,bmi,0.2884207395672682,0.005761549573723855,50.05957787513292,0
bmi,alt_log_adj,REACTOME_CONSTITUTIVE_SIGNALING_BY_AKT1_E17K_IN_CANCER,ppgs,0.00462235073623606,0.005666005861281118,0.8158040865829459,0.41461904984017306
bmi,alt_log_adj,REACTOME_CONSTITUTIVE_SIGNALING_BY_AKT1_E17K_IN_CANCER,bmi,0.288395527614534,0.005761477886099971,50.055824792855915,0
bmi,alt_log_adj,REACTOME_CONSTITUTIVE_SIGNALING_BY_EGFRVIII,ppgs,-8.994906713207974e-4,0.005688798776787648,-0.15811609912993302,0.8743664411094435
bmi,alt_log_adj,REACTOME_CONSTITUTIVE_SIGNALING_BY_EGFRVIII,bmi,0.28842060973835254,0.005761619873543146,50.05894454487613,0
bmi,alt_log_adj,REACTOME_CONSTITUTIVE_SIGNALING_BY_LIGAND_RESPONSIVE_EGFR_CANCER_VARIANTS,ppgs,-9.059042998191426e-4,0.0056886509118012196,-0.15924765183601372,0.8734748965540333
bmi,alt_log_adj,REACTOME_CONSTITUTIVE_SIGNALING_BY_LIGAND_RESPONSIVE_EGFR_CANCER_VARIANTS,bmi,0.2884209685608718,0.005761633219408401,50.05889086957302,0
bmi,alt_log_adj,REACTOME_CONSTITUTIVE_SIGNALING_BY_OVEREXPRESSED_ERBB2,ppgs,0.0037422033127608267,0.005680082061044155,0.6588290930559033,0.5100108737685953
bmi,alt_log_adj,REACTOME_CONSTITUTIVE_SIGNALING_BY_OVEREXPRESSED_ERBB2,bmi,0.28841306926778065,0.005761454346817367,50.05907396057044,0
bmi,alt_log_adj,REACTOME_CONVERSION_FROM_APC_C_CDC20_TO_APC_C_CDH1_IN_LATE_ANAPHASE,ppgs,0.006302499499548278,0.0057009154176717895,1.105524119865327,0.2689419309018087
bmi,alt_log_adj,REACTOME_CONVERSION_FROM_APC_C_CDC20_TO_APC_C_CDH1_IN_LATE_ANAPHASE,bmi,0.28841914874199176,0.005761375235605603,50.06081654941449,0
bmi,alt_log_adj,REACTOME_COOPERATION_OF_PDCL_PHLP1_AND_TRIC_CCT_IN_G_PROTEIN_BETA_FOLDING,ppgs,-0.0018877741209667725,0.005676681124700443,-0.33254891009337606,0.7394772729284581
bmi,alt_log_adj,REACTOME_COOPERATION_OF_PDCL_PHLP1_AND_TRIC_CCT_IN_G_PROTEIN_BETA_FOLDING,bmi,0.2884201321097378,0.005761510557495251,50.05981143860388,0
bmi,alt_log_adj,REACTOME_COOPERATION_OF_PREFOLDIN_AND_TRIC_CCT_IN_ACTIN_AND_TUBULIN_FOLDING,ppgs,0.014013184032003845,0.005709566192312001,2.4543342803999306,0.01412053860649836
bmi,alt_log_adj,REACTOME_COOPERATION_OF_PREFOLDIN_AND_TRIC_CCT_IN_ACTIN_AND_TUBULIN_FOLDING,bmi,0.2884165189636908,0.005760886003132791,50.06461138214657,0
bmi,alt_log_adj,REACTOME_COPII_MEDIATED_VESICLE_TRANSPORT,ppgs,0.007294582191866841,0.005682165431789596,1.2837680070095066,0.19923363347437936
bmi,alt_log_adj,REACTOME_COPII_MEDIATED_VESICLE_TRANSPORT,bmi,0.2884527229244947,0.005761406950372444,50.06636840778064,0
bmi,alt_log_adj,REACTOME_COPI_DEPENDENT_GOLGI_TO_ER_RETROGRADE_TRAFFIC,ppgs,0.027824414065076707,0.005706755346208794,4.875697726127593,1.0901088918673074e-6
bmi,alt_log_adj,REACTOME_COPI_DEPENDENT_GOLGI_TO_ER_RETROGRADE_TRAFFIC,bmi,0.28833775069631756,0.00575910538090729,50.06641337944971,0
bmi,alt_log_adj,REACTOME_COPI_INDEPENDENT_GOLGI_TO_ER_RETROGRADE_TRAFFIC,ppgs,0.005062584940609812,0.005704052601475659,0.8875417697410615,0.374794817935185
bmi,alt_log_adj,REACTOME_COPI_INDEPENDENT_GOLGI_TO_ER_RETROGRADE_TRAFFIC,bmi,0.28842219263914476,0.005761424240255833,50.06091907342993,0
bmi,alt_log_adj,REACTOME_COPI_MEDIATED_ANTEROGRADE_TRANSPORT,ppgs,0.0017834616783160538,0.005702641500877654,0.31274308196325745,0.7544781619867318
bmi,alt_log_adj,REACTOME_COPI_MEDIATED_ANTEROGRADE_TRANSPORT,bmi,0.28842880822054373,0.005761666587576664,50.05996161639333,0
bmi,alt_log_adj,REACTOME_CO_INHIBITION_BY_BTLA,ppgs,0.014656595346066155,0.005753555552088324,2.5473979026319404,0.010858194141962887
bmi,alt_log_adj,REACTOME_CO_INHIBITION_BY_BTLA,bmi,0.28854091571969115,0.005761051992552821,50.08476161865599,0
bmi,alt_log_adj,REACTOME_CO_INHIBITION_BY_CTLA4,ppgs,0.020342741004781673,0.005709375026802789,3.5630416480406732,3.6718397387608577e-4
bmi,alt_log_adj,REACTOME_CO_INHIBITION_BY_CTLA4,bmi,0.2882486865293425,0.005760396608115821,50.039729230315324,0
bmi,alt_log_adj,REACTOME_CO_INHIBITION_BY_PD_1,ppgs,0.016775665644513924,0.005715208441642315,2.9352675087548143,0.003335276491124332
bmi,alt_log_adj,REACTOME_CO_INHIBITION_BY_PD_1,bmi,0.2883142326762374,0.0057607241835981446,50.0482619003218,0
bmi,alt_log_adj,REACTOME_CO_STIMULATION_BY_CD28,ppgs,0.009337902962502401,0.005706454638740345,1.636375570062127,0.10177210936638177
bmi,alt_log_adj,REACTOME_CO_STIMULATION_BY_CD28,bmi,0.2882656174810246,0.005761945439971627,50.02921677829078,0
bmi,alt_log_adj,REACTOME_CO_STIMULATION_BY_ICOS,ppgs,2.7175223636845025e-4,0.005701046601706845,0.04766707858292018,0.961981907526579
bmi,alt_log_adj,REACTOME_CO_STIMULATION_BY_ICOS,bmi,0.28841179389832067,0.005761803268698686,50.05582114632994,0
bmi,alt_log_adj,REACTOME_CREATINE_METABOLISM,ppgs,0.0016713452166854815,0.005752848009255528,0.29052483465520396,0.771416879504922
bmi,alt_log_adj,REACTOME_CREATINE_METABOLISM,bmi,0.28841121871772485,0.005761501305138707,50.05834476866119,0
bmi,alt_log_adj,REACTOME_CREATION_OF_C4_AND_C2_ACTIVATORS,ppgs,0.002809934499426927,0.005758125366796889,0.4879946719517203,0.6255573891225625
bmi,alt_log_adj,REACTOME_CREATION_OF_C4_AND_C2_ACTIVATORS,bmi,0.288400727989991,0.005761544124435025,50.056151920605394,0
bmi,alt_log_adj,REACTOME_CREB1_PHOSPHORYLATION_THROUGH_NMDA_RECEPTOR_MEDIATED_ACTIVATION_OF_RAS_SIGNALING,ppgs,4.1636895925323616e-4,0.005682038546888702,0.07327809479244489,0.9415853396330731
bmi,alt_log_adj,REACTOME_CREB1_PHOSPHORYLATION_THROUGH_NMDA_RECEPTOR_MEDIATED_ACTIVATION_OF_RAS_SIGNALING,bmi,0.28841763455421787,0.005761644075439184,50.058217893689154,0
bmi,alt_log_adj,REACTOME_CREB1_PHOSPHORYLATION_THROUGH_THE_ACTIVATION_OF_ADENYLATE_CYCLASE,ppgs,0.005639201628454188,0.005923618184510591,0.9519860080110985,0.34111219433076656
bmi,alt_log_adj,REACTOME_CREB1_PHOSPHORYLATION_THROUGH_THE_ACTIVATION_OF_ADENYLATE_CYCLASE,bmi,0.2884762825203487,0.005761769944342767,50.06730315631416,0
bmi,alt_log_adj,REACTOME_CREB1_PHOSPHORYLATION_THROUGH_THE_ACTIVATION_OF_CAMKII_CAMKK_CAMKIV_CASCASDE,ppgs,-0.0012703804565256276,0.005721780970239674,-0.22202535593955353,0.8242957440404125
bmi,alt_log_adj,REACTOME_CREB1_PHOSPHORYLATION_THROUGH_THE_ACTIVATION_OF_CAMKII_CAMKK_CAMKIV_CASCASDE,bmi,0.2884226171684268,0.005761605488830675,50.059417939592834,0
bmi,alt_log_adj,REACTOME_CREB3_FACTORS_ACTIVATE_GENES,ppgs,0.007385810022958236,0.005678910665948465,1.3005680943784828,0.19341690612400736
bmi,alt_log_adj,REACTOME_CREB3_FACTORS_ACTIVATE_GENES,bmi,0.2884028065720143,0.0057613332590631065,50.05834476218333,0
bmi,alt_log_adj,REACTOME_CREB_PHOSPHORYLATION,ppgs,-0.0025813117318817407,0.0057036403947931195,-0.452572664685914,0.650859949197411
bmi,alt_log_adj,REACTOME_CREB_PHOSPHORYLATION,bmi,0.28839564458651307,0.005761629752873987,50.05452570822639,0
bmi,alt_log_adj,REACTOME_CRISTAE_FORMATION,ppgs,6.77218919741426e-4,0.005713248965135895,0.11853481685710465,0.9056447495201316
bmi,alt_log_adj,REACTOME_CRISTAE_FORMATION,bmi,0.2884140072406783,0.005761498880051672,50.0588498314681,0
bmi,alt_log_adj,REACTOME_CRMPS_IN_SEMA3A_SIGNALING,ppgs,-0.0034680943355546827,0.0056961206101258195,-0.6088519841713951,0.5426274317548226
bmi,alt_log_adj,REACTOME_CRMPS_IN_SEMA3A_SIGNALING,bmi,0.2884230180265443,0.005761476804423257,50.060605608116546,0
bmi,alt_log_adj,REACTOME_CROSSLINKING_OF_COLLAGEN_FIBRILS,ppgs,-0.003815580845945462,0.005859120061148885,-0.6512207987076619,0.5149092446746566
bmi,alt_log_adj,REACTOME_CROSSLINKING_OF_COLLAGEN_FIBRILS,bmi,0.2884116325071248,0.005761456706585517,50.0588040829087,0
bmi,alt_log_adj,REACTOME_CROSS_PRESENTATION_OF_PARTICULATE_EXOGENOUS_ANTIGENS_PHAGOSOMES,ppgs,0.006203885144878468,0.005686732806291041,1.0909401507338834,0.27530849044941264
bmi,alt_log_adj,REACTOME_CROSS_PRESENTATION_OF_PARTICULATE_EXOGENOUS_ANTIGENS_PHAGOSOMES,bmi,0.28837626861567117,0.005761484298816433,50.0524263643158,0
bmi,alt_log_adj,REACTOME_CROSS_PRESENTATION_OF_SOLUBLE_EXOGENOUS_ANTIGENS_ENDOSOMES,ppgs,-0.006554977772928757,0.00569227955082912,-1.1515558423292789,0.24951334739096626
bmi,alt_log_adj,REACTOME_CROSS_PRESENTATION_OF_SOLUBLE_EXOGENOUS_ANTIGENS_ENDOSOMES,bmi,0.288412418671634,0.005761363541440951,50.059750022214416,0
bmi,alt_log_adj,REACTOME_CS_DS_DEGRADATION,ppgs,-0.00150000870943077,0.00572656521890172,-0.2619386407195153,0.7933706514744792
bmi,alt_log_adj,REACTOME_CS_DS_DEGRADATION,bmi,0.28841417828629823,0.005761491248853939,50.05894582303997,0
bmi,alt_log_adj,REACTOME_CYCLIN_A_B1_B2_ASSOCIATED_EVENTS_DURING_G2_M_TRANSITION,ppgs,0.010178415223554622,0.005769253982502722,1.7642515400473306,0.07770040668070317
bmi,alt_log_adj,REACTOME_CYCLIN_A_B1_B2_ASSOCIATED_EVENTS_DURING_G2_M_TRANSITION,bmi,0.2884471379063157,0.005761211184987153,50.067100240651726,0
bmi,alt_log_adj,REACTOME_CYCLIN_A_CDK2_ASSOCIATED_EVENTS_AT_S_PHASE_ENTRY,ppgs,-0.004957082460092659,0.005679664058900408,-0.8727774052630074,0.3827918096387781
bmi,alt_log_adj,REACTOME_CYCLIN_A_CDK2_ASSOCIATED_EVENTS_AT_S_PHASE_ENTRY,bmi,0.28840706638235913,0.005761427071556847,50.05826903653335,0
bmi,alt_log_adj,REACTOME_CYCLIN_D_ASSOCIATED_EVENTS_IN_G1,ppgs,0.0024456987032720626,0.005705349512608285,0.4286676386551427,0.6681683714974962
bmi,alt_log_adj,REACTOME_CYCLIN_D_ASSOCIATED_EVENTS_IN_G1,bmi,0.288414823197184,0.00576147931807345,50.05916141926297,0
bmi,alt_log_adj,REACTOME_CYP2E1_REACTIONS,ppgs,-0.002464497616578033,0.005692651171286911,-0.43292616083850005,0.6650717073390672
bmi,alt_log_adj,REACTOME_CYP2E1_REACTIONS,bmi,0.2884061446740681,0.005761512203593837,50.0573693993341,0
bmi,alt_log_adj,REACTOME_CYTOCHROME_C_MEDIATED_APOPTOTIC_RESPONSE,ppgs,0.0012412094757734676,0.005718129126418165,0.2170656605215491,0.8281587369167288
bmi,alt_log_adj,REACTOME_CYTOCHROME_C_MEDIATED_APOPTOTIC_RESPONSE,bmi,0.28840145511699267,0.005761812501225266,50.05394657595388,0
bmi,alt_log_adj,REACTOME_CYTOCHROME_P450_ARRANGED_BY_SUBSTRATE_TYPE,ppgs,-0.003997500441038691,0.005722875395745831,-0.6985125770884828,0.48486242501122334
bmi,alt_log_adj,REACTOME_CYTOCHROME_P450_ARRANGED_BY_SUBSTRATE_TYPE,bmi,0.2883707011756822,0.005761791492818184,50.048791514778586,0
bmi,alt_log_adj,REACTOME_CYTOKINE_SIGNALING_IN_IMMUNE_SYSTEM,ppgs,0.014892479204350568,0.005712469468626657,2.6070124814042797,0.009138384865536208
bmi,alt_log_adj,REACTOME_CYTOKINE_SIGNALING_IN_IMMUNE_SYSTEM,bmi,0.2884340076272439,0.005760812251389251,50.068288123378174,0
bmi,alt_log_adj,REACTOME_CYTOPROTECTION_BY_HMOX1,ppgs,0.011578878325242322,0.0057334490011598,2.019531057640884,0.04344144339113366
bmi,alt_log_adj,REACTOME_CYTOPROTECTION_BY_HMOX1,bmi,0.28842665741033985,0.005761086651908056,50.06462753251832,0
bmi,alt_log_adj,REACTOME_CYTOSOLIC_IRON_SULFUR_CLUSTER_ASSEMBLY,ppgs,0.003974728516607538,0.005679656779837322,0.6998184345782569,0.4840464430405027
bmi,alt_log_adj,REACTOME_CYTOSOLIC_IRON_SULFUR_CLUSTER_ASSEMBLY,bmi,0.28842579109017363,0.0057614703103250325,50.06114334622027,0
bmi,alt_log_adj,REACTOME_CYTOSOLIC_SENSORS_OF_PATHOGEN_ASSOCIATED_DNA,ppgs,0.004604332081834066,0.005690661257130186,0.8091031733904402,0.4184625934543741
bmi,alt_log_adj,REACTOME_CYTOSOLIC_SENSORS_OF_PATHOGEN_ASSOCIATED_DNA,bmi,0.28842753493360135,0.005761453552958429,50.0615916248249,0
bmi,alt_log_adj,REACTOME_CYTOSOLIC_SULFONATION_OF_SMALL_MOLECULES,ppgs,0.0038019719922218354,0.005798843214743,0.6556431776868338,0.5120590578657349
bmi,alt_log_adj,REACTOME_CYTOSOLIC_SULFONATION_OF_SMALL_MOLECULES,bmi,0.28841032268410516,0.005761458022243197,50.05856530944816,0
bmi,alt_log_adj,REACTOME_CYTOSOLIC_TRNA_AMINOACYLATION,ppgs,0.011689561291813097,0.005680526414187747,2.0578306374242215,0.03961551626263389
bmi,alt_log_adj,REACTOME_CYTOSOLIC_TRNA_AMINOACYLATION,bmi,0.28844645002562946,0.005761088466004189,50.06804733649437,0
bmi,alt_log_adj,REACTOME_C_TYPE_LECTIN_RECEPTORS_CLRS,ppgs,-0.009593297758469387,0.005697985348630551,-1.6836297693841968,0.09226425163331797
bmi,alt_log_adj,REACTOME_C_TYPE_LECTIN_RECEPTORS_CLRS,bmi,0.2883829984135847,0.005761240566938094,50.05571197087689,0
bmi,alt_log_adj,REACTOME_DAG_AND_IP3_SIGNALING,ppgs,-3.052161462280833e-4,0.005721303665105813,-0.05334730755327571,0.957455563759791
bmi,alt_log_adj,REACTOME_DAG_AND_IP3_SIGNALING,bmi,0.2884165764456888,0.005761614133753111,50.05829438595438,0
bmi,alt_log_adj,REACTOME_DAP12_INTERACTIONS,ppgs,-0.004777161071802851,0.00573005297340193,-0.8337027762182543,0.40445551765130716
bmi,alt_log_adj,REACTOME_DAP12_INTERACTIONS,bmi,0.2883974928434607,0.005761463978187264,50.05628672422934,0
bmi,alt_log_adj,REACTOME_DAP12_SIGNALING,ppgs,-0.001667172813106767,0.005688467723382095,-0.29307941860229886,0.76946359313248
bmi,alt_log_adj,REACTOME_DAP12_SIGNALING,bmi,0.2884175893643585,0.005761498138010984,50.0594780134612,0
bmi,alt_log_adj,REACTOME_DARPP_32_EVENTS,ppgs,0.0016799447553609917,0.005685952944369044,0.2954552687645239,0.7676482820389541
bmi,alt_log_adj,REACTOME_DARPP_32_EVENTS,bmi,0.2884069866050218,0.005761547062747313,50.05721266598471,0
bmi,alt_log_adj,REACTOME_DCC_MEDIATED_ATTRACTIVE_SIGNALING,ppgs,0.0019905104734996193,0.00572892489386358,0.34744921785092936,0.7282564424839926
bmi,alt_log_adj,REACTOME_DCC_MEDIATED_ATTRACTIVE_SIGNALING,bmi,0.28839802764367045,0.005761683665081543,50.05447095117272,0
bmi,alt_log_adj,REACTOME_DDX58_IFIH1_MEDIATED_INDUCTION_OF_INTERFERON_ALPHA_BETA,ppgs,0.00393881108984064,0.00570290976365422,0.690666914448387,0.4897805405502422
bmi,alt_log_adj,REACTOME_DDX58_IFIH1_MEDIATED_INDUCTION_OF_INTERFERON_ALPHA_BETA,bmi,0.28840262328848626,0.005761475691834295,50.05707542899774,0
bmi,alt_log_adj,REACTOME_DEACTIVATION_OF_THE_BETA_CATENIN_TRANSACTIVATING_COMPLEX,ppgs,0.005175764539481828,0.005681644260350982,0.9109624436715609,0.36232290789413846
bmi,alt_log_adj,REACTOME_DEACTIVATION_OF_THE_BETA_CATENIN_TRANSACTIVATING_COMPLEX,bmi,0.28839147957485406,0.005761469656060341,50.055193690294374,0
bmi,alt_log_adj,REACTOME_DEADENYLATION_DEPENDENT_MRNA_DECAY,ppgs,0.01026746798266455,0.0056946804045075305,1.8029928377609223,0.07139995421935348
bmi,alt_log_adj,REACTOME_DEADENYLATION_DEPENDENT_MRNA_DECAY,bmi,0.2884814442706716,0.005761286872518842,50.072397131744836,0
bmi,alt_log_adj,REACTOME_DEADENYLATION_OF_MRNA,ppgs,0.013160668879863493,0.005713254124412778,2.3035329066893517,0.02125607719728851
bmi,alt_log_adj,REACTOME_DEADENYLATION_OF_MRNA,bmi,0.28834447056562984,0.005761039332398824,50.05077277359376,0
bmi,alt_log_adj,REACTOME_DEATH_RECEPTOR_SIGNALING,ppgs,-0.005970332719744197,0.005709777254449537,-1.0456332101382086,0.29573932558034194
bmi,alt_log_adj,REACTOME_DEATH_RECEPTOR_SIGNALING,bmi,0.2883799603267694,0.005761482236040203,50.0530850417009,0
bmi,alt_log_adj,REACTOME_DECTIN_1_MEDIATED_NONCANONICAL_NF_KB_SIGNALING,ppgs,-0.011482723589304848,0.0056839258297742045,-2.0202099628314474,0.043370999412921975
bmi,alt_log_adj,REACTOME_DECTIN_1_MEDIATED_NONCANONICAL_NF_KB_SIGNALING,bmi,0.28834668310209777,0.005761181445295554,50.04992219739147,0
bmi,alt_log_adj,REACTOME_DECTIN_2_FAMILY,ppgs,3.202156424530813e-4,0.005700121252612372,0.05617698786781529,0.9552012091248736
bmi,alt_log_adj,REACTOME_DECTIN_2_FAMILY,bmi,0.2884146314276684,0.005761497653325155,50.05896882752604,0
bmi,alt_log_adj,REACTOME_DEFECTIVE_B4GALT1_CAUSES_B4GALT1_CDG_CDG_2D,ppgs,0.00339162224609974,0.005697643948814008,0.5952674959279831,0.5516694309389503
bmi,alt_log_adj,REACTOME_DEFECTIVE_B4GALT1_CAUSES_B4GALT1_CDG_CDG_2D,bmi,0.2884166278383181,0.005761462949755027,50.05961686355743,0
bmi,alt_log_adj,REACTOME_DEFECTIVE_B4GALT7_CAUSES_EDS_PROGEROID_TYPE,ppgs,-0.003852269363920349,0.005720545843513297,-0.6734094034555383,0.500692357650673
bmi,alt_log_adj,REACTOME_DEFECTIVE_B4GALT7_CAUSES_EDS_PROGEROID_TYPE,bmi,0.28841317727631577,0.005761452290382074,50.05911057491192,0
bmi,alt_log_adj,REACTOME_DEFECTIVE_C1GALT1C1_CAUSES_TNPS,ppgs,0.0027273753977593075,0.005696045031189312,0.47881914254983376,0.6320709902661785
bmi,alt_log_adj,REACTOME_DEFECTIVE_C1GALT1C1_CAUSES_TNPS,bmi,0.28842260730895664,0.005761498809378736,50.06034312451022,0
bmi,alt_log_adj,REACTOME_DEFECTIVE_CFTR_CAUSES_CYSTIC_FIBROSIS,ppgs,0.030451426605773456,0.005897565201660506,5.163389562390869,2.4415472583175037e-7
bmi,alt_log_adj,REACTOME_DEFECTIVE_CFTR_CAUSES_CYSTIC_FIBROSIS,bmi,0.2883679270267436,0.005758797804476175,50.07432745817228,0
bmi,alt_log_adj,REACTOME_DEFECTIVE_CHST14_CAUSES_EDS_MUSCULOCONTRACTURAL_TYPE,ppgs,-0.0014092621620085278,0.00572797859134964,-0.24603132493141425,0.8056597650368954
bmi,alt_log_adj,REACTOME_DEFECTIVE_CHST14_CAUSES_EDS_MUSCULOCONTRACTURAL_TYPE,bmi,0.288414297225737,0.005761491972115569,50.05896018281422,0
bmi,alt_log_adj,REACTOME_DEFECTIVE_CHST3_CAUSES_SEDCJD,ppgs,-0.0014061129972396326,0.005727964382786196,-0.24548214745631347,0.8060849066225558
bmi,alt_log_adj,REACTOME_DEFECTIVE_CHST3_CAUSES_SEDCJD,bmi,0.2884142798339514,0.005761492016939682,50.058956774732756,0
bmi,alt_log_adj,REACTOME_DEFECTIVE_CHST6_CAUSES_MCDC1,ppgs,0.0049974023073292425,0.005754486053983772,0.8684359055609479,0.3851630974892958
bmi,alt_log_adj,REACTOME_DEFECTIVE_CHST6_CAUSES_MCDC1,bmi,0.28841992592244564,0.005761424572215591,50.06052275913628,0
bmi,alt_log_adj,REACTOME_DEFECTIVE_CHSY1_CAUSES_TPBS,ppgs,-0.001463120858207257,0.0057272576330623165,-0.2554662199515789,0.7983648841239211
bmi,alt_log_adj,REACTOME_DEFECTIVE_CHSY1_CAUSES_TPBS,bmi,0.28841429583508876,0.005761491481531607,50.05896420390404,0
bmi,alt_log_adj,REACTOME_DEFECTIVE_CSF2RB_CAUSES_SMDP5,ppgs,0.001195762374275981,0.00568786334584307,0.21023050336641694,0.8334892841074475
bmi,alt_log_adj,REACTOME_DEFECTIVE_CSF2RB_CAUSES_SMDP5,bmi,0.28840162889741083,0.005761824972489169,50.05386839663377,0
bmi,alt_log_adj,REACTOME_DEFECTIVE_EXT2_CAUSES_EXOSTOSES_2,ppgs,-0.012156224802829232,0.0056953442946504,-2.134414387247404,0.03281742777143004
bmi,alt_log_adj,REACTOME_DEFECTIVE_EXT2_CAUSES_EXOSTOSES_2,bmi,0.28831620098148303,0.005761219623776346,50.04429961177186,0
bmi,alt_log_adj,REACTOME_DEFECTIVE_F9_ACTIVATION,ppgs,-9.497567395331034e-4,0.005726860081977563,-0.1658424906384546,0.8682820890391165
bmi,alt_log_adj,REACTOME_DEFECTIVE_F9_ACTIVATION,bmi,0.28841664275695755,0.005761508058333594,50.05922752113212,0
bmi,alt_log_adj,REACTOME_DEFECTIVE_FACTOR_IX_CAUSES_HEMOPHILIA_B,ppgs,-0.00120703373347907,0.005758781010225256,-0.20959882505270966,0.8339823028727926
bmi,alt_log_adj,REACTOME_DEFECTIVE_FACTOR_IX_CAUSES_HEMOPHILIA_B,bmi,0.2884164632731584,0.005761500202913296,50.059264621273634,0
bmi,alt_log_adj,REACTOME_DEFECTIVE_FACTOR_VIII_CAUSES_HEMOPHILIA_A,ppgs,0.0032130162520649136,0.00578020160589667,0.5558657761672459,0.5783070025320336
bmi,alt_log_adj,REACTOME_DEFECTIVE_FACTOR_VIII_CAUSES_HEMOPHILIA_A,bmi,0.2884117510462136,0.005761468888934016,50.05871881043436,0
bmi,alt_log_adj,REACTOME_DEFECTIVE_GALNT3_CAUSES_HFTC,ppgs,0.0037689018351403664,0.0056959387941932175,0.6616822917729754,0.5081802339074029
bmi,alt_log_adj,REACTOME_DEFECTIVE_GALNT3_CAUSES_HFTC,bmi,0.2884251745306612,0.0057614755532419785,50.060990776636125,0
bmi,alt_log_adj,REACTOME_DEFECTIVE_INTRINSIC_PATHWAY_FOR_APOPTOSIS,ppgs,0.009194983010043272,0.005693299491059551,1.6150534544129593,0.10631024794056815
bmi,alt_log_adj,REACTOME_DEFECTIVE_INTRINSIC_PATHWAY_FOR_APOPTOSIS,bmi,0.28836289312672286,0.00576132196393261,50.05151507448297,0
bmi,alt_log_adj,REACTOME_DEFECTIVE_LFNG_CAUSES_SCDO3,ppgs,-0.00294927950194795,0.005691888061309103,-0.5181548670986393,0.6043542652635565
bmi,alt_log_adj,REACTOME_DEFECTIVE_LFNG_CAUSES_SCDO3,bmi,0.2884206547280958,0.005761482451987262,50.06014634803117,0
bmi,alt_log_adj,REACTOME_DEFECTIVE_RIPK1_MEDIATED_REGULATED_NECROSIS,ppgs,0.004352543104453144,0.005701407691195562,0.7634155177456592,0.44522198124548185
bmi,alt_log_adj,REACTOME_DEFECTIVE_RIPK1_MEDIATED_REGULATED_NECROSIS,bmi,0.288393045547256,0.0057615080738334665,50.055131720985564,0
bmi,alt_log_adj,REACTOME_DEFECTIVE_ST3GAL3_CAUSES_MCT12_AND_EIEE15,ppgs,0.002654939905311305,0.005709999969394402,0.4649632083260564,0.6419613753775765
bmi,alt_log_adj,REACTOME_DEFECTIVE_ST3GAL3_CAUSES_MCT12_AND_EIEE15,bmi,0.28842392798921807,0.005761510764724138,50.06046847211399,0
bmi,alt_log_adj,REACTOME_DEFECTS_IN_BIOTIN_BTN_METABOLISM,ppgs,0.015696876894804562,0.005704943578243909,2.7514517329611103,0.005936943852308117
bmi,alt_log_adj,REACTOME_DEFECTS_IN_BIOTIN_BTN_METABOLISM,bmi,0.28816822389416075,0.005761424847530689,50.016832905087334,0
bmi,alt_log_adj,REACTOME_DEFECTS_IN_COBALAMIN_B12_METABOLISM,ppgs,0.006565587503928476,0.0056967735775886735,1.1525098223594052,0.24912135403853009
bmi,alt_log_adj,REACTOME_DEFECTS_IN_COBALAMIN_B12_METABOLISM,bmi,0.28837714781622587,0.005761454753691145,50.05283563694978,0
bmi,alt_log_adj,REACTOME_DEFECTS_IN_VITAMIN_AND_COFACTOR_METABOLISM,ppgs,0.016037071468665794,0.005704610603055576,2.8112473549160066,0.004938369285262929
bmi,alt_log_adj,REACTOME_DEFECTS_IN_VITAMIN_AND_COFACTOR_METABOLISM,bmi,0.28816289676863405,0.005761390911840077,50.01620288886115,0
bmi,alt_log_adj,REACTOME_DEFECTS_OF_CONTACT_ACTIVATION_SYSTEM_CAS_AND_KALLIKREIN_KININ_SYSTEM_KKS,ppgs,0.008595613358727433,0.005809878887661887,1.4794823652832858,0.1390225527369453
bmi,alt_log_adj,REACTOME_DEFECTS_OF_CONTACT_ACTIVATION_SYSTEM_CAS_AND_KALLIKREIN_KININ_SYSTEM_KKS,bmi,0.2884282144627394,0.005761282882777561,50.06319257902606,0
bmi,alt_log_adj,REACTOME_DEFECTS_OF_PLATELET_ADHESION_TO_EXPOSED_COLLAGEN,ppgs,0.003717520145630457,0.005744765167279711,0.6471143793316787,0.5175631591938796
bmi,alt_log_adj,REACTOME_DEFECTS_OF_PLATELET_ADHESION_TO_EXPOSED_COLLAGEN,bmi,0.28841517862830773,0.005761455483360875,50.05943020149211,0
bmi,alt_log_adj,REACTOME_DEFENSINS,ppgs,0.011554000342106534,0.005684491666596035,2.0325476788015515,0.04210754302192246
bmi,alt_log_adj,REACTOME_DEFENSINS,bmi,0.28850845690056837,0.005761263182361036,50.07729169253714,0
bmi,alt_log_adj,REACTOME_DEGRADATION_OF_AXIN,ppgs,-0.00826182983702861,0.005679706026654596,-1.4546227917882064,0.14578478926276955
bmi,alt_log_adj,REACTOME_DEGRADATION_OF_AXIN,bmi,0.28838409815742005,0.005761321183888535,50.05520243583758,0
bmi,alt_log_adj,REACTOME_DEGRADATION_OF_BETA_CATENIN_BY_THE_DESTRUCTION_COMPLEX,ppgs,0.006018510109752853,0.005691976120094985,1.0573674208690143,0.2903529440585447
bmi,alt_log_adj,REACTOME_DEGRADATION_OF_BETA_CATENIN_BY_THE_DESTRUCTION_COMPLEX,bmi,0.2883813857695184,0.0057614701110880375,50.05343778743623,0
bmi,alt_log_adj,REACTOME_DEGRADATION_OF_CRY_AND_PER_PROTEINS,ppgs,-0.00988412611951861,0.005678111805410495,-1.740741721587859,0.08173971089886459
bmi,alt_log_adj,REACTOME_DEGRADATION_OF_CRY_AND_PER_PROTEINS,bmi,0.288358914519489,0.005761278960044982,50.05119809668747,0
bmi,alt_log_adj,REACTOME_DEGRADATION_OF_CYSTEINE_AND_HOMOCYSTEINE,ppgs,0.00519224203590792,0.005739299480709028,0.9046821922013513,0.3656414658442727
bmi,alt_log_adj,REACTOME_DEGRADATION_OF_CYSTEINE_AND_HOMOCYSTEINE,bmi,0.288490101395853,0.005762018864769561,50.06753850803133,0
bmi,alt_log_adj,REACTOME_DEGRADATION_OF_DVL,ppgs,0.0030478580300107878,0.005691631490364805,0.5354981318046358,0.592309649831464
bmi,alt_log_adj,REACTOME_DEGRADATION_OF_DVL,bmi,0.28843800657052665,0.005761634319504726,50.06183846032786,0
bmi,alt_log_adj,REACTOME_DEGRADATION_OF_GLI1_BY_THE_PROTEASOME,ppgs,-0.010478284559600958,0.005682265150407635,-1.8440330189183913,0.06518875653221042
bmi,alt_log_adj,REACTOME_DEGRADATION_OF_GLI1_BY_THE_PROTEASOME,bmi,0.28838328358378673,0.005761177523313222,50.05630922095577,0
bmi,alt_log_adj,REACTOME_DEGRADATION_OF_THE_EXTRACELLULAR_MATRIX,ppgs,-0.005504575739626479,0.005701147798173075,-0.9655206169870588,0.3342923508113623
bmi,alt_log_adj,REACTOME_DEGRADATION_OF_THE_EXTRACELLULAR_MATRIX,bmi,0.28840836688748983,0.005761406886017518,50.0586701465981,0
bmi,alt_log_adj,REACTOME_DEPOLYMERIZATION_OF_THE_NUCLEAR_LAMINA,ppgs,9.212051087994481e-4,0.0056905690815975945,0.16188277404073356,0.8713993218884826
bmi,alt_log_adj,REACTOME_DEPOLYMERIZATION_OF_THE_NUCLEAR_LAMINA,bmi,0.2884120402610826,0.005761517385670399,50.058347646125085,0
bmi,alt_log_adj,REACTOME_DEPOSITION_OF_NEW_CENPA_CONTAINING_NUCLEOSOMES_AT_THE_CENTROMERE,ppgs,-0.0020817169080591317,0.005678358167657751,-0.36660542477154323,0.7139160972060268
bmi,alt_log_adj,REACTOME_DEPOSITION_OF_NEW_CENPA_CONTAINING_NUCLEOSOMES_AT_THE_CENTROMERE,bmi,0.2884367952252728,0.005761801763509327,50.06017337354475,0
bmi,alt_log_adj,REACTOME_DERMATAN_SULFATE_BIOSYNTHESIS,ppgs,-9.08467703560737e-4,0.005722883646552422,-0.1587429973537931,0.8738724914441958
bmi,alt_log_adj,REACTOME_DERMATAN_SULFATE_BIOSYNTHESIS,bmi,0.28841431753306396,0.005761495730765088,50.058931050316765,0
bmi,alt_log_adj,REACTOME_DETOXIFICATION_OF_REACTIVE_OXYGEN_SPECIES,ppgs,0.012722712747081057,0.005679496322023645,2.2401128596114424,0.02509131343485985
bmi,alt_log_adj,REACTOME_DETOXIFICATION_OF_REACTIVE_OXYGEN_SPECIES,bmi,0.2884058611193669,0.005760989440567436,50.06186247947019,0
bmi,alt_log_adj,REACTOME_DEUBIQUITINATION,ppgs,0.00543538872812539,0.005682486179662659,0.9565159608444594,0.3388197811327015
bmi,alt_log_adj,REACTOME_DEUBIQUITINATION,bmi,0.28834979605495903,0.005761803607295636,50.04505805957157,0
bmi,alt_log_adj,REACTOME_DEVELOPMENTAL_CELL_LINEAGES,ppgs,0.0176490136266136,0.005704455730706715,3.093899656650871,0.0019773639784853403
bmi,alt_log_adj,REACTOME_DEVELOPMENTAL_CELL_LINEAGES,bmi,0.28849016344105444,0.005760577259399838,50.08007886194215,0
bmi,alt_log_adj,REACTOME_DEVELOPMENTAL_CELL_LINEAGES_OF_THE_EXOCRINE_PANCREAS,ppgs,0.015236791866168746,0.005704151745809791,2.6711757584923177,0.007562921792638701
bmi,alt_log_adj,REACTOME_DEVELOPMENTAL_CELL_LINEAGES_OF_THE_EXOCRINE_PANCREAS,bmi,0.28849105967406413,0.005760844121999917,50.07791454942413,0
bmi,alt_log_adj,REACTOME_DEVELOPMENTAL_LINEAGE_OF_MULTIPOTENT_PANCREATIC_PROGENITOR_CELLS,ppgs,0.012135852246318595,0.005719325574233384,2.121902676950731,0.03385456007228585
bmi,alt_log_adj,REACTOME_DEVELOPMENTAL_LINEAGE_OF_MULTIPOTENT_PANCREATIC_PROGENITOR_CELLS,bmi,0.2884385396943717,0.005761051523970213,50.066995320950554,0
bmi,alt_log_adj,REACTOME_DEVELOPMENTAL_LINEAGE_OF_PANCREATIC_ACINAR_CELLS,ppgs,0.011768602008735522,0.0056951759989520125,2.066415859826123,0.03879829016267339
bmi,alt_log_adj,REACTOME_DEVELOPMENTAL_LINEAGE_OF_PANCREATIC_ACINAR_CELLS,bmi,0.28850626585252426,0.005761234805771437,50.07715803624374,0
bmi,alt_log_adj,REACTOME_DEVELOPMENTAL_LINEAGE_OF_PANCREATIC_DUCTAL_CELLS,ppgs,0.011627051022065096,0.0057117472420661775,2.0356382258013057,0.041795975721212644
bmi,alt_log_adj,REACTOME_DEVELOPMENTAL_LINEAGE_OF_PANCREATIC_DUCTAL_CELLS,bmi,0.288448356021196,0.005761100767576554,50.068271265897984,0
bmi,alt_log_adj,REACTOME_DEX_H_BOX_HELICASES_ACTIVATE_TYPE_I_IFN_AND_INFLAMMATORY_CYTOKINES_PRODUCTION,ppgs,-0.004809651420940463,0.005706555153755611,-0.8428292185654465,0.39933107499438714
bmi,alt_log_adj,REACTOME_DEX_H_BOX_HELICASES_ACTIVATE_TYPE_I_IFN_AND_INFLAMMATORY_CYTOKINES_PRODUCTION,bmi,0.2884274503554337,0.005761445892215648,50.061643509510546,0
bmi,alt_log_adj,REACTOME_DIFFERENTIATION_OF_KERATINOCYTES_IN_INTERFOLLICULAR_EPIDERMIS_IN_MAMMALIAN_SKIN,ppgs,0.007575573260825986,0.0056971385416258,1.3297154712801025,0.18362273427793477
bmi,alt_log_adj,REACTOME_DIFFERENTIATION_OF_KERATINOCYTES_IN_INTERFOLLICULAR_EPIDERMIS_IN_MAMMALIAN_SKIN,bmi,0.2884470171016907,0.005761369814887063,50.065700756851164,0
bmi,alt_log_adj,REACTOME_DIGESTION,ppgs,0.0021570453334383956,0.005758610361319927,0.37457740636995984,0.7079775805331651
bmi,alt_log_adj,REACTOME_DIGESTION,bmi,0.2884102490025892,0.005761495543298908,50.05822652037526,0
bmi,alt_log_adj,REACTOME_DIGESTION_AND_ABSORPTION,ppgs,0.0017093029254465853,0.005758246705215865,0.2968443369920718,0.76658752896191
bmi,alt_log_adj,REACTOME_DIGESTION_AND_ABSORPTION,bmi,0.2884116368061802,0.0057614977955031885,50.05844782779985,0
bmi,alt_log_adj,REACTOME_DIGESTION_OF_DIETARY_CARBOHYDRATE,ppgs,0.0012093493597615263,0.00575800688290529,0.2100291618879293,0.8336464220691978
bmi,alt_log_adj,REACTOME_DIGESTION_OF_DIETARY_CARBOHYDRATE,bmi,0.2884114613464621,0.0057615131451579675,50.058284009791066,0
bmi,alt_log_adj,REACTOME_DIGESTION_OF_DIETARY_LIPID,ppgs,0.009492899207738228,0.005704100435195211,1.664223713377402,0.09607878268112498
bmi,alt_log_adj,REACTOME_DIGESTION_OF_DIETARY_LIPID,bmi,0.28843854352181536,0.005761234479738391,50.06540604035837,0
bmi,alt_log_adj,REACTOME_DISASSEMBLY_OF_THE_DESTRUCTION_COMPLEX_AND_RECRUITMENT_OF_AXIN_TO_THE_MEMBRANE,ppgs,0.013575643697672075,0.005678893270694867,2.390543905399188,0.016829923298161405
bmi,alt_log_adj,REACTOME_DISASSEMBLY_OF_THE_DESTRUCTION_COMPLEX_AND_RECRUITMENT_OF_AXIN_TO_THE_MEMBRANE,bmi,0.2882682414818753,0.005761242764356015,50.03577409814245,0
bmi,alt_log_adj,REACTOME_DISEASES_ASSOCIATED_WITH_GLYCOSAMINOGLYCAN_METABOLISM,ppgs,-0.0038745321581362025,0.005719932060014483,-0.6773738075005025,0.49817434013507733
bmi,alt_log_adj,REACTOME_DISEASES_ASSOCIATED_WITH_GLYCOSAMINOGLYCAN_METABOLISM,bmi,0.2884120032680279,0.0057614526439679235,50.05890373324287,0
bmi,alt_log_adj,REACTOME_DISEASES_ASSOCIATED_WITH_GLYCOSYLATION_PRECURSOR_BIOSYNTHESIS,ppgs,0.0037708293381895712,0.0056950491128653115,0.6621241122699255,0.5078970661372568
bmi,alt_log_adj,REACTOME_DISEASES_ASSOCIATED_WITH_GLYCOSYLATION_PRECURSOR_BIOSYNTHESIS,bmi,0.2883875239460393,0.005761598779915322,50.05338534702302,0
bmi,alt_log_adj,REACTOME_DISEASES_ASSOCIATED_WITH_N_GLYCOSYLATION_OF_PROTEINS,ppgs,0.0010148337392633343,0.005758167448807731,0.17624248483316732,0.8601047039605865
bmi,alt_log_adj,REACTOME_DISEASES_ASSOCIATED_WITH_N_GLYCOSYLATION_OF_PROTEINS,bmi,0.28841208306944666,0.005761512828812183,50.05839466800369,0
bmi,alt_log_adj,REACTOME_DISEASES_ASSOCIATED_WITH_O_GLYCOSYLATION_OF_PROTEINS,ppgs,0.006605327345255113,0.005709593684044593,1.1568822075226892,0.2473302369873018
bmi,alt_log_adj,REACTOME_DISEASES_ASSOCIATED_WITH_O_GLYCOSYLATION_OF_PROTEINS,bmi,0.28837977225485234,0.00576144072762356,50.053413006958294,0
bmi,alt_log_adj,REACTOME_DISEASES_ASSOCIATED_WITH_SURFACTANT_METABOLISM,ppgs,0.0013827945324675114,0.005693805979496789,0.24285944014371227,0.8081160440808295
bmi,alt_log_adj,REACTOME_DISEASES_ASSOCIATED_WITH_SURFACTANT_METABOLISM,bmi,0.2884029947475802,0.005761690903517193,50.055270158891396,0
bmi,alt_log_adj,REACTOME_DISEASES_OF_BASE_EXCISION_REPAIR,ppgs,-1.597889804470382e-4,0.005697451962823826,-0.028045691563469026,0.9776259062800312
bmi,alt_log_adj,REACTOME_DISEASES_OF_BASE_EXCISION_REPAIR,bmi,0.2884143089719442,0.0057615087196613195,50.05881671023456,0
bmi,alt_log_adj,REACTOME_DISEASES_OF_BRANCHED_CHAIN_AMINO_ACID_CATABOLISM,ppgs,-0.0014645404900017864,0.0057292448791445,-0.2556253958236245,0.7982419613150762
bmi,alt_log_adj,REACTOME_DISEASES_OF_BRANCHED_CHAIN_AMINO_ACID_CATABOLISM,bmi,0.2884155962230291,0.005761492591463072,50.059180263527665,0
bmi,alt_log_adj,REACTOME_DISEASES_OF_CARBOHYDRATE_METABOLISM,ppgs,0.010527086233938941,0.005709941943389517,1.8436415533307307,0.06524582612499197
bmi,alt_log_adj,REACTOME_DISEASES_OF_CARBOHYDRATE_METABOLISM,bmi,0.28838238796848104,0.005761179134409069,50.056139765919774,0
bmi,alt_log_adj,REACTOME_DISEASES_OF_DNA_REPAIR,ppgs,0.0016289277557076677,0.005751424408656335,0.2832216230219433,0.7770090219290764
bmi,alt_log_adj,REACTOME_DISEASES_OF_DNA_REPAIR,bmi,0.28841512432177824,0.005761490093257313,50.05912006328211,0
bmi,alt_log_adj,REACTOME_DISEASES_OF_GLYCOSYLATION,ppgs,0.0024410309253652548,0.005698912418335449,0.4283327670577251,0.6684121202127016
bmi,alt_log_adj,REACTOME_DISEASES_OF_GLYCOSYLATION,bmi,0.28840016931051904,0.005761578133786367,50.05575948355482,0
bmi,alt_log_adj,REACTOME_DISEASES_OF_HEMOSTASIS,ppgs,0.009136173530842739,0.005848693251545703,1.5620879977639817,0.11827842225018115
bmi,alt_log_adj,REACTOME_DISEASES_OF_HEMOSTASIS,bmi,0.28842873271656083,0.005761257110891136,50.06350648217251,0
bmi,alt_log_adj,REACTOME_DISEASES_OF_IMMUNE_SYSTEM,ppgs,0.004510655279663803,0.00570733181515901,0.7903264477602715,0.4293437558849733
bmi,alt_log_adj,REACTOME_DISEASES_OF_IMMUNE_SYSTEM,bmi,0.2883745524247828,0.005761657576880213,50.050623206408964,0
bmi,alt_log_adj,REACTOME_DISEASES_OF_METABOLISM,ppgs,0.012627656172193519,0.005700263958163809,2.215275689840368,0.026749064182501333
bmi,alt_log_adj,REACTOME_DISEASES_OF_METABOLISM,bmi,0.28822219501831253,0.0057616541795258444,50.02420937419604,0
bmi,alt_log_adj,REACTOME_DISEASES_OF_MISMATCH_REPAIR_MMR,ppgs,-0.0038542849140687776,0.005723139882326458,-0.6734563532111345,0.5006624977721779
bmi,alt_log_adj,REACTOME_DISEASES_OF_MISMATCH_REPAIR_MMR,bmi,0.28840102666677114,0.005761487252595273,50.05669786683297,0
bmi,alt_log_adj,REACTOME_DISEASES_OF_MITOTIC_CELL_CYCLE,ppgs,7.028842406878244e-4,0.005679319751045831,0.12376204748084314,0.9015045598576136
bmi,alt_log_adj,REACTOME_DISEASES_OF_MITOTIC_CELL_CYCLE,bmi,0.28841754009074894,0.005761544652520171,50.05906531759526,0
bmi,alt_log_adj,REACTOME_DISEASES_OF_PROGRAMMED_CELL_DEATH,ppgs,0.006256312405172287,0.005698546969644101,1.097878536142525,0.27226685622864033
bmi,alt_log_adj,REACTOME_DISEASES_OF_PROGRAMMED_CELL_DEATH,bmi,0.28839634816071047,0.005761399536407282,50.05664792699829,0
bmi,alt_log_adj,REACTOME_DISEASES_OF_SIGNAL_TRANSDUCTION_BY_GROWTH_FACTOR_RECEPTORS_AND_SECOND_MESSENGERS,ppgs,0.016837576791265817,0.005690912728354392,2.958677736766953,0.003092171956745229
bmi,alt_log_adj,REACTOME_DISEASES_OF_SIGNAL_TRANSDUCTION_BY_GROWTH_FACTOR_RECEPTORS_AND_SECOND_MESSENGERS,bmi,0.28821512554715417,0.005761003247969013,50.02863444813396,0
bmi,alt_log_adj,REACTOME_DISINHIBITION_OF_SNARE_FORMATION,ppgs,-0.006725248089068329,0.0057052787163867705,-1.178776432035124,0.23849710485745002
bmi,alt_log_adj,REACTOME_DISINHIBITION_OF_SNARE_FORMATION,bmi,0.28842247613386046,0.005761360630811412,50.061520987142224,0
bmi,alt_log_adj,REACTOME_DISORDERS_OF_TRANSMEMBRANE_TRANSPORTERS,ppgs,0.032644769167425626,0.00588719853556448,5.5450430234718695,2.9649911220850244e-8
bmi,alt_log_adj,REACTOME_DISORDERS_OF_TRANSMEMBRANE_TRANSPORTERS,bmi,0.28836641576217636,0.005758382595234212,50.07767563079882,0
bmi,alt_log_adj,REACTOME_DISPLACEMENT_OF_DNA_GLYCOSYLASE_BY_APEX1,ppgs,0.003895727883739296,0.00573503820257873,0.6792854286458985,0.4969625731506704
bmi,alt_log_adj,REACTOME_DISPLACEMENT_OF_DNA_GLYCOSYLASE_BY_APEX1,bmi,0.2884597411360112,0.005761833939569071,50.06387621743662,0
bmi,alt_log_adj,REACTOME_DISSOLUTION_OF_FIBRIN_CLOT,ppgs,0.013720486040905443,0.005696701775625626,2.4084964566007363,0.016024721094879794
bmi,alt_log_adj,REACTOME_DISSOLUTION_OF_FIBRIN_CLOT,bmi,0.28852983493391393,0.005761107195284574,50.08235833036983,0
bmi,alt_log_adj,REACTOME_DNA_DAMAGE_BYPASS,ppgs,0.001085479319905999,0.005686391735607654,0.19089070369683273,0.8486125905866851
bmi,alt_log_adj,REACTOME_DNA_DAMAGE_BYPASS,bmi,0.2884072423699717,0.005761623974302834,50.05658884652732,0
bmi,alt_log_adj,REACTOME_DNA_DAMAGE_RECOGNITION_IN_GG_NER,ppgs,0.007824999198307328,0.005706813482498718,1.3711678544085106,0.17033349019524754
bmi,alt_log_adj,REACTOME_DNA_DAMAGE_RECOGNITION_IN_GG_NER,bmi,0.2884482188239939,0.0057613590325557565,50.06600303748774,0
bmi,alt_log_adj,REACTOME_DNA_DAMAGE_REVERSAL,ppgs,0.0020038427586859127,0.005781644553995392,0.34658698575670166,0.7289041968173019
bmi,alt_log_adj,REACTOME_DNA_DAMAGE_REVERSAL,bmi,0.28838447447996196,0.005762142358533765,50.0481342764576,0
bmi,alt_log_adj,REACTOME_DNA_DAMAGE_TELOMERE_STRESS_INDUCED_SENESCENCE,ppgs,-0.001465188618323867,0.00568920621706614,-0.2575383212386786,0.7967651058531855
bmi,alt_log_adj,REACTOME_DNA_DAMAGE_TELOMERE_STRESS_INDUCED_SENESCENCE,bmi,0.28839912666709877,0.0057618053948227145,50.05360419257488,0
bmi,alt_log_adj,REACTOME_DNA_DOUBLE_STRAND_BREAK_REPAIR,ppgs,0.004825741673834283,0.005881604491870679,0.8204804795195312,0.4119491516302962
bmi,alt_log_adj,REACTOME_DNA_DOUBLE_STRAND_BREAK_REPAIR,bmi,0.28841304665385986,0.0057614298853698905,50.0592825725837,0
bmi,alt_log_adj,REACTOME_DNA_DOUBLE_STRAND_BREAK_RESPONSE,ppgs,0.010978009633837982,0.005727914546355187,1.9165805538812655,0.05530128319757507
bmi,alt_log_adj,REACTOME_DNA_DOUBLE_STRAND_BREAK_RESPONSE,bmi,0.2882860765665,0.005761515138147625,50.03650422746027,0
bmi,alt_log_adj,REACTOME_DNA_METHYLATION,ppgs,-0.0013003111458829966,0.005758701370694088,-0.2257993707574859,0.8213590942547897
bmi,alt_log_adj,REACTOME_DNA_METHYLATION,bmi,0.28841653183783006,0.005761498997560982,50.05928699456957,0
bmi,alt_log_adj,REACTOME_DNA_REPAIR,ppgs,0.005690121037175979,0.005870089132911295,0.9693415054421737,0.33238309688024337
bmi,alt_log_adj,REACTOME_DNA_REPAIR,bmi,0.28839050154839113,0.005761456228171764,50.055140597658195,0
bmi,alt_log_adj,REACTOME_DNA_REPLICATION,ppgs,-0.0028647935715100364,0.005676039397098503,-0.5047169991410685,0.613761542787111
bmi,alt_log_adj,REACTOME_DNA_REPLICATION,bmi,0.28841687980636965,0.005761473822235526,50.0595661292895,0
bmi,alt_log_adj,REACTOME_DNA_REPLICATION_INITIATION,ppgs,0.00446398051519019,0.005695664468075715,0.7837506124545903,0.4331930061404651
bmi,alt_log_adj,REACTOME_DNA_REPLICATION_INITIATION,bmi,0.2884488182903783,0.005761600759998037,50.064006567937994,0
bmi,alt_log_adj,REACTOME_DNA_REPLICATION_PRE_INITIATION,ppgs,-0.005880506672687501,0.005687891087940951,-1.0338641478482102,0.3012084969975609
bmi,alt_log_adj,REACTOME_DNA_REPLICATION_PRE_INITIATION,bmi,0.288363926680748,0.0057615980227214945,50.049296313896456,0
bmi,alt_log_adj,REACTOME_DNA_STRAND_ELONGATION,ppgs,-7.631385197585816e-4,0.005686267648807684,-0.13420728092505443,0.8932396213590099
bmi,alt_log_adj,REACTOME_DNA_STRAND_ELONGATION,bmi,0.2884160754715837,0.005761506316764559,50.05914419157439,0
bmi,alt_log_adj,REACTOME_DOPAMINE_CLEARANCE_FROM_THE_SYNAPTIC_CLEFT,ppgs,0.005732014132912624,0.005695041561892592,1.006492063423633,0.3141875181024256
bmi,alt_log_adj,REACTOME_DOPAMINE_CLEARANCE_FROM_THE_SYNAPTIC_CLEFT,bmi,0.28841130276051985,0.005761395977433171,50.05927450399156,0
bmi,alt_log_adj,REACTOME_DOPAMINE_NEUROTRANSMITTER_RELEASE_CYCLE,ppgs,-0.0024868140814850717,0.0057132641367192705,-0.4352702801717611,0.663369568194377
bmi,alt_log_adj,REACTOME_DOPAMINE_NEUROTRANSMITTER_RELEASE_CYCLE,bmi,0.28841027145742487,0.005761487390034862,50.05830125676622,0
bmi,alt_log_adj,REACTOME_DOPAMINE_RECEPTORS,ppgs,0.0011852741420539463,0.005696829183216005,0.2080585715201011,0.8351847290182411
bmi,alt_log_adj,REACTOME_DOPAMINE_RECEPTORS,bmi,0.28840541118783947,0.005761663661805397,50.05592622486899,0
bmi,alt_log_adj,REACTOME_DOWNREGULATION_OF_ERBB2_ERBB3_SIGNALING,ppgs,6.330521868765322e-4,0.005705693586211506,0.11095096105517809,0.9116560193901185
bmi,alt_log_adj,REACTOME_DOWNREGULATION_OF_ERBB2_ERBB3_SIGNALING,bmi,0.28841428435451616,0.005761497525635427,50.05890969686868,0
bmi,alt_log_adj,REACTOME_DOWNREGULATION_OF_ERBB2_SIGNALING,ppgs,-0.005546461291004898,0.005696456154952723,-0.9736687407279675,0.33022935071560744
bmi,alt_log_adj,REACTOME_DOWNREGULATION_OF_ERBB2_SIGNALING,bmi,0.288395769434578,0.005761434174234821,50.05624653741358,0
bmi,alt_log_adj,REACTOME_DOWNREGULATION_OF_ERBB4_SIGNALING,ppgs,-0.001958916075975701,0.0057231766279627495,-0.34227775994273424,0.7321444083359647
bmi,alt_log_adj,REACTOME_DOWNREGULATION_OF_ERBB4_SIGNALING,bmi,0.2884115648454494,0.005761492991246882,50.058477079398884,0
bmi,alt_log_adj,REACTOME_DOWNREGULATION_OF_SMAD2_3_SMAD4_TRANSCRIPTIONAL_ACTIVITY,ppgs,0.00857553099926943,0.005695617649645693,1.5056367064602534,0.13217160158845884
bmi,alt_log_adj,REACTOME_DOWNREGULATION_OF_SMAD2_3_SMAD4_TRANSCRIPTIONAL_ACTIVITY,bmi,0.28838534288325673,0.005761300444599781,50.055598671922745,0
bmi,alt_log_adj,REACTOME_DOWNREGULATION_OF_TGF_BETA_RECEPTOR_SIGNALING,ppgs,0.007262534813838167,0.005698765834880345,1.274404849096709,0.20253042085630013
bmi,alt_log_adj,REACTOME_DOWNREGULATION_OF_TGF_BETA_RECEPTOR_SIGNALING,bmi,0.28834942473446556,0.005761560077165413,50.04710892059785,0
bmi,alt_log_adj,REACTOME_DOWNSTREAM_SIGNALING_EVENTS_OF_B_CELL_RECEPTOR_BCR,ppgs,-0.011499631375580167,0.005758897153941457,-1.9968461092780039,0.04585144659214416
bmi,alt_log_adj,REACTOME_DOWNSTREAM_SIGNALING_EVENTS_OF_B_CELL_RECEPTOR_BCR,bmi,0.28844373349118346,0.005761111271935106,50.06737760756664,0
bmi,alt_log_adj,REACTOME_DOWNSTREAM_SIGNALING_OF_ACTIVATED_FGFR1,ppgs,0.0024608351154960673,0.005699437317701866,0.43176808136006106,0.6659132637672232
bmi,alt_log_adj,REACTOME_DOWNSTREAM_SIGNALING_OF_ACTIVATED_FGFR1,bmi,0.2883990117320536,0.005761592467584083,50.055434040961146,0
bmi,alt_log_adj,REACTOME_DOWNSTREAM_SIGNALING_OF_ACTIVATED_FGFR2,ppgs,0.0018092510925303057,0.005707118477179165,0.31701656444752085,0.7512333678936135
bmi,alt_log_adj,REACTOME_DOWNSTREAM_SIGNALING_OF_ACTIVATED_FGFR2,bmi,0.2884034013615899,0.005761596482212212,50.05616104008295,0
bmi,alt_log_adj,REACTOME_DOWNSTREAM_SIGNALING_OF_ACTIVATED_FGFR3,ppgs,0.002217735743741017,0.005705205539622951,0.38872144541309267,0.6974851357946663
bmi,alt_log_adj,REACTOME_DOWNSTREAM_SIGNALING_OF_ACTIVATED_FGFR3,bmi,0.2883986696603852,0.005761628772475668,50.0550592634703,0
bmi,alt_log_adj,REACTOME_DOWNSTREAM_SIGNALING_OF_ACTIVATED_FGFR4,ppgs,0.002824946759418424,0.00570415374568756,0.4952437969530771,0.6204318769455962
bmi,alt_log_adj,REACTOME_DOWNSTREAM_SIGNALING_OF_ACTIVATED_FGFR4,bmi,0.28839453860963177,0.005761615766164522,50.05445526292263,0
bmi,alt_log_adj,REACTOME_DOWNSTREAM_SIGNAL_TRANSDUCTION,ppgs,3.602852533528109e-4,0.00571893609137998,0.06299865002790651,0.9497680234595625
bmi,alt_log_adj,REACTOME_DOWNSTREAM_SIGNAL_TRANSDUCTION,bmi,0.28841551960765427,0.0057615151763448546,50.058970735997796,0
bmi,alt_log_adj,REACTOME_DOWNSTREAM_TCR_SIGNALING,ppgs,-0.00319538392641668,0.0056905972324166575,-0.5615199593135989,0.5744475665380291
bmi,alt_log_adj,REACTOME_DOWNSTREAM_TCR_SIGNALING,bmi,0.2884033937346738,0.005761500633150213,50.05699245701264,0
bmi,alt_log_adj,REACTOME_DRUG_ADME,ppgs,0.021598563078218957,0.0056944442301421865,3.7929185369648715,1.4919591590423773e-4
bmi,alt_log_adj,REACTOME_DRUG_ADME,bmi,0.2886033803653723,0.00576025161924359,50.10256486039935,0
bmi,alt_log_adj,REACTOME_DRUG_MEDIATED_INHIBITION_OF_CDK4_CDK6_ACTIVITY,ppgs,0.0065699177433684,0.005919061347083221,1.1099593935795082,0.26702593971065697
bmi,alt_log_adj,REACTOME_DRUG_MEDIATED_INHIBITION_OF_CDK4_CDK6_ACTIVITY,bmi,0.2884184386342517,0.005761373808225792,50.06070569878017,0
bmi,alt_log_adj,REACTOME_DUAL_INCISION_IN_GG_NER,ppgs,0.007680573004617536,0.005672622687182744,1.353972126856197,0.1757560635950661
bmi,alt_log_adj,REACTOME_DUAL_INCISION_IN_GG_NER,bmi,0.2884282776560233,0.005761320519283731,50.062876503854326,0
bmi,alt_log_adj,REACTOME_DUAL_INCISION_IN_TC_NER,ppgs,0.008876863008322276,0.005677835945245101,1.563423651885574,0.11796414266008289
bmi,alt_log_adj,REACTOME_DUAL_INCISION_IN_TC_NER,bmi,0.288435280849414,0.005761264758332649,50.06457660746166,0
bmi,alt_log_adj,REACTOME_E2F_ENABLED_INHIBITION_OF_PRE_REPLICATION_COMPLEX_FORMATION,ppgs,-0.003616030628101005,0.005693736343594284,-0.6350892296179479,0.5253753467778254
bmi,alt_log_adj,REACTOME_E2F_ENABLED_INHIBITION_OF_PRE_REPLICATION_COMPLEX_FORMATION,bmi,0.2883766889416178,0.005761766583740363,50.050047108019506,0
bmi,alt_log_adj,REACTOME_E2F_MEDIATED_REGULATION_OF_DNA_REPLICATION,ppgs,2.8576303215510954e-4,0.005678564095211841,0.0503231146754273,0.9598652587885199
bmi,alt_log_adj,REACTOME_E2F_MEDIATED_REGULATION_OF_DNA_REPLICATION,bmi,0.28841575745151665,0.00576154187636048,50.05878003506009,0
bmi,alt_log_adj,REACTOME_E3_UBIQUITIN_LIGASES_UBIQUITINATE_TARGET_PROTEINS,ppgs,0.00400253534979288,0.005678938244539266,0.7048034645634023,0.4809383423362128
bmi,alt_log_adj,REACTOME_E3_UBIQUITIN_LIGASES_UBIQUITINATE_TARGET_PROTEINS,bmi,0.2884143434038848,0.0057614475077565,50.059354531235314,0
bmi,alt_log_adj,REACTOME_EARLY_PHASE_OF_HIV_LIFE_CYCLE,ppgs,0.005004955225462318,0.005870629926155798,0.8525414288445293,0.3939208575546149
bmi,alt_log_adj,REACTOME_EARLY_PHASE_OF_HIV_LIFE_CYCLE,bmi,0.28843803273968716,0.0057614895526126985,50.06310088836096,0
bmi,alt_log_adj,REACTOME_EARLY_SARS_COV_2_INFECTION_EVENTS,ppgs,-0.012891540641404785,0.005697139552068019,-2.262809349075055,0.023654976569095175
bmi,alt_log_adj,REACTOME_EARLY_SARS_COV_2_INFECTION_EVENTS,bmi,0.28833510425761544,0.005761084908191171,50.04875103431605,0
bmi,alt_log_adj,REACTOME_ECM_PROTEOGLYCANS,ppgs,-0.0012466055518122856,0.00573584366155984,-0.21733604075834873,0.8279480358968255
bmi,alt_log_adj,REACTOME_ECM_PROTEOGLYCANS,bmi,0.2884149299121299,0.005761493345727457,50.059058061051026,0
bmi,alt_log_adj,REACTOME_EFFECTS_OF_PIP2_HYDROLYSIS,ppgs,1.273811365723461e-4,0.005683131879015825,0.022413897703603053,0.9821179521219473
bmi,alt_log_adj,REACTOME_EFFECTS_OF_PIP2_HYDROLYSIS,bmi,0.2884142844952903,0.005761517626050076,50.05873507897579,0
bmi,alt_log_adj,REACTOME_EGFR_DOWNREGULATION,ppgs,-0.00134354411744907,0.00568421709670553,-0.23636396967099724,0.8131519598341013
bmi,alt_log_adj,REACTOME_EGFR_DOWNREGULATION,bmi,0.28841929772486674,0.0057615262511269295,50.05953026222057,0
bmi,alt_log_adj,REACTOME_EGFR_INTERACTS_WITH_PHOSPHOLIPASE_C_GAMMA,ppgs,-0.0031685665966876444,0.005844839409646609,-0.5421135423255747,0.5877445510747092
bmi,alt_log_adj,REACTOME_EGFR_INTERACTS_WITH_PHOSPHOLIPASE_C_GAMMA,bmi,0.2884100803374099,0.0057614741995273295,50.05838268981071,0
bmi,alt_log_adj,REACTOME_EGFR_TRANSACTIVATION_BY_GASTRIN,ppgs,-0.006064068780456578,0.00570229594837999,-1.0634433630508722,0.2875899949978988
bmi,alt_log_adj,REACTOME_EGFR_TRANSACTIVATION_BY_GASTRIN,bmi,0.288423830020355,0.005761389561071625,50.06150460110665,0
bmi,alt_log_adj,REACTOME_EGR2_AND_SOX10_MEDIATED_INITIATION_OF_SCHWANN_CELL_MYELINATION,ppgs,0.002135705414926007,0.005704902268002518,0.3743631905676433,0.7081369248624925
bmi,alt_log_adj,REACTOME_EGR2_AND_SOX10_MEDIATED_INITIATION_OF_SCHWANN_CELL_MYELINATION,bmi,0.28842222556933583,0.005761519528015066,50.06009684891267,0
bmi,alt_log_adj,REACTOME_EICOSANOIDS,ppgs,-0.0073019572639791315,0.0057514090900821855,-1.269594485388065,0.20423953654113094
bmi,alt_log_adj,REACTOME_EICOSANOIDS,bmi,0.28835663159454494,0.00576151524622895,50.04874920417529,0
bmi,alt_log_adj,REACTOME_EICOSANOID_LIGAND_BINDING_RECEPTORS,ppgs,-0.015525534182770825,0.005702776643565264,-2.7224517376617023,0.006483910797012942
bmi,alt_log_adj,REACTOME_EICOSANOID_LIGAND_BINDING_RECEPTORS,bmi,0.28857031762944124,0.005761028822891709,50.0900666358054,0
bmi,alt_log_adj,REACTOME_ELASTIC_FIBRE_FORMATION,ppgs,0.002134469081626447,0.005685925098583887,0.37539521619059824,0.7073693706963882
bmi,alt_log_adj,REACTOME_ELASTIC_FIBRE_FORMATION,bmi,0.28841578449063365,0.005761484483547664,50.05928338681217,0
bmi,alt_log_adj,REACTOME_ELECTRIC_TRANSMISSION_ACROSS_GAP_JUNCTIONS,ppgs,0.014924962159783554,0.00569574100204616,2.620372336878003,0.008788063888026018
bmi,alt_log_adj,REACTOME_ELECTRIC_TRANSMISSION_ACROSS_GAP_JUNCTIONS,bmi,0.28847681887865195,0.005760849256539972,50.07539792004803,0
bmi,alt_log_adj,REACTOME_ELEVATION_OF_CYTOSOLIC_CA2_LEVELS,ppgs,-0.0023930593773268637,0.0056825100839108765,-0.42112716774624487,0.6736654167647249
bmi,alt_log_adj,REACTOME_ELEVATION_OF_CYTOSOLIC_CA2_LEVELS,bmi,0.28840487720259134,0.005761526420395493,50.05702589189796,0
bmi,alt_log_adj,REACTOME_ENDOGENOUS_STEROLS,ppgs,0.007263891319927669,0.005691237762602269,1.2763289152422124,0.20184972864623935
bmi,alt_log_adj,REACTOME_ENDOGENOUS_STEROLS,bmi,0.2885064988030929,0.005761782133824303,50.072441495041524,0
bmi,alt_log_adj,REACTOME_ENDOSOMAL_SORTING_COMPLEX_REQUIRED_FOR_TRANSPORT_ESCRT,ppgs,0.003904711826258433,0.005684093686943892,0.6869541639025727,0.49211723231526183
bmi,alt_log_adj,REACTOME_ENDOSOMAL_SORTING_COMPLEX_REQUIRED_FOR_TRANSPORT_ESCRT,bmi,0.28838243001828645,0.005761640598552639,50.052137943267404,0
bmi,alt_log_adj,REACTOME_ENDOSOMAL_VACUOLAR_PATHWAY,ppgs,0.0063480153516656725,0.005748373856108696,1.104314978560371,0.269465900450751
bmi,alt_log_adj,REACTOME_ENDOSOMAL_VACUOLAR_PATHWAY,bmi,0.28836996705371837,0.0057615159568344685,50.05105760605349,0
bmi,alt_log_adj,REACTOME_ENERGY_DEPENDENT_REGULATION_OF_MTOR_BY_LKB1_AMPK,ppgs,3.901793714169911e-5,0.005668867978045231,0.006882844563113901,0.9945083763791864
bmi,alt_log_adj,REACTOME_ENERGY_DEPENDENT_REGULATION_OF_MTOR_BY_LKB1_AMPK,bmi,0.2884146773587239,0.005761503531564153,50.0589257263588,0
bmi,alt_log_adj,REACTOME_ENHANCED_BINDING_OF_GP1BA_VARIANT_TO_VWF_MULTIMER_COLLAGEN,ppgs,0.002882707981428294,0.00574113762109737,0.5021144190717534,0.6155909377921918
bmi,alt_log_adj,REACTOME_ENHANCED_BINDING_OF_GP1BA_VARIANT_TO_VWF_MULTIMER_COLLAGEN,bmi,0.2884232992985535,0.005761498268634651,50.06046792875345,0
bmi,alt_log_adj,REACTOME_ENOS_ACTIVATION,ppgs,-6.086939000980614e-4,0.005705572667511145,-0.1066841026430363,0.9150403497648193
bmi,alt_log_adj,REACTOME_ENOS_ACTIVATION,bmi,0.28841618327497587,0.005761515395657183,50.05908402021685,0
bmi,alt_log_adj,REACTOME_EPHA_MEDIATED_GROWTH_CONE_COLLAPSE,ppgs,0.002325268532720255,0.005678035390850727,0.4095199083237601,0.6821612539227722
bmi,alt_log_adj,REACTOME_EPHA_MEDIATED_GROWTH_CONE_COLLAPSE,bmi,0.28840517177929653,0.005761527145672819,50.05707071881151,0
bmi,alt_log_adj,REACTOME_EPHB_MEDIATED_FORWARD_SIGNALING,ppgs,0.015446128372847909,0.005693619900528392,2.7128836562156957,0.006674078061906362
bmi,alt_log_adj,REACTOME_EPHB_MEDIATED_FORWARD_SIGNALING,bmi,0.28832688367767234,0.005760841023927977,50.04944286434748,0
bmi,alt_log_adj,REACTOME_EPHRIN_SIGNALING,ppgs,-0.0027843896895575807,0.0056943775621276435,-0.48897173732842947,0.6248654889146698
bmi,alt_log_adj,REACTOME_EPHRIN_SIGNALING,bmi,0.28840407810063967,0.005761514030138509,50.05699484406295,0
bmi,alt_log_adj,REACTOME_EPH_EPHRIN_MEDIATED_REPULSION_OF_CELLS,ppgs,0.016468841599806546,0.0056958133471541736,2.8913941865800346,0.00383828083303991
bmi,alt_log_adj,REACTOME_EPH_EPHRIN_MEDIATED_REPULSION_OF_CELLS,bmi,0.2882997810919338,0.005760785544799738,50.04522019608629,0
bmi,alt_log_adj,REACTOME_EPH_EPHRIN_SIGNALING,ppgs,0.01634510833832526,0.0056929548316823975,2.871111544283043,0.004093340591033718
bmi,alt_log_adj,REACTOME_EPH_EPHRIN_SIGNALING,bmi,0.28831798493804267,0.005760758823706307,50.048612302874915,0
bmi,alt_log_adj,REACTOME_EPIGENETIC_REGULATION_BY_WDR5_CONTAINING_HISTONE_MODIFYING_COMPLEXES,ppgs,0.016656163270236276,0.005712954710961692,2.9155076686110215,0.00355388404728599
bmi,alt_log_adj,REACTOME_EPIGENETIC_REGULATION_BY_WDR5_CONTAINING_HISTONE_MODIFYING_COMPLEXES,bmi,0.28867743919902045,0.005761339663634413,50.10595730384601,0
bmi,alt_log_adj,REACTOME_EPIGENETIC_REGULATION_OF_GENE_EXPRESSION,ppgs,0.014252998773042846,0.00571728997847544,2.4929641187875378,0.01267382427892817
bmi,alt_log_adj,REACTOME_EPIGENETIC_REGULATION_OF_GENE_EXPRESSION,bmi,0.28859467455029814,0.0057613192579637545,50.091769198761135,0
bmi,alt_log_adj,REACTOME_EPIGENETIC_REGULATION_OF_GENE_EXPRESSION_BY_MLL3_AND_MLL4_COMPLEXES,ppgs,0.0158155429228971,0.005705664181388107,2.7719021695120873,0.00557661274496038
bmi,alt_log_adj,REACTOME_EPIGENETIC_REGULATION_OF_GENE_EXPRESSION_BY_MLL3_AND_MLL4_COMPLEXES,bmi,0.2886540211618206,0.005761364737240638,50.101674573040356,0
bmi,alt_log_adj,REACTOME_EPITHELIAL_MESENCHYMAL_TRANSITION_EMT_DURING_GASTRULATION,ppgs,0.012124302037675594,0.005664358144414937,2.1404547044099194,0.03232654403606568
bmi,alt_log_adj,REACTOME_EPITHELIAL_MESENCHYMAL_TRANSITION_EMT_DURING_GASTRULATION,bmi,0.28846214342572424,0.005761075242708268,50.0708862969335,0
bmi,alt_log_adj,REACTOME_ERBB2_ACTIVATES_PTK6_SIGNALING,ppgs,-0.00673035351411393,0.005697932891218253,-1.1811921345172143,0.23753631432645297
bmi,alt_log_adj,REACTOME_ERBB2_ACTIVATES_PTK6_SIGNALING,bmi,0.2883943609143372,0.0057613817341437105,50.05645767320433,0
bmi,alt_log_adj,REACTOME_ERBB2_REGULATES_CELL_MOTILITY,ppgs,-0.005816821531632087,0.005702077740585169,-1.0201231544477578,0.30767876203588157
bmi,alt_log_adj,REACTOME_ERBB2_REGULATES_CELL_MOTILITY,bmi,0.2883893202771121,0.005761445614459977,50.05502777867373,0
bmi,alt_log_adj,REACTOME_ERCC6_CSB_AND_EHMT2_G9A_POSITIVELY_REGULATE_RRNA_EXPRESSION,ppgs,0.006331180800553985,0.005735188115451833,1.1039185939684208,0.2696378222001083
bmi,alt_log_adj,REACTOME_ERCC6_CSB_AND_EHMT2_G9A_POSITIVELY_REGULATE_RRNA_EXPRESSION,bmi,0.2884552466124547,0.005761491668425574,50.066070249352634,0
bmi,alt_log_adj,REACTOME_ERKS_ARE_INACTIVATED,ppgs,0.00152961834887836,0.005699680653061328,0.2683691318840458,0.7884171501717451
bmi,alt_log_adj,REACTOME_ERKS_ARE_INACTIVATED,bmi,0.2884034325242306,0.005761641522969603,50.055775142287025,0
bmi,alt_log_adj,REACTOME_ERK_MAPK_TARGETS,ppgs,0.002121873895621787,0.00570315851254183,0.37205241463227245,0.709856605659765
bmi,alt_log_adj,REACTOME_ERK_MAPK_TARGETS,bmi,0.2884245715298043,0.005761545965165199,50.0602743211013,0
bmi,alt_log_adj,REACTOME_ERYTHROCYTES_TAKE_UP_CARBON_DIOXIDE_AND_RELEASE_OXYGEN,ppgs,0.004750028144628275,0.005690065600486956,0.8347932129678377,0.40384118255751666
bmi,alt_log_adj,REACTOME_ERYTHROCYTES_TAKE_UP_CARBON_DIOXIDE_AND_RELEASE_OXYGEN,bmi,0.2884056479748225,0.0057614371874762016,50.057934954448164,0
bmi,alt_log_adj,REACTOME_ERYTHROCYTES_TAKE_UP_OXYGEN_AND_RELEASE_CARBON_DIOXIDE,ppgs,0.002776223942391824,0.0056753329970563055,0.4891737531228215,0.6247224744291313
bmi,alt_log_adj,REACTOME_ERYTHROCYTES_TAKE_UP_OXYGEN_AND_RELEASE_CARBON_DIOXIDE,bmi,0.2884200643917713,0.005761484396888231,50.06002698671657,0
bmi,alt_log_adj,REACTOME_ERYTHROPOIETIN_ACTIVATES_PHOSPHOINOSITIDE_3_KINASE_PI3K,ppgs,0.0017834120378700871,0.005702010379554584,0.3127689918392255,0.7544584758587161
bmi,alt_log_adj,REACTOME_ERYTHROPOIETIN_ACTIVATES_PHOSPHOINOSITIDE_3_KINASE_PI3K,bmi,0.28839505419274114,0.005761827711312161,50.052703524358584,0
bmi,alt_log_adj,REACTOME_ERYTHROPOIETIN_ACTIVATES_PHOSPHOLIPASE_C_GAMMA_PLCG,ppgs,-0.0011058279121322608,0.00571463199244192,-0.19350815828469986,0.8465624037725912
bmi,alt_log_adj,REACTOME_ERYTHROPOIETIN_ACTIVATES_PHOSPHOLIPASE_C_GAMMA_PLCG,bmi,0.2884305767316843,0.005762084068552535,50.05664153805718,0
bmi,alt_log_adj,REACTOME_ERYTHROPOIETIN_ACTIVATES_RAS,ppgs,9.778894860419067e-5,0.005725079135450756,0.01708080295321392,0.9863722739055534
bmi,alt_log_adj,REACTOME_ERYTHROPOIETIN_ACTIVATES_RAS,bmi,0.28841333168325184,0.0057619933420171065,50.05443681791668,0
bmi,alt_log_adj,REACTOME_ERYTHROPOIETIN_ACTIVATES_STAT5,ppgs,0.003005625684717451,0.005686140614621677,0.528587998156185,0.597095425824654
bmi,alt_log_adj,REACTOME_ERYTHROPOIETIN_ACTIVATES_STAT5,bmi,0.28838296338734576,0.0057617808807292285,50.051011893192154,0
bmi,alt_log_adj,REACTOME_ER_QUALITY_CONTROL_COMPARTMENT_ERQC,ppgs,0.015870263461705118,0.005673339115315557,2.79734088499351,0.005155986674301001
bmi,alt_log_adj,REACTOME_ER_QUALITY_CONTROL_COMPARTMENT_ERQC,bmi,0.2882946027540415,0.0057608627412875195,50.04365069972303,0
bmi,alt_log_adj,REACTOME_ER_TO_GOLGI_ANTEROGRADE_TRANSPORT,ppgs,0.009217936231784553,0.005697128101491097,1.6179970096463099,0.10567436720744215
bmi,alt_log_adj,REACTOME_ER_TO_GOLGI_ANTEROGRADE_TRANSPORT,bmi,0.2885003932711731,0.0057614758419464625,50.074043732118795,0
bmi,alt_log_adj,REACTOME_ESR_MEDIATED_SIGNALING,ppgs,0.004921091706733286,0.005676474843890569,0.866927422752471,0.3859891145700858
bmi,alt_log_adj,REACTOME_ESR_MEDIATED_SIGNALING,bmi,0.28839789477775024,0.005761453911167134,50.0564439505041,0
bmi,alt_log_adj,REACTOME_ESTABLISHMENT_OF_SISTER_CHROMATID_COHESION,ppgs,0.002210130220112823,0.005697316983748807,0.3879247418420044,0.6980746404478377
bmi,alt_log_adj,REACTOME_ESTABLISHMENT_OF_SISTER_CHROMATID_COHESION,bmi,0.28841781888948936,0.005761488572721758,50.059600960596754,0
bmi,alt_log_adj,REACTOME_ESTROGEN_BIOSYNTHESIS,ppgs,0.004061136078521963,0.005874069628562999,0.6913666904414032,0.48934079266695174
bmi,alt_log_adj,REACTOME_ESTROGEN_BIOSYNTHESIS,bmi,0.2884288290920836,0.005761486045529323,50.06153391899518,0
bmi,alt_log_adj,REACTOME_ESTROGEN_DEPENDENT_GENE_EXPRESSION,ppgs,0.009820286960013856,0.005669002574173884,1.7322777387245971,0.08323500016035977
bmi,alt_log_adj,REACTOME_ESTROGEN_DEPENDENT_GENE_EXPRESSION,bmi,0.28844620401956567,0.005761221910691102,50.0668449316795,0
bmi,alt_log_adj,REACTOME_ESTROGEN_DEPENDENT_NUCLEAR_EVENTS_DOWNSTREAM_OF_ESR_MEMBRANE_SIGNALING,ppgs,0.016346456840958902,0.005711038944009975,2.8622562376507497,0.004209447086290101
bmi,alt_log_adj,REACTOME_ESTROGEN_DEPENDENT_NUCLEAR_EVENTS_DOWNSTREAM_OF_ESR_MEMBRANE_SIGNALING,bmi,0.2883902843359578,0.005760671926695195,50.06191777725532,0
bmi,alt_log_adj,REACTOME_ESTROGEN_STIMULATED_SIGNALING_THROUGH_PRKCZ,ppgs,8.213617258611973e-4,0.005733765457773894,0.14324996931075845,0.886093785046412
bmi,alt_log_adj,REACTOME_ESTROGEN_STIMULATED_SIGNALING_THROUGH_PRKCZ,bmi,0.2884102627804248,0.005761576259172735,50.05752762905123,0
bmi,alt_log_adj,REACTOME_ETHANOL_OXIDATION,ppgs,0.010428141668439436,0.00569971771995789,1.8295891447263601,0.06732189478261229
bmi,alt_log_adj,REACTOME_ETHANOL_OXIDATION,bmi,0.28845532150049175,0.0057612007945782185,50.06861100414219,0
bmi,alt_log_adj,REACTOME_EUKARYOTIC_TRANSLATION_ELONGATION,ppgs,0.013421971141610239,0.005830441119075692,2.3020507140869717,0.021339523834504836
bmi,alt_log_adj,REACTOME_EUKARYOTIC_TRANSLATION_ELONGATION,bmi,0.2884308105861975,0.005760963824531129,50.06641585875124,0
bmi,alt_log_adj,REACTOME_EUKARYOTIC_TRANSLATION_INITIATION,ppgs,0.011701935283628024,0.005755837616204601,2.033055145732947,0.04205624930262055
bmi,alt_log_adj,REACTOME_EUKARYOTIC_TRANSLATION_INITIATION,bmi,0.2884656121838666,0.005761132594205445,50.07098994284661,0
bmi,alt_log_adj,REACTOME_EVASION_BY_RSV_OF_HOST_INTERFERON_RESPONSES,ppgs,-0.005940710994000282,0.005695105456259139,-1.0431257225397317,0.2968989639042237
bmi,alt_log_adj,REACTOME_EVASION_BY_RSV_OF_HOST_INTERFERON_RESPONSES,bmi,0.28840159250460196,0.005761400944624469,50.05754594699538,0
bmi,alt_log_adj,REACTOME_EXPORT_OF_VIRAL_RIBONUCLEOPROTEINS_FROM_NUCLEUS,ppgs,-0.00451320849923026,0.005684855626372896,-0.7939002845195945,0.4272601291776653
bmi,alt_log_adj,REACTOME_EXPORT_OF_VIRAL_RIBONUCLEOPROTEINS_FROM_NUCLEUS,bmi,0.2884302921006123,0.005761467734954657,50.0619469498569,0
bmi,alt_log_adj,REACTOME_EXPRESSION_OF_BMAL_ARNTL_CLOCK_AND_NPAS2,ppgs,0.008383030458994696,0.0057819093063632265,1.4498723544087468,0.1471051805013526
bmi,alt_log_adj,REACTOME_EXPRESSION_OF_BMAL_ARNTL_CLOCK_AND_NPAS2,bmi,0.28848819157520905,0.0057615078187433135,50.071648021842556,0
bmi,alt_log_adj,REACTOME_EXPRESSION_OF_NOTCH2NL_GENES,ppgs,-5.346813542483431e-4,0.0065589913169335325,-0.08151883855493773,0.9350299192186622
bmi,alt_log_adj,REACTOME_EXPRESSION_OF_NOTCH2NL_GENES,bmi,0.28841543361761823,0.00576150589368564,50.05903646366291,0
bmi,alt_log_adj,REACTOME_EXTENSION_OF_TELOMERES,ppgs,-6.948724243855421e-4,0.00568472892475533,-0.12223492686864562,0.9027138326292605
bmi,alt_log_adj,REACTOME_EXTENSION_OF_TELOMERES,bmi,0.28841683218156466,0.005761524819724815,50.05911476666002,0
bmi,alt_log_adj,REACTOME_EXTRACELLULAR_MATRIX_ORGANIZATION,ppgs,0.0051842666264469974,0.005685692677587134,0.9118091533302977,0.36187694441232976
bmi,alt_log_adj,REACTOME_EXTRACELLULAR_MATRIX_ORGANIZATION,bmi,0.2884132845738203,0.005761413676119241,50.05946470555973,0
bmi,alt_log_adj,REACTOME_EXTRA_NUCLEAR_ESTROGEN_SIGNALING,ppgs,0.0033680676741544933,0.005689602060547089,0.5919689353161254,0.553876111366339
bmi,alt_log_adj,REACTOME_EXTRA_NUCLEAR_ESTROGEN_SIGNALING,bmi,0.2883877465325192,0.005761641238782429,50.053055124526,0
bmi,alt_log_adj,REACTOME_EXTRINSIC_PATHWAY_OF_FIBRIN_CLOT_FORMATION,ppgs,0.0051818961518448866,0.0057247245538740235,0.905178249727003,0.3653786551855098
bmi,alt_log_adj,REACTOME_EXTRINSIC_PATHWAY_OF_FIBRIN_CLOT_FORMATION,bmi,0.2884059224615692,0.005761422730177307,50.05810820840316,0
bmi,alt_log_adj,REACTOME_FACTORS_INVOLVED_IN_MEGAKARYOCYTE_DEVELOPMENT_AND_PLATELET_PRODUCTION,ppgs,0.018993728399674063,0.005726993946655759,3.3165267113238923,9.125839109312194e-4
bmi,alt_log_adj,REACTOME_FACTORS_INVOLVED_IN_MEGAKARYOCYTE_DEVELOPMENT_AND_PLATELET_PRODUCTION,bmi,0.28850497431619704,0.005760444993327336,50.083799888791475,0
bmi,alt_log_adj,REACTOME_FANCONI_ANEMIA_PATHWAY,ppgs,-0.004573933461914561,0.005759024528960536,-0.7942201737314226,0.4270739143282599
bmi,alt_log_adj,REACTOME_FANCONI_ANEMIA_PATHWAY,bmi,0.2884626883034846,0.005761751724349468,50.06510209116196,0
bmi,alt_log_adj,REACTOME_FASL_CD95L_SIGNALING,ppgs,0.0028510956001947655,0.005691179150236923,0.5009674664829475,0.616397909034087
bmi,alt_log_adj,REACTOME_FASL_CD95L_SIGNALING,bmi,0.2884327142630408,0.005761585653719514,50.061342761924735,0
bmi,alt_log_adj,REACTOME_FASTK_FAMILY_PROTEINS_REGULATE_PROCESSING_AND_STABILITY_OF_MITOCHONDRIAL_RNAS,ppgs,0.002480660440173801,0.00572549422185718,0.4332657311405248,0.6648250273814427
bmi,alt_log_adj,REACTOME_FASTK_FAMILY_PROTEINS_REGULATE_PROCESSING_AND_STABILITY_OF_MITOCHONDRIAL_RNAS,bmi,0.2884160051122507,0.005761479780346311,50.059362543647524,0
bmi,alt_log_adj,REACTOME_FATTY_ACIDS,ppgs,-0.007290755582832348,0.005752230734909342,-1.2674657743796596,0.20499920489947074
bmi,alt_log_adj,REACTOME_FATTY_ACIDS,bmi,0.28838571383937806,0.005761379879706159,50.054972916329596,0
bmi,alt_log_adj,REACTOME_FATTY_ACIDS_BOUND_TO_GPR40_FFAR1_REGULATE_INSULIN_SECRETION,ppgs,-0.0095603040698868,0.005722153518041183,-1.6707528100643303,0.09478155144202403
bmi,alt_log_adj,REACTOME_FATTY_ACIDS_BOUND_TO_GPR40_FFAR1_REGULATE_INSULIN_SECRETION,bmi,0.2884358211254049,0.005761228308523658,50.064987131072044,0
bmi,alt_log_adj,REACTOME_FATTY_ACID_METABOLISM,ppgs,0.016926137931656912,0.005704653819182136,2.9670753858441103,0.0030089812498527114
bmi,alt_log_adj,REACTOME_FATTY_ACID_METABOLISM,bmi,0.28817099397658474,0.005761188753093658,50.01936342075964,0
bmi,alt_log_adj,REACTOME_FATTY_ACYL_COA_BIOSYNTHESIS,ppgs,0.00900955963048996,0.0057482037020050725,1.567369581448074,0.11703949102547333
bmi,alt_log_adj,REACTOME_FATTY_ACYL_COA_BIOSYNTHESIS,bmi,0.288526745134867,0.005761692451711245,50.07673484015507,0
bmi,alt_log_adj,REACTOME_FBXL7_DOWN_REGULATES_AURKA_DURING_MITOTIC_ENTRY_AND_IN_EARLY_MITOSIS,ppgs,-0.0035651405849385087,0.005664302112079804,-0.6294050907587394,0.5290889580188596
bmi,alt_log_adj,REACTOME_FBXL7_DOWN_REGULATES_AURKA_DURING_MITOTIC_ENTRY_AND_IN_EARLY_MITOSIS,bmi,0.28840072528377764,0.005761500023625838,50.0565346005641,0
bmi,alt_log_adj,REACTOME_FBXW7_MUTANTS_AND_NOTCH1_IN_CANCER,ppgs,0.00229990329573714,0.005691679092036024,0.40408168811822803,0.6861556984104185
bmi,alt_log_adj,REACTOME_FBXW7_MUTANTS_AND_NOTCH1_IN_CANCER,bmi,0.2884192743090021,0.005761492881894884,50.05981613122197,0
bmi,alt_log_adj,REACTOME_FCERI_MEDIATED_CA_2_MOBILIZATION,ppgs,-0.004591770523237254,0.00571784555120851,-0.8030595583797727,0.42194704382640913
bmi,alt_log_adj,REACTOME_FCERI_MEDIATED_CA_2_MOBILIZATION,bmi,0.2884090893820408,0.005761436558830139,50.05853773396445,0
bmi,alt_log_adj,REACTOME_FCERI_MEDIATED_MAPK_ACTIVATION,ppgs,-0.0037362424912073225,0.005727234497828069,-0.6523641545713228,0.5141715720435203
bmi,alt_log_adj,REACTOME_FCERI_MEDIATED_MAPK_ACTIVATION,bmi,0.2884051482667491,0.005761473028963841,50.05753681686794,0
bmi,alt_log_adj,REACTOME_FCERI_MEDIATED_NF_KB_ACTIVATION,ppgs,-0.013054205906727455,0.005700078727924732,-2.290179930809516,0.022018197026048066
bmi,alt_log_adj,REACTOME_FCERI_MEDIATED_NF_KB_ACTIVATION,bmi,0.288306756109444,0.005761157600634565,50.04319897058333,0
bmi,alt_log_adj,REACTOME_FCGAMMA_RECEPTOR_FCGR_DEPENDENT_PHAGOCYTOSIS,ppgs,0.015616304415227588,0.005703082597725768,2.7382216805793655,0.006181097328010828
bmi,alt_log_adj,REACTOME_FCGAMMA_RECEPTOR_FCGR_DEPENDENT_PHAGOCYTOSIS,bmi,0.28830240546053426,0.00576088197959619,50.04483800946446,0
bmi,alt_log_adj,REACTOME_FCGR3A_MEDIATED_IL10_SYNTHESIS,ppgs,-0.009442126086925087,0.005731646459143928,-1.6473671490783737,0.09949368631983226
bmi,alt_log_adj,REACTOME_FCGR3A_MEDIATED_IL10_SYNTHESIS,bmi,0.28844582716602646,0.005761253360639868,50.0665062114176,0
bmi,alt_log_adj,REACTOME_FCGR_ACTIVATION,ppgs,-0.011865897817719566,0.005679773115866293,-2.089149967024651,0.036703119827782675
bmi,alt_log_adj,REACTOME_FCGR_ACTIVATION,bmi,0.2884474576820169,0.005761075948785047,50.068331028138516,0
bmi,alt_log_adj,REACTOME_FC_EPSILON_RECEPTOR_FCERI_SIGNALING,ppgs,-0.0038309909572725276,0.005712819494034356,-0.6705954846417013,0.5024837227356349
bmi,alt_log_adj,REACTOME_FC_EPSILON_RECEPTOR_FCERI_SIGNALING,bmi,0.28840777597473577,0.005761461320437358,50.05809462812508,0
bmi,alt_log_adj,REACTOME_FERTILIZATION,ppgs,-0.004179534127293141,0.00570436674481496,-0.7326902904852969,0.46375340507769613
bmi,alt_log_adj,REACTOME_FERTILIZATION,bmi,0.28840478653427515,0.005761459059724103,50.05759540155196,0
bmi,alt_log_adj,REACTOME_FGFR1B_LIGAND_BINDING_AND_ACTIVATION,ppgs,0.0031370429459850056,0.005756068719882786,0.5449974798162047,0.5857595382176561
bmi,alt_log_adj,REACTOME_FGFR1B_LIGAND_BINDING_AND_ACTIVATION,bmi,0.2883937869453323,0.005761594625332183,50.054508464955575,0
bmi,alt_log_adj,REACTOME_FGFR1C_LIGAND_BINDING_AND_ACTIVATION,ppgs,0.0026879754396963488,0.005758367501472145,0.4667947016249239,0.6406503542100839
bmi,alt_log_adj,REACTOME_FGFR1C_LIGAND_BINDING_AND_ACTIVATION,bmi,0.2883964628832432,0.005761607164713607,50.05486397085502,0
bmi,alt_log_adj,REACTOME_FGFR1_LIGAND_BINDING_AND_ACTIVATION,ppgs,0.0027780616275400773,0.005757816792233096,0.4824852418519974,0.6294650051546704
bmi,alt_log_adj,REACTOME_FGFR1_LIGAND_BINDING_AND_ACTIVATION,bmi,0.28839651840264174,0.005761596497559436,50.05496627971155,0
bmi,alt_log_adj,REACTOME_FGFR1_MUTANT_RECEPTOR_ACTIVATION,ppgs,-0.0015114081750590995,0.005712640151052871,-0.26457262055628317,0.791340637728484
bmi,alt_log_adj,REACTOME_FGFR1_MUTANT_RECEPTOR_ACTIVATION,bmi,0.2884266480350207,0.005761670152694346,50.05955571756272,0
bmi,alt_log_adj,REACTOME_FGFR2B_LIGAND_BINDING_AND_ACTIVATION,ppgs,0.004030317068991228,0.00575565552714287,0.7002359765946404,0.48378569373438507
bmi,alt_log_adj,REACTOME_FGFR2B_LIGAND_BINDING_AND_ACTIVATION,bmi,0.28839017539313855,0.0057615539233107655,50.05423523441063,0
bmi,alt_log_adj,REACTOME_FGFR2C_LIGAND_BINDING_AND_ACTIVATION,ppgs,0.002069182391068462,0.005764308884051683,0.3589645233608737,0.7196243024765393
bmi,alt_log_adj,REACTOME_FGFR2C_LIGAND_BINDING_AND_ACTIVATION,bmi,0.2884040622429005,0.005761559980839086,50.05659286756201,0
bmi,alt_log_adj,REACTOME_FGFR2_ALTERNATIVE_SPLICING,ppgs,-0.0014818672510982368,0.005743292530896387,-0.2580170247512978,0.7963956410588698
bmi,alt_log_adj,REACTOME_FGFR2_ALTERNATIVE_SPLICING,bmi,0.2884102863575643,0.0057615157139299334,50.05805775384052,0
bmi,alt_log_adj,REACTOME_FGFR2_LIGAND_BINDING_AND_ACTIVATION,ppgs,0.0033350635620625537,0.005766478379687389,0.578353605522987,0.5630300042150377
bmi,alt_log_adj,REACTOME_FGFR2_LIGAND_BINDING_AND_ACTIVATION,bmi,0.28839606982135063,0.005761553281045303,50.05526387651972,0
bmi,alt_log_adj,REACTOME_FGFR2_MUTANT_RECEPTOR_ACTIVATION,ppgs,0.0015513299152382697,0.005767364496072928,0.268984198292754,0.7879438000852617
bmi,alt_log_adj,REACTOME_FGFR2_MUTANT_RECEPTOR_ACTIVATION,bmi,0.2884055230760439,0.005761589926746505,50.05658624491916,0
bmi,alt_log_adj,REACTOME_FGFR3B_LIGAND_BINDING_AND_ACTIVATION,ppgs,0.0033646646723705814,0.005754530903609395,0.5846983409647126,0.5587552229342829
bmi,alt_log_adj,REACTOME_FGFR3B_LIGAND_BINDING_AND_ACTIVATION,bmi,0.28839190072395554,0.005761594283774434,50.05418405390206,0
bmi,alt_log_adj,REACTOME_FGFR3_LIGAND_BINDING_AND_ACTIVATION,ppgs,0.0029317602857886313,0.005754693615128871,0.5094554952640996,0.6104369514437135
bmi,alt_log_adj,REACTOME_FGFR3_LIGAND_BINDING_AND_ACTIVATION,bmi,0.2883970472228045,0.005761574876587859,50.05524590068333,0
bmi,alt_log_adj,REACTOME_FGFRL1_MODULATION_OF_FGFR1_SIGNALING,ppgs,-0.009220320816491406,0.005741509861733915,-1.6059052476671882,0.1083058683180066
bmi,alt_log_adj,REACTOME_FGFRL1_MODULATION_OF_FGFR1_SIGNALING,bmi,0.2883593398325014,0.005761338770819878,50.05075231697682,0
bmi,alt_log_adj,REACTOME_FIBRONECTIN_MATRIX_FORMATION,ppgs,0.006980546617839691,0.005847751991227825,1.1937145467713344,0.23259963712561788
bmi,alt_log_adj,REACTOME_FIBRONECTIN_MATRIX_FORMATION,bmi,0.2883902018050384,0.005761389497480107,50.05566832986614,0
bmi,alt_log_adj,REACTOME_FICOLINS_BIND_TO_REPETITIVE_CARBOHYDRATE_STRUCTURES_ON_THE_TARGET_CELL_SURFACE,ppgs,-0.005049906992922968,0.005669631367597407,-0.8906940620132315,0.3731008801485318
bmi,alt_log_adj,REACTOME_FICOLINS_BIND_TO_REPETITIVE_CARBOHYDRATE_STRUCTURES_ON_THE_TARGET_CELL_SURFACE,bmi,0.28843197828934347,0.005761450308889263,50.062391034480626,0
bmi,alt_log_adj,REACTOME_FLT3_SIGNALING,ppgs,0.0021648623958237987,0.005702647901906455,0.3796240681631532,0.7042273358028888
bmi,alt_log_adj,REACTOME_FLT3_SIGNALING,bmi,0.28839453899321854,0.005761726204609465,50.05349590587951,0
bmi,alt_log_adj,REACTOME_FLT3_SIGNALING_BY_CBL_MUTANTS,ppgs,-0.004359132310001753,0.005703479637882806,-0.7642934816577887,0.44469873029972173
bmi,alt_log_adj,REACTOME_FLT3_SIGNALING_BY_CBL_MUTANTS,bmi,0.2884364477757505,0.005761509382861652,50.06265348343295,0
bmi,alt_log_adj,REACTOME_FLT3_SIGNALING_IN_DISEASE,ppgs,-8.077012825784395e-4,0.005708796410231556,-0.14148363762470872,0.8874888906255187
bmi,alt_log_adj,REACTOME_FLT3_SIGNALING_IN_DISEASE,bmi,0.2884170849239255,0.005761522230394173,50.05918113140622,0
bmi,alt_log_adj,REACTOME_FLT3_SIGNALING_THROUGH_SRC_FAMILY_KINASES,ppgs,4.316295425585891e-4,0.005702987686007035,0.0756848105454697,0.9396703948127921
bmi,alt_log_adj,REACTOME_FLT3_SIGNALING_THROUGH_SRC_FAMILY_KINASES,bmi,0.2884076084723536,0.005762242622965422,50.051278181676146,0
bmi,alt_log_adj,REACTOME_FOLDING_OF_ACTIN_BY_CCT_TRIC,ppgs,0.0035894012072285267,0.0057279799884011095,0.6266434614815163,0.5308980184821377
bmi,alt_log_adj,REACTOME_FOLDING_OF_ACTIN_BY_CCT_TRIC,bmi,0.28839737448801306,0.005761523813296792,50.05574633266849,0
bmi,alt_log_adj,REACTOME_FORMATION_OF_APOPTOSOME,ppgs,-0.0014157631734899889,0.005704288404527417,-0.2481927758712755,0.8039870532287012
bmi,alt_log_adj,REACTOME_FORMATION_OF_APOPTOSOME,bmi,0.2884310864376433,0.005761873588981357,50.05855855449878,0
bmi,alt_log_adj,REACTOME_FORMATION_OF_AXIAL_MESODERM,ppgs,0.01262677400335423,0.00576380062612896,2.1907027710350433,0.028481421410361304
bmi,alt_log_adj,REACTOME_FORMATION_OF_AXIAL_MESODERM,bmi,0.2882647873707547,0.005761416343633071,50.03366710154796,0
bmi,alt_log_adj,REACTOME_FORMATION_OF_DEFINITIVE_ENDODERM,ppgs,0.014292693953196382,0.005702063071090725,2.506582928845505,0.01219599770347506
bmi,alt_log_adj,REACTOME_FORMATION_OF_DEFINITIVE_ENDODERM,bmi,0.28834713115591687,0.005760922543486901,50.05224926724837,0
bmi,alt_log_adj,REACTOME_FORMATION_OF_FIBRIN_CLOT_CLOTTING_CASCADE,ppgs,0.0032417674324158536,0.005695143867336636,0.5692160738920689,0.5692140233772685
bmi,alt_log_adj,REACTOME_FORMATION_OF_FIBRIN_CLOT_CLOTTING_CASCADE,bmi,0.2884162840936753,0.0057614657869836505,50.059532549037726,0
bmi,alt_log_adj,REACTOME_FORMATION_OF_INCISION_COMPLEX_IN_GG_NER,ppgs,0.008908713769121016,0.005708485874771048,1.5606088837836214,0.11862722389913476
bmi,alt_log_adj,REACTOME_FORMATION_OF_INCISION_COMPLEX_IN_GG_NER,bmi,0.2884551195452282,0.005761308939338618,50.06763611922224,0
bmi,alt_log_adj,REACTOME_FORMATION_OF_INTERMEDIATE_MESODERM,ppgs,0.0021028241581343113,0.0056986080132511,0.3690066334172429,0.7121255362181519
bmi,alt_log_adj,REACTOME_FORMATION_OF_INTERMEDIATE_MESODERM,bmi,0.28843503160822276,0.005761749605424234,50.06032045139273,0
bmi,alt_log_adj,REACTOME_FORMATION_OF_LATERAL_PLATE_MESODERM,ppgs,0.009153833654189942,0.005733992402750121,1.5964153788902138,0.110407231041175
bmi,alt_log_adj,REACTOME_FORMATION_OF_LATERAL_PLATE_MESODERM,bmi,0.28836185619562804,0.005761333826173812,50.051232040330056,0
bmi,alt_log_adj,REACTOME_FORMATION_OF_NEURONAL_PROGENITOR_AND_NEURONAL_BAF_NPBAF_AND_NBAF,ppgs,0.01639950362183862,0.005703915263196083,2.875131004777491,0.004041604791881588
bmi,alt_log_adj,REACTOME_FORMATION_OF_NEURONAL_PROGENITOR_AND_NEURONAL_BAF_NPBAF_AND_NBAF,bmi,0.2883852752888501,0.0057606671911827395,50.061089404757105,0
bmi,alt_log_adj,REACTOME_FORMATION_OF_PARAXIAL_MESODERM,ppgs,-0.01191392236051482,0.00571936528869719,-2.083084705930487,0.03725244211505622
bmi,alt_log_adj,REACTOME_FORMATION_OF_PARAXIAL_MESODERM,bmi,0.28832247328059546,0.005761226915738094,50.04532497981939,0
bmi,alt_log_adj,REACTOME_FORMATION_OF_RNA_POL_II_ELONGATION_COMPLEX,ppgs,0.015017915853208198,0.005699367973556575,2.6350142547185933,0.00841795068741093
bmi,alt_log_adj,REACTOME_FORMATION_OF_RNA_POL_II_ELONGATION_COMPLEX,bmi,0.2884334748829871,0.005760796984720466,50.06832833165408,0
bmi,alt_log_adj,REACTOME_FORMATION_OF_SENESCENCE_ASSOCIATED_HETEROCHROMATIN_FOCI_SAHF,ppgs,-3.3398788248775073e-4,0.005692358835522414,-0.058673019768807164,0.9532129629566696
bmi,alt_log_adj,REACTOME_FORMATION_OF_SENESCENCE_ASSOCIATED_HETEROCHROMATIN_FOCI_SAHF,bmi,0.28841042260456673,0.00576194221720965,50.054376064922764,0
bmi,alt_log_adj,REACTOME_FORMATION_OF_TC_NER_PRE_INCISION_COMPLEX,ppgs,0.013782064871735335,0.005689719660176831,2.42227485621093,0.01542990709665532
bmi,alt_log_adj,REACTOME_FORMATION_OF_TC_NER_PRE_INCISION_COMPLEX,bmi,0.28850177043067055,0.005761014176061322,50.078295524680144,0
bmi,alt_log_adj,REACTOME_FORMATION_OF_THE_ACTIVE_COFACTOR_UDP_GLUCURONATE,ppgs,-0.0014640414383502416,0.0057061106502513375,-0.25657431621760696,0.797509265948297
bmi,alt_log_adj,REACTOME_FORMATION_OF_THE_ACTIVE_COFACTOR_UDP_GLUCURONATE,bmi,0.28841903356432963,0.00576151693560736,50.0595653519372,0
bmi,alt_log_adj,REACTOME_FORMATION_OF_THE_ANTERIOR_NEURAL_PLATE,ppgs,-0.006413589348265037,0.005710111321413372,-1.1231986536258176,0.2613626459874685
bmi,alt_log_adj,REACTOME_FORMATION_OF_THE_ANTERIOR_NEURAL_PLATE,bmi,0.28847666874772354,0.005761634601135394,50.06854629255316,0
bmi,alt_log_adj,REACTOME_FORMATION_OF_THE_BETA_CATENIN_TCF_TRANSACTIVATING_COMPLEX,ppgs,0.00956451011833942,0.005692592868659789,1.6801676035882045,0.09293572841845216
bmi,alt_log_adj,REACTOME_FORMATION_OF_THE_BETA_CATENIN_TCF_TRANSACTIVATING_COMPLEX,bmi,0.28837857057243965,0.005761251088889432,50.054851997090964,0
bmi,alt_log_adj,REACTOME_FORMATION_OF_THE_CANONICAL_BAF_CBAF_COMPLEX,ppgs,0.016325554280562708,0.0057042167362397755,2.8620150733130325,0.004212650494793973
bmi,alt_log_adj,REACTOME_FORMATION_OF_THE_CANONICAL_BAF_CBAF_COMPLEX,bmi,0.28837587284197236,0.005760681701907538,50.05933112855068,0
bmi,alt_log_adj,REACTOME_FORMATION_OF_THE_CORNIFIED_ENVELOPE,ppgs,0.0025163840366912707,0.005680846786455342,0.44295932125664844,0.6577985382693421
bmi,alt_log_adj,REACTOME_FORMATION_OF_THE_CORNIFIED_ENVELOPE,bmi,0.2883971734756533,0.005761612691383692,50.05493928929692,0
bmi,alt_log_adj,REACTOME_FORMATION_OF_THE_DYSTROPHIN_GLYCOPROTEIN_COMPLEX_DGC,ppgs,0.011430665516911506,0.005697829390974083,2.006143872089044,0.04485038179895873
bmi,alt_log_adj,REACTOME_FORMATION_OF_THE_DYSTROPHIN_GLYCOPROTEIN_COMPLEX_DGC,bmi,0.28842843772109783,0.005761093160860163,50.064879991982956,0
bmi,alt_log_adj,REACTOME_FORMATION_OF_THE_EARLY_ELONGATION_COMPLEX,ppgs,0.014555050729349749,0.005692155174637478,2.5570368837101722,0.010561961741347744
bmi,alt_log_adj,REACTOME_FORMATION_OF_THE_EARLY_ELONGATION_COMPLEX,bmi,0.28842109986493336,0.005760834225175441,50.065856539405935,0
bmi,alt_log_adj,REACTOME_FORMATION_OF_THE_EMBRYONIC_STEM_CELL_BAF_ESBAF_COMPLEX,ppgs,0.014372985250472602,0.0057188392725112044,2.5132696628771085,0.0119672855197356
bmi,alt_log_adj,REACTOME_FORMATION_OF_THE_EMBRYONIC_STEM_CELL_BAF_ESBAF_COMPLEX,bmi,0.2883893165771835,0.005760865009885473,50.060071895855216,0
bmi,alt_log_adj,REACTOME_FORMATION_OF_THE_NEPHRIC_DUCT,ppgs,0.007661648977562621,0.005685027253669848,1.3476890497959895,0.17776918521886836
bmi,alt_log_adj,REACTOME_FORMATION_OF_THE_NEPHRIC_DUCT,bmi,0.2883853454902922,0.005761354372138178,50.05513059306322,0
bmi,alt_log_adj,REACTOME_FORMATION_OF_THE_NON_CANONICAL_BAF_NCBAF_COMPLEX,ppgs,0.006823685188848628,0.0057167729792359685,1.1936253571084776,0.2326345387639067
bmi,alt_log_adj,REACTOME_FORMATION_OF_THE_NON_CANONICAL_BAF_NCBAF_COMPLEX,bmi,0.288423185254857,0.005761357665208863,50.06166983809379,0
bmi,alt_log_adj,REACTOME_FORMATION_OF_THE_POLYBROMO_BAF_PBAF_COMPLEX,ppgs,0.005050047688977414,0.005798255377830146,0.8709598594581514,0.38378344597110725
bmi,alt_log_adj,REACTOME_FORMATION_OF_THE_POLYBROMO_BAF_PBAF_COMPLEX,bmi,0.28842536676591013,0.005761434096709076,50.06138435752625,0
bmi,alt_log_adj,REACTOME_FORMATION_OF_THE_POSTERIOR_NEURAL_PLATE,ppgs,-0.00893767644415791,0.005711875100872125,-1.5647534804802103,0.11765188509408424
bmi,alt_log_adj,REACTOME_FORMATION_OF_THE_POSTERIOR_NEURAL_PLATE,bmi,0.2884803466756238,0.0057614022946304525,50.07120348885956,0
bmi,alt_log_adj,REACTOME_FORMATION_OF_THE_URETERIC_BUD,ppgs,2.6098711671347114e-5,0.005715073823745632,0.00456664471470329,0.996356389484032
bmi,alt_log_adj,REACTOME_FORMATION_OF_THE_URETERIC_BUD,bmi,0.2884148437852958,0.005761702210843601,50.057228442402874,0
bmi,alt_log_adj,REACTOME_FORMATION_OF_TUBULIN_FOLDING_INTERMEDIATES_BY_CCT_TRIC,ppgs,0.014211189899741227,0.005699927730651929,2.4932228216366914,0.012664595253595827
bmi,alt_log_adj,REACTOME_FORMATION_OF_TUBULIN_FOLDING_INTERMEDIATES_BY_CCT_TRIC,bmi,0.2884666022661142,0.005760904131322117,50.07314749393541,0
bmi,alt_log_adj,REACTOME_FORMATION_OF_WDR5_CONTAINING_HISTONE_MODIFYING_COMPLEXES,ppgs,0.0034539565027629326,0.005705399916930838,0.6053837685441258,0.5449288795125045
bmi,alt_log_adj,REACTOME_FORMATION_OF_WDR5_CONTAINING_HISTONE_MODIFYING_COMPLEXES,bmi,0.28842585283877176,0.005761490596600998,50.06097779781661,0
bmi,alt_log_adj,REACTOME_FORMATION_OF_XYLULOSE_5_PHOSPHATE,ppgs,0.002116317652270671,0.005701572515801198,0.3711813971330822,0.710505201667823
bmi,alt_log_adj,REACTOME_FORMATION_OF_XYLULOSE_5_PHOSPHATE,bmi,0.2884135057556548,0.005761484756541549,50.05888550311482,0
bmi,alt_log_adj,REACTOME_FORMYL_PEPTIDE_RECEPTORS_BIND_FORMYL_PEPTIDES_AND_MANY_OTHER_LIGANDS,ppgs,0.0042263104183310396,0.00570586234825771,0.7406961753329971,0.45888381358800645
bmi,alt_log_adj,REACTOME_FORMYL_PEPTIDE_RECEPTORS_BIND_FORMYL_PEPTIDES_AND_MANY_OTHER_LIGANDS,bmi,0.2884178950410983,0.005761443916443602,50.06000218416282,0
bmi,alt_log_adj,REACTOME_FOXO_MEDIATED_TRANSCRIPTION,ppgs,0.0043933450741876386,0.00570037851913486,0.7707111132076913,0.4408846062247803
bmi,alt_log_adj,REACTOME_FOXO_MEDIATED_TRANSCRIPTION,bmi,0.28841933563132605,0.005761440858211986,50.06027879644581,0
bmi,alt_log_adj,REACTOME_FOXO_MEDIATED_TRANSCRIPTION_OF_CELL_CYCLE_GENES,ppgs,0.0036048808239978404,0.0056760372290988416,0.6351052113465737,0.5253649242873335
bmi,alt_log_adj,REACTOME_FOXO_MEDIATED_TRANSCRIPTION_OF_CELL_CYCLE_GENES,bmi,0.2884030636037455,0.005761485728676759,50.05706465057635,0
bmi,alt_log_adj,REACTOME_FOXO_MEDIATED_TRANSCRIPTION_OF_CELL_DEATH_GENES,ppgs,-3.0126538402620786e-4,0.005684432905244066,-0.05299831822243538,0.9577336211274556
bmi,alt_log_adj,REACTOME_FOXO_MEDIATED_TRANSCRIPTION_OF_CELL_DEATH_GENES,bmi,0.288414883454714,0.005761499794382446,50.05899396818917,0
bmi,alt_log_adj,REACTOME_FOXO_MEDIATED_TRANSCRIPTION_OF_OXIDATIVE_STRESS_METABOLIC_AND_NEURONAL_GENES,ppgs,0.0056731207553297695,0.005697027440797967,0.9958036562546645,0.3193540529150441
bmi,alt_log_adj,REACTOME_FOXO_MEDIATED_TRANSCRIPTION_OF_OXIDATIVE_STRESS_METABOLIC_AND_NEURONAL_GENES,bmi,0.2883987106946257,0.005761419365488089,50.05688570809209,0
bmi,alt_log_adj,REACTOME_FREE_FATTY_ACIDS_REGULATE_INSULIN_SECRETION,ppgs,-0.004937607828583417,0.005712637268883361,-0.864330710349576,0.38741355753856377
bmi,alt_log_adj,REACTOME_FREE_FATTY_ACIDS_REGULATE_INSULIN_SECRETION,bmi,0.28840046912349243,0.005761445327534218,50.05696534951274,0
bmi,alt_log_adj,REACTOME_FREE_FATTY_ACID_RECEPTORS,ppgs,-0.0031889302653903425,0.0059079417264756625,-0.5397700947352903,0.5893598328409468
bmi,alt_log_adj,REACTOME_FREE_FATTY_ACID_RECEPTORS,bmi,0.2884074651785194,0.005761483623224251,50.05784690873083,0
bmi,alt_log_adj,REACTOME_FRS_MEDIATED_FGFR1_SIGNALING,ppgs,0.003917325059244737,0.005716882251035069,0.6852205253196332,0.493210376283593
bmi,alt_log_adj,REACTOME_FRS_MEDIATED_FGFR1_SIGNALING,bmi,0.2883929517988358,0.005761537058225969,50.054863638703154,0
bmi,alt_log_adj,REACTOME_FRS_MEDIATED_FGFR2_SIGNALING,ppgs,0.003561937782873875,0.005722643259925824,0.6224287660594178,0.5336649763920598
bmi,alt_log_adj,REACTOME_FRS_MEDIATED_FGFR2_SIGNALING,bmi,0.28839904701275193,0.005761512944463336,50.05613105319774,0
bmi,alt_log_adj,REACTOME_FRS_MEDIATED_FGFR3_SIGNALING,ppgs,0.004224150938865991,0.005719351293829511,0.7385716879156102,0.46017323566500357
bmi,alt_log_adj,REACTOME_FRS_MEDIATED_FGFR3_SIGNALING,bmi,0.2883926265227988,0.005761519512429134,50.054959616236474,0
bmi,alt_log_adj,REACTOME_FRS_MEDIATED_FGFR4_SIGNALING,ppgs,0.004752684087179697,0.00571814181301249,0.831158834914561,0.4058909065306392
bmi,alt_log_adj,REACTOME_FRS_MEDIATED_FGFR4_SIGNALING,bmi,0.2883901981695762,0.005761502711741024,50.054684098626375,0
bmi,alt_log_adj,REACTOME_FRUCTOSE_CATABOLISM,ppgs,0.021925364367483657,0.005708658819634307,3.840720747239924,1.22940425694091e-4
bmi,alt_log_adj,REACTOME_FRUCTOSE_CATABOLISM,bmi,0.288134001938693,0.005760462971637087,50.01924382768962,0
bmi,alt_log_adj,REACTOME_FRUCTOSE_METABOLISM,ppgs,-0.010614501602898268,0.005693887536977806,-1.864192352582401,0.06230502493731669
bmi,alt_log_adj,REACTOME_FRUCTOSE_METABOLISM,bmi,0.2884288256740061,0.005761149900458255,50.06445425956783,0
bmi,alt_log_adj,REACTOME_G0_AND_EARLY_G1,ppgs,-6.840511242831595e-4,0.005673611781802437,-0.12056713617191565,0.9040347548777554
bmi,alt_log_adj,REACTOME_G0_AND_EARLY_G1,bmi,0.2884149228371121,0.005761497033973528,50.059024787556154,0
bmi,alt_log_adj,REACTOME_G1_S_DNA_DAMAGE_CHECKPOINTS,ppgs,-9.581943683051583e-4,0.005690759762063296,-0.16837723052251044,0.8662877209517179
bmi,alt_log_adj,REACTOME_G1_S_DNA_DAMAGE_CHECKPOINTS,bmi,0.288412517556826,0.00576150865021943,50.05850638544849,0
bmi,alt_log_adj,REACTOME_G1_S_SPECIFIC_TRANSCRIPTION,ppgs,1.8920997054509354e-4,0.00568171305057155,0.033301570998215055,0.9734343354282109
bmi,alt_log_adj,REACTOME_G1_S_SPECIFIC_TRANSCRIPTION,bmi,0.2884149844368189,0.005761508124628461,50.05893911768418,0
bmi,alt_log_adj,REACTOME_G2_M_CHECKPOINTS,ppgs,-0.004402831211605521,0.0056901388002968435,-0.7737651692039276,0.4390761257812005
bmi,alt_log_adj,REACTOME_G2_M_CHECKPOINTS,bmi,0.2884303518663959,0.00576147299688643,50.061911601819034,0
bmi,alt_log_adj,REACTOME_G2_M_DNA_DAMAGE_CHECKPOINT,ppgs,0.005614829737687794,0.0057087387047586625,0.9835499622722986,0.32534523199109444
bmi,alt_log_adj,REACTOME_G2_M_DNA_DAMAGE_CHECKPOINT,bmi,0.28837133321751707,0.005761567784518988,50.05084449277066,0
bmi,alt_log_adj,REACTOME_G2_M_DNA_REPLICATION_CHECKPOINT,ppgs,0.005681253101380168,0.0057221530371852425,0.9928523519837223,0.3207903870322329
bmi,alt_log_adj,REACTOME_G2_M_DNA_REPLICATION_CHECKPOINT,bmi,0.28837568909305733,0.005761531250862841,50.051917890729214,0
bmi,alt_log_adj,REACTOME_G2_PHASE,ppgs,0.0051726243304668715,0.005681605360165564,0.9104159832593757,0.3626109122801511
bmi,alt_log_adj,REACTOME_G2_PHASE,bmi,0.2884852925258325,0.0057619366430805286,50.06741836918192,0
bmi,alt_log_adj,REACTOME_GAB1_SIGNALOSOME,ppgs,0.0036692220954144222,0.005708525549648921,0.6427617890998285,0.5203838790331754
bmi,alt_log_adj,REACTOME_GAB1_SIGNALOSOME,bmi,0.2884076857887306,0.005761466096474647,50.05803747855131,0
bmi,alt_log_adj,REACTOME_GABA_B_RECEPTOR_ACTIVATION,ppgs,-0.002688588637608468,0.0057089961751399226,-0.47093894532913627,0.637687959152097
bmi,alt_log_adj,REACTOME_GABA_B_RECEPTOR_ACTIVATION,bmi,0.28844489349879404,0.005761833988662927,50.061298896556664,0
bmi,alt_log_adj,REACTOME_GABA_RECEPTOR_ACTIVATION,ppgs,-0.0018071972901669857,0.005705979952551459,-0.3167198807557829,0.751458494281508
bmi,alt_log_adj,REACTOME_GABA_RECEPTOR_ACTIVATION,bmi,0.288423768523329,0.0057615601504009215,50.060011697223864,0
bmi,alt_log_adj,REACTOME_GABA_SYNTHESIS_RELEASE_REUPTAKE_AND_DEGRADATION,ppgs,-2.466635159107575e-4,0.00573613624124684,-0.043001683631060564,0.9657004946025525
bmi,alt_log_adj,REACTOME_GABA_SYNTHESIS_RELEASE_REUPTAKE_AND_DEGRADATION,bmi,0.2884141941082515,0.005761506386305721,50.058817047182465,0
bmi,alt_log_adj,REACTOME_GALACTOSE_CATABOLISM,ppgs,-0.008400416831529494,0.00569626256227936,-1.4747243020637846,0.14029778459446707
bmi,alt_log_adj,REACTOME_GALACTOSE_CATABOLISM,bmi,0.28842324006556525,0.005761279949532131,50.06235464898523,0
bmi,alt_log_adj,REACTOME_GAMMA_CARBOXYLATION_HYPUSINYLATION_HYDROXYLATION_AND_ARYLSULFATASE_ACTIVATION,ppgs,-0.00651048882582142,0.0057176765061700534,-1.1386598767516538,0.25485466589574246
bmi,alt_log_adj,REACTOME_GAMMA_CARBOXYLATION_HYPUSINYLATION_HYDROXYLATION_AND_ARYLSULFATASE_ACTIVATION,bmi,0.28837835421984764,0.005761454268911842,50.053049240693404,0
bmi,alt_log_adj,REACTOME_GAMMA_CARBOXYLATION_TRANSPORT_AND_AMINO_TERMINAL_CLEAVAGE_OF_PROTEINS,ppgs,-0.0010715657583447481,0.005720774420391167,-0.18731131130170978,0.8514178952935657
bmi,alt_log_adj,REACTOME_GAMMA_CARBOXYLATION_TRANSPORT_AND_AMINO_TERMINAL_CLEAVAGE_OF_PROTEINS,bmi,0.2884109335820832,0.005761528060904948,50.05806281481223,0
bmi,alt_log_adj,REACTOME_GAP_FILLING_DNA_REPAIR_SYNTHESIS_AND_LIGATION_IN_GG_NER,ppgs,-0.0015416352746022396,0.005687313682386129,-0.2710656314556299,0.7863425279914809
bmi,alt_log_adj,REACTOME_GAP_FILLING_DNA_REPAIR_SYNTHESIS_AND_LIGATION_IN_GG_NER,bmi,0.28842268705668095,0.005761567324803461,50.059761658086614,0
bmi,alt_log_adj,REACTOME_GAP_JUNCTION_ASSEMBLY,ppgs,0.013562931868757466,0.005713470760243171,2.373851628529243,0.017610245016053513
bmi,alt_log_adj,REACTOME_GAP_JUNCTION_ASSEMBLY,bmi,0.2884136428019281,0.0057609254408781015,50.063769399863475,0
bmi,alt_log_adj,REACTOME_GAP_JUNCTION_DEGRADATION,ppgs,0.01578745933171287,0.005701814115708769,2.7688484772272157,0.005629133238769614
bmi,alt_log_adj,REACTOME_GAP_JUNCTION_DEGRADATION,bmi,0.28832380442331074,0.005760812454007997,50.049156559976865,0
bmi,alt_log_adj,REACTOME_GAP_JUNCTION_TRAFFICKING_AND_REGULATION,ppgs,0.01651403208238007,0.005701434882391909,2.8964694718133797,0.0037767587771510612
bmi,alt_log_adj,REACTOME_GAP_JUNCTION_TRAFFICKING_AND_REGULATION,bmi,0.28831914892129634,0.005760739941007156,50.04897840795244,0
bmi,alt_log_adj,REACTOME_GASTRIN_CREB_SIGNALLING_PATHWAY_VIA_PKC_AND_MAPK,ppgs,-0.0024741810652861317,0.005685389586640669,-0.4351823261329138,0.6634334031049725
bmi,alt_log_adj,REACTOME_GASTRIN_CREB_SIGNALLING_PATHWAY_VIA_PKC_AND_MAPK,bmi,0.28839326449189084,0.005761687751411976,50.053608757471515,0
bmi,alt_log_adj,REACTOME_GASTRULATION,ppgs,7.481453381751333e-4,0.005688645561464406,0.13151554796156803,0.8953684211794875
bmi,alt_log_adj,REACTOME_GASTRULATION,bmi,0.28841593889021244,0.005761504912073677,50.05913269045639,0
bmi,alt_log_adj,REACTOME_GDP_FUCOSE_BIOSYNTHESIS,ppgs,-8.027409527620928e-4,0.0057185599760219774,-0.1403746670714305,0.8883649696988016
bmi,alt_log_adj,REACTOME_GDP_FUCOSE_BIOSYNTHESIS,bmi,0.28840816867849767,0.005761679390609921,50.05626816870963,0
bmi,alt_log_adj,REACTOME_GENERATION_OF_SECOND_MESSENGER_MOLECULES,ppgs,0.004733351837382509,0.005700625613772776,0.8303214696202251,0.4063640447932455
bmi,alt_log_adj,REACTOME_GENERATION_OF_SECOND_MESSENGER_MOLECULES,bmi,0.2883902191012393,0.005761502875685232,50.05468630733613,0
bmi,alt_log_adj,REACTOME_GENE_AND_PROTEIN_EXPRESSION_BY_JAK_STAT_SIGNALING_AFTER_INTERLEUKIN_12_STIMULATION,ppgs,9.498087642135695e-4,0.005727923315929201,0.16582078911080683,0.868299167736853
bmi,alt_log_adj,REACTOME_GENE_AND_PROTEIN_EXPRESSION_BY_JAK_STAT_SIGNALING_AFTER_INTERLEUKIN_12_STIMULATION,bmi,0.28841385548206233,0.005761497033143524,50.058839538220006,0
bmi,alt_log_adj,REACTOME_GENE_SILENCING_BY_RNA,ppgs,2.3951816982584952e-4,0.005707087608700021,0.041968546174185634,0.966524068091976
bmi,alt_log_adj,REACTOME_GENE_SILENCING_BY_RNA,bmi,0.2884153085172742,0.005761520997657983,50.05888351956245,0
bmi,alt_log_adj,REACTOME_GERM_LAYER_FORMATION_AT_GASTRULATION,ppgs,0.007222102558935269,0.005698898296059747,1.2672804783915295,0.2050654281364772
bmi,alt_log_adj,REACTOME_GERM_LAYER_FORMATION_AT_GASTRULATION,bmi,0.28835478796143676,0.00576152824263543,50.048316317813956,0
bmi,alt_log_adj,REACTOME_GLI_PROTEINS_BIND_PROMOTERS_OF_HH_RESPONSIVE_GENES_TO_PROMOTE_TRANSCRIPTION,ppgs,-0.0016900456330467765,0.005720741256361085,-0.29542423915214794,0.7676719825833636
bmi,alt_log_adj,REACTOME_GLI_PROTEINS_BIND_PROMOTERS_OF_HH_RESPONSIVE_GENES_TO_PROMOTE_TRANSCRIPTION,bmi,0.2884207847069397,0.005761526864607466,50.059783020136955,0
bmi,alt_log_adj,REACTOME_GLOBAL_GENOME_NUCLEOTIDE_EXCISION_REPAIR_GG_NER,ppgs,0.007320202482323569,0.005670411003854153,1.2909474246836885,0.19673243610923608
bmi,alt_log_adj,REACTOME_GLOBAL_GENOME_NUCLEOTIDE_EXCISION_REPAIR_GG_NER,bmi,0.28841435336807664,0.005761328633088348,50.06038914559761,0
bmi,alt_log_adj,REACTOME_GLUCAGON_LIKE_PEPTIDE_1_GLP1_REGULATES_INSULIN_SECRETION,ppgs,0.00799590959793906,0.005776409941164564,1.3842351355567104,0.16629736431703332
bmi,alt_log_adj,REACTOME_GLUCAGON_LIKE_PEPTIDE_1_GLP1_REGULATES_INSULIN_SECRETION,bmi,0.28838626090288105,0.005761339703831397,50.05541692170988,0
bmi,alt_log_adj,REACTOME_GLUCAGON_SIGNALING_IN_METABOLIC_REGULATION,ppgs,-0.002579485487767658,0.005866105079464272,-0.4397271192426768,0.6601381104908235
bmi,alt_log_adj,REACTOME_GLUCAGON_SIGNALING_IN_METABOLIC_REGULATION,bmi,0.28842707403913265,0.005761547910527798,50.06069176515981,0
bmi,alt_log_adj,REACTOME_GLUCAGON_TYPE_LIGAND_RECEPTORS,ppgs,0.00678849383986759,0.005687110317783345,1.1936631189727878,0.232619761363258
bmi,alt_log_adj,REACTOME_GLUCAGON_TYPE_LIGAND_RECEPTORS,bmi,0.28838464672219544,0.005761407918080233,50.05454410148561,0
bmi,alt_log_adj,REACTOME_GLUCOCORTICOID_BIOSYNTHESIS,ppgs,5.848982494845165e-4,0.005705469507201934,0.10251535806934166,0.9183483481791137
bmi,alt_log_adj,REACTOME_GLUCOCORTICOID_BIOSYNTHESIS,bmi,0.28841762441270796,0.005761571329695664,50.0588481698,0
bmi,alt_log_adj,REACTOME_GLUCONEOGENESIS,ppgs,0.001142599173004617,0.0057319097611262465,0.1993400490624805,0.8419981827827303
bmi,alt_log_adj,REACTOME_GLUCONEOGENESIS,bmi,0.2884152461815229,0.005761494784002326,50.0591004581575,0
bmi,alt_log_adj,REACTOME_GLUCOSE_METABOLISM,ppgs,3.1051320036083974e-4,0.005704836313449126,0.054429817666951506,0.9565931065438213
bmi,alt_log_adj,REACTOME_GLUCOSE_METABOLISM,bmi,0.2884118014994552,0.005761730736927699,50.056452595222055,0
bmi,alt_log_adj,REACTOME_GLUCURONIDATION,ppgs,0.0016444527834348268,0.005700142953427877,0.28849325304129564,0.7729713036019578
bmi,alt_log_adj,REACTOME_GLUCURONIDATION,bmi,0.28841717250621896,0.005761496295892583,50.05942166652678,0
bmi,alt_log_adj,REACTOME_GLUTAMATE_AND_GLUTAMINE_METABOLISM,ppgs,0.002943103042661254,0.005681390515384216,0.518025126893116,0.6044447807664589
bmi,alt_log_adj,REACTOME_GLUTAMATE_AND_GLUTAMINE_METABOLISM,bmi,0.28838699766533205,0.005761717486885438,50.05226277090912,0
bmi,alt_log_adj,REACTOME_GLUTAMATE_NEUROTRANSMITTER_RELEASE_CYCLE,ppgs,-0.0074448222246630644,0.005819216067032135,-1.2793514004129436,0.20078381059714098
bmi,alt_log_adj,REACTOME_GLUTAMATE_NEUROTRANSMITTER_RELEASE_CYCLE,bmi,0.28832078933693406,0.005761798489310964,50.04006819603534,0
bmi,alt_log_adj,REACTOME_GLUTATHIONE_CONJUGATION,ppgs,-0.003493153165679448,0.005704312459758291,-0.6123705863453812,0.540297509534054
bmi,alt_log_adj,REACTOME_GLUTATHIONE_CONJUGATION,bmi,0.2884012540629906,0.005761501223084095,50.05661595757004,0
bmi,alt_log_adj,REACTOME_GLUTATHIONE_SYNTHESIS_AND_RECYCLING,ppgs,1.9843641329799175e-6,0.005713622596434515,3.4730402638393106e-4,0.9997228939287277
bmi,alt_log_adj,REACTOME_GLUTATHIONE_SYNTHESIS_AND_RECYCLING,bmi,0.2884146332692436,0.0057615854341250385,50.058206472302814,0
bmi,alt_log_adj,REACTOME_GLYCEROPHOSPHOLIPID_BIOSYNTHESIS,ppgs,0.065016339347609,0.0056899131427837904,11.42659610367967,3.585574183346073e-30
bmi,alt_log_adj,REACTOME_GLYCEROPHOSPHOLIPID_BIOSYNTHESIS,bmi,0.2890736387115465,0.005748565071931881,50.28622536134909,0
bmi,alt_log_adj,REACTOME_GLYCEROPHOSPHOLIPID_CATABOLISM,ppgs,2.6997226319016833e-4,0.005676508426444785,0.04755956353952826,0.9620675941776853
bmi,alt_log_adj,REACTOME_GLYCEROPHOSPHOLIPID_CATABOLISM,bmi,0.2884121359106671,0.005761734916624894,50.056474323121584,0
bmi,alt_log_adj,REACTOME_GLYCINE_DEGRADATION,ppgs,-0.0017866246176090161,0.0056937475913709104,-0.31378711278257454,0.7536850416810855
bmi,alt_log_adj,REACTOME_GLYCINE_DEGRADATION,bmi,0.2884204817042049,0.005761518226963784,50.05980547877175,0
bmi,alt_log_adj,REACTOME_GLYCOGEN_BREAKDOWN_GLYCOGENOLYSIS,ppgs,0.0072678199580283615,0.005767842764228165,1.2600586137858978,0.20765859086933128
bmi,alt_log_adj,REACTOME_GLYCOGEN_BREAKDOWN_GLYCOGENOLYSIS,bmi,0.2883681728518557,0.005761454564898554,50.051279516934486,0
bmi,alt_log_adj,REACTOME_GLYCOGEN_METABOLISM,ppgs,0.007092956990732174,0.005721220151871507,1.2397629880423233,0.21507333394946393
bmi,alt_log_adj,REACTOME_GLYCOGEN_METABOLISM,bmi,0.28836263778973503,0.0057614943754419525,50.04997297556423,0
bmi,alt_log_adj,REACTOME_GLYCOGEN_STORAGE_DISEASES,ppgs,0.005936505344352706,0.005708522032965629,1.0399373620826051,0.29837787186941683
bmi,alt_log_adj,REACTOME_GLYCOGEN_STORAGE_DISEASES,bmi,0.2884132809911521,0.005761388223161728,50.059685238999045,0
bmi,alt_log_adj,REACTOME_GLYCOGEN_SYNTHESIS,ppgs,0.003983165923078287,0.0057011230434177605,0.6986633848706452,0.4847681527683019
bmi,alt_log_adj,REACTOME_GLYCOGEN_SYNTHESIS,bmi,0.2884096163469914,0.005761452825014023,50.05848786868952,0
bmi,alt_log_adj,REACTOME_GLYCOSAMINOGLYCAN_METABOLISM,ppgs,0.001552754554791025,0.005706687716116758,0.2720938365710383,0.7855518500637975
bmi,alt_log_adj,REACTOME_GLYCOSAMINOGLYCAN_METABOLISM,bmi,0.28841676962607476,0.005761495853724076,50.05935558204905,0
bmi,alt_log_adj,REACTOME_GLYCOSPHINGOLIPID_BIOSYNTHESIS,ppgs,-4.883053236371616e-4,0.005707846456984549,-0.0855498351816445,0.9318248820470894
bmi,alt_log_adj,REACTOME_GLYCOSPHINGOLIPID_BIOSYNTHESIS,bmi,0.2884144564242727,0.005761497554017668,50.05893931572574,0
bmi,alt_log_adj,REACTOME_GLYCOSPHINGOLIPID_CATABOLISM,ppgs,-0.0046983828844556815,0.005724017684245747,-0.8208190721330356,0.41175623529940364
bmi,alt_log_adj,REACTOME_GLYCOSPHINGOLIPID_CATABOLISM,bmi,0.28838288237317544,0.005761559271692678,50.05292296306655,0
bmi,alt_log_adj,REACTOME_GLYCOSPHINGOLIPID_METABOLISM,ppgs,-0.005751161328267309,0.005725319452933745,-1.0045136128291186,0.31513968689636085
bmi,alt_log_adj,REACTOME_GLYCOSPHINGOLIPID_METABOLISM,bmi,0.28839094934397064,0.005761443636039108,50.055327720299346,0
bmi,alt_log_adj,REACTOME_GLYCOSPHINGOLIPID_TRANSPORT,ppgs,0.002071727608703107,0.005721945150887164,0.36206701638548455,0.7173046496841949
bmi,alt_log_adj,REACTOME_GLYCOSPHINGOLIPID_TRANSPORT,bmi,0.28841484754447033,0.005761484684075573,50.05911902215641,0
bmi,alt_log_adj,REACTOME_GLYOXYLATE_METABOLISM_AND_GLYCINE_DEGRADATION,ppgs,-8.134310767933178e-4,0.005696292350075141,-0.14280009290298937,0.8864490785715516
bmi,alt_log_adj,REACTOME_GLYOXYLATE_METABOLISM_AND_GLYCINE_DEGRADATION,bmi,0.28841595569113826,0.0057615034666277576,50.059148165357236,0
bmi,alt_log_adj,REACTOME_GOLGI_ASSOCIATED_VESICLE_BIOGENESIS,ppgs,0.007202801954439532,0.005695875078114259,1.264564593790946,0.20603784779857182
bmi,alt_log_adj,REACTOME_GOLGI_ASSOCIATED_VESICLE_BIOGENESIS,bmi,0.28847665433088465,0.005761544308415061,50.06932844542186,0
bmi,alt_log_adj,REACTOME_GOLGI_CISTERNAE_PERICENTRIOLAR_STACK_REORGANIZATION,ppgs,0.0010599000719781154,0.005708139373486025,0.1856822341972394,0.852695289538657
bmi,alt_log_adj,REACTOME_GOLGI_CISTERNAE_PERICENTRIOLAR_STACK_REORGANIZATION,bmi,0.2884071807716659,0.0057616338501147325,50.05649235518893,0
bmi,alt_log_adj,REACTOME_GOLGI_TO_ER_RETROGRADE_TRANSPORT,ppgs,0.016985828327015378,0.0057202110225508425,2.9694408580473666,0.0029859192670098605
bmi,alt_log_adj,REACTOME_GOLGI_TO_ER_RETROGRADE_TRANSPORT,bmi,0.28837725282525783,0.005760615908315848,50.06014242486906,0
bmi,alt_log_adj,REACTOME_GP1B_IX_V_ACTIVATION_SIGNALLING,ppgs,-2.3073119649211153e-4,0.0056981750313738425,-0.04049212163924732,0.9677010730585662
bmi,alt_log_adj,REACTOME_GP1B_IX_V_ACTIVATION_SIGNALLING,bmi,0.28841535666591844,0.00576152635364315,50.05884534113891,0
bmi,alt_log_adj,REACTOME_GPCR_LIGAND_BINDING,ppgs,-0.017289375065750127,0.00569918989081482,-3.033654852177288,0.002418293155078427
bmi,alt_log_adj,REACTOME_GPCR_LIGAND_BINDING,bmi,0.2885901251936593,0.005760853498620301,50.09502936722403,0
bmi,alt_log_adj,REACTOME_GPER1_SIGNALING,ppgs,-6.344621871768706e-4,0.005752918448920479,-0.11028527395446147,0.9121839163713705
bmi,alt_log_adj,REACTOME_GPER1_SIGNALING,bmi,0.28842046256010084,0.005761740103603648,50.05787442229647,0
bmi,alt_log_adj,REACTOME_GPVI_MEDIATED_ACTIVATION_CASCADE,ppgs,0.0035220396795177192,0.005681212324836678,0.6199450888537192,0.5352989221255056
bmi,alt_log_adj,REACTOME_GPVI_MEDIATED_ACTIVATION_CASCADE,bmi,0.28840365642478344,0.005761486069966992,50.05716457914403,0
bmi,alt_log_adj,REACTOME_GRB2_EVENTS_IN_ERBB2_SIGNALING,ppgs,-0.008247121543416778,0.005697462668372967,-1.4475077808227081,0.14776581678561368
bmi,alt_log_adj,REACTOME_GRB2_EVENTS_IN_ERBB2_SIGNALING,bmi,0.2883893473554282,0.005761311526699074,50.05619745069748,0
bmi,alt_log_adj,REACTOME_GRB2_SOS_PROVIDES_LINKAGE_TO_MAPK_SIGNALING_FOR_INTEGRINS,ppgs,0.008376456725157364,0.005683407720268237,1.4738440628296194,0.14053468504050518
bmi,alt_log_adj,REACTOME_GRB2_SOS_PROVIDES_LINKAGE_TO_MAPK_SIGNALING_FOR_INTEGRINS,bmi,0.2884244037132156,0.005761281072187386,50.062546870970394,0
bmi,alt_log_adj,REACTOME_GRB7_EVENTS_IN_ERBB2_SIGNALING,ppgs,-0.001202479028976926,0.005706198283614097,-0.21073207926019,0.8330978556351316
bmi,alt_log_adj,REACTOME_GRB7_EVENTS_IN_ERBB2_SIGNALING,bmi,0.28841292795921986,0.00576149906886047,50.05866086450018,0
bmi,alt_log_adj,REACTOME_GROWTH_HORMONE_RECEPTOR_SIGNALING,ppgs,0.005695162063723776,0.005705291630038586,0.9982245313698818,0.31817901366649837
bmi,alt_log_adj,REACTOME_GROWTH_HORMONE_RECEPTOR_SIGNALING,bmi,0.2884182607417959,0.005761397870577342,50.06046574472974,0
bmi,alt_log_adj,REACTOME_G_ALPHA_12_13_SIGNALLING_EVENTS,ppgs,-0.00785050488808246,0.005702017023499925,-1.376794361666739,0.16858670693645805
bmi,alt_log_adj,REACTOME_G_ALPHA_12_13_SIGNALLING_EVENTS,bmi,0.28836952764715384,0.005761398460830977,50.05200206297861,0
bmi,alt_log_adj,REACTOME_G_ALPHA_I_SIGNALLING_EVENTS,ppgs,-0.013796128050205912,0.005708789702092603,-2.416646744781793,0.015670483825861475
bmi,alt_log_adj,REACTOME_G_ALPHA_I_SIGNALLING_EVENTS,bmi,0.28857849904281685,0.0057613036917388075,50.089096927248,0
bmi,alt_log_adj,REACTOME_G_ALPHA_Q_SIGNALLING_EVENTS,ppgs,0.0011090279346469183,0.005699363068113493,0.19458804806657282,0.8457168548252683
bmi,alt_log_adj,REACTOME_G_ALPHA_Q_SIGNALLING_EVENTS,bmi,0.2884092110480224,0.005761561233893362,50.05747562855121,0
bmi,alt_log_adj,REACTOME_G_ALPHA_S_SIGNALLING_EVENTS,ppgs,0.0015595435190952937,0.00567692987251166,0.2747160092018717,0.7835364325211633
bmi,alt_log_adj,REACTOME_G_ALPHA_S_SIGNALLING_EVENTS,bmi,0.28839721604217783,0.005761838689900481,50.0529833554155,0
bmi,alt_log_adj,REACTOME_G_ALPHA_Z_SIGNALLING_EVENTS,ppgs,-0.0033322668213936054,0.00569631404764167,-0.5849865006605801,0.558561449556032
bmi,alt_log_adj,REACTOME_G_ALPHA_Z_SIGNALLING_EVENTS,bmi,0.2884672445535318,0.005762165394480523,50.06229859869164,0
bmi,alt_log_adj,REACTOME_G_BETA_GAMMA_SIGNALLING_THROUGH_CDC42,ppgs,0.006491743941529568,0.005691572313827589,1.1405888537615476,0.2540506933743381
bmi,alt_log_adj,REACTOME_G_BETA_GAMMA_SIGNALLING_THROUGH_CDC42,bmi,0.2884038783453452,0.0057613734782676895,50.05818134047812,0
bmi,alt_log_adj,REACTOME_G_BETA_GAMMA_SIGNALLING_THROUGH_PI3KGAMMA,ppgs,0.0056306859838532175,0.00569006077779398,0.9895651740360176,0.3223951451328557
bmi,alt_log_adj,REACTOME_G_BETA_GAMMA_SIGNALLING_THROUGH_PI3KGAMMA,bmi,0.2883769856670397,0.005761524002763439,50.05220589703756,0
bmi,alt_log_adj,REACTOME_G_PROTEIN_ACTIVATION,ppgs,-4.886689825855911e-4,0.005700531838032568,-0.08572340203861506,0.9316869038402416
bmi,alt_log_adj,REACTOME_G_PROTEIN_ACTIVATION,bmi,0.2884174713171119,0.005761593085430674,50.05863257619363,0
bmi,alt_log_adj,REACTOME_G_PROTEIN_BETA_GAMMA_SIGNALLING,ppgs,0.004054211610447504,0.005696542516528051,0.7116968931039382,0.47665834824831244
bmi,alt_log_adj,REACTOME_G_PROTEIN_BETA_GAMMA_SIGNALLING,bmi,0.2883850384574447,0.005761596453236268,50.052974170979965,0
bmi,alt_log_adj,REACTOME_G_PROTEIN_MEDIATED_EVENTS,ppgs,-9.780184326438702e-4,0.005721170569358928,-0.1709472599684193,0.8642664554956221
bmi,alt_log_adj,REACTOME_G_PROTEIN_MEDIATED_EVENTS,bmi,0.28842031798755097,0.005761591342398491,50.05914179735708,0
bmi,alt_log_adj,REACTOME_HATS_ACETYLATE_HISTONES,ppgs,0.002875465882260769,0.0056941646260967324,0.5049846766077537,0.6135735240745005
bmi,alt_log_adj,REACTOME_HATS_ACETYLATE_HISTONES,bmi,0.28843080789665987,0.0057615612117515634,50.06122425782134,0
bmi,alt_log_adj,REACTOME_HCMV_EARLY_EVENTS,ppgs,0.0015011348317211263,0.005694655809124023,0.26360413728885884,0.7920868860945143
bmi,alt_log_adj,REACTOME_HCMV_EARLY_EVENTS,bmi,0.2884098716388452,0.005761519096220161,50.05795638654677,0
bmi,alt_log_adj,REACTOME_HCMV_INFECTION,ppgs,0.0020942715534739945,0.005696129532671489,0.36766571782853746,0.713125250678974
bmi,alt_log_adj,REACTOME_HCMV_INFECTION,bmi,0.28839983274115055,0.005761624656028832,50.055296892583165,0
bmi,alt_log_adj,REACTOME_HCMV_LATE_EVENTS,ppgs,-0.0012074193506190348,0.005688083591583065,-0.21227173109862735,0.8318965743232994
bmi,alt_log_adj,REACTOME_HCMV_LATE_EVENTS,bmi,0.28842239192615676,0.0057616096589112485,50.05934261444899,0
bmi,alt_log_adj,REACTOME_HDACS_DEACETYLATE_HISTONES,ppgs,0.007954084599099966,0.005732717708490693,1.3874893206967474,0.165303511608966
bmi,alt_log_adj,REACTOME_HDACS_DEACETYLATE_HISTONES,bmi,0.2884574267522467,0.005761384952799411,50.06737600689007,0
bmi,alt_log_adj,REACTOME_HDL_ASSEMBLY,ppgs,0.008402902284344269,0.005691830336897251,1.4763093393477513,0.13987197528427064
bmi,alt_log_adj,REACTOME_HDL_ASSEMBLY,bmi,0.28843619135662324,0.005761295035732791,50.06447154115176,0
bmi,alt_log_adj,REACTOME_HDL_CLEARANCE,ppgs,0.0011965154369576556,0.005675259368982113,0.21083008884090115,0.8330213740522137
bmi,alt_log_adj,REACTOME_HDL_CLEARANCE,bmi,0.2884048828013783,0.005761678650595777,50.05570429922472,0
bmi,alt_log_adj,REACTOME_HDL_REMODELING,ppgs,0.011004644399089998,0.005735892955397284,1.9185581887010277,0.055050302667108676
bmi,alt_log_adj,REACTOME_HDL_REMODELING,bmi,0.2883250611100945,0.005761313091705796,50.04502559063803,0
bmi,alt_log_adj,REACTOME_HDMS_DEMETHYLATE_HISTONES,ppgs,0.007658073656232351,0.005661072130352857,1.3527603040371472,0.17614300685603812
bmi,alt_log_adj,REACTOME_HDMS_DEMETHYLATE_HISTONES,bmi,0.28835549092900975,0.005761477844595774,50.048876122900516,0
bmi,alt_log_adj,REACTOME_HDR_THROUGH_HOMOLOGOUS_RECOMBINATION_HRR,ppgs,0.0012385402681124988,0.005775311400281959,0.21445428346115356,0.8301943565581106
bmi,alt_log_adj,REACTOME_HDR_THROUGH_HOMOLOGOUS_RECOMBINATION_HRR,bmi,0.28841685604464107,0.005761502713988634,50.05931097530853,0
bmi,alt_log_adj,REACTOME_HDR_THROUGH_MMEJ_ALT_NHEJ,ppgs,0.004801986593116093,0.005752066701128613,0.8348280440096245,0.40382156850210527
bmi,alt_log_adj,REACTOME_HDR_THROUGH_MMEJ_ALT_NHEJ,bmi,0.2883975145420697,0.005761463596203191,50.05629380911543,0
bmi,alt_log_adj,REACTOME_HDR_THROUGH_SINGLE_STRAND_ANNEALING_SSA,ppgs,0.005057728829310299,0.005699237470291951,0.8874395663760982,0.37484981809919904
bmi,alt_log_adj,REACTOME_HDR_THROUGH_SINGLE_STRAND_ANNEALING_SSA,bmi,0.2883885539524921,0.005761492828121416,50.0544845851216,0
bmi,alt_log_adj,REACTOME_HEDGEHOG_LIGAND_BIOGENESIS,ppgs,-0.01268778671965274,0.005722086363715906,-2.2173357606251383,0.026608056167514906
bmi,alt_log_adj,REACTOME_HEDGEHOG_LIGAND_BIOGENESIS,bmi,0.2883700201950954,0.005761033544293152,50.05525796334811,0
bmi,alt_log_adj,REACTOME_HEDGEHOG_OFF_STATE,ppgs,-0.006122195607567835,0.0059011182602008595,-1.0374636361480833,0.2995286832147543
bmi,alt_log_adj,REACTOME_HEDGEHOG_OFF_STATE,bmi,0.2884095139287751,0.00576139070500609,50.05900982868168,0
bmi,alt_log_adj,REACTOME_HEDGEHOG_ON_STATE,ppgs,-0.005820314874099183,0.005708513496888023,-1.0195850245903961,0.30793401108824653
bmi,alt_log_adj,REACTOME_HEDGEHOG_ON_STATE,bmi,0.2884297002339374,0.005761411317335608,50.062334443311904,0
bmi,alt_log_adj,REACTOME_HEME_BIOSYNTHESIS,ppgs,0.004035799113250584,0.005722155446131574,0.705293512426154,0.4806333917914033
bmi,alt_log_adj,REACTOME_HEME_BIOSYNTHESIS,bmi,0.2883890869632176,0.005761561180292042,50.053983276213295,0
bmi,alt_log_adj,REACTOME_HEME_DEGRADATION,ppgs,0.024804061037050067,0.005702134040899668,4.349961060041399,1.3663686567339713e-5
bmi,alt_log_adj,REACTOME_HEME_DEGRADATION,bmi,0.28848158422733994,0.005759596686133202,50.087115461033555,0
bmi,alt_log_adj,REACTOME_HEME_SIGNALING,ppgs,0.010600855449098001,0.005730590853235367,1.849871282140652,0.06434250366146711
bmi,alt_log_adj,REACTOME_HEME_SIGNALING,bmi,0.2884195932526235,0.005761150893050876,50.06284310319253,0
bmi,alt_log_adj,REACTOME_HEMOSTASIS,ppgs,0.012730880393706866,0.005701594787446716,2.232863061706284,0.02556575129843148
bmi,alt_log_adj,REACTOME_HEMOSTASIS,bmi,0.28843352788507187,0.005760997629419955,50.06659374621419,0
bmi,alt_log_adj,REACTOME_HEPARAN_SULFATE_HEPARIN_HS_GAG_METABOLISM,ppgs,-0.0011391703231556317,0.00572145284162576,-0.19910507954688214,0.8421819757801303
bmi,alt_log_adj,REACTOME_HEPARAN_SULFATE_HEPARIN_HS_GAG_METABOLISM,bmi,0.2884121648078029,0.0057615071633809675,50.058458078624845,0
bmi,alt_log_adj,REACTOME_HH_MUTANTS_ABROGATE_LIGAND_SECRETION,ppgs,-0.0023624650706784924,0.005686488255974737,-0.41545237839826255,0.6778139141048443
bmi,alt_log_adj,REACTOME_HH_MUTANTS_ABROGATE_LIGAND_SECRETION,bmi,0.28840881225053416,0.005761497404988165,50.05796097397124,0
bmi,alt_log_adj,REACTOME_HIGHLY_CALCIUM_PERMEABLE_NICOTINIC_ACETYLCHOLINE_RECEPTORS,ppgs,-0.0035657477648524502,0.005714123020609406,-0.6240236256712874,0.5326170906942989
bmi,alt_log_adj,REACTOME_HIGHLY_CALCIUM_PERMEABLE_NICOTINIC_ACETYLCHOLINE_RECEPTORS,bmi,0.2883927040409594,0.005761565465244741,50.054573844664105,0
bmi,alt_log_adj,REACTOME_HIGHLY_CALCIUM_PERMEABLE_POSTSYNAPTIC_NICOTINIC_ACETYLCHOLINE_RECEPTORS,ppgs,-0.006665976303304918,0.0057224721781499645,-1.1648770139516837,0.24407858100014018
bmi,alt_log_adj,REACTOME_HIGHLY_CALCIUM_PERMEABLE_POSTSYNAPTIC_NICOTINIC_ACETYLCHOLINE_RECEPTORS,bmi,0.28838317321458873,0.005761423343517079,50.05415433307567,0
bmi,alt_log_adj,REACTOME_HIGHLY_SODIUM_PERMEABLE_POSTSYNAPTIC_ACETYLCHOLINE_NICOTINIC_RECEPTORS,ppgs,-0.0031757036614785406,0.005722379372635771,-0.5549620978756932,0.5789249641246922
bmi,alt_log_adj,REACTOME_HIGHLY_SODIUM_PERMEABLE_POSTSYNAPTIC_ACETYLCHOLINE_NICOTINIC_RECEPTORS,bmi,0.28840703313852206,0.005761482904519499,50.0577781654591,0
bmi,alt_log_adj,REACTOME_HIGH_LAMINAR_FLOW_SHEAR_STRESS_ACTIVATES_SIGNALING_BY_PIEZO1_AND_PECAM1_CDH5_KDR_IN_ENDOTHELIAL_CELLS,ppgs,-0.0026907600698456687,0.0057686679454367305,-0.46644391656728623,0.6409013668452621
bmi,alt_log_adj,REACTOME_HIGH_LAMINAR_FLOW_SHEAR_STRESS_ACTIVATES_SIGNALING_BY_PIEZO1_AND_PECAM1_CDH5_KDR_IN_ENDOTHELIAL_CELLS,bmi,0.2884346974456665,0.005761636613027558,50.06124419466003,0
bmi,alt_log_adj,REACTOME_HISTIDINE_CATABOLISM,ppgs,0.007543836918799691,0.005708113784554606,1.3215989035138553,0.18631241375783322
bmi,alt_log_adj,REACTOME_HISTIDINE_CATABOLISM,bmi,0.2885013162624587,0.005761693925821404,50.07230859131919,0
bmi,alt_log_adj,REACTOME_HIV_ELONGATION_ARREST_AND_RECOVERY,ppgs,0.00259786335093213,0.005724643658427118,0.45380350392777274,0.6499737353054973
bmi,alt_log_adj,REACTOME_HIV_ELONGATION_ARREST_AND_RECOVERY,bmi,0.28840849477858294,0.005761492866989571,50.05794529938884,0
bmi,alt_log_adj,REACTOME_HIV_INFECTION,ppgs,0.006335948188354917,0.005694073315734534,1.1127268366648315,0.2658352012941195
bmi,alt_log_adj,REACTOME_HIV_INFECTION,bmi,0.2883997979027607,0.005761387560650469,50.057350745243035,0
bmi,alt_log_adj,REACTOME_HIV_LIFE_CYCLE,ppgs,0.004214824557078927,0.005672294953420365,0.7430545470026042,0.4574548140533157
bmi,alt_log_adj,REACTOME_HIV_LIFE_CYCLE,bmi,0.2883969859000584,0.005761490755717964,50.05596609069279,0
bmi,alt_log_adj,REACTOME_HIV_TRANSCRIPTION_ELONGATION,ppgs,0.014740808762107932,0.005692106780667986,2.589692943247641,0.009611068652038212
bmi,alt_log_adj,REACTOME_HIV_TRANSCRIPTION_ELONGATION,bmi,0.28840507066094784,0.005760817775861656,50.063217043488336,0
bmi,alt_log_adj,REACTOME_HIV_TRANSCRIPTION_INITIATION,ppgs,0.013071158682895451,0.005696674636090745,2.2945243528714734,0.021767670994827987
bmi,alt_log_adj,REACTOME_HIV_TRANSCRIPTION_INITIATION,bmi,0.2884326328456925,0.005760968394583452,50.06669245345646,0
bmi,alt_log_adj,REACTOME_HOMOLOGOUS_DNA_PAIRING_AND_STRAND_EXCHANGE,ppgs,0.0027301354052034848,0.00580774786289931,0.47008504323060646,0.6382978756827431
bmi,alt_log_adj,REACTOME_HOMOLOGOUS_DNA_PAIRING_AND_STRAND_EXCHANGE,bmi,0.2884225923142577,0.005761500462778634,50.06032615593306,0
bmi,alt_log_adj,REACTOME_HOMOLOGY_DIRECTED_REPAIR,ppgs,0.002764430007218632,0.00579878970465815,0.47672534235859143,0.6335613889417336
bmi,alt_log_adj,REACTOME_HOMOLOGY_DIRECTED_REPAIR,bmi,0.2884175900084521,0.0057614782408150576,50.059651005060566,0
bmi,alt_log_adj,REACTOME_HORMONE_LIGAND_BINDING_RECEPTORS,ppgs,0.004044908312257657,0.005690899007318245,0.7107678957324816,0.477233925409317
bmi,alt_log_adj,REACTOME_HORMONE_LIGAND_BINDING_RECEPTORS,bmi,0.2883751534541704,0.005761714232703009,50.05023536526284,0
bmi,alt_log_adj,REACTOME_HOST_INTERACTIONS_OF_HIV_FACTORS,ppgs,-0.0027702244421915095,0.00569198058564758,-0.48668901808566856,0.626482491386676
bmi,alt_log_adj,REACTOME_HOST_INTERACTIONS_OF_HIV_FACTORS,bmi,0.2884156626221463,0.00576147429870745,50.05935072674897,0
bmi,alt_log_adj,REACTOME_HSF1_ACTIVATION,ppgs,-6.830129604551015e-4,0.005694683681881169,-0.11993870048098555,0.904532557112109
bmi,alt_log_adj,REACTOME_HSF1_ACTIVATION,bmi,0.28841260953707193,0.005761520948482858,50.05841549756365,0
bmi,alt_log_adj,REACTOME_HSF1_DEPENDENT_TRANSACTIVATION,ppgs,-0.0027428511275797655,0.005695760864943242,-0.4815600922541712,0.6301221987925665
bmi,alt_log_adj,REACTOME_HSF1_DEPENDENT_TRANSACTIVATION,bmi,0.28842103989224877,0.00576148981975657,50.06014918280892,0
bmi,alt_log_adj,REACTOME_HSP90_CHAPERONE_CYCLE_FOR_STEROID_HORMONE_RECEPTORS_SHR_IN_THE_PRESENCE_OF_LIGAND,ppgs,0.00596860983391696,0.005685436864254968,1.0498067213519395,0.2938159335664463
bmi,alt_log_adj,REACTOME_HSP90_CHAPERONE_CYCLE_FOR_STEROID_HORMONE_RECEPTORS_SHR_IN_THE_PRESENCE_OF_LIGAND,bmi,0.2884926216554215,0.005761865042046821,50.069312549003854,0
bmi,alt_log_adj,REACTOME_HS_GAG_BIOSYNTHESIS,ppgs,-0.00504796368987502,0.0056890203926024,-0.8873168562445365,0.3749158604545293
bmi,alt_log_adj,REACTOME_HS_GAG_BIOSYNTHESIS,bmi,0.2883936157697916,0.005761466606222278,50.05559095983162,0
bmi,alt_log_adj,REACTOME_HS_GAG_DEGRADATION,ppgs,-0.012626068566000945,0.005697264162292529,-2.216163443774797,0.026688220140260142
bmi,alt_log_adj,REACTOME_HS_GAG_DEGRADATION,bmi,0.2883047847755403,0.005761212142736775,50.042383032016865,0
bmi,alt_log_adj,REACTOME_HUR_ELAVL1_BINDS_AND_STABILIZES_MRNA,ppgs,-0.0025373157599372213,0.0056827273427860125,-0.4464961288628846,0.6552423187759582
bmi,alt_log_adj,REACTOME_HUR_ELAVL1_BINDS_AND_STABILIZES_MRNA,bmi,0.28841567125348844,0.005761478192525419,50.05931839291883,0
bmi,alt_log_adj,REACTOME_HYALURONAN_BIOSYNTHESIS_AND_EXPORT,ppgs,-0.004285803490808514,0.005688747025730268,-0.7533826818847412,0.4512262430792454
bmi,alt_log_adj,REACTOME_HYALURONAN_BIOSYNTHESIS_AND_EXPORT,bmi,0.2884344120852804,0.005761500177195216,50.06238014657054,0
bmi,alt_log_adj,REACTOME_HYALURONAN_METABOLISM,ppgs,-0.005306651705115115,0.00569618953544855,-0.9316143137602318,0.351543816631127
bmi,alt_log_adj,REACTOME_HYALURONAN_METABOLISM,bmi,0.2884084145974399,0.005761413632739485,50.05861980791423,0
bmi,alt_log_adj,REACTOME_HYALURONAN_UPTAKE_AND_DEGRADATION,ppgs,-0.005068358229672465,0.005698601342069964,-0.8894038949970541,0.3737935993631598
bmi,alt_log_adj,REACTOME_HYALURONAN_UPTAKE_AND_DEGRADATION,bmi,0.28840510888554743,0.005761427519196815,50.057925388212325,0
bmi,alt_log_adj,REACTOME_HYDROLYSIS_OF_LPC,ppgs,-0.006758917485828127,0.00573468640754923,-1.1786028050166064,0.23856626655221339
bmi,alt_log_adj,REACTOME_HYDROLYSIS_OF_LPC,bmi,0.28846561592697245,0.005761519276259679,50.06763009812257,0
bmi,alt_log_adj,REACTOME_IFNG_SIGNALING_ACTIVATES_MAPKS,ppgs,0.006160009277610567,0.005694174498747048,1.0818090100621296,0.27934660416897916
bmi,alt_log_adj,REACTOME_IFNG_SIGNALING_ACTIVATES_MAPKS,bmi,0.28834344444453247,0.00576175473089779,50.044380212554294,0
bmi,alt_log_adj,REACTOME_IKBA_VARIANT_LEADS_TO_EDA_ID,ppgs,-0.004075625865464627,0.005714602659572111,-0.7131949687941725,0.47573098977774786
bmi,alt_log_adj,REACTOME_IKBA_VARIANT_LEADS_TO_EDA_ID,bmi,0.28841443619618534,0.005761446290952298,50.05938120938621,0
bmi,alt_log_adj,REACTOME_IKK_COMPLEX_RECRUITMENT_MEDIATED_BY_RIP1,ppgs,0.005151795506345791,0.005698770356723613,0.9040187942066341,0.3659931176493446
bmi,alt_log_adj,REACTOME_IKK_COMPLEX_RECRUITMENT_MEDIATED_BY_RIP1,bmi,0.28843724880495397,0.005761469291950991,50.06314087413651,0
bmi,alt_log_adj,REACTOME_IL_6_TYPE_CYTOKINE_RECEPTOR_LIGAND_INTERACTIONS,ppgs,0.005434946871727818,0.005715442049148897,0.9509232750487168,0.3416514324499266
bmi,alt_log_adj,REACTOME_IL_6_TYPE_CYTOKINE_RECEPTOR_LIGAND_INTERACTIONS,bmi,0.28835647681718446,0.005761730552121837,50.046852106090455,0
bmi,alt_log_adj,REACTOME_IMMUNOREGULATORY_INTERACTIONS_BETWEEN_A_LYMPHOID_AND_A_NON_LYMPHOID_CELL,ppgs,0.011680650788398021,0.005661778402752288,2.0630709924499793,0.03911496833827713
bmi,alt_log_adj,REACTOME_IMMUNOREGULATORY_INTERACTIONS_BETWEEN_A_LYMPHOID_AND_A_NON_LYMPHOID_CELL,bmi,0.28845605701653787,0.005761100518536696,50.06961015320124,0
bmi,alt_log_adj,REACTOME_INACTIVATION_OF_CDC42_AND_RAC1,ppgs,-1.0510855606524256e-4,0.005720431545478359,-0.018374235445282838,0.9853404354162922
bmi,alt_log_adj,REACTOME_INACTIVATION_OF_CDC42_AND_RAC1,bmi,0.28841388709355276,0.005761636856740211,50.057630195168194,0
bmi,alt_log_adj,REACTOME_INACTIVATION_OF_CSF3_G_CSF_SIGNALING,ppgs,0.0065092439784332394,0.0057028405143521145,1.1414038253483823,0.2537115548166878
bmi,alt_log_adj,REACTOME_INACTIVATION_OF_CSF3_G_CSF_SIGNALING,bmi,0.28839008091073687,0.00576140570893839,50.05550649962409,0
bmi,alt_log_adj,REACTOME_INCRETIN_SYNTHESIS_SECRETION_AND_INACTIVATION,ppgs,0.009986818983787473,0.005692106074891338,1.7545033160644536,0.07935510493573449
bmi,alt_log_adj,REACTOME_INCRETIN_SYNTHESIS_SECRETION_AND_INACTIVATION,bmi,0.2883711900037224,0.005761238373383843,50.05368139876993,0
bmi,alt_log_adj,REACTOME_INDUCTION_OF_CELL_CELL_FUSION,ppgs,-8.596623738182356e-4,0.005720038949128822,-0.15028960142817988,0.8805372058846584
bmi,alt_log_adj,REACTOME_INDUCTION_OF_CELL_CELL_FUSION,bmi,0.28842210711817756,0.005761710923835298,50.05841336555438,0
bmi,alt_log_adj,REACTOME_INFECTION_WITH_MYCOBACTERIUM_TUBERCULOSIS,ppgs,0.00624547559948978,0.0056989207229134285,1.0959049797585076,0.2731296693377465
bmi,alt_log_adj,REACTOME_INFECTION_WITH_MYCOBACTERIUM_TUBERCULOSIS,bmi,0.288436416970752,0.00576141025653662,50.06350947556735,0
bmi,alt_log_adj,REACTOME_INFECTIOUS_DISEASE,ppgs,0.010903115239435312,0.005691638909197313,1.9156372028128132,0.05542133891238898
bmi,alt_log_adj,REACTOME_INFECTIOUS_DISEASE,bmi,0.28844274587187224,0.005761143812215944,50.06692338772338,0
bmi,alt_log_adj,REACTOME_INFLAMMASOMES,ppgs,0.018722863005258616,0.005784532148352967,3.2367117210316803,0.0012105432679899322
bmi,alt_log_adj,REACTOME_INFLAMMASOMES,bmi,0.2885385426111148,0.0057605609223747144,50.08861923331046,0
bmi,alt_log_adj,REACTOME_INFLUENZA_INFECTION,ppgs,0.007571033725209813,0.0056869667745418845,1.3312955790601924,0.18310247766066215
bmi,alt_log_adj,REACTOME_INFLUENZA_INFECTION,bmi,0.2884139425057089,0.005761317901544594,50.0604110785808,0
bmi,alt_log_adj,REACTOME_INHIBITION_OF_DNA_RECOMBINATION_AT_TELOMERE,ppgs,-0.009576681897180667,0.005697518418983339,-1.6808514151130245,0.09280279523630794
bmi,alt_log_adj,REACTOME_INHIBITION_OF_DNA_RECOMBINATION_AT_TELOMERE,bmi,0.2883628170378304,0.005761293338320094,50.05175055396722,0
bmi,alt_log_adj,REACTOME_INHIBITION_OF_REPLICATION_INITIATION_OF_DAMAGED_DNA_BY_RB1_E2F1,ppgs,-5.983405318612115e-4,0.005676607822471486,-0.10540459206863184,0.9160555181579458
bmi,alt_log_adj,REACTOME_INHIBITION_OF_REPLICATION_INITIATION_OF_DAMAGED_DNA_BY_RB1_E2F1,bmi,0.28841370903377644,0.005761503356845166,50.05875917630352,0
bmi,alt_log_adj,REACTOME_INHIBITION_OF_THE_PROTEOLYTIC_ACTIVITY_OF_APC_C_REQUIRED_FOR_THE_ONSET_OF_ANAPHASE_BY_MITOTIC_SPINDLE_CHECKPOINT_COMPONENTS,ppgs,0.007124873639410518,0.005675972825124131,1.2552691598298307,0.20939141363014166
bmi,alt_log_adj,REACTOME_INHIBITION_OF_THE_PROTEOLYTIC_ACTIVITY_OF_APC_C_REQUIRED_FOR_THE_ONSET_OF_ANAPHASE_BY_MITOTIC_SPINDLE_CHECKPOINT_COMPONENTS,bmi,0.28838383495882075,0.005761390065112764,50.05455830964925,0
bmi,alt_log_adj,REACTOME_INITIAL_TRIGGERING_OF_COMPLEMENT,ppgs,0.004372576443367923,0.005765894596848646,0.7583517821775233,0.44824671969524177
bmi,alt_log_adj,REACTOME_INITIAL_TRIGGERING_OF_COMPLEMENT,bmi,0.2883902135417088,0.0057615294376723554,50.054454578681764,0
bmi,alt_log_adj,REACTOME_INITIATION_OF_NUCLEAR_ENVELOPE_NE_REFORMATION,ppgs,0.008873460014968646,0.0057230078207234445,1.5504888850295075,0.1210353820853861
bmi,alt_log_adj,REACTOME_INITIATION_OF_NUCLEAR_ENVELOPE_NE_REFORMATION,bmi,0.28833944307112963,0.005761457731877871,50.04626545739652,0
bmi,alt_log_adj,REACTOME_INLA_MEDIATED_ENTRY_OF_LISTERIA_MONOCYTOGENES_INTO_HOST_CELLS,ppgs,0.0018732459309430763,0.0057151047755760204,0.32777105661274136,0.7430871933894709
bmi,alt_log_adj,REACTOME_INLA_MEDIATED_ENTRY_OF_LISTERIA_MONOCYTOGENES_INTO_HOST_CELLS,bmi,0.28841326004555445,0.0057614885534930235,50.05880986619297,0
bmi,alt_log_adj,REACTOME_INLB_MEDIATED_ENTRY_OF_LISTERIA_MONOCYTOGENES_INTO_HOST_CELL,ppgs,0.0082074612248843,0.005711954468898189,1.4368919201954848,0.15075974206706502
bmi,alt_log_adj,REACTOME_INLB_MEDIATED_ENTRY_OF_LISTERIA_MONOCYTOGENES_INTO_HOST_CELL,bmi,0.288425333859405,0.005761293001074092,50.06260466281322,0
bmi,alt_log_adj,REACTOME_INNATE_IMMUNE_SYSTEM,ppgs,0.025503398957065906,0.005690458039245871,4.481783150174278,7.431149944651887e-6
bmi,alt_log_adj,REACTOME_INNATE_IMMUNE_SYSTEM,bmi,0.2885596736612551,0.005759548866087356,50.10108957670548,0
bmi,alt_log_adj,REACTOME_INOSITOL_PHOSPHATE_METABOLISM,ppgs,0.011615557123586197,0.005754821550770406,2.0184043972712247,0.043558560268141526
bmi,alt_log_adj,REACTOME_INOSITOL_PHOSPHATE_METABOLISM,bmi,0.28848909727158095,0.005761202190715766,50.074461496332134,0
bmi,alt_log_adj,REACTOME_INSERTION_OF_TAIL_ANCHORED_PROTEINS_INTO_THE_ENDOPLASMIC_RETICULUM_MEMBRANE,ppgs,0.004964878755090378,0.005725136153882021,0.8672071059347404,0.3858358836289173
bmi,alt_log_adj,REACTOME_INSERTION_OF_TAIL_ANCHORED_PROTEINS_INTO_THE_ENDOPLASMIC_RETICULUM_MEMBRANE,bmi,0.2884347173367727,0.005761468150720445,50.062711411622615,0
bmi,alt_log_adj,REACTOME_INSULIN_PROCESSING,ppgs,-0.004647434032189584,0.0056929732267962194,-0.8163456680798368,0.41430932123573905
bmi,alt_log_adj,REACTOME_INSULIN_PROCESSING,bmi,0.2883727617837367,0.005761658440059591,50.05030492240601,0
bmi,alt_log_adj,REACTOME_INSULIN_RECEPTOR_RECYCLING,ppgs,0.005207016158786442,0.005742201733281854,0.90679784525969,0.36452141698364016
bmi,alt_log_adj,REACTOME_INSULIN_RECEPTOR_RECYCLING,bmi,0.28837521456253584,0.005761578314099173,50.0514266823124,0
bmi,alt_log_adj,REACTOME_INSULIN_RECEPTOR_SIGNALLING_CASCADE,ppgs,0.0025627553455037045,0.005707774826908734,0.44899377134182844,0.6534395819882177
bmi,alt_log_adj,REACTOME_INSULIN_RECEPTOR_SIGNALLING_CASCADE,bmi,0.2883964518284452,0.005761619614287731,50.054753894768815,0
bmi,alt_log_adj,REACTOME_INTEGRATION_OF_ENERGY_METABOLISM,ppgs,0.004260958284815156,0.005698143183546464,0.7477801360132164,0.45459898826842726
bmi,alt_log_adj,REACTOME_INTEGRATION_OF_ENERGY_METABOLISM,bmi,0.2884337514358791,0.0057614979420101435,50.06228490211814,0
bmi,alt_log_adj,REACTOME_INTEGRATION_OF_PROVIRUS,ppgs,0.0028305761954668524,0.005926436003554243,0.47761862167570523,0.632925356856072
bmi,alt_log_adj,REACTOME_INTEGRATION_OF_PROVIRUS,bmi,0.28840807234300586,0.005761491111786001,50.05788722871125,0
bmi,alt_log_adj,REACTOME_INTEGRIN_CELL_SURFACE_INTERACTIONS,ppgs,0.006360330555150415,0.005658795255944221,1.1239725537815268,0.2610341869327011
bmi,alt_log_adj,REACTOME_INTEGRIN_CELL_SURFACE_INTERACTIONS,bmi,0.28844082381834946,0.005761416762701042,50.0642178301859,0
bmi,alt_log_adj,REACTOME_INTEGRIN_SIGNALING,ppgs,0.009384543975872465,0.005677065977114244,1.6530623413051824,0.09832924953832774
bmi,alt_log_adj,REACTOME_INTEGRIN_SIGNALING,bmi,0.28841122898411864,0.0057612206764733566,50.060784889195595,0
bmi,alt_log_adj,REACTOME_INTERACTIONS_OF_REV_WITH_HOST_CELLULAR_PROTEINS,ppgs,-0.0024832284410830656,0.005685684694786678,-0.4367509938354459,0.6622952692979518
bmi,alt_log_adj,REACTOME_INTERACTIONS_OF_REV_WITH_HOST_CELLULAR_PROTEINS,bmi,0.28842044684365553,0.005761494022906841,50.060009729583825,0
bmi,alt_log_adj,REACTOME_INTERACTIONS_OF_VPR_WITH_HOST_CELLULAR_PROTEINS,ppgs,-0.003536287503816899,0.005683339188975722,-0.6222200340737054,0.5338021985981544
bmi,alt_log_adj,REACTOME_INTERACTIONS_OF_VPR_WITH_HOST_CELLULAR_PROTEINS,bmi,0.2884266627973586,0.005761491127019324,50.06111377048576,0
bmi,alt_log_adj,REACTOME_INTERACTION_BETWEEN_L1_AND_ANKYRINS,ppgs,0.016780025683318395,0.005702295790136389,2.9426789315881923,0.0032564917998493064
bmi,alt_log_adj,REACTOME_INTERACTION_BETWEEN_L1_AND_ANKYRINS,bmi,0.28833974670650514,0.005760674426860635,50.05312318329369,0
bmi,alt_log_adj,REACTOME_INTERACTION_WITH_CUMULUS_CELLS_AND_THE_ZONA_PELLUCIDA,ppgs,-0.0029959866965309323,0.005698843716359714,-0.5257183466762443,0.5990880266123934
bmi,alt_log_adj,REACTOME_INTERACTION_WITH_CUMULUS_CELLS_AND_THE_ZONA_PELLUCIDA,bmi,0.28841077463186465,0.005761474535430859,50.05850027770651,0
bmi,alt_log_adj,REACTOME_INTERCONVERSION_OF_NUCLEOTIDE_DI_AND_TRIPHOSPHATES,ppgs,-5.888608802838618e-4,0.005728957218422814,-0.10278674771566466,0.9181329503644917
bmi,alt_log_adj,REACTOME_INTERCONVERSION_OF_NUCLEOTIDE_DI_AND_TRIPHOSPHATES,bmi,0.28842018264503566,0.005761750856828092,50.057732417089305,0
bmi,alt_log_adj,REACTOME_INTERFERON_ALPHA_BETA_SIGNALING,ppgs,0.004553624531355413,0.00572643817740644,0.7951931707429686,0.4265078012426956
bmi,alt_log_adj,REACTOME_INTERFERON_ALPHA_BETA_SIGNALING,bmi,0.2884212846449736,0.0057614398088164055,50.060626200349915,0
bmi,alt_log_adj,REACTOME_INTERFERON_GAMMA_SIGNALING,ppgs,0.011677350512247942,0.0057021594865020115,2.0478821295493805,0.04058074349830647
bmi,alt_log_adj,REACTOME_INTERFERON_GAMMA_SIGNALING,bmi,0.2884089547537739,0.005761072518881468,50.061677545029326,0
bmi,alt_log_adj,REACTOME_INTERFERON_SIGNALING,ppgs,0.015328492741535808,0.0057014088986066394,2.6885447113400196,0.0071806164030041525
bmi,alt_log_adj,REACTOME_INTERFERON_SIGNALING,bmi,0.2884268016933712,0.005760765375729835,50.06744466777216,0
bmi,alt_log_adj,REACTOME_INTERLEUKIN_10_SIGNALING,ppgs,0.0066043514212820315,0.0057104844185331795,1.1565308539933736,0.24747383243324153
bmi,alt_log_adj,REACTOME_INTERLEUKIN_10_SIGNALING,bmi,0.28843326289683646,0.0057613846019750805,50.06318495001317,0
bmi,alt_log_adj,REACTOME_INTERLEUKIN_12_FAMILY_SIGNALING,ppgs,0.01123579598843264,0.005728206403693424,1.961485881721727,0.04983214241892616
bmi,alt_log_adj,REACTOME_INTERLEUKIN_12_FAMILY_SIGNALING,bmi,0.28828022921210966,0.0057615144564733,50.03549524868672,0
bmi,alt_log_adj,REACTOME_INTERLEUKIN_12_SIGNALING,ppgs,0.014091456264506851,0.005739227028001541,2.4552881765706425,0.014083129293414664
bmi,alt_log_adj,REACTOME_INTERLEUKIN_12_SIGNALING,bmi,0.2882836331213034,0.005761132498309119,50.03940339957709,0
bmi,alt_log_adj,REACTOME_INTERLEUKIN_15_SIGNALING,ppgs,-0.004609512148105899,0.0057009716925205765,-0.808548506591144,0.41878167924805054
bmi,alt_log_adj,REACTOME_INTERLEUKIN_15_SIGNALING,bmi,0.28842559327621675,0.005761447518440063,50.06130705054296,0
bmi,alt_log_adj,REACTOME_INTERLEUKIN_17_SIGNALING,ppgs,-0.0012041522711056544,0.005712906673551456,-0.21077751482978233,0.8330623998815947
bmi,alt_log_adj,REACTOME_INTERLEUKIN_17_SIGNALING,bmi,0.2884148417342127,0.005761493551238191,50.05904097076184,0
bmi,alt_log_adj,REACTOME_INTERLEUKIN_18_SIGNALING,ppgs,0.011682193599804977,0.005704731919594126,2.0478076383712223,0.04058804534521263
bmi,alt_log_adj,REACTOME_INTERLEUKIN_18_SIGNALING,bmi,0.28834178238744634,0.0057611816902329764,50.049069425509835,0
bmi,alt_log_adj,REACTOME_INTERLEUKIN_1_FAMILY_SIGNALING,ppgs,0.008922228291717389,0.005719686428229385,1.5599156358785562,0.11879098156458949
bmi,alt_log_adj,REACTOME_INTERLEUKIN_1_FAMILY_SIGNALING,bmi,0.28845085365287476,0.00576129753722198,50.066994767981015,0
bmi,alt_log_adj,REACTOME_INTERLEUKIN_1_PROCESSING,ppgs,0.0012473375867793663,0.005687894149109239,0.2192969056877944,0.8264203509532513
bmi,alt_log_adj,REACTOME_INTERLEUKIN_1_PROCESSING,bmi,0.288414421197401,0.005761493157749197,50.05897139867019,0
bmi,alt_log_adj,REACTOME_INTERLEUKIN_1_SIGNALING,ppgs,0.008670282539288003,0.005717195282804015,1.5165272673763974,0.12939723092520805
bmi,alt_log_adj,REACTOME_INTERLEUKIN_1_SIGNALING,bmi,0.2884504328418817,0.005761312672797457,50.06679019589159,0
bmi,alt_log_adj,REACTOME_INTERLEUKIN_20_FAMILY_SIGNALING,ppgs,0.006346742412487148,0.0057026238181729924,1.1129512685479082,0.2657387962641482
bmi,alt_log_adj,REACTOME_INTERLEUKIN_20_FAMILY_SIGNALING,bmi,0.28842213580464726,0.005761376061809851,50.0613278339001,0
bmi,alt_log_adj,REACTOME_INTERLEUKIN_21_SIGNALING,ppgs,-0.002171034503888585,0.0057215778237586406,-0.37944681882564707,0.7043589311051717
bmi,alt_log_adj,REACTOME_INTERLEUKIN_21_SIGNALING,bmi,0.2884104228075763,0.005761493970465083,50.05827035245427,0
bmi,alt_log_adj,REACTOME_INTERLEUKIN_23_SIGNALING,ppgs,0.013840601262186085,0.005706699312372987,2.425325131845929,0.01530088464096851
bmi,alt_log_adj,REACTOME_INTERLEUKIN_23_SIGNALING,bmi,0.28838571588537787,0.005760912660129784,50.05903281284618,0
bmi,alt_log_adj,REACTOME_INTERLEUKIN_27_SIGNALING,ppgs,0.005993435787518397,0.005697508238860693,1.051939819347568,0.2928361276860476
bmi,alt_log_adj,REACTOME_INTERLEUKIN_27_SIGNALING,bmi,0.2883390823364524,0.005761833031969274,50.04294305937292,0
bmi,alt_log_adj,REACTOME_INTERLEUKIN_2_FAMILY_SIGNALING,ppgs,-0.005378824086347255,0.005708848207046169,-0.9421907697087513,0.3461030075389796
bmi,alt_log_adj,REACTOME_INTERLEUKIN_2_FAMILY_SIGNALING,bmi,0.2884915282659219,0.005761985945141895,50.06807219117878,0
bmi,alt_log_adj,REACTOME_INTERLEUKIN_2_SIGNALING,ppgs,1.216099061631299e-4,0.00572361722888166,0.021247036847516675,0.9830487422932589
bmi,alt_log_adj,REACTOME_INTERLEUKIN_2_SIGNALING,bmi,0.2884127435034393,0.005762176419347485,50.052744399675895,0
bmi,alt_log_adj,REACTOME_INTERLEUKIN_35_SIGNALLING,ppgs,-0.003119368769279644,0.005711945136030015,-0.5461132232526493,0.5849924082593809
bmi,alt_log_adj,REACTOME_INTERLEUKIN_35_SIGNALLING,bmi,0.28843206161726614,0.0057615561629043785,50.061485727472046,0
bmi,alt_log_adj,REACTOME_INTERLEUKIN_36_PATHWAY,ppgs,-0.0029229525972225977,0.006217981312241933,-0.4700806339620066,0.6383010257262034
bmi,alt_log_adj,REACTOME_INTERLEUKIN_36_PATHWAY,bmi,0.28843417040475006,0.005761625588190361,50.06124851221768,0
bmi,alt_log_adj,REACTOME_INTERLEUKIN_37_SIGNALING,ppgs,0.007250020199304422,0.005700429225016965,1.271837595577348,0.203441261259303
bmi,alt_log_adj,REACTOME_INTERLEUKIN_37_SIGNALING,bmi,0.2884244314323078,0.005761338767912366,50.06205034126452,0
bmi,alt_log_adj,REACTOME_INTERLEUKIN_3_INTERLEUKIN_5_AND_GM_CSF_SIGNALING,ppgs,0.0018187225247368315,0.005721691947983677,0.31786446059504286,0.7505900930738989
bmi,alt_log_adj,REACTOME_INTERLEUKIN_3_INTERLEUKIN_5_AND_GM_CSF_SIGNALING,bmi,0.28839983968599436,0.005761675395555386,50.05485729176428,0
bmi,alt_log_adj,REACTOME_INTERLEUKIN_4_AND_INTERLEUKIN_13_SIGNALING,ppgs,0.012917136531676398,0.005693024856043194,2.2689408281723464,0.023279406701872833
bmi,alt_log_adj,REACTOME_INTERLEUKIN_4_AND_INTERLEUKIN_13_SIGNALING,bmi,0.28844922483852914,0.005760995093369625,50.06934048086721,0
bmi,alt_log_adj,REACTOME_INTERLEUKIN_6_FAMILY_SIGNALING,ppgs,0.011967889899581462,0.005727726551618468,2.089466002213344,0.036674687109980404
bmi,alt_log_adj,REACTOME_INTERLEUKIN_6_FAMILY_SIGNALING,bmi,0.28838815454608097,0.005761068301262757,50.05810371712999,0
bmi,alt_log_adj,REACTOME_INTERLEUKIN_6_SIGNALING,ppgs,0.012145128111174812,0.005735853905513094,2.117405413603955,0.03423413774345778
bmi,alt_log_adj,REACTOME_INTERLEUKIN_6_SIGNALING,bmi,0.28849153267076616,0.00576115693980106,50.07527753283669,0
bmi,alt_log_adj,REACTOME_INTERLEUKIN_7_SIGNALING,ppgs,0.005540696679030474,0.005695779147960496,0.9727723872535414,0.33067473912778
bmi,alt_log_adj,REACTOME_INTERLEUKIN_7_SIGNALING,bmi,0.2883852227567077,0.005761481082688896,50.05400844293281,0
bmi,alt_log_adj,REACTOME_INTERLEUKIN_9_SIGNALING,ppgs,-0.003973810730300821,0.005691485744273282,-0.6982027029232624,0.4850561632420438
bmi,alt_log_adj,REACTOME_INTERLEUKIN_9_SIGNALING,bmi,0.28838985034652087,0.005761557677228921,50.05414620534093,0
bmi,alt_log_adj,REACTOME_INTERLEUKIN_RECEPTOR_SHC_SIGNALING,ppgs,-0.002495238054824239,0.00570238765274955,-0.4375777668536963,0.6616957245566822
bmi,alt_log_adj,REACTOME_INTERLEUKIN_RECEPTOR_SHC_SIGNALING,bmi,0.28843509316256577,0.005761668444479012,50.06103630259255,0
bmi,alt_log_adj,REACTOME_INTESTINAL_ABSORPTION,ppgs,-0.003762986868892058,0.005710669590911907,-0.6589396933208258,0.509939847343216
bmi,alt_log_adj,REACTOME_INTESTINAL_ABSORPTION,bmi,0.28839791107484364,0.00576150966573806,50.055962379071936,0
bmi,alt_log_adj,REACTOME_INTRACELLULAR_SIGNALING_BY_SECOND_MESSENGERS,ppgs,0.004751892647797858,0.005712596794170448,0.8318270690217515,0.40551356897807156
bmi,alt_log_adj,REACTOME_INTRACELLULAR_SIGNALING_BY_SECOND_MESSENGERS,bmi,0.2884371948912795,0.00576149156551114,50.06293797562651,0
bmi,alt_log_adj,REACTOME_INTRAFLAGELLAR_TRANSPORT,ppgs,0.0026982157995654914,0.005675302370479811,0.47543119704076214,0.6344833258028277
bmi,alt_log_adj,REACTOME_INTRAFLAGELLAR_TRANSPORT,bmi,0.28840587921517236,0.005761504351129581,50.0573915488979,0
bmi,alt_log_adj,REACTOME_INTRA_GOLGI_AND_RETROGRADE_GOLGI_TO_ER_TRAFFIC,ppgs,0.013940210621626583,0.005726687913707059,2.43425359154986,0.014928666406110937
bmi,alt_log_adj,REACTOME_INTRA_GOLGI_AND_RETROGRADE_GOLGI_TO_ER_TRAFFIC,bmi,0.2883582396454785,0.005760942486080642,50.054004243610855,0
bmi,alt_log_adj,REACTOME_INTRA_GOLGI_TRAFFIC,ppgs,-0.0036616058816242667,0.005699795205802104,-0.64241007780366155,0.5206121529650432
bmi,alt_log_adj,REACTOME_INTRA_GOLGI_TRAFFIC,bmi,0.28844975948420587,0.005761715655896318,50.06317158137047,0
bmi,alt_log_adj,REACTOME_INTRINSIC_PATHWAY_FOR_APOPTOSIS,ppgs,0.009105868635279991,0.005687272766991787,1.6010958166327633,0.10936684099196535
bmi,alt_log_adj,REACTOME_INTRINSIC_PATHWAY_FOR_APOPTOSIS,bmi,0.2884097214171633,0.005761238305731246,50.060370030216426,0
bmi,alt_log_adj,REACTOME_INTRINSIC_PATHWAY_OF_FIBRIN_CLOT_FORMATION,ppgs,-0.0019449146559001654,0.005745588196252247,-0.33850575249524517,0.7349845997371924
bmi,alt_log_adj,REACTOME_INTRINSIC_PATHWAY_OF_FIBRIN_CLOT_FORMATION,bmi,0.28839762669090896,0.00576170508667975,50.05421526305531,0
bmi,alt_log_adj,REACTOME_INWARDLY_RECTIFYING_K_CHANNELS,ppgs,1.9988815524887035e-4,0.0057071373933276,0.03502424095879768,0.9720606578288007
bmi,alt_log_adj,REACTOME_INWARDLY_RECTIFYING_K_CHANNELS,bmi,0.2884134191561669,0.0057616002441369385,50.05786707428362,0
bmi,alt_log_adj,REACTOME_IONOTROPIC_ACTIVITY_OF_KAINATE_RECEPTORS,ppgs,-0.00024367766841854702,0.0057099614184634795,-0.04267588702624183,0.9659602019697151
bmi,alt_log_adj,REACTOME_IONOTROPIC_ACTIVITY_OF_KAINATE_RECEPTORS,bmi,0.288416079372522,0.005761598958933083,50.05833995532554,0
bmi,alt_log_adj,REACTOME_ION_CHANNEL_TRANSPORT,ppgs,0.009942149085079897,0.005704177990146976,1.7429591261446111,0.081351596890575
bmi,alt_log_adj,REACTOME_ION_CHANNEL_TRANSPORT,bmi,0.2883958358116996,0.005761199375209962,50.058298112828155,0
bmi,alt_log_adj,REACTOME_ION_HOMEOSTASIS,ppgs,0.013940894459037064,0.005689628319792391,2.450229377996655,0.014282524674529503
bmi,alt_log_adj,REACTOME_ION_HOMEOSTASIS,bmi,0.28827997984434356,0.005761150068646372,50.038616666702666,0
bmi,alt_log_adj,REACTOME_ION_TRANSPORT_BY_P_TYPE_ATPASES,ppgs,0.02259244802691553,0.005712083774082636,3.955202500604762,7.665570153001277e-5
bmi,alt_log_adj,REACTOME_ION_TRANSPORT_BY_P_TYPE_ATPASES,bmi,0.2881907128660362,0.005760187162186149,50.031484177791874,0
bmi,alt_log_adj,REACTOME_IRAK1_RECRUITS_IKK_COMPLEX,ppgs,0.002560938039801066,0.005712665819953345,0.4482912392417838,0.6539464484930921
bmi,alt_log_adj,REACTOME_IRAK1_RECRUITS_IKK_COMPLEX,bmi,0.2884405318738286,0.005761767436205132,50.061120145419125,0
bmi,alt_log_adj,REACTOME_IRAK2_MEDIATED_ACTIVATION_OF_TAK1_COMPLEX,ppgs,-0.016087437925588303,0.005728540401178502,-2.808296145084134,0.004983844820226882
bmi,alt_log_adj,REACTOME_IRAK2_MEDIATED_ACTIVATION_OF_TAK1_COMPLEX,bmi,0.28839859266426326,0.005760699559051097,50.06311988812836,0
bmi,alt_log_adj,REACTOME_IRAK4_DEFICIENCY_TLR2_4,ppgs,0.004494651502742647,0.005711970992259133,0.7868827605801573,0.431357078148926
bmi,alt_log_adj,REACTOME_IRAK4_DEFICIENCY_TLR2_4,bmi,0.2883930895490813,0.00576150003793592,50.05520917299157,0
bmi,alt_log_adj,REACTOME_IRE1ALPHA_ACTIVATES_CHAPERONES,ppgs,0.007128464291630066,0.005699867979231894,1.2506367371320566,0.21107736300148552
bmi,alt_log_adj,REACTOME_IRE1ALPHA_ACTIVATES_CHAPERONES,bmi,0.2883599209537798,0.005761505064277085,50.0494085723695,0
bmi,alt_log_adj,REACTOME_IRF3_MEDIATED_ACTIVATION_OF_TYPE_1_IFN,ppgs,3.942148382430088e-4,0.00571914039296475,0.0689290367356503,0.9450465916564141
bmi,alt_log_adj,REACTOME_IRF3_MEDIATED_ACTIVATION_OF_TYPE_1_IFN,bmi,0.28841135050238803,0.005761693004177781,50.05670213481733,0
bmi,alt_log_adj,REACTOME_IRF3_MEDIATED_INDUCTION_OF_TYPE_I_IFN,ppgs,0.0010625441843145954,0.00569298113355734,0.1866410865216849,0.8519433858944061
bmi,alt_log_adj,REACTOME_IRF3_MEDIATED_INDUCTION_OF_TYPE_I_IFN,bmi,0.2884076547050957,0.0057616153731452225,50.056735138787325,0
bmi,alt_log_adj,REACTOME_IRON_UPTAKE_AND_TRANSPORT,ppgs,0.009192365278576736,0.005703221642103086,1.6117846816114645,0.10701993473987986
bmi,alt_log_adj,REACTOME_IRON_UPTAKE_AND_TRANSPORT,bmi,0.28834010348977424,0.00576141951217762,50.04671207856404,0
bmi,alt_log_adj,REACTOME_IRS_ACTIVATION,ppgs,0.006395191885906301,0.005717629420703494,1.118504088906035,0.2633612387688024
bmi,alt_log_adj,REACTOME_IRS_ACTIVATION,bmi,0.28844322730886085,0.005761427608787753,50.0645407518279,0
bmi,alt_log_adj,REACTOME_IRS_MEDIATED_SIGNALLING,ppgs,0.0010464679517427136,0.005699669343633171,0.1836015194305391,0.85432738414525
bmi,alt_log_adj,REACTOME_IRS_MEDIATED_SIGNALLING,bmi,0.28840676040153473,0.005761653666288983,50.05624723488358,0
bmi,alt_log_adj,REACTOME_ISG15_ANTIVIRAL_MECHANISM,ppgs,0.003121970457509372,0.005688455200425221,0.5488257088279432,0.583129387726768
bmi,alt_log_adj,REACTOME_ISG15_ANTIVIRAL_MECHANISM,bmi,0.28841303302981974,0.005761468091491987,50.05894824892321,0
bmi,alt_log_adj,REACTOME_JNK_C_JUN_KINASES_PHOSPHORYLATION_AND_ACTIVATION_MEDIATED_BY_ACTIVATED_HUMAN_TAK1,ppgs,-0.009281133501621103,0.00572196986208155,-1.6220171943102115,0.10481078682345162
bmi,alt_log_adj,REACTOME_JNK_C_JUN_KINASES_PHOSPHORYLATION_AND_ACTIVATION_MEDIATED_BY_ACTIVATED_HUMAN_TAK1,bmi,0.28841228872489305,0.005761230820916483,50.06088068504311,0
bmi,alt_log_adj,REACTOME_JOSEPHIN_DOMAIN_DUBS,ppgs,0.004452398368968739,0.005698109446264113,0.7813816864974211,0.43458456419916913
bmi,alt_log_adj,REACTOME_JOSEPHIN_DOMAIN_DUBS,bmi,0.28838642792528085,0.005761548917356767,50.05362829716011,0
bmi,alt_log_adj,REACTOME_KEAP1_NFE2L2_PATHWAY,ppgs,0.010759411592160845,0.005762278282511357,1.867214852294777,0.06188190285589392
bmi,alt_log_adj,REACTOME_KEAP1_NFE2L2_PATHWAY,bmi,0.28840783726643093,0.005761144862479545,50.0608549430404,0
bmi,alt_log_adj,REACTOME_KERATAN_SULFATE_BIOSYNTHESIS,ppgs,0.006721421442102441,0.005686418623595831,1.1820131240798661,0.23721040786405517
bmi,alt_log_adj,REACTOME_KERATAN_SULFATE_BIOSYNTHESIS,bmi,0.2884578662441223,0.005761472159525101,50.06669445885146,0
bmi,alt_log_adj,REACTOME_KERATAN_SULFATE_DEGRADATION,ppgs,0.0016931537741258767,0.005700307425453271,0.29702850175510354,0.7664469255099817
bmi,alt_log_adj,REACTOME_KERATAN_SULFATE_DEGRADATION,bmi,0.2884127282227973,0.0057614925350827975,50.05868296567229,0
bmi,alt_log_adj,REACTOME_KERATAN_SULFATE_KERATIN_METABOLISM,ppgs,0.005711267397887284,0.005689937478957286,1.0037487088406298,0.315508319921581
bmi,alt_log_adj,REACTOME_KERATAN_SULFATE_KERATIN_METABOLISM,bmi,0.2884362366489669,0.005761435835621328,50.06325591021031,0
bmi,alt_log_adj,REACTOME_KERATINIZATION,ppgs,0.0025722945714129392,0.005682672507378025,0.45265578265740875,0.6508000880476569
bmi,alt_log_adj,REACTOME_KERATINIZATION,bmi,0.28839730891616283,0.005761604107602074,50.05503736982566,0
bmi,alt_log_adj,REACTOME_KETONE_BODY_METABOLISM,ppgs,-0.006079965535229141,0.005688117888701434,-1.0688888054352832,0.2851288780680053
bmi,alt_log_adj,REACTOME_KETONE_BODY_METABOLISM,bmi,0.28840983797068565,0.005761383613709265,50.05912768669175,0
bmi,alt_log_adj,REACTOME_KIDNEY_DEVELOPMENT,ppgs,0.002719094049742659,0.005708150890508155,0.4763528683630502,0.6338266776608652
bmi,alt_log_adj,REACTOME_KIDNEY_DEVELOPMENT,bmi,0.28843221686276027,0.00576159330882689,50.06118991787839,0
bmi,alt_log_adj,REACTOME_KILLING_MECHANISMS,ppgs,0.018994258975335836,0.005697114252038365,3.334014052560013,8.571200400144696e-4
bmi,alt_log_adj,REACTOME_KILLING_MECHANISMS,bmi,0.28846384262529523,0.005760387679339757,50.07715776837408,0
bmi,alt_log_adj,REACTOME_KINESINS,ppgs,0.02705188426077597,0.005712570772730743,4.735500939421103,2.1957075599129626e-6
bmi,alt_log_adj,REACTOME_KINESINS,bmi,0.2884009091056928,0.005759221285830104,50.07637227193715,0
bmi,alt_log_adj,REACTOME_KSRP_KHSRP_BINDS_AND_DESTABILIZES_MRNA,ppgs,0.01092487563424876,0.005683330694683219,1.9222663999596274,0.05458225531549302
bmi,alt_log_adj,REACTOME_KSRP_KHSRP_BINDS_AND_DESTABILIZES_MRNA,bmi,0.2884082736943971,0.00576112346810847,50.06111660180912,0
bmi,alt_log_adj,REACTOME_L1CAM_INTERACTIONS,ppgs,0.013020725542604708,0.005709472006525655,2.2805481010718043,0.022582588840966783
bmi,alt_log_adj,REACTOME_L1CAM_INTERACTIONS,bmi,0.2884765902020749,0.005761033623795003,50.07375569039724,0
bmi,alt_log_adj,REACTOME_LAGGING_STRAND_SYNTHESIS,ppgs,-8.397374949410089e-4,0.0056881176115979645,-0.14763012164671138,0.882635731827194
bmi,alt_log_adj,REACTOME_LAGGING_STRAND_SYNTHESIS,bmi,0.2884168153613241,0.005761514908711133,50.059197959420665,0
bmi,alt_log_adj,REACTOME_LAMININ_INTERACTIONS,ppgs,-0.004513724249349518,0.00567434848721757,-0.7954612339227041,0.4263519125540307
bmi,alt_log_adj,REACTOME_LAMININ_INTERACTIONS,bmi,0.2883725878326997,0.005761676000767574,50.05012218567697,0
bmi,alt_log_adj,REACTOME_LATE_ENDOSOMAL_MICROAUTOPHAGY,ppgs,0.005741062682736999,0.005687571811788116,1.0094048695504851,0.312789119280017
bmi,alt_log_adj,REACTOME_LATE_ENDOSOMAL_MICROAUTOPHAGY,bmi,0.288407355935322,0.005761398933965009,50.05856376913643,0
bmi,alt_log_adj,REACTOME_LATE_SARS_COV_2_INFECTION_EVENTS,ppgs,8.215509413335256e-4,0.005648518430283738,0.14544538563048595,0.8843602671009672
bmi,alt_log_adj,REACTOME_LATE_SARS_COV_2_INFECTION_EVENTS,bmi,0.28841670593915864,0.005761513633638833,50.059190046036846,0
bmi,alt_log_adj,REACTOME_LDL_CLEARANCE,ppgs,0.008160701507011677,0.00569197736788068,1.4337199499530315,0.15166322570689258
bmi,alt_log_adj,REACTOME_LDL_CLEARANCE,bmi,0.28845089617696806,0.005761344656482913,50.06659267509551,0
bmi,alt_log_adj,REACTOME_LDL_REMODELING,ppgs,0.0046573727815278345,0.0057355001805918125,0.8120255661899862,0.41678377984452786
bmi,alt_log_adj,REACTOME_LDL_REMODELING,bmi,0.2884214600390319,0.005761437121526015,50.06067999274433,0
bmi,alt_log_adj,REACTOME_LECTIN_PATHWAY_OF_COMPLEMENT_ACTIVATION,ppgs,2.7646253522131936e-4,0.005752165338280894,0.04806234156404545,0.9616668971483686
bmi,alt_log_adj,REACTOME_LECTIN_PATHWAY_OF_COMPLEMENT_ACTIVATION,bmi,0.28841295812919265,0.005761601773807517,50.0577737670677,0
bmi,alt_log_adj,REACTOME_LEISHMANIA_INFECTION,ppgs,0.017430918225601864,0.005712791123929338,3.0512087432338384,0.0022813270809445966
bmi,alt_log_adj,REACTOME_LEISHMANIA_INFECTION,bmi,0.28827497509316075,0.0057607339709191486,50.04136218551424,0
bmi,alt_log_adj,REACTOME_LEUKOTRIENE_RECEPTORS,ppgs,-0.004675601477228545,0.005673100183497493,-0.8241704404990807,0.4098496540823451
bmi,alt_log_adj,REACTOME_LEUKOTRIENE_RECEPTORS,bmi,0.2884126522599905,0.005761429444505996,50.059217948944266,0
bmi,alt_log_adj,REACTOME_LGI_ADAM_INTERACTIONS,ppgs,0.00278280531788991,0.005699496509022838,0.48825458766129043,0.625373299874795
bmi,alt_log_adj,REACTOME_LGI_ADAM_INTERACTIONS,bmi,0.28840354388856143,0.005761518424926949,50.05686394072725,0
bmi,alt_log_adj,REACTOME_LIGAND_RECEPTOR_INTERACTIONS,ppgs,0.013555293255313891,0.005692486948195039,2.3812603135808637,0.01726007647719527
bmi,alt_log_adj,REACTOME_LIGAND_RECEPTOR_INTERACTIONS,bmi,0.2885291898607703,0.005761122747527351,50.08211116220458,0
bmi,alt_log_adj,REACTOME_LINOLEIC_ACID_LA_METABOLISM,ppgs,-0.004682621836177236,0.005740371945206502,-0.8157349176802837,0.4146586171565997
bmi,alt_log_adj,REACTOME_LINOLEIC_ACID_LA_METABOLISM,bmi,0.28834790026097257,0.005762010928351852,50.042928388449056,0
bmi,alt_log_adj,REACTOME_LIPID_PARTICLE_ORGANIZATION,ppgs,0.02467099539681185,0.005725492458751262,4.30897352054021,1.645660318875809e-5
bmi,alt_log_adj,REACTOME_LIPID_PARTICLE_ORGANIZATION,bmi,0.2884601413631285,0.005759621831401137,50.0831738275697,0
bmi,alt_log_adj,REACTOME_LIPOPHAGY,ppgs,-5.00585816579324e-4,0.005693196019104832,-0.08792702989665083,0.9299352941030483
bmi,alt_log_adj,REACTOME_LIPOPHAGY,bmi,0.28841105080365026,0.0057616403623786385,50.05710746662822,0
bmi,alt_log_adj,REACTOME_LISTERIA_MONOCYTOGENES_ENTRY_INTO_HOST_CELLS,ppgs,0.008251557202950188,0.005711197341368368,1.4448033765496124,0.14852417496196865
bmi,alt_log_adj,REACTOME_LISTERIA_MONOCYTOGENES_ENTRY_INTO_HOST_CELLS,bmi,0.28842947791518175,0.00576129503691197,50.06330626486693,0
bmi,alt_log_adj,REACTOME_LONG_TERM_POTENTIATION,ppgs,-0.0014289141839818364,0.0057110238703210895,-0.25020280363519104,0.802432330259026
bmi,alt_log_adj,REACTOME_LONG_TERM_POTENTIATION,bmi,0.2884134194229781,0.005761493615952749,50.05879354346635,0
bmi,alt_log_adj,REACTOME_LOSS_OF_FUNCTION_OF_MECP2_IN_RETT_SYNDROME,ppgs,-0.0011010302771172398,0.00572104971517613,-0.19245249245021517,0.8473891562975783
bmi,alt_log_adj,REACTOME_LOSS_OF_FUNCTION_OF_MECP2_IN_RETT_SYNDROME,bmi,0.2884212154088429,0.005761596060544764,50.05925656328854,0
bmi,alt_log_adj,REACTOME_LOSS_OF_FUNCTION_OF_SMAD2_3_IN_CANCER,ppgs,0.004305594442605829,0.0056907526891104825,0.756594896637273,0.44929888716093547
bmi,alt_log_adj,REACTOME_LOSS_OF_FUNCTION_OF_SMAD2_3_IN_CANCER,bmi,0.2883678745703995,0.0057617711018435,50.04847805879256,0
bmi,alt_log_adj,REACTOME_LOSS_OF_MECP2_BINDING_ABILITY_TO_THE_NCOR_SMRT_COMPLEX,ppgs,0.006183773532926494,0.005694945103631915,1.0858354945305497,0.27756101270116873
bmi,alt_log_adj,REACTOME_LOSS_OF_MECP2_BINDING_ABILITY_TO_THE_NCOR_SMRT_COMPLEX,bmi,0.28838963899511977,0.005761424106878413,50.0552699550132,0
bmi,alt_log_adj,REACTOME_LRR_FLII_INTERACTING_PROTEIN_1_LRRFIP1_ACTIVATES_TYPE_I_IFN_PRODUCTION,ppgs,-0.006243081137790883,0.00571706121832276,-1.0920087960195823,0.27483851516067487
bmi,alt_log_adj,REACTOME_LRR_FLII_INTERACTING_PROTEIN_1_LRRFIP1_ACTIVATES_TYPE_I_IFN_PRODUCTION,bmi,0.28834845428795003,0.005761695419939475,50.04576487852234,0
bmi,alt_log_adj,REACTOME_LTC4_CYSLTR_MEDIATED_IL4_PRODUCTION,ppgs,-0.00349199999115256,0.005694227381635008,-0.6132526429160416,0.5397142212288427
bmi,alt_log_adj,REACTOME_LTC4_CYSLTR_MEDIATED_IL4_PRODUCTION,bmi,0.288448294488036,0.005761721389180045,50.06286750166608,0
bmi,alt_log_adj,REACTOME_LYSINE_CATABOLISM,ppgs,-3.418244600428863e-4,0.005675933240136351,-0.06022348142253251,0.9519780686965031
bmi,alt_log_adj,REACTOME_LYSINE_CATABOLISM,bmi,0.28841274733579597,0.00576158171545135,50.057911452046866,0
bmi,alt_log_adj,REACTOME_LYSOSOME_VESICLE_BIOGENESIS,ppgs,0.007187458689169159,0.005719584900066425,1.2566399161389643,0.208894408170257
bmi,alt_log_adj,REACTOME_LYSOSOME_VESICLE_BIOGENESIS,bmi,0.2884933419338177,0.005761678058499427,50.07106245866035,0
bmi,alt_log_adj,REACTOME_LYSOSPHINGOLIPID_AND_LPA_RECEPTORS,ppgs,0.0075194886906638,0.005718361899262063,1.3149725084091244,0.18852977861970938
bmi,alt_log_adj,REACTOME_LYSOSPHINGOLIPID_AND_LPA_RECEPTORS,bmi,0.28844016314051324,0.00576135500841315,50.064639779932314,0
bmi,alt_log_adj,REACTOME_MALATE_ASPARTATE_SHUTTLE,ppgs,-0.0035888631280395706,0.005694259809355676,-0.6302598139521248,0.5285296907890669
bmi,alt_log_adj,REACTOME_MALATE_ASPARTATE_SHUTTLE,bmi,0.2884057218531338,0.005761474913701618,50.05761999714056,0
bmi,alt_log_adj,REACTOME_MAP2K_AND_MAPK_ACTIVATION,ppgs,0.016966650910737662,0.005700528830209167,2.976329287350541,0.0029196766712742983
bmi,alt_log_adj,REACTOME_MAP2K_AND_MAPK_ACTIVATION,bmi,0.2883035697737651,0.005760718836942712,50.04645738391418,0
bmi,alt_log_adj,REACTOME_MAP3K8_TPL2_DEPENDENT_MAPK1_3_ACTIVATION,ppgs,-0.004708543982365364,0.005719822097251742,-0.8231976278821196,0.41040254221870354
bmi,alt_log_adj,REACTOME_MAP3K8_TPL2_DEPENDENT_MAPK1_3_ACTIVATION,bmi,0.2884156635182453,0.00576142925037738,50.059742293868105,0
bmi,alt_log_adj,REACTOME_MAPK1_ERK2_ACTIVATION,ppgs,0.012238229981490992,0.005736937359127379,2.133234026343369,0.03291409507180196
bmi,alt_log_adj,REACTOME_MAPK1_ERK2_ACTIVATION,bmi,0.2884770738668575,0.0057611099823529745,50.07317595923357,0
bmi,alt_log_adj,REACTOME_MAPK1_MAPK3_SIGNALING,ppgs,0.011274892615351422,0.005704691426168972,1.9764246254636002,0.04811638191557208
bmi,alt_log_adj,REACTOME_MAPK1_MAPK3_SIGNALING,bmi,0.2883399825293432,0.005761224846481254,50.04838210844188,0
bmi,alt_log_adj,REACTOME_MAPK3_ERK1_ACTIVATION,ppgs,0.013337611522425815,0.0057467418146088176,2.3208997293945264,0.020299313007031444
bmi,alt_log_adj,REACTOME_MAPK3_ERK1_ACTIVATION,bmi,0.2884803384475955,0.005761020263756231,50.07452243528546,0
bmi,alt_log_adj,REACTOME_MAPK6_MAPK4_SIGNALING,ppgs,0.005501202355762752,0.005704000097172328,0.964446399376797,0.3348303958837051
bmi,alt_log_adj,REACTOME_MAPK6_MAPK4_SIGNALING,bmi,0.2884764653944474,0.005761760279002166,50.06741888338443,0
bmi,alt_log_adj,REACTOME_MAPK_FAMILY_SIGNALING_CASCADES,ppgs,0.012188585266017847,0.0057037423698364995,2.1369452678079566,0.03261097695891215
bmi,alt_log_adj,REACTOME_MAPK_FAMILY_SIGNALING_CASCADES,bmi,0.28833767328923315,0.0057611465228162495,50.04866169386778,0
bmi,alt_log_adj,REACTOME_MAPK_TARGETS_NUCLEAR_EVENTS_MEDIATED_BY_MAP_KINASES,ppgs,0.0023450808838272087,0.0057203698327539815,0.4099526695633605,0.6818437654972136
bmi,alt_log_adj,REACTOME_MAPK_TARGETS_NUCLEAR_EVENTS_MEDIATED_BY_MAP_KINASES,bmi,0.28842245943628764,0.0057615126105677065,50.0601975438301,0
bmi,alt_log_adj,REACTOME_MAPLE_SYRUP_URINE_DISEASE,ppgs,3.7383470310281287e-4,0.005735596766107087,0.06517799600416212,0.9480327400931559
bmi,alt_log_adj,REACTOME_MAPLE_SYRUP_URINE_DISEASE,bmi,0.2884132468679721,0.005761536183270537,50.05839375016374,0
bmi,alt_log_adj,REACTOME_MASTL_FACILITATES_MITOTIC_PROGRESSION,ppgs,0.004496572890392866,0.005727102658991401,0.7851392157836327,0.4323785104849952
bmi,alt_log_adj,REACTOME_MASTL_FACILITATES_MITOTIC_PROGRESSION,bmi,0.2883807286112861,0.005761597055987375,50.05222090489732,0
bmi,alt_log_adj,REACTOME_MATERNAL_TO_ZYGOTIC_TRANSITION_MZT,ppgs,0.008424545383697057,0.005773530251546858,1.4591670982307459,0.14453020184786772
bmi,alt_log_adj,REACTOME_MATERNAL_TO_ZYGOTIC_TRANSITION_MZT,bmi,0.2883948850020954,0.0057612975021385454,50.0572804815314,0
bmi,alt_log_adj,REACTOME_MATURATION_OF_PROTEIN_3A,ppgs,5.985797518583379e-4,0.005648441914400588,0.10597254268159702,0.9156048870560989
bmi,alt_log_adj,REACTOME_MATURATION_OF_PROTEIN_3A,bmi,0.28841679645043133,0.005761533360400466,50.05903435928112,0
bmi,alt_log_adj,REACTOME_MATURATION_OF_SARS_COV_1_NUCLEOPROTEIN,ppgs,0.002967727219201745,0.0057158715853741805,0.5192081688461284,0.6036196363732262
bmi,alt_log_adj,REACTOME_MATURATION_OF_SARS_COV_1_NUCLEOPROTEIN,bmi,0.2884015085770381,0.00576152593866459,50.05644540131742,0
bmi,alt_log_adj,REACTOME_MATURATION_OF_SARS_COV_1_SPIKE_PROTEIN,ppgs,0.0010718666144716605,0.005759310159637404,0.18611024319953334,0.8523596409500769
bmi,alt_log_adj,REACTOME_MATURATION_OF_SARS_COV_1_SPIKE_PROTEIN,bmi,0.2884117026015196,0.005761515809590673,50.05830273370539,0
bmi,alt_log_adj,REACTOME_MATURATION_OF_SARS_COV_2_NUCLEOPROTEIN,ppgs,1.1299502224396982e-4,0.005717521437562321,0.019762938097901653,0.9842326223023976
bmi,alt_log_adj,REACTOME_MATURATION_OF_SARS_COV_2_NUCLEOPROTEIN,bmi,0.28841401414091306,0.0057615800961400765,50.058145392117986,0
bmi,alt_log_adj,REACTOME_MATURATION_OF_SARS_COV_2_SPIKE_PROTEIN,ppgs,6.308450806624129e-4,0.005648388613643981,0.11168584950733973,0.9110732902873864
bmi,alt_log_adj,REACTOME_MATURATION_OF_SARS_COV_2_SPIKE_PROTEIN,bmi,0.2884168281758772,0.005761530559043511,50.059064205286134,0
bmi,alt_log_adj,REACTOME_MATURATION_OF_TCA_ENZYMES_AND_REGULATION_OF_TCA_CYCLE,ppgs,0.0026655650154734254,0.005744452457886331,0.4640242103168557,0.6426339631107134
bmi,alt_log_adj,REACTOME_MATURATION_OF_TCA_ENZYMES_AND_REGULATION_OF_TCA_CYCLE,bmi,0.28842876130898626,0.005761556665441483,50.060908545604875,0
bmi,alt_log_adj,REACTOME_MECHANICAL_LOAD_ACTIVATES_SIGNALING_BY_PIEZO1_AND_INTEGRINS_IN_OSTEOCYTES,ppgs,-0.002586363448104568,0.005678544194938875,-0.4554624141887846,0.6487800901002088
bmi,alt_log_adj,REACTOME_MECHANICAL_LOAD_ACTIVATES_SIGNALING_BY_PIEZO1_AND_INTEGRINS_IN_OSTEOCYTES,bmi,0.28839076567244176,0.005761714980067369,50.05293852093145,0
bmi,alt_log_adj,REACTOME_MECP2_REGULATES_NEURONAL_RECEPTORS_AND_CHANNELS,ppgs,-0.0065319641792995296,0.005703422043321775,-1.14527105476052,0.252106560654176
bmi,alt_log_adj,REACTOME_MECP2_REGULATES_NEURONAL_RECEPTORS_AND_CHANNELS,bmi,0.28839281745947465,0.005761396148362873,50.05606454286654,0
bmi,alt_log_adj,REACTOME_MECP2_REGULATES_TRANSCRIPTION_FACTORS,ppgs,0.010655255874089747,0.005759112631434586,1.8501558410111418,0.06430148989256043
bmi,alt_log_adj,REACTOME_MECP2_REGULATES_TRANSCRIPTION_FACTORS,bmi,0.28852854483958695,0.005761479201517064,50.07890070376615,0
bmi,alt_log_adj,REACTOME_MECP2_REGULATES_TRANSCRIPTION_OF_NEURONAL_LIGANDS,ppgs,-0.0014324501676834989,0.005920873727377676,-0.2419322271745058,0.8088344280473868
bmi,alt_log_adj,REACTOME_MECP2_REGULATES_TRANSCRIPTION_OF_NEURONAL_LIGANDS,bmi,0.28841904824304615,0.005761521068776232,50.05953198819204,0
bmi,alt_log_adj,REACTOME_MEIOSIS,ppgs,0.0033443611804691016,0.005737319693736509,0.5829135134512681,0.5599561596556942
bmi,alt_log_adj,REACTOME_MEIOSIS,bmi,0.2884470197574947,0.0057617315099439325,50.062558322906234,0
bmi,alt_log_adj,REACTOME_MEIOTIC_RECOMBINATION,ppgs,0.009866929184916292,0.0058546139339316705,1.6853253342172383,0.09193682634885678
bmi,alt_log_adj,REACTOME_MEIOTIC_RECOMBINATION,bmi,0.288402851826866,0.005761213600801434,50.05939231045811,0
bmi,alt_log_adj,REACTOME_MEIOTIC_SYNAPSIS,ppgs,0.002647476265708044,0.005720881708091145,0.4627741667798638,0.6435298020594766
bmi,alt_log_adj,REACTOME_MEIOTIC_SYNAPSIS,bmi,0.2884418848176132,0.005761777385477574,50.06126851492462,0
bmi,alt_log_adj,REACTOME_MELANIN_BIOSYNTHESIS,ppgs,-0.00622361938991237,0.005722413879929367,-1.087586378842837,0.27678699305755233
bmi,alt_log_adj,REACTOME_MELANIN_BIOSYNTHESIS,bmi,0.2884329311765621,0.005761402372708703,50.0629729565228,0
bmi,alt_log_adj,REACTOME_MEMBRANE_TRAFFICKING,ppgs,0.016941067051439284,0.0057516004996096695,2.9454526705373545,0.0032274451956477543
bmi,alt_log_adj,REACTOME_MEMBRANE_TRAFFICKING,bmi,0.288558125636935,0.005760822595566463,50.08974340904192,0
bmi,alt_log_adj,REACTOME_METABOLIC_DISORDERS_OF_BIOLOGICAL_OXIDATION_ENZYMES,ppgs,0.004988628522329164,0.005696106912343873,0.87579615324959,0.38114828205827866
bmi,alt_log_adj,REACTOME_METABOLIC_DISORDERS_OF_BIOLOGICAL_OXIDATION_ENZYMES,bmi,0.28845692950652246,0.005761622545616891,50.065225068581384,0
bmi,alt_log_adj,REACTOME_METABOLISM_OF_AMINE_DERIVED_HORMONES,ppgs,0.002273552038362324,0.0056732261899428435,0.40075117089333423,0.6886063524400908
bmi,alt_log_adj,REACTOME_METABOLISM_OF_AMINE_DERIVED_HORMONES,bmi,0.2884139780602767,0.005761481876108484,50.058992506122756,0
bmi,alt_log_adj,REACTOME_METABOLISM_OF_AMINO_ACIDS_AND_DERIVATIVES,ppgs,0.00505358766382772,0.005720592747216963,0.883402802320837,0.3770261684717062
bmi,alt_log_adj,REACTOME_METABOLISM_OF_AMINO_ACIDS_AND_DERIVATIVES,bmi,0.28841203969328555,0.005761419412822179,50.059198789002856,0
bmi,alt_log_adj,REACTOME_METABOLISM_OF_ANGIOTENSINOGEN_TO_ANGIOTENSINS,ppgs,0.0014256343557446697,0.005694652739448478,0.2503461441764298,0.8023214885312303
bmi,alt_log_adj,REACTOME_METABOLISM_OF_ANGIOTENSINOGEN_TO_ANGIOTENSINS,bmi,0.28843222253247,0.0057619205234076265,50.05834796934857,0
bmi,alt_log_adj,REACTOME_METABOLISM_OF_CARBOHYDRATES_AND_CARBOHYDRATE_DERIVATIVES,ppgs,0.002532585338224954,0.0057018995034323686,0.4441652008598916,0.6569265399884725
bmi,alt_log_adj,REACTOME_METABOLISM_OF_CARBOHYDRATES_AND_CARBOHYDRATE_DERIVATIVES,bmi,0.28841413853501235,0.005761478027384204,50.059053799074654,0
bmi,alt_log_adj,REACTOME_METABOLISM_OF_COFACTORS,ppgs,0.00835775034200593,0.005707003056860227,1.46447272916024,0.14307591781214896
bmi,alt_log_adj,REACTOME_METABOLISM_OF_COFACTORS,bmi,0.28847886743723,0.005761447065478017,50.07055764961635,0
bmi,alt_log_adj,REACTOME_METABOLISM_OF_FAT_SOLUBLE_VITAMINS,ppgs,-0.007066315927228916,0.005700959786696684,-1.2394958378268728,0.2151721899366133
bmi,alt_log_adj,REACTOME_METABOLISM_OF_FAT_SOLUBLE_VITAMINS,bmi,0.28839465968224454,0.005761364368942894,50.05666040441037,0
bmi,alt_log_adj,REACTOME_METABOLISM_OF_FOLATE_AND_PTERINES,ppgs,-0.0017705661122987002,0.0057168177207673095,-0.30971183598644725,0.7567823776449949
bmi,alt_log_adj,REACTOME_METABOLISM_OF_FOLATE_AND_PTERINES,bmi,0.2884027578552413,0.005761615576401469,50.0558834637435,0
bmi,alt_log_adj,REACTOME_METABOLISM_OF_INGESTED_SEMET_SEC_MESEC_INTO_H2SE,ppgs,0.006739015657308876,0.005759048025630729,1.170161392528207,0.24194586330363882
bmi,alt_log_adj,REACTOME_METABOLISM_OF_INGESTED_SEMET_SEC_MESEC_INTO_H2SE,bmi,0.2884212065988784,0.005761361582194276,50.06129236711265,0
bmi,alt_log_adj,REACTOME_METABOLISM_OF_LIPIDS,ppgs,0.07099620832570207,0.0056841440118664465,12.490219842686523,1.0483445068832086e-35
bmi,alt_log_adj,REACTOME_METABOLISM_OF_LIPIDS,bmi,0.28883523340969236,0.0057458089178126755,50.268854662790744,0
bmi,alt_log_adj,REACTOME_METABOLISM_OF_NITRIC_OXIDE_NOS3_ACTIVATION_AND_REGULATION,ppgs,0.0025092618656703688,0.005698699265700104,0.44032186095050896,0.6597073668280005
bmi,alt_log_adj,REACTOME_METABOLISM_OF_NITRIC_OXIDE_NOS3_ACTIVATION_AND_REGULATION,bmi,0.2884163707427057,0.005761479638335339,50.059427238735786,0
bmi,alt_log_adj,REACTOME_METABOLISM_OF_NUCLEOTIDES,ppgs,0.004632454872571534,0.005771964113355585,0.8025785991726156,0.4222250700232706
bmi,alt_log_adj,REACTOME_METABOLISM_OF_NUCLEOTIDES,bmi,0.2884196094673633,0.005761435868869076,50.06036967725161,0
bmi,alt_log_adj,REACTOME_METABOLISM_OF_POLYAMINES,ppgs,-0.012465646735346595,0.005684702651244508,-2.1928405934508444,0.028326962085442792
bmi,alt_log_adj,REACTOME_METABOLISM_OF_POLYAMINES,bmi,0.2883410015915599,0.0057611072276595,50.049580783224016,0
bmi,alt_log_adj,REACTOME_METABOLISM_OF_PORPHYRINS,ppgs,0.02345784630784252,0.005698391486695806,4.11657331066323,3.856346747337945e-5
bmi,alt_log_adj,REACTOME_METABOLISM_OF_PORPHYRINS,bmi,0.28838156356123384,0.005759782317015196,50.06813585807136,0
bmi,alt_log_adj,REACTOME_METABOLISM_OF_RNA,ppgs,0.022729718784690035,0.0056835067229988176,3.999241998379662,6.370673032826645e-5
bmi,alt_log_adj,REACTOME_METABOLISM_OF_RNA,bmi,0.2884461292007635,0.00575987878617977,50.07850684164743,0
bmi,alt_log_adj,REACTOME_METABOLISM_OF_STEROIDS,ppgs,0.017451976175095717,0.005710828110313975,3.055944923920364,0.002245609954095458
bmi,alt_log_adj,REACTOME_METABOLISM_OF_STEROIDS,bmi,0.2886265763879757,0.005760966748109626,50.10037186600394,0
bmi,alt_log_adj,REACTOME_METABOLISM_OF_STEROID_HORMONES,ppgs,-0.00408637122094853,0.005711337661375545,-0.7154840885321337,0.4743158619186818
bmi,alt_log_adj,REACTOME_METABOLISM_OF_STEROID_HORMONES,bmi,0.2883716796321568,0.005761758563304712,50.049247371927095,0
bmi,alt_log_adj,REACTOME_METABOLISM_OF_VITAMINS_AND_COFACTORS,ppgs,0.016165996598848507,0.005705884420957202,2.8332148719087704,0.004611492068795939
bmi,alt_log_adj,REACTOME_METABOLISM_OF_VITAMINS_AND_COFACTORS,bmi,0.2881816557450309,0.005761269267839902,50.02051498507379,0
bmi,alt_log_adj,REACTOME_METABOLISM_OF_WATER_SOLUBLE_VITAMINS_AND_COFACTORS,ppgs,0.016147823264180457,0.005705330703647569,2.830304517467625,0.00465364172444376
bmi,alt_log_adj,REACTOME_METABOLISM_OF_WATER_SOLUBLE_VITAMINS_AND_COFACTORS,bmi,0.2881770191467937,0.005761295787122319,50.019479956389084,0
bmi,alt_log_adj,REACTOME_METALLOPROTEASE_DUBS,ppgs,0.004381490070727731,0.005694198873365776,0.7694655856194011,0.4416233778907983
bmi,alt_log_adj,REACTOME_METALLOPROTEASE_DUBS,bmi,0.2883911591077163,0.005761518499211548,50.05471372645632,0
bmi,alt_log_adj,REACTOME_METALLOTHIONEINS_BIND_METALS,ppgs,0.008737958816434641,0.005749144344148086,1.519871183148984,0.1285545065256753
bmi,alt_log_adj,REACTOME_METALLOTHIONEINS_BIND_METALS,bmi,0.2885274283629481,0.005761741313190166,50.07642875295905,0
bmi,alt_log_adj,REACTOME_METAL_ION_SLC_TRANSPORTERS,ppgs,-0.0029335625462166854,0.005704561670179604,-0.5142485463084361,0.6070822390869592
bmi,alt_log_adj,REACTOME_METAL_ION_SLC_TRANSPORTERS,bmi,0.28841101972524713,0.005761475357979038,50.05853567104616,0
bmi,alt_log_adj,REACTOME_METAL_SEQUESTRATION_BY_ANTIMICROBIAL_PROTEINS,ppgs,0.00766949374650004,0.005738111577560752,1.3365884651828799,0.1813677328914541
bmi,alt_log_adj,REACTOME_METAL_SEQUESTRATION_BY_ANTIMICROBIAL_PROTEINS,bmi,0.288345628172232,0.005761547686653871,50.04655760120841,0
bmi,alt_log_adj,REACTOME_METHIONINE_SALVAGE_PATHWAY,ppgs,0.0033121777950579205,0.005676383908096223,0.5835013714160107,0.5595604761189373
bmi,alt_log_adj,REACTOME_METHIONINE_SALVAGE_PATHWAY,bmi,0.28843453755890025,0.005761564467650269,50.061843302871544,0
bmi,alt_log_adj,REACTOME_METHYLATION,ppgs,0.011199390115982347,0.005724070256198874,1.95654309166698,0.050411014351184155
bmi,alt_log_adj,REACTOME_METHYLATION,bmi,0.28837412671789425,0.005761146192860982,50.05499202142062,0
bmi,alt_log_adj,REACTOME_MET_ACTIVATES_PI3K_AKT_SIGNALING,ppgs,9.115234402445867e-4,0.005681309437595592,0.16044249134058008,0.8725336630513422
bmi,alt_log_adj,REACTOME_MET_ACTIVATES_PI3K_AKT_SIGNALING,bmi,0.2884043762930034,0.005761849261268288,50.05413422244239,0
bmi,alt_log_adj,REACTOME_MET_ACTIVATES_PTK2_SIGNALING,ppgs,0.012498970529132836,0.00570636337839585,2.190356572182842,0.02850650268293307
bmi,alt_log_adj,REACTOME_MET_ACTIVATES_PTK2_SIGNALING,bmi,0.28838849488876883,0.0057610228571005565,50.05855766278122,0
bmi,alt_log_adj,REACTOME_MET_ACTIVATES_PTPN11,ppgs,0.007901207073758033,0.005709151212476957,1.3839547736081135,0.16638319876589774
bmi,alt_log_adj,REACTOME_MET_ACTIVATES_PTPN11,bmi,0.2883615906446532,0.005761430780337778,50.05034368003764,0
bmi,alt_log_adj,REACTOME_MET_ACTIVATES_RAP1_AND_RAC1,ppgs,0.009803211870183078,0.005703281377192332,1.7188722108971415,0.08564856044235734
bmi,alt_log_adj,REACTOME_MET_ACTIVATES_RAP1_AND_RAC1,bmi,0.2883891958369895,0.005761216755256096,50.05699457044125,0
bmi,alt_log_adj,REACTOME_MET_ACTIVATES_RAS_SIGNALING,ppgs,0.003572891362532369,0.005677123484529422,0.6293488898504251,0.5291257422571811
bmi,alt_log_adj,REACTOME_MET_ACTIVATES_RAS_SIGNALING,bmi,0.2884062376841747,0.0057614731268610785,50.057725052915764,0
bmi,alt_log_adj,REACTOME_MET_INTERACTS_WITH_TNS_PROTEINS,ppgs,0.003748974516505902,0.0056682825865054165,0.6613951332333278,0.5083643214702105
bmi,alt_log_adj,REACTOME_MET_INTERACTS_WITH_TNS_PROTEINS,bmi,0.28838572964843057,0.005761619128950309,50.05289714472512,0
bmi,alt_log_adj,REACTOME_MET_PROMOTES_CELL_MOTILITY,ppgs,0.02032709349333806,0.00570624959658982,3.562251028326201,3.6829134537642324e-4
bmi,alt_log_adj,REACTOME_MET_PROMOTES_CELL_MOTILITY,bmi,0.288383456211581,0.005760215562430534,50.0646986360172,0
bmi,alt_log_adj,REACTOME_MET_RECEPTOR_ACTIVATION,ppgs,0.0017692879167701143,0.005668859930521369,0.3121064796898927,0.7549618976658574
bmi,alt_log_adj,REACTOME_MET_RECEPTOR_ACTIVATION,bmi,0.28839597183060767,0.00576179795416412,50.05312128693795,0
bmi,alt_log_adj,REACTOME_MET_RECEPTOR_RECYCLING,ppgs,0.0026226704389660247,0.005675293371736641,0.4621206812016287,0.6439983264215665
bmi,alt_log_adj,REACTOME_MET_RECEPTOR_RECYCLING,bmi,0.28838517900387667,0.005761828547102156,50.05098236547087,0
bmi,alt_log_adj,REACTOME_MHC_CLASS_II_ANTIGEN_PRESENTATION,ppgs,-0.003795928076252214,0.005737029591435188,-0.6616539126657381,0.5081984252294967
bmi,alt_log_adj,REACTOME_MHC_CLASS_II_ANTIGEN_PRESENTATION,bmi,0.28838618743382105,0.005761613762432677,50.05302321967139,0
bmi,alt_log_adj,REACTOME_MICRORNA_MIRNA_BIOGENESIS,ppgs,6.548007279298762e-4,0.005987920461318779,0.10935361151835724,0.9129227996641455
bmi,alt_log_adj,REACTOME_MICRORNA_MIRNA_BIOGENESIS,bmi,0.28841210674871465,0.00576154267776893,50.05813943920968,0
bmi,alt_log_adj,REACTOME_MINERALOCORTICOID_BIOSYNTHESIS,ppgs,0.0020482098248323943,0.005700714863960686,0.35928999673022755,0.7193808328625744
bmi,alt_log_adj,REACTOME_MINERALOCORTICOID_BIOSYNTHESIS,bmi,0.28842068358337614,0.005761509553163087,50.05991588177308,0
bmi,alt_log_adj,REACTOME_MIRO_GTPASE_CYCLE,ppgs,0.004207081981704571,0.005716654684841294,0.7359342506484399,0.46177680095808504
bmi,alt_log_adj,REACTOME_MIRO_GTPASE_CYCLE,bmi,0.2883961060719459,0.005761497873135977,50.05575154625063,0
bmi,alt_log_adj,REACTOME_MISCELLANEOUS_SUBSTRATES,ppgs,-0.006379041762169234,0.0057481282680774464,-1.1097598147897292,0.26711195339539073
bmi,alt_log_adj,REACTOME_MISCELLANEOUS_SUBSTRATES,bmi,0.28837560125499057,0.005761480122031848,50.052346818353996,0
bmi,alt_log_adj,REACTOME_MISCELLANEOUS_TRANSPORT_AND_BINDING_EVENTS,ppgs,0.013467791829116083,0.005742373309798669,2.3453354741209385,0.01901682268251695
bmi,alt_log_adj,REACTOME_MISCELLANEOUS_TRANSPORT_AND_BINDING_EVENTS,bmi,0.2885480541122464,0.0057612200122824486,50.084539992759446,0
bmi,alt_log_adj,REACTOME_MISMATCH_REPAIR,ppgs,-0.001039287195454879,0.005674245366605653,-0.1831586631010606,0.8546748375307233
bmi,alt_log_adj,REACTOME_MISMATCH_REPAIR,bmi,0.28841585300766204,0.005761498481318752,50.05917365817762,0
bmi,alt_log_adj,REACTOME_MITF_M_DEPENDENT_GENE_EXPRESSION,ppgs,0.008297499964021045,0.005665448728649571,1.4645794819502065,0.14304677232755048
bmi,alt_log_adj,REACTOME_MITF_M_DEPENDENT_GENE_EXPRESSION,bmi,0.2883827303184392,0.005761321167090361,50.05496516419359,0
bmi,alt_log_adj,REACTOME_MITF_M_REGULATED_MELANOCYTE_DEVELOPMENT,ppgs,0.009982614990955601,0.0056651754955946345,1.7621016328123116,0.07806290316135876
bmi,alt_log_adj,REACTOME_MITF_M_REGULATED_MELANOCYTE_DEVELOPMENT,bmi,0.28838379511312745,0.00576120903771341,50.05612419638661,0
bmi,alt_log_adj,REACTOME_MITOCHONDRIAL_BIOGENESIS,ppgs,-0.0015765054506051567,0.0057163344735001,-0.2757895742304011,0.782711702042314
bmi,alt_log_adj,REACTOME_MITOCHONDRIAL_BIOGENESIS,bmi,0.2884189722131059,0.005761511832632965,50.05959904126427,0
bmi,alt_log_adj,REACTOME_MITOCHONDRIAL_CALCIUM_ION_TRANSPORT,ppgs,0.008987874002019584,0.005704160495674389,1.5756699007391743,0.11511305609217783
bmi,alt_log_adj,REACTOME_MITOCHONDRIAL_CALCIUM_ION_TRANSPORT,bmi,0.2883502000145113,0.005761390773216781,50.04871416724186,0
bmi,alt_log_adj,REACTOME_MITOCHONDRIAL_FATTY_ACID_BETA_OXIDATION,ppgs,0.016246572695445407,0.00570288169799642,2.8488356511328785,0.004391113067037474
bmi,alt_log_adj,REACTOME_MITOCHONDRIAL_FATTY_ACID_BETA_OXIDATION,bmi,0.288159114114868,0.005761371580560903,50.0157141551377,0
bmi,alt_log_adj,REACTOME_MITOCHONDRIAL_FATTY_ACID_BETA_OXIDATION_OF_SATURATED_FATTY_ACIDS,ppgs,0.010138567309129166,0.0056940623674834115,1.7805508009583113,0.07499656946082968
bmi,alt_log_adj,REACTOME_MITOCHONDRIAL_FATTY_ACID_BETA_OXIDATION_OF_SATURATED_FATTY_ACIDS,bmi,0.28835479776882567,0.005761273807666134,50.05052830246179,0
bmi,alt_log_adj,REACTOME_MITOCHONDRIAL_FATTY_ACID_BETA_OXIDATION_OF_UNSATURATED_FATTY_ACIDS,ppgs,0.006830293444957037,0.005704172440190762,1.1974205753023508,0.2311526800082558
bmi,alt_log_adj,REACTOME_MITOCHONDRIAL_FATTY_ACID_BETA_OXIDATION_OF_UNSATURATED_FATTY_ACIDS,bmi,0.28841935110428585,0.00576135363022148,50.06103940424124,0
bmi,alt_log_adj,REACTOME_MITOCHONDRIAL_IRON_SULFUR_CLUSTER_BIOGENESIS,ppgs,0.0036469455829810245,0.005815941720070725,0.6270602008262001,0.5306248240902274
bmi,alt_log_adj,REACTOME_MITOCHONDRIAL_IRON_SULFUR_CLUSTER_BIOGENESIS,bmi,0.2884427327332895,0.005761632416893129,50.06267527369054,0
bmi,alt_log_adj,REACTOME_MITOCHONDRIAL_PROTEIN_DEGRADATION,ppgs,0.014437082934516694,0.005704747536541908,2.5307137330862735,0.011388433827903534
bmi,alt_log_adj,REACTOME_MITOCHONDRIAL_PROTEIN_DEGRADATION,bmi,0.2881522599749248,0.005761780022564571,50.010979045789405,0
bmi,alt_log_adj,REACTOME_MITOCHONDRIAL_PROTEIN_IMPORT,ppgs,0.002600137083732931,0.005718299018920954,0.4547046377129782,0.649325225652118
bmi,alt_log_adj,REACTOME_MITOCHONDRIAL_PROTEIN_IMPORT,bmi,0.2884075472961698,0.005761497971645716,50.05773649761244,0
bmi,alt_log_adj,REACTOME_MITOCHONDRIAL_RNA_DEGRADATION,ppgs,0.0038937176570123543,0.005697525647472577,0.6834050249057866,0.4943565309636275
bmi,alt_log_adj,REACTOME_MITOCHONDRIAL_RNA_DEGRADATION,bmi,0.2883922345741244,0.005761543644080594,50.054681937612045,0
bmi,alt_log_adj,REACTOME_MITOCHONDRIAL_TRANSLATION,ppgs,0.00993149145205539,0.005715769366911131,1.737559865439862,0.08229925663498616
bmi,alt_log_adj,REACTOME_MITOCHONDRIAL_TRANSLATION,bmi,0.2885394361572774,0.005761639005236795,50.07940204081197,0
bmi,alt_log_adj,REACTOME_MITOCHONDRIAL_TRNA_AMINOACYLATION,ppgs,-0.01682506840889132,0.005727705776774788,-2.93748824828173,0.003311489404760539
bmi,alt_log_adj,REACTOME_MITOCHONDRIAL_TRNA_AMINOACYLATION,bmi,0.2883904523228788,0.005760627208856254,50.062335552544354,0
bmi,alt_log_adj,REACTOME_MITOCHONDRIAL_UNCOUPLING,ppgs,-0.004087524600162198,0.005818085530045512,-0.7025549176019459,0.4823389345569392
bmi,alt_log_adj,REACTOME_MITOCHONDRIAL_UNCOUPLING,bmi,0.28840534492414116,0.005761462948637321,50.05765853138979,0
bmi,alt_log_adj,REACTOME_MITOCHONDRIAL_UNFOLDED_PROTEIN_RESPONSE_UPRMT,ppgs,0.004336825275791569,0.0056890224325040996,0.7623146730821831,0.4458785608834164
bmi,alt_log_adj,REACTOME_MITOCHONDRIAL_UNFOLDED_PROTEIN_RESPONSE_UPRMT,bmi,0.28840140644891643,0.005761465003293773,50.056957090608066,0
bmi,alt_log_adj,REACTOME_MITOPHAGY,ppgs,0.0038553613313419533,0.005704317979097301,0.6758671843802189,0.4991304874389174
bmi,alt_log_adj,REACTOME_MITOPHAGY,bmi,0.2883969315196435,0.0057615110110159,50.05578067424223,0
bmi,alt_log_adj,REACTOME_MITOTIC_G1_PHASE_AND_G1_S_TRANSITION,ppgs,-0.001032943134399344,0.00579402211498987,-0.17827738898803805,0.8585064091893535
bmi,alt_log_adj,REACTOME_MITOTIC_G1_PHASE_AND_G1_S_TRANSITION,bmi,0.288413051044975,0.005761501482700279,50.058661255399464,0
bmi,alt_log_adj,REACTOME_MITOTIC_G2_G2_M_PHASES,ppgs,0.011779344799216098,0.0056940267864580675,2.0687195970399297,0.038581450954511175
bmi,alt_log_adj,REACTOME_MITOTIC_G2_G2_M_PHASES,bmi,0.28843477259864414,0.0057610713737765405,50.06616892676461,0
bmi,alt_log_adj,REACTOME_MITOTIC_METAPHASE_AND_ANAPHASE,ppgs,0.007554869448982181,0.005671891725823049,1.3319840741293227,0.18287612999957625
bmi,alt_log_adj,REACTOME_MITOTIC_METAPHASE_AND_ANAPHASE,bmi,0.2884049717705567,0.0057613222482227186,50.05881624821894,0
bmi,alt_log_adj,REACTOME_MITOTIC_PROMETAPHASE,ppgs,0.012888363247905852,0.005688993850618599,2.265490803176808,0.023490088133179623
bmi,alt_log_adj,REACTOME_MITOTIC_PROMETAPHASE,bmi,0.28846100266464575,0.005761012873105297,50.07123035799775,0
bmi,alt_log_adj,REACTOME_MITOTIC_PROPHASE,ppgs,-0.0018028545256394822,0.005697955157391155,-0.3164037757125717,0.751698381052405
bmi,alt_log_adj,REACTOME_MITOTIC_PROPHASE,bmi,0.2884051984687472,0.005761564782405169,50.05674835931503,0
bmi,alt_log_adj,REACTOME_MITOTIC_SPINDLE_CHECKPOINT,ppgs,0.0031796758448677815,0.0057148634965141654,0.5563870155091639,0.5779507049624611
bmi,alt_log_adj,REACTOME_MITOTIC_SPINDLE_CHECKPOINT,bmi,0.28840501619192904,0.005761492383173889,50.057345738093744,0
bmi,alt_log_adj,REACTOME_MITOTIC_TELOPHASE_CYTOKINESIS,ppgs,0.029602062255391207,0.005671430027825796,5.219505858338073,1.806639620891858e-7
bmi,alt_log_adj,REACTOME_MITOTIC_TELOPHASE_CYTOKINESIS,bmi,0.28844164066827904,0.005758733907130707,50.08768339011436,0
bmi,alt_log_adj,REACTOME_MODULATION_BY_MTB_OF_HOST_IMMUNE_SYSTEM,ppgs,-0.002829448423767295,0.005692071631872799,-0.49708587782412594,0.61913234782683
bmi,alt_log_adj,REACTOME_MODULATION_BY_MTB_OF_HOST_IMMUNE_SYSTEM,bmi,0.2884200292886203,0.005761483130969219,50.06003189322905,0
bmi,alt_log_adj,REACTOME_MODULATION_OF_HOST_RESPONSES_BY_IFN_STIMULATED_GENES,ppgs,-7.480721305406558e-4,0.00568202472623194,-0.1316559090436664,0.8952573956263443
bmi,alt_log_adj,REACTOME_MODULATION_OF_HOST_RESPONSES_BY_IFN_STIMULATED_GENES,bmi,0.2884136731262129,0.0057615007205127095,50.05877584973161,0
bmi,alt_log_adj,REACTOME_MOLECULES_ASSOCIATED_WITH_ELASTIC_FIBRES,ppgs,2.113095726485788e-4,0.0056866593973060025,0.037158823464736535,0.9703586316746112
bmi,alt_log_adj,REACTOME_MOLECULES_ASSOCIATED_WITH_ELASTIC_FIBRES,bmi,0.2884148750756139,0.00576150184905864,50.05897466174335,0
bmi,alt_log_adj,REACTOME_MOLYBDENUM_COFACTOR_BIOSYNTHESIS,ppgs,-5.208419638571792e-4,0.005682953863396025,-0.0916498666673908,0.9269768778308541
bmi,alt_log_adj,REACTOME_MOLYBDENUM_COFACTOR_BIOSYNTHESIS,bmi,0.2884129202264237,0.005761527047520117,50.05841643155397,0
bmi,alt_log_adj,REACTOME_MRNA_CAPPING,ppgs,0.014427191718644023,0.005692926979723382,2.5342309448249827,0.011274778781757906
bmi,alt_log_adj,REACTOME_MRNA_CAPPING,bmi,0.2884391969711598,0.0057608536245219505,50.06882933865468,0
bmi,alt_log_adj,REACTOME_MRNA_DECAY_BY_3_TO_5_EXORIBONUCLEASE,ppgs,0.008678040885568786,0.005705641185228434,1.5209580490332477,0.12828151808802812
bmi,alt_log_adj,REACTOME_MRNA_DECAY_BY_3_TO_5_EXORIBONUCLEASE,bmi,0.28840690119243206,0.005761265149916996,50.05964726282164,0
bmi,alt_log_adj,REACTOME_MRNA_DECAY_BY_5_TO_3_EXORIBONUCLEASE,ppgs,0.008035185753610776,0.0056929817949120266,1.4114195413011932,0.15813191901441787
bmi,alt_log_adj,REACTOME_MRNA_DECAY_BY_5_TO_3_EXORIBONUCLEASE,bmi,0.2884681111256648,0.0057614201907270875,50.06892425411872,0
bmi,alt_log_adj,REACTOME_MRNA_EDITING,ppgs,-0.006041842464789731,0.005700395919863367,-1.0598987420744888,0.28919969808469254
bmi,alt_log_adj,REACTOME_MRNA_EDITING,bmi,0.2883352198763923,0.005761870857851997,50.04194418614279,0
bmi,alt_log_adj,REACTOME_MRNA_EDITING_C_TO_U_CONVERSION,ppgs,-0.0022383887678538343,0.005696735828681022,-0.39292479679053216,0.6943779807998185
bmi,alt_log_adj,REACTOME_MRNA_EDITING_C_TO_U_CONVERSION,bmi,0.28839349730195846,0.005761733124048636,50.05325500034807,0
bmi,alt_log_adj,REACTOME_MRNA_SPLICING,ppgs,0.030017009055997936,0.005672968356284379,5.291235059110775,1.2239481657258935e-7
bmi,alt_log_adj,REACTOME_MRNA_SPLICING,bmi,0.28845024731588575,0.0057586590163359146,50.08982933311776,0
bmi,alt_log_adj,REACTOME_MRNA_SPLICING_MINOR_PATHWAY,ppgs,-0.0011408497683022072,0.005703224101752912,-0.20003593545474774,0.8414539114529767
bmi,alt_log_adj,REACTOME_MRNA_SPLICING_MINOR_PATHWAY,bmi,0.28841650056145024,0.005761501557225441,50.05925932619944,0
bmi,alt_log_adj,REACTOME_MTORC1_MEDIATED_SIGNALLING,ppgs,-8.142007954872911e-4,0.005690982583465695,-0.14306857973047232,0.8862370361810353
bmi,alt_log_adj,REACTOME_MTORC1_MEDIATED_SIGNALLING,bmi,0.28841346339551527,0.005761501585488168,50.058731932307225,0
bmi,alt_log_adj,REACTOME_MTOR_SIGNALLING,ppgs,0.0016623223495727075,0.005669025307022536,0.29322895198818333,0.7693493020700344
bmi,alt_log_adj,REACTOME_MTOR_SIGNALLING,bmi,0.288416954225834,0.005761494723061499,50.059397446185145,0
bmi,alt_log_adj,REACTOME_MUCOPOLYSACCHARIDOSES,ppgs,0.00663823845109142,0.005696497470679037,1.1653193010722296,0.2438995740653985
bmi,alt_log_adj,REACTOME_MUCOPOLYSACCHARIDOSES,bmi,0.2883942002647864,0.0057613866367186035,50.05638719449686,0
bmi,alt_log_adj,REACTOME_MULTIFUNCTIONAL_ANION_EXCHANGERS,ppgs,-0.0061517764226478415,0.005739807703002949,-1.071773958460204,0.2838306964185045
bmi,alt_log_adj,REACTOME_MULTIFUNCTIONAL_ANION_EXCHANGERS,bmi,0.28847662747518044,0.005761671705079367,50.06821669843938,0
bmi,alt_log_adj,REACTOME_MUSCARINIC_ACETYLCHOLINE_RECEPTORS,ppgs,-0.0038781940215143226,0.005694785471553999,-0.6810079222274965,0.4958720399646622
bmi,alt_log_adj,REACTOME_MUSCARINIC_ACETYLCHOLINE_RECEPTORS,bmi,0.28837390585971934,0.005761761058412107,50.04961207801157,0
bmi,alt_log_adj,REACTOME_MUSCLE_CONTRACTION,ppgs,0.007102339730519254,0.0057054212219772,1.2448405567604972,0.21320065518852413
bmi,alt_log_adj,REACTOME_MUSCLE_CONTRACTION,bmi,0.28838181078766634,0.005761400802244253,50.05411369320674,0
bmi,alt_log_adj,REACTOME_MYD88_INDEPENDENT_TLR4_CASCADE,ppgs,0.004285150488388645,0.005734657675325274,0.747237364634078,0.4549264909535943
bmi,alt_log_adj,REACTOME_MYD88_INDEPENDENT_TLR4_CASCADE,bmi,0.28842891078049615,0.005761472965017655,50.06166175416781,0
bmi,alt_log_adj,REACTOME_MYOCLONIC_EPILEPSY_OF_LAFORA,ppgs,-0.0048044563811559466,0.005709328177654338,-0.8415099345593836,0.4000694201349869
bmi,alt_log_adj,REACTOME_MYOCLONIC_EPILEPSY_OF_LAFORA,bmi,0.2884057018642676,0.005761435765736845,50.05795666063156,0
bmi,alt_log_adj,REACTOME_MYOGENESIS,ppgs,-0.003533574794361993,0.005698331637656841,-0.6201069048018768,0.53519239093621
bmi,alt_log_adj,REACTOME_MYOGENESIS,bmi,0.2884025151993777,0.005761491977988189,50.056915170796216,0
bmi,alt_log_adj,REACTOME_M_DECAY_DEGRADATION_OF_MATERNAL_MRNAS_BY_MATERNALLY_STORED_FACTORS,ppgs,0.011398063999228498,0.005701794193760903,1.9990311140483898,0.045614516655355763
bmi,alt_log_adj,REACTOME_M_DECAY_DEGRADATION_OF_MATERNAL_MRNAS_BY_MATERNALLY_STORED_FACTORS,bmi,0.2883325943963303,0.005761238070414411,50.04698484462911,0
bmi,alt_log_adj,REACTOME_M_PHASE,ppgs,0.0303685260887187,0.0056710016657991755,5.355055046424337,8.619544501764935e-8
bmi,alt_log_adj,REACTOME_M_PHASE,bmi,0.28849032364985133,0.005758603491685819,50.097271685117605,0
bmi,alt_log_adj,REACTOME_NADE_MODULATES_DEATH_SIGNALLING,ppgs,-6.336077888482564e-4,0.0056868833908268815,-0.11141564637500485,0.9112875420621428
bmi,alt_log_adj,REACTOME_NADE_MODULATES_DEATH_SIGNALLING,bmi,0.2884107393088788,0.005761602114620637,50.05738570128054,0
bmi,alt_log_adj,REACTOME_NA_CL_DEPENDENT_NEUROTRANSMITTER_TRANSPORTERS,ppgs,0.004642754021072398,0.00575313176346292,0.8069959479387685,0.4196755879501177
bmi,alt_log_adj,REACTOME_NA_CL_DEPENDENT_NEUROTRANSMITTER_TRANSPORTERS,bmi,0.28840466762334244,0.005761445000555146,50.057696913804286,0
bmi,alt_log_adj,REACTOME_NCAM1_INTERACTIONS,ppgs,0.0013574242770388722,0.005690709646512508,0.2385333923811691,0.8114691433990389
bmi,alt_log_adj,REACTOME_NCAM1_INTERACTIONS,bmi,0.2884108221396343,0.005761514215414901,50.05816376673908,0
bmi,alt_log_adj,REACTOME_NCAM_SIGNALING_FOR_NEURITE_OUT_GROWTH,ppgs,9.743967517366215e-4,0.005691175068456058,0.17121187452786665,0.8640583927943746
bmi,alt_log_adj,REACTOME_NCAM_SIGNALING_FOR_NEURITE_OUT_GROWTH,bmi,0.2884120584086805,0.00576151445309862,50.05837627528099,0
bmi,alt_log_adj,REACTOME_NECTIN_NECL_TRANS_HETERODIMERIZATION,ppgs,-0.010374690146724683,0.005692587836863084,-1.8224910083147148,0.06839104597479338
bmi,alt_log_adj,REACTOME_NECTIN_NECL_TRANS_HETERODIMERIZATION,bmi,0.288309267587924,0.0057614505007159665,50.04109078991415,0
bmi,alt_log_adj,REACTOME_NEDDYLATION,ppgs,0.003947331329406919,0.0057035809317141865,0.6920794807097733,0.4888930851266564
bmi,alt_log_adj,REACTOME_NEDDYLATION,bmi,0.28838403728846546,0.005761618786962565,50.05260638573018,0
bmi,alt_log_adj,REACTOME_NEF_AND_SIGNAL_TRANSDUCTION,ppgs,0.00858541201005346,0.005737065774460746,1.4964813630466776,0.13453939343577298
bmi,alt_log_adj,REACTOME_NEF_AND_SIGNAL_TRANSDUCTION,bmi,0.2883475570876119,0.005761444717259914,50.04778683787269,0
bmi,alt_log_adj,REACTOME_NEF_MEDIATED_CD4_DOWN_REGULATION,ppgs,0.004825202278703619,0.005690841188778098,0.8478891114056297,0.39650688761403263
bmi,alt_log_adj,REACTOME_NEF_MEDIATED_CD4_DOWN_REGULATION,bmi,0.28838346684277927,0.005761542090893347,50.05317366310595,0
bmi,alt_log_adj,REACTOME_NEF_MEDIATED_CD8_DOWN_REGULATION,ppgs,4.936917514538773e-4,0.005705248405997756,0.08653291080803319,0.9310434062721924
bmi,alt_log_adj,REACTOME_NEF_MEDIATED_CD8_DOWN_REGULATION,bmi,0.28841731553792466,0.005761581279909128,50.058708109117156,0
bmi,alt_log_adj,REACTOME_NEF_MEDIATED_DOWNREGULATION_OF_MHC_CLASS_I_COMPLEX_CELL_SURFACE_EXPRESSION,ppgs,-0.009843605146690795,0.005707084986237984,-1.7248043739365333,0.08457363286935575
bmi,alt_log_adj,REACTOME_NEF_MEDIATED_DOWNREGULATION_OF_MHC_CLASS_I_COMPLEX_CELL_SURFACE_EXPRESSION,bmi,0.28841564446446044,0.005761195719554481,50.06176816481491,0
bmi,alt_log_adj,REACTOME_NEF_MEDIATES_DOWN_MODULATION_OF_CELL_SURFACE_RECEPTORS_BY_RECRUITING_THEM_TO_CLATHRIN_ADAPTERS,ppgs,0.001475427334082515,0.005685398738434911,0.25951167226112165,0.7952423616937645
bmi,alt_log_adj,REACTOME_NEF_MEDIATES_DOWN_MODULATION_OF_CELL_SURFACE_RECEPTORS_BY_RECRUITING_THEM_TO_CLATHRIN_ADAPTERS,bmi,0.28840675850132935,0.0057615708132070995,50.05696672862582,0
bmi,alt_log_adj,REACTOME_NEGATIVE_EPIGENETIC_REGULATION_OF_RRNA_EXPRESSION,ppgs,0.015532067117384911,0.005692466203971561,2.728530405072653,0.006365642560683062
bmi,alt_log_adj,REACTOME_NEGATIVE_EPIGENETIC_REGULATION_OF_RRNA_EXPRESSION,bmi,0.2885450489752492,0.00576093990912869,50.08645351742438,0
bmi,alt_log_adj,REACTOME_NEGATIVE_FEEDBACK_REGULATION_OF_MAPK_PATHWAY,ppgs,0.004441451767837161,0.005698044947665469,0.7794694160243254,0.43570975378617416
bmi,alt_log_adj,REACTOME_NEGATIVE_FEEDBACK_REGULATION_OF_MAPK_PATHWAY,bmi,0.28836555631303135,0.005761780097983331,50.04799756484313,0
bmi,alt_log_adj,REACTOME_NEGATIVE_REGULATION_OF_ACTIVITY_OF_TFAP2_AP_2_FAMILY_TRANSCRIPTION_FACTORS,ppgs,0.005084360729336069,0.005713009070661162,0.8899619563789106,0.3734938662379226
bmi,alt_log_adj,REACTOME_NEGATIVE_REGULATION_OF_ACTIVITY_OF_TFAP2_AP_2_FAMILY_TRANSCRIPTION_FACTORS,bmi,0.2884556349317967,0.0057616017900290785,50.06518073341908,0
bmi,alt_log_adj,REACTOME_NEGATIVE_REGULATION_OF_FGFR1_SIGNALING,ppgs,0.005978914071185693,0.0057294954418172644,1.043532389876432,0.2967106860505526
bmi,alt_log_adj,REACTOME_NEGATIVE_REGULATION_OF_FGFR1_SIGNALING,bmi,0.2883904184759083,0.0057614340046410525,50.05531925621276,0
bmi,alt_log_adj,REACTOME_NEGATIVE_REGULATION_OF_FGFR2_SIGNALING,ppgs,0.005269392468683945,0.005737563972944524,0.9184023905496757,0.35841605323387016
bmi,alt_log_adj,REACTOME_NEGATIVE_REGULATION_OF_FGFR2_SIGNALING,bmi,0.2883973500766643,0.0057614429581682456,50.056444569635275,0
bmi,alt_log_adj,REACTOME_NEGATIVE_REGULATION_OF_FGFR3_SIGNALING,ppgs,0.0059924033390523265,0.005733735985328967,1.0451132306030861,0.29597955105438295
bmi,alt_log_adj,REACTOME_NEGATIVE_REGULATION_OF_FGFR3_SIGNALING,bmi,0.2883906829931206,0.005761432516198865,50.05537809950568,0
bmi,alt_log_adj,REACTOME_NEGATIVE_REGULATION_OF_FGFR4_SIGNALING,ppgs,0.006530312874656256,0.005732504399949718,1.1391727627306376,0.2546407291998796
bmi,alt_log_adj,REACTOME_NEGATIVE_REGULATION_OF_FGFR4_SIGNALING,bmi,0.28838940228403076,0.005761408641558476,50.05536323249251,0
bmi,alt_log_adj,REACTOME_NEGATIVE_REGULATION_OF_FLT3,ppgs,0.004955187551458266,0.005688554207973361,0.8710803079827961,0.3837176817452347
bmi,alt_log_adj,REACTOME_NEGATIVE_REGULATION_OF_FLT3,bmi,0.28840396201040225,0.005761433865385503,50.05767118895929,0
bmi,alt_log_adj,REACTOME_NEGATIVE_REGULATION_OF_MAPK_PATHWAY,ppgs,5.221464718006182e-4,0.005719519878842851,0.09129201101863409,0.9272612107776741
bmi,alt_log_adj,REACTOME_NEGATIVE_REGULATION_OF_MAPK_PATHWAY,bmi,0.2884052660831399,0.005762408568974219,50.04943030870156,0
bmi,alt_log_adj,REACTOME_NEGATIVE_REGULATION_OF_MET_ACTIVITY,ppgs,0.005786013138168069,0.005698080399923159,1.015431993245672,0.30990861489853017
bmi,alt_log_adj,REACTOME_NEGATIVE_REGULATION_OF_MET_ACTIVITY,bmi,0.2884155297189698,0.00576139326604532,50.060031732036435,0
bmi,alt_log_adj,REACTOME_NEGATIVE_REGULATION_OF_NMDA_RECEPTOR_MEDIATED_NEURONAL_TRANSMISSION,ppgs,-0.0019558227317179808,0.005722948006491643,-0.3417509174466474,0.7325408831851852
bmi,alt_log_adj,REACTOME_NEGATIVE_REGULATION_OF_NMDA_RECEPTOR_MEDIATED_NEURONAL_TRANSMISSION,bmi,0.28842326946493907,0.005761541664102407,50.060085699280044,0
bmi,alt_log_adj,REACTOME_NEGATIVE_REGULATION_OF_NOTCH4_SIGNALING,ppgs,-0.009406724363027136,0.0056812513459667075,-1.6557486705292936,0.09778379454827461
bmi,alt_log_adj,REACTOME_NEGATIVE_REGULATION_OF_NOTCH4_SIGNALING,bmi,0.28836739749065626,0.00576129000748728,50.052574530339314,0
bmi,alt_log_adj,REACTOME_NEGATIVE_REGULATION_OF_TCF_DEPENDENT_SIGNALING_BY_DVL_INTERACTING_PROTEINS,ppgs,0.010511777531645733,0.005713474312493485,1.839822314184548,0.06580477676179679
bmi,alt_log_adj,REACTOME_NEGATIVE_REGULATION_OF_TCF_DEPENDENT_SIGNALING_BY_DVL_INTERACTING_PROTEINS,bmi,0.2884785463806893,0.005761258802812537,50.07213809590702,0
bmi,alt_log_adj,REACTOME_NEGATIVE_REGULATION_OF_TCF_DEPENDENT_SIGNALING_BY_WNT_LIGAND_ANTAGONISTS,ppgs,0.006581964443481774,0.00568960558152618,1.1568401972982154,0.24734740316658377
bmi,alt_log_adj,REACTOME_NEGATIVE_REGULATION_OF_TCF_DEPENDENT_SIGNALING_BY_WNT_LIGAND_ANTAGONISTS,bmi,0.2884004472937562,0.005761375014067081,50.0575724700427,0
bmi,alt_log_adj,REACTOME_NEGATIVE_REGULATION_OF_THE_PI3K_AKT_NETWORK,ppgs,0.0020234223194536705,0.005725849109720705,0.3533838004949399,0.7238033564431213
bmi,alt_log_adj,REACTOME_NEGATIVE_REGULATION_OF_THE_PI3K_AKT_NETWORK,bmi,0.288405196242294,0.005761547025781326,50.05690224374819,0
bmi,alt_log_adj,REACTOME_NEGATIVE_REGULATORS_OF_DDX58_IFIH1_SIGNALING,ppgs,0.0026810491447862316,0.005674353207591189,0.4724854175801932,0.6365839851020321
bmi,alt_log_adj,REACTOME_NEGATIVE_REGULATORS_OF_DDX58_IFIH1_SIGNALING,bmi,0.28839908940740666,0.005761569076732708,50.05565073793285,0
bmi,alt_log_adj,REACTOME_NEPHRIN_FAMILY_INTERACTIONS,ppgs,-0.003913098053470523,0.0057232720773669815,-0.6837169368454632,0.4941595146359583
bmi,alt_log_adj,REACTOME_NEPHRIN_FAMILY_INTERACTIONS,bmi,0.28838951996853235,0.005761567448182495,50.054003977599145,0
bmi,alt_log_adj,REACTOME_NEPHRON_DEVELOPMENT,ppgs,0.007397712907827102,0.00572666722619367,1.2918007307968062,0.19643669341311654
bmi,alt_log_adj,REACTOME_NEPHRON_DEVELOPMENT,bmi,0.28848835477815266,0.005761611130247525,50.07077851256492,0
bmi,alt_log_adj,REACTOME_NERVOUS_SYSTEM_DEVELOPMENT,ppgs,0.01029504500890556,0.005686172335551181,1.81054044819196,0.07022259996796344
bmi,alt_log_adj,REACTOME_NERVOUS_SYSTEM_DEVELOPMENT,bmi,0.2884363383712713,0.00576117737883694,50.06551949447189,0
bmi,alt_log_adj,REACTOME_NETRIN_1_SIGNALING,ppgs,0.0028660776364218023,0.005703059866090529,0.5025508593137933,0.6152839897907256
bmi,alt_log_adj,REACTOME_NETRIN_1_SIGNALING,bmi,0.2884046754324163,0.005761506304851817,50.057165639053125,0
bmi,alt_log_adj,REACTOME_NETRIN_MEDIATED_REPULSION_SIGNALS,ppgs,0.001578394385433056,0.005714549884847592,0.2762062484778103,0.7823916716902866
bmi,alt_log_adj,REACTOME_NETRIN_MEDIATED_REPULSION_SIGNALS,bmi,0.288401473439726,0.005761686887136818,50.0550410130049,0
bmi,alt_log_adj,REACTOME_NEUREXINS_AND_NEUROLIGINS,ppgs,0.00345034713742098,0.0057037966615159684,0.604921132743175,0.545236242660209
bmi,alt_log_adj,REACTOME_NEUREXINS_AND_NEUROLIGINS,bmi,0.2884098326872394,0.005761466227670179,50.058408969250614,0
bmi,alt_log_adj,REACTOME_NEUROFASCIN_INTERACTIONS,ppgs,0.007462196415844733,0.005721312314968325,1.3042805575080803,0.19214853094369325
bmi,alt_log_adj,REACTOME_NEUROFASCIN_INTERACTIONS,bmi,0.2884013926322696,0.0057613340423519595,50.058092537633,0
bmi,alt_log_adj,REACTOME_NEURONAL_SYSTEM,ppgs,-5.341648446935268e-4,0.00571443640096228,-0.09347638283341055,0.9255257718771244
bmi,alt_log_adj,REACTOME_NEURONAL_SYSTEM,bmi,0.2884190453676135,0.0057616913877952996,50.058051699637545,0
bmi,alt_log_adj,REACTOME_NEUROTOXICITY_OF_CLOSTRIDIUM_TOXINS,ppgs,-0.0060812352326127155,0.005727016790813722,-1.0618504283708698,0.2883126379538046
bmi,alt_log_adj,REACTOME_NEUROTOXICITY_OF_CLOSTRIDIUM_TOXINS,bmi,0.2884286587403086,0.005761398563611172,50.062264492863896,0
bmi,alt_log_adj,REACTOME_NEUROTRANSMITTER_CLEARANCE,ppgs,0.0036057802500203064,0.005701719042770952,0.632402302353353,0.5271291301819117
bmi,alt_log_adj,REACTOME_NEUROTRANSMITTER_CLEARANCE,bmi,0.2884107910347715,0.0057614605171389145,50.05862492276412,0
bmi,alt_log_adj,REACTOME_NEUROTRANSMITTER_RECEPTORS_AND_POSTSYNAPTIC_SIGNAL_TRANSMISSION,ppgs,-0.0015588897986799715,0.005712609658234306,-0.2728857548376243,0.7849430247491515
bmi,alt_log_adj,REACTOME_NEUROTRANSMITTER_RECEPTORS_AND_POSTSYNAPTIC_SIGNAL_TRANSMISSION,bmi,0.2884242825600238,0.00576159916031375,50.0597619748885,0
bmi,alt_log_adj,REACTOME_NEUROTRANSMITTER_RELEASE_CYCLE,ppgs,-0.007170663404021335,0.005780874514575875,-1.2404115304598382,0.214833484177976
bmi,alt_log_adj,REACTOME_NEUROTRANSMITTER_RELEASE_CYCLE,bmi,0.28840272565670605,0.005761349610436664,50.05818864633133,0
bmi,alt_log_adj,REACTOME_NEUTROPHIL_DEGRANULATION,ppgs,0.02207060926203401,0.00568307511315644,3.8835681075092743,1.0316814614451965e-4
bmi,alt_log_adj,REACTOME_NEUTROPHIL_DEGRANULATION,bmi,0.288425497535364,0.005759966661186656,50.074160928553574,0
bmi,alt_log_adj,REACTOME_NFE2L2_REGULATES_PENTOSE_PHOSPHATE_PATHWAY_GENES,ppgs,-0.008068051754427192,0.00570084174157084,-1.4152386823150223,0.1570095110640079
bmi,alt_log_adj,REACTOME_NFE2L2_REGULATES_PENTOSE_PHOSPHATE_PATHWAY_GENES,bmi,0.28833219255940595,0.005761588859172254,50.043868038308716,0
bmi,alt_log_adj,REACTOME_NFE2L2_REGULATING_ANTI_OXIDANT_DETOXIFICATION_ENZYMES,ppgs,0.010941233822646283,0.005764289221967627,1.898106323490742,0.05769222462781713
bmi,alt_log_adj,REACTOME_NFE2L2_REGULATING_ANTI_OXIDANT_DETOXIFICATION_ENZYMES,bmi,0.2883937457981836,0.005761142397644936,50.05843041062037,0
bmi,alt_log_adj,REACTOME_NFE2L2_REGULATING_ER_STRESS_ASSOCIATED_GENES,ppgs,-0.007915882218875995,0.00570273859221116,-1.3880843547146913,0.16512226818566186
bmi,alt_log_adj,REACTOME_NFE2L2_REGULATING_ER_STRESS_ASSOCIATED_GENES,bmi,0.2883600294134995,0.005761436428239221,50.0500236364886,0
bmi,alt_log_adj,REACTOME_NFE2L2_REGULATING_INFLAMMATION_ASSOCIATED_GENES,ppgs,-0.007915882218875995,0.00570273859221116,-1.3880843547146913,0.16512226818566186
bmi,alt_log_adj,REACTOME_NFE2L2_REGULATING_INFLAMMATION_ASSOCIATED_GENES,bmi,0.2883600294134995,0.005761436428239221,50.0500236364886,0
bmi,alt_log_adj,REACTOME_NFE2L2_REGULATING_MDR_ASSOCIATED_ENZYMES,ppgs,5.427110517500706e-4,0.005748612595599344,0.09440731006391431,0.9247862763643698
bmi,alt_log_adj,REACTOME_NFE2L2_REGULATING_MDR_ASSOCIATED_ENZYMES,bmi,0.2884204298680631,0.0057618254697437395,50.057127100188055,0
bmi,alt_log_adj,REACTOME_NFE2L2_REGULATING_TUMORIGENIC_GENES,ppgs,0.016676581562316703,0.005702343627268456,2.9245136127135045,0.003452681400949026
bmi,alt_log_adj,REACTOME_NFE2L2_REGULATING_TUMORIGENIC_GENES,bmi,0.28858471616299025,0.005760922660060702,50.09348904537272,0
bmi,alt_log_adj,REACTOME_NF_KB_ACTIVATION_THROUGH_FADD_RIP_1_PATHWAY_MEDIATED_BY_CASPASE_8_AND_10,ppgs,0.00735662150077192,0.0057038007136468345,1.2897753393049953,0.19713919415086983
bmi,alt_log_adj,REACTOME_NF_KB_ACTIVATION_THROUGH_FADD_RIP_1_PATHWAY_MEDIATED_BY_CASPASE_8_AND_10,bmi,0.2884514453324805,0.005761399675353052,50.06620987716922,0
bmi,alt_log_adj,REACTOME_NF_KB_IS_ACTIVATED_AND_SIGNALS_SURVIVAL,ppgs,-0.00592335717547699,0.005738718583299419,-1.0321741847936052,0.30199933148833935
bmi,alt_log_adj,REACTOME_NF_KB_IS_ACTIVATED_AND_SIGNALS_SURVIVAL,bmi,0.2884728586228277,0.0057616659714820355,50.0676123972917,0
bmi,alt_log_adj,REACTOME_NGF_INDEPENDANT_TRKA_ACTIVATION,ppgs,0.0026125816490787522,0.005833705621134242,0.4478425581870191,0.6542702487883996
bmi,alt_log_adj,REACTOME_NGF_INDEPENDANT_TRKA_ACTIVATION,bmi,0.2884216228958719,0.005761498797275754,50.06017236908009,0
bmi,alt_log_adj,REACTOME_NGF_STIMULATED_TRANSCRIPTION,ppgs,-0.005449492418205811,0.005693930556897938,-0.957070403959177,0.3385398821706417
bmi,alt_log_adj,REACTOME_NGF_STIMULATED_TRANSCRIPTION,bmi,0.28840232147891265,0.0057614192298034925,50.0575136048118,0
bmi,alt_log_adj,REACTOME_NICOTINAMIDE_SALVAGE,ppgs,0.003375231517038545,0.005709310834851773,0.5911801992693876,0.5544044018065251
bmi,alt_log_adj,REACTOME_NICOTINAMIDE_SALVAGE,bmi,0.28839427445067706,0.0057615652656995,50.05484814475388,0
bmi,alt_log_adj,REACTOME_NICOTINATE_METABOLISM,ppgs,0.005206818408489524,0.005709971148745992,0.9118817368513378,0.3618387305584879
bmi,alt_log_adj,REACTOME_NICOTINATE_METABOLISM,bmi,0.2883896056217399,0.005761478791769702,50.05478906452033,0
bmi,alt_log_adj,REACTOME_NITRIC_OXIDE_STIMULATES_GUANYLATE_CYCLASE,ppgs,5.251735832541931e-4,0.005693870086549457,0.09223490793982157,0.9265120554477906
bmi,alt_log_adj,REACTOME_NITRIC_OXIDE_STIMULATES_GUANYLATE_CYCLASE,bmi,0.288416741438215,0.00576154291970795,50.05894175528154,0
bmi,alt_log_adj,REACTOME_NOD1_2_SIGNALING_PATHWAY,ppgs,-0.011822821543421506,0.005736164881794308,-2.0611021103917877,0.03930239834962039
bmi,alt_log_adj,REACTOME_NOD1_2_SIGNALING_PATHWAY,bmi,0.28841439799194835,0.005761066336499799,50.062676099504486,0
bmi,alt_log_adj,REACTOME_NONCANONICAL_ACTIVATION_OF_NOTCH3,ppgs,0.00198712179343621,0.005725796695757722,0.34704721439175107,0.72855842461778
bmi,alt_log_adj,REACTOME_NONCANONICAL_ACTIVATION_OF_NOTCH3,bmi,0.288407383861717,0.005761523484764388,50.05748646592754,0
bmi,alt_log_adj,REACTOME_NONHOMOLOGOUS_END_JOINING_NHEJ,ppgs,4.583837807270667e-4,0.005740050172354104,0.07985710350316934,0.9363514709418135
bmi,alt_log_adj,REACTOME_NONHOMOLOGOUS_END_JOINING_NHEJ,bmi,0.2884163304374274,0.00576153703187879,50.05892157624078,0
bmi,alt_log_adj,REACTOME_NONSENSE_MEDIATED_DECAY_NMD,ppgs,0.011970078376360205,0.005851398489859444,2.0456782078856057,0.040797249970924404
bmi,alt_log_adj,REACTOME_NONSENSE_MEDIATED_DECAY_NMD,bmi,0.288471306605192,0.005761139407827379,50.071919143852014,0
bmi,alt_log_adj,REACTOME_NON_INTEGRIN_MEMBRANE_ECM_INTERACTIONS,ppgs,0.011226385283367972,0.005697937683504668,1.9702541352580896,0.04881896865317682
bmi,alt_log_adj,REACTOME_NON_INTEGRIN_MEMBRANE_ECM_INTERACTIONS,bmi,0.2884258685164189,0.005761106371570537,50.06431923210455,0
bmi,alt_log_adj,REACTOME_NOREPINEPHRINE_NEUROTRANSMITTER_RELEASE_CYCLE,ppgs,-0.0034596756315541243,0.0057096747947865565,-0.6059321688011229,0.5445646481902517
bmi,alt_log_adj,REACTOME_NOREPINEPHRINE_NEUROTRANSMITTER_RELEASE_CYCLE,bmi,0.2883845715535335,0.005761674109967798,50.052218513126775,0
bmi,alt_log_adj,REACTOME_NOSTRIN_MEDIATED_ENOS_TRAFFICKING,ppgs,-7.328042351220899e-4,0.0057136379564503405,-0.12825527985979573,0.8979478640131471
bmi,alt_log_adj,REACTOME_NOSTRIN_MEDIATED_ENOS_TRAFFICKING,bmi,0.2884063043470477,0.005761861304031116,50.05436422866909,0
bmi,alt_log_adj,REACTOME_NOTCH1_INTRACELLULAR_DOMAIN_REGULATES_TRANSCRIPTION,ppgs,1.5859671313551638e-4,0.00572722769451115,0.027691707331194814,0.9779082326799491
bmi,alt_log_adj,REACTOME_NOTCH1_INTRACELLULAR_DOMAIN_REGULATES_TRANSCRIPTION,bmi,0.2884134824849356,0.005761644906647717,50.05749003243285,0
bmi,alt_log_adj,REACTOME_NOTCH2_ACTIVATION_AND_TRANSMISSION_OF_SIGNAL_TO_THE_NUCLEUS,ppgs,-0.003996000585863993,0.005687006742346587,-0.7026544484480695,0.48227689115273076
bmi,alt_log_adj,REACTOME_NOTCH2_ACTIVATION_AND_TRANSMISSION_OF_SIGNAL_TO_THE_NUCLEUS,bmi,0.28841353566607875,0.005761448009049459,50.05920997864946,0
bmi,alt_log_adj,REACTOME_NOTCH2_INTRACELLULAR_DOMAIN_REGULATES_TRANSCRIPTION,ppgs,-0.004635303082556833,0.00569013351969567,-0.8146211449190646,0.415296046087009
bmi,alt_log_adj,REACTOME_NOTCH2_INTRACELLULAR_DOMAIN_REGULATES_TRANSCRIPTION,bmi,0.2884090231277238,0.0057614346387033595,50.05854291746886,0
bmi,alt_log_adj,REACTOME_NOTCH3_ACTIVATION_AND_TRANSMISSION_OF_SIGNAL_TO_THE_NUCLEUS,ppgs,0.0022692074427808724,0.0057290591697412045,0.3960872763831793,0.6920436252899229
bmi,alt_log_adj,REACTOME_NOTCH3_ACTIVATION_AND_TRANSMISSION_OF_SIGNAL_TO_THE_NUCLEUS,bmi,0.28841631400971135,0.005761483612712698,50.059382859880316,0
bmi,alt_log_adj,REACTOME_NOTCH3_INTRACELLULAR_DOMAIN_REGULATES_TRANSCRIPTION,ppgs,-0.002683708041916914,0.005700472666528347,-0.4707869327529506,0.6377965192212861
bmi,alt_log_adj,REACTOME_NOTCH3_INTRACELLULAR_DOMAIN_REGULATES_TRANSCRIPTION,bmi,0.28841000780148346,0.00576148378663615,50.05828680286403,0
bmi,alt_log_adj,REACTOME_NOTCH4_ACTIVATION_AND_TRANSMISSION_OF_SIGNAL_TO_THE_NUCLEUS,ppgs,0.0025153819228376944,0.005676612815962468,0.44311317406826034,0.6576872579381239
bmi,alt_log_adj,REACTOME_NOTCH4_ACTIVATION_AND_TRANSMISSION_OF_SIGNAL_TO_THE_NUCLEUS,bmi,0.2884165550195692,0.005761479670399642,50.05945894443525,0
bmi,alt_log_adj,REACTOME_NOTCH4_INTRACELLULAR_DOMAIN_REGULATES_TRANSCRIPTION,ppgs,-0.0050175008327233905,0.0056902636695792055,-0.881769479250587,0.3779089556765003
bmi,alt_log_adj,REACTOME_NOTCH4_INTRACELLULAR_DOMAIN_REGULATES_TRANSCRIPTION,bmi,0.28842596914894836,0.005761433335021537,50.0614955302386,0
bmi,alt_log_adj,REACTOME_NOTCH_HLH_TRANSCRIPTION_PATHWAY,ppgs,-0.00337631374695406,0.0056974010126148505,-0.592605951288741,0.5534496220836818
bmi,alt_log_adj,REACTOME_NOTCH_HLH_TRANSCRIPTION_PATHWAY,bmi,0.2884485641574183,0.005761746972583226,50.06269201510859,0
bmi,alt_log_adj,REACTOME_NPAS4_REGULATES_EXPRESSION_OF_TARGET_GENES,ppgs,-0.003955132348792846,0.005709609675052874,-0.6927150144911123,0.4884940890182975
bmi,alt_log_adj,REACTOME_NPAS4_REGULATES_EXPRESSION_OF_TARGET_GENES,bmi,0.28840246479117354,0.005761475941711674,50.057045748158096,0
bmi,alt_log_adj,REACTOME_NR1H2_AND_NR1H3_MEDIATED_SIGNALING,ppgs,0.025255208283573825,0.005712580701092191,4.42098056991042,9.86187804764694e-6
bmi,alt_log_adj,REACTOME_NR1H2_AND_NR1H3_MEDIATED_SIGNALING,bmi,0.2883570375863813,0.005759527609383497,50.06609172540232,0
bmi,alt_log_adj,REACTOME_NR1H2_NR1H3_REGULATE_GENE_EXPRESSION_LINKED_TO_GLUCONEOGENESIS,ppgs,-7.616755593533627e-4,0.00570769841314951,-0.13344705767890597,0.893840778743604
bmi,alt_log_adj,REACTOME_NR1H2_NR1H3_REGULATE_GENE_EXPRESSION_LINKED_TO_GLUCONEOGENESIS,bmi,0.2884088366880082,0.005761659279641596,50.056558829689884,0
bmi,alt_log_adj,REACTOME_NR1H2_NR1H3_REGULATE_GENE_EXPRESSION_LINKED_TO_LIPOGENESIS,ppgs,0.004925709134216898,0.005721137299975596,0.8609667756510422,0.38926362364176204
bmi,alt_log_adj,REACTOME_NR1H2_NR1H3_REGULATE_GENE_EXPRESSION_LINKED_TO_LIPOGENESIS,bmi,0.28844338979993206,0.00576151953589578,50.063770156961894,0
bmi,alt_log_adj,REACTOME_NR1H2_NR1H3_REGULATE_GENE_EXPRESSION_LINKED_TO_TRIGLYCERIDE_LIPOLYSIS_IN_ADIPOSE,ppgs,0.007677977580633981,0.00568214122831123,1.3512472274322416,0.17662703370867733
bmi,alt_log_adj,REACTOME_NR1H2_NR1H3_REGULATE_GENE_EXPRESSION_LINKED_TO_TRIGLYCERIDE_LIPOLYSIS_IN_ADIPOSE,bmi,0.28842889749909056,0.005761322126804797,50.06297012228544,0
bmi,alt_log_adj,REACTOME_NR1H2_NR1H3_REGULATE_GENE_EXPRESSION_TO_CONTROL_BILE_ACID_HOMEOSTASIS,ppgs,0.005652078250823663,0.005699097348717557,0.991749728945326,0.3213280906621136
bmi,alt_log_adj,REACTOME_NR1H2_NR1H3_REGULATE_GENE_EXPRESSION_TO_CONTROL_BILE_ACID_HOMEOSTASIS,bmi,0.2884024471337995,0.0057614111060757785,50.057605996846945,0
bmi,alt_log_adj,REACTOME_NR1H2_NR1H3_REGULATE_GENE_EXPRESSION_TO_LIMIT_CHOLESTEROL_UPTAKE,ppgs,0.0032823847187131347,0.005682232109857322,0.5776576273642496,0.56349987979658
bmi,alt_log_adj,REACTOME_NR1H2_NR1H3_REGULATE_GENE_EXPRESSION_TO_LIMIT_CHOLESTEROL_UPTAKE,bmi,0.2884469211653081,0.005761735371076287,50.06250766276107,0
bmi,alt_log_adj,REACTOME_NR1H3_NR1H2_REGULATE_GENE_EXPRESSION_LINKED_TO_CHOLESTEROL_TRANSPORT_AND_EFFLUX,ppgs,0.025028181447623234,0.00571033168220129,4.382964570277826,1.1749568273363164e-5
bmi,alt_log_adj,REACTOME_NR1H3_NR1H2_REGULATE_GENE_EXPRESSION_LINKED_TO_CHOLESTEROL_TRANSPORT_AND_EFFLUX,bmi,0.2883242673611176,0.0057595837496751704,50.059914030658646,0
bmi,alt_log_adj,REACTOME_NRAGE_SIGNALS_DEATH_THROUGH_JNK,ppgs,-0.006923482463821385,0.005708514546193392,-1.2128343385650422,0.2252032701704708
bmi,alt_log_adj,REACTOME_NRAGE_SIGNALS_DEATH_THROUGH_JNK,bmi,0.2883546641347002,0.005761560596950677,50.048013777259015,0
bmi,alt_log_adj,REACTOME_NRCAM_INTERACTIONS,ppgs,0.01142922482902097,0.005715194958993204,1.9997961418685106,0.04553180544972442
bmi,alt_log_adj,REACTOME_NRCAM_INTERACTIONS,bmi,0.2884405159775046,0.0057611061789798095,50.066863379453,0
bmi,alt_log_adj,REACTOME_NRIF_SIGNALS_CELL_DEATH_FROM_THE_NUCLEUS,ppgs,0.00149501473663065,0.005767567671714061,0.2592106103865353,0.7954746270244379
bmi,alt_log_adj,REACTOME_NRIF_SIGNALS_CELL_DEATH_FROM_THE_NUCLEUS,bmi,0.288396057430795,0.005761936281264672,50.05193451523135,0
bmi,alt_log_adj,REACTOME_NS1_MEDIATED_EFFECTS_ON_HOST_PATHWAYS,ppgs,0.001810975193249202,0.005688772248290694,0.31834201022783887,0.7502278659645122
bmi,alt_log_adj,REACTOME_NS1_MEDIATED_EFFECTS_ON_HOST_PATHWAYS,bmi,0.2884167778327662,0.0057614916527078805,50.05939350744548,0
bmi,alt_log_adj,REACTOME_NTRK2_ACTIVATES_RAC1,ppgs,0.00550151632691354,0.005723691360496665,0.9611832610128989,0.3364682292442378
bmi,alt_log_adj,REACTOME_NTRK2_ACTIVATES_RAC1,bmi,0.2884599003040551,0.005761596666474342,50.06596556516175,0
bmi,alt_log_adj,REACTOME_NUCLEAR_ENVELOPE_BREAKDOWN,ppgs,-0.005988043095766908,0.005682306868425114,-1.0538049483108136,0.2919812088974322
bmi,alt_log_adj,REACTOME_NUCLEAR_ENVELOPE_BREAKDOWN,bmi,0.2884431355690607,0.005761448663928791,50.06434186855505,0
bmi,alt_log_adj,REACTOME_NUCLEAR_ENVELOPE_NE_REASSEMBLY,ppgs,0.00762865498348698,0.0056903627918578475,1.3406271730868498,0.18005227284950606
bmi,alt_log_adj,REACTOME_NUCLEAR_ENVELOPE_NE_REASSEMBLY,bmi,0.288374015833053,0.005761394964835322,50.05281144464908,0
bmi,alt_log_adj,REACTOME_NUCLEAR_EVENTS_KINASE_AND_TRANSCRIPTION_FACTOR_ACTIVATION,ppgs,-0.0016057105773231639,0.005699182084457676,-0.281744038623037,0.778141840355784
bmi,alt_log_adj,REACTOME_NUCLEAR_EVENTS_KINASE_AND_TRANSCRIPTION_FACTOR_ACTIVATION,bmi,0.2884097775256238,0.005761515565662046,50.05797072640263,0
bmi,alt_log_adj,REACTOME_NUCLEAR_EVENTS_MEDIATED_BY_NFE2L2,ppgs,0.01041446630528679,0.005754059875649951,1.8099335999888986,0.0703166697061152
bmi,alt_log_adj,REACTOME_NUCLEAR_EVENTS_MEDIATED_BY_NFE2L2,bmi,0.28840629152537123,0.0057611669551640215,50.06039466828127,0
bmi,alt_log_adj,REACTOME_NUCLEAR_EVENTS_STIMULATED_BY_ALK_SIGNALING_IN_CANCER,ppgs,0.007859150092806043,0.005746518758077006,1.3676367247143557,0.1714366567731633
bmi,alt_log_adj,REACTOME_NUCLEAR_EVENTS_STIMULATED_BY_ALK_SIGNALING_IN_CANCER,bmi,0.28838645274970953,0.005761344731354166,50.05540654081398,0
bmi,alt_log_adj,REACTOME_NUCLEAR_IMPORT_OF_REV_PROTEIN,ppgs,-0.002807198085955479,0.005685623325196657,-0.49373620540688606,0.6214963172934438
bmi,alt_log_adj,REACTOME_NUCLEAR_IMPORT_OF_REV_PROTEIN,bmi,0.2884199434226974,0.005761483280082849,50.060015694179015,0
bmi,alt_log_adj,REACTOME_NUCLEAR_PORE_COMPLEX_NPC_DISASSEMBLY,ppgs,-0.005074302162140164,0.005681680301447065,-0.8930988533177047,0.3718118181663813
bmi,alt_log_adj,REACTOME_NUCLEAR_PORE_COMPLEX_NPC_DISASSEMBLY,bmi,0.2884267908310475,0.005761433031803205,50.06164078258428,0
bmi,alt_log_adj,REACTOME_NUCLEAR_RECEPTOR_TRANSCRIPTION_PATHWAY,ppgs,0.008795251148643619,0.005686467712716196,1.5466985117976662,0.1219471246135003
bmi,alt_log_adj,REACTOME_NUCLEAR_RECEPTOR_TRANSCRIPTION_PATHWAY,bmi,0.2884991991897992,0.005761514389475958,50.073501459403595,0
bmi,alt_log_adj,REACTOME_NUCLEAR_RNA_DECAY,ppgs,5.429664480110447e-4,0.005708377331825392,0.0951174767273869,0.9242221888682789
bmi,alt_log_adj,REACTOME_NUCLEAR_RNA_DECAY,bmi,0.2884093463018908,0.005761764047821235,50.05573708124172,0
bmi,alt_log_adj,REACTOME_NUCLEAR_SIGNALING_BY_ERBB4,ppgs,8.395830035346684e-4,0.005713353236452265,0.14695100561575145,0.8831717371943535
bmi,alt_log_adj,REACTOME_NUCLEAR_SIGNALING_BY_ERBB4,bmi,0.2884172619698494,0.005761523780427921,50.05919839289946,0
bmi,alt_log_adj,REACTOME_NUCLEOTIDE_BINDING_DOMAIN_LEUCINE_RICH_REPEAT_CONTAINING_RECEPTOR_NLR_SIGNALING_PATHWAYS,ppgs,-0.002138192263498825,0.005697104823617869,-0.3753120803806792,0.7074311907542457
bmi,alt_log_adj,REACTOME_NUCLEOTIDE_BINDING_DOMAIN_LEUCINE_RICH_REPEAT_CONTAINING_RECEPTOR_NLR_SIGNALING_PATHWAYS,bmi,0.2884106092868371,0.0057614935795620836,50.0583061152623,0
bmi,alt_log_adj,REACTOME_NUCLEOTIDE_BIOSYNTHESIS,ppgs,0.006779597252898492,0.005730801148174739,1.1830103815515907,0.23681495389798737
bmi,alt_log_adj,REACTOME_NUCLEOTIDE_BIOSYNTHESIS,bmi,0.2884873180729642,0.005761683460954966,50.06997000580609,0
bmi,alt_log_adj,REACTOME_NUCLEOTIDE_CATABOLISM,ppgs,0.0035218787861322712,0.005786121892027739,0.6086769086190186,0.5427434926527899
bmi,alt_log_adj,REACTOME_NUCLEOTIDE_CATABOLISM,bmi,0.28841602419452755,0.005761460784508344,50.05953090404305,0
bmi,alt_log_adj,REACTOME_NUCLEOTIDE_EXCISION_REPAIR,ppgs,0.008639882646671692,0.005672982139822044,1.5229878102423775,0.1277729092897003
bmi,alt_log_adj,REACTOME_NUCLEOTIDE_EXCISION_REPAIR,bmi,0.28842474649917704,0.00576126612082262,50.06273628929233,0
bmi,alt_log_adj,REACTOME_NUCLEOTIDE_LIKE_PURINERGIC_RECEPTORS,ppgs,0.0013705542772996333,0.005685307609030348,0.2410695025758486,0.809502992620705
bmi,alt_log_adj,REACTOME_NUCLEOTIDE_LIKE_PURINERGIC_RECEPTORS,bmi,0.2884311293715603,0.005761898957368324,50.05834560890975,0
bmi,alt_log_adj,REACTOME_NUCLEOTIDE_SALVAGE,ppgs,0.001771688388580443,0.005697516193046824,0.3109580260153694,0.7558348174477932
bmi,alt_log_adj,REACTOME_NUCLEOTIDE_SALVAGE,bmi,0.28841079308842016,0.005761501305279918,50.058270892712734,0
bmi,alt_log_adj,REACTOME_N_GLYCAN_ANTENNAE_ELONGATION,ppgs,-0.0047957495483415364,0.005691531439578091,-0.842611448123186,0.3994528949841053
bmi,alt_log_adj,REACTOME_N_GLYCAN_ANTENNAE_ELONGATION,bmi,0.28840905611681833,0.005761429612333462,50.05859231525151,0
bmi,alt_log_adj,REACTOME_N_GLYCAN_ANTENNAE_ELONGATION_IN_THE_MEDIAL_TRANS_GOLGI,ppgs,-0.0038628196052331964,0.005693056354526017,-0.6785142047930423,0.49745125895274733
bmi,alt_log_adj,REACTOME_N_GLYCAN_ANTENNAE_ELONGATION_IN_THE_MEDIAL_TRANS_GOLGI,bmi,0.2884081901951651,0.005761458988168857,50.05818678695981,0
bmi,alt_log_adj,REACTOME_N_GLYCAN_TRIMMING_AND_ELONGATION_IN_THE_CIS_GOLGI,ppgs,0.0036692026248955865,0.00570753414908301,0.6428700256633755,0.5203136397927168
bmi,alt_log_adj,REACTOME_N_GLYCAN_TRIMMING_AND_ELONGATION_IN_THE_CIS_GOLGI,bmi,0.2884114399042083,0.005761458102156859,50.058758527852284,0
bmi,alt_log_adj,REACTOME_N_GLYCAN_TRIMMING_IN_THE_ER_AND_CALNEXIN_CALRETICULIN_CYCLE,ppgs,0.018972602257896553,0.00568316620172661,3.338385960300169,8.43750976910014e-4
bmi,alt_log_adj,REACTOME_N_GLYCAN_TRIMMING_IN_THE_ER_AND_CALNEXIN_CALRETICULIN_CYCLE,bmi,0.2882336110688741,0.005760620979648848,50.035163237982026,0
bmi,alt_log_adj,REACTOME_OAS_ANTIVIRAL_RESPONSE,ppgs,0.004788777231717841,0.005725178075888275,0.8364416212459647,0.40291355624947567
bmi,alt_log_adj,REACTOME_OAS_ANTIVIRAL_RESPONSE,bmi,0.28839592697242333,0.0057614702321703735,50.055960605698246,0
bmi,alt_log_adj,REACTOME_OLFACTORY_SIGNALING_PATHWAY,ppgs,0.008188908936388432,0.005702775264519572,1.4359515422844396,0.15102716439245842
bmi,alt_log_adj,REACTOME_OLFACTORY_SIGNALING_PATHWAY,bmi,0.2884611234097773,0.005761379463876783,50.06806533372726,0
bmi,alt_log_adj,REACTOME_ONCOGENE_INDUCED_SENESCENCE,ppgs,0.0044080672628181855,0.005700805502616582,0.773235863036364,0.4393892524919477
bmi,alt_log_adj,REACTOME_ONCOGENE_INDUCED_SENESCENCE,bmi,0.2884295951457274,0.005761469756938183,50.0618084124089,0
bmi,alt_log_adj,REACTOME_ONCOGENIC_MAPK_SIGNALING,ppgs,0.01827819596096051,0.0057037694068840595,3.204581857551951,0.001354085122823007
bmi,alt_log_adj,REACTOME_ONCOGENIC_MAPK_SIGNALING,bmi,0.2882737334609456,0.005760622483015643,50.04211512052365,0
bmi,alt_log_adj,REACTOME_OPIOID_SIGNALLING,ppgs,-0.0021084578367466162,0.005722097188297098,-0.36847641124636255,0.7125207822898965
bmi,alt_log_adj,REACTOME_OPIOID_SIGNALLING,bmi,0.28843533673302263,0.00576175842955891,50.0602967408864,0
bmi,alt_log_adj,REACTOME_OPSINS,ppgs,9.458749007836887e-4,0.005710900859487377,0.16562621625839125,0.8684522956897331
bmi,alt_log_adj,REACTOME_OPSINS,bmi,0.2884205031268386,0.005761604594281997,50.059058792940505,0
bmi,alt_log_adj,REACTOME_ORC1_REMOVAL_FROM_CHROMATIN,ppgs,-0.01055797555274381,0.005686154304871919,-1.856786676312617,0.0633518755191115
bmi,alt_log_adj,REACTOME_ORC1_REMOVAL_FROM_CHROMATIN,bmi,0.2883082086530934,0.00576143271165049,50.04106150022208,0
bmi,alt_log_adj,REACTOME_OREXIN_AND_NEUROPEPTIDES_FF_AND_QRFP_BIND_TO_THEIR_RESPECTIVE_RECEPTORS,ppgs,-0.0010084260774385592,0.005725620017683837,-0.1761252186355346,0.860196827035909
bmi,alt_log_adj,REACTOME_OREXIN_AND_NEUROPEPTIDES_FF_AND_QRFP_BIND_TO_THEIR_RESPECTIVE_RECEPTORS,bmi,0.28840038971583265,0.005762061495048477,50.05159871404779,0
bmi,alt_log_adj,REACTOME_ORGANELLE_BIOGENESIS_AND_MAINTENANCE,ppgs,6.43684674176237e-4,0.005712499157471673,0.11268004710938619,0.910285018418025
bmi,alt_log_adj,REACTOME_ORGANELLE_BIOGENESIS_AND_MAINTENANCE,bmi,0.2884129082887093,0.005761516760323163,50.05850373895853,0
bmi,alt_log_adj,REACTOME_ORGANIC_ANION_TRANSPORT,ppgs,-0.005669913683374568,0.005675109383333699,-0.9990844758033406,0.3177622983158864
bmi,alt_log_adj,REACTOME_ORGANIC_ANION_TRANSPORT,bmi,0.28835467413255306,0.005761708990542752,50.046726519138225,0
bmi,alt_log_adj,REACTOME_ORGANIC_ANION_TRANSPORTERS,ppgs,0.010167636662805683,0.005672108365813333,1.7925674206239761,0.07305277787298299
bmi,alt_log_adj,REACTOME_ORGANIC_ANION_TRANSPORTERS,bmi,0.2883453848100225,0.0057613009475709865,50.04865870296037,0
bmi,alt_log_adj,REACTOME_ORGANIC_CATION_ANION_ZWITTERION_TRANSPORT,ppgs,0.005617520647971328,0.005691356910645233,0.98702659772825,0.32363802361351723
bmi,alt_log_adj,REACTOME_ORGANIC_CATION_ANION_ZWITTERION_TRANSPORT,bmi,0.28840483434030445,0.00576140751069313,50.05805157941479,0
bmi,alt_log_adj,REACTOME_ORGANIC_CATION_TRANSPORT,ppgs,0.006996564455785672,0.005692403232432672,1.2291055587774413,0.2190424330971211
bmi,alt_log_adj,REACTOME_ORGANIC_CATION_TRANSPORT,bmi,0.2883881576027689,0.005761384698989259,50.0553552088549,0
bmi,alt_log_adj,REACTOME_OTHER_INTERLEUKIN_SIGNALING,ppgs,-0.0030610764434996778,0.00597449304358784,-0.5123575207414454,0.6084048066779384
bmi,alt_log_adj,REACTOME_OTHER_INTERLEUKIN_SIGNALING,bmi,0.28842924937558456,0.005761542026690502,50.06112044994693,0
bmi,alt_log_adj,REACTOME_OTHER_SEMAPHORIN_INTERACTIONS,ppgs,0.006928722710455172,0.005775078542840675,1.199762506960994,0.2302416158574625
bmi,alt_log_adj,REACTOME_OTHER_SEMAPHORIN_INTERACTIONS,bmi,0.2884288927631572,0.005761363984444369,50.0626055812326,0
bmi,alt_log_adj,REACTOME_OVARIAN_TUMOR_DOMAIN_PROTEASES,ppgs,0.002484680545087252,0.005691355091045266,0.4365709932589919,0.6624258276706394
bmi,alt_log_adj,REACTOME_OVARIAN_TUMOR_DOMAIN_PROTEASES,bmi,0.2884054698586545,0.005761516745237915,50.05721281588415,0
bmi,alt_log_adj,REACTOME_OXIDATIVE_STRESS_INDUCED_SENESCENCE,ppgs,0.0038694355620179366,0.005705819311351574,0.678155993183976,0.4976783266554269
bmi,alt_log_adj,REACTOME_OXIDATIVE_STRESS_INDUCED_SENESCENCE,bmi,0.2884315905979943,0.005761505570994475,50.061843565693025,0
bmi,alt_log_adj,REACTOME_O_GLYCOSYLATION_OF_TSR_DOMAIN_CONTAINING_PROTEINS,ppgs,0.006587058549820254,0.005714863330514819,1.1526187362431402,0.24907662838395278
bmi,alt_log_adj,REACTOME_O_GLYCOSYLATION_OF_TSR_DOMAIN_CONTAINING_PROTEINS,bmi,0.28837269993593884,0.005761477779448971,50.05186359731459,0
bmi,alt_log_adj,REACTOME_O_LINKED_GLYCOSYLATION,ppgs,-4.0936727218396064e-4,0.005653646093185469,-0.07240765789662443,0.9422780014811221
bmi,alt_log_adj,REACTOME_O_LINKED_GLYCOSYLATION,bmi,0.2884132270811908,0.005761529658068152,50.05844700934789,0
bmi,alt_log_adj,REACTOME_O_LINKED_GLYCOSYLATION_OF_MUCINS,ppgs,-9.684732612680028e-4,0.005646132703819616,-0.17152860410327042,0.8638093651852872
bmi,alt_log_adj,REACTOME_O_LINKED_GLYCOSYLATION_OF_MUCINS,bmi,0.2884107128868909,0.005761540060525748,50.05792025345616,0
bmi,alt_log_adj,REACTOME_P130CAS_LINKAGE_TO_MAPK_SIGNALING_FOR_INTEGRINS,ppgs,0.009070874326397374,0.005684099674317248,1.5958330863518737,0.11053721081257914
bmi,alt_log_adj,REACTOME_P130CAS_LINKAGE_TO_MAPK_SIGNALING_FOR_INTEGRINS,bmi,0.2884376428712857,0.005761257261836139,50.06505173479431,0
bmi,alt_log_adj,REACTOME_P2Y_RECEPTORS,ppgs,0.0011772655677218687,0.005697841733804034,0.20661605266032795,0.8363112064165006
bmi,alt_log_adj,REACTOME_P2Y_RECEPTORS,bmi,0.2884210860836148,0.005761578568267203,50.05938609813274,0
bmi,alt_log_adj,REACTOME_P38MAPK_EVENTS,ppgs,0.014100635047267867,0.005712662623709437,2.4683122347792033,0.013581040998058269
bmi,alt_log_adj,REACTOME_P38MAPK_EVENTS,bmi,0.2883584788081878,0.005760923864606248,50.054207551638385,0
bmi,alt_log_adj,REACTOME_P75NTR_NEGATIVELY_REGULATES_CELL_CYCLE_VIA_SC1,ppgs,2.2664811934016666e-4,0.00569811804269068,0.03977596070177975,0.9682720217356215
bmi,alt_log_adj,REACTOME_P75NTR_NEGATIVELY_REGULATES_CELL_CYCLE_VIA_SC1,bmi,0.28841394410693955,0.005761523035664218,50.05862899820719,0
bmi,alt_log_adj,REACTOME_P75NTR_RECRUITS_SIGNALLING_COMPLEXES,ppgs,-0.001482004125995531,0.005699116102362657,-0.2600410483620685,0.794833998918594
bmi,alt_log_adj,REACTOME_P75NTR_RECRUITS_SIGNALLING_COMPLEXES,bmi,0.28842281503271344,0.005761577241543749,50.059697707955024,0
bmi,alt_log_adj,REACTOME_P75NTR_REGULATES_AXONOGENESIS,ppgs,-0.00868205408043494,0.005745511348906637,-1.5111020678928992,0.1307735939783478
bmi,alt_log_adj,REACTOME_P75NTR_REGULATES_AXONOGENESIS,bmi,0.28835467837089834,0.005761402517756369,50.04938944678886,0
bmi,alt_log_adj,REACTOME_P75NTR_SIGNALS_VIA_NF_KB,ppgs,-0.0012352754480509855,0.005702405910039938,-0.21662355636172767,0.8285032850255739
bmi,alt_log_adj,REACTOME_P75NTR_SIGNALS_VIA_NF_KB,bmi,0.2884234873259183,0.005761638542729721,50.05928178015667,0
bmi,alt_log_adj,REACTOME_P75_NTR_RECEPTOR_MEDIATED_SIGNALLING,ppgs,-0.007834862460085728,0.00571172670643744,-1.3717152207677221,0.17016296377251083
bmi,alt_log_adj,REACTOME_P75_NTR_RECEPTOR_MEDIATED_SIGNALLING,bmi,0.2883660819114783,0.0057614154510277505,50.05125639048267,0
bmi,alt_log_adj,REACTOME_PARACETAMOL_ADME,ppgs,0.019971183997719154,0.005707396836793847,3.499175643258415,4.674147634800749e-4
bmi,alt_log_adj,REACTOME_PARACETAMOL_ADME,bmi,0.28844272516443237,0.005760259747779567,50.07460388841314,0
bmi,alt_log_adj,REACTOME_PARASITE_INFECTION,ppgs,0.01972151160534713,0.005702333304773813,3.458498574405832,5.439926492431664e-4
bmi,alt_log_adj,REACTOME_PARASITE_INFECTION,bmi,0.28828303224091356,0.005760408548568342,50.04558787979747,0
bmi,alt_log_adj,REACTOME_PASSIVE_TRANSPORT_BY_AQUAPORINS,ppgs,5.414588597631701e-4,0.005676134434240421,0.09539218389488834,0.9240039983518304
bmi,alt_log_adj,REACTOME_PASSIVE_TRANSPORT_BY_AQUAPORINS,bmi,0.2884132213346844,0.0057615157636629905,50.05856673232815,0
bmi,alt_log_adj,REACTOME_PCNA_DEPENDENT_LONG_PATCH_BASE_EXCISION_REPAIR,ppgs,-0.0010861670358736511,0.005687327593129087,-0.19098021312960053,0.8485424630851128
bmi,alt_log_adj,REACTOME_PCNA_DEPENDENT_LONG_PATCH_BASE_EXCISION_REPAIR,bmi,0.2884189495850036,0.005761538820603834,50.05936062664176,0
bmi,alt_log_adj,REACTOME_PCP_CE_PATHWAY,ppgs,-0.0033836769699734236,0.005687507045130285,-0.5949314775566863,0.5518940237021528
bmi,alt_log_adj,REACTOME_PCP_CE_PATHWAY,bmi,0.28839838025012704,0.005761526686683527,50.05589593409244,0
bmi,alt_log_adj,REACTOME_PDH_COMPLEX_SYNTHESIZES_ACETYL_COA_FROM_PYR,ppgs,-5.493153559037441e-5,0.0056898782716836155,-0.009654254971279088,0.9922972066024003
bmi,alt_log_adj,REACTOME_PDH_COMPLEX_SYNTHESIZES_ACETYL_COA_FROM_PYR,bmi,0.2884148058843667,0.005761529362552509,50.05872360192075,0
bmi,alt_log_adj,REACTOME_PECAM1_INTERACTIONS,ppgs,0.016350842741115156,0.005718740470400581,2.8591685224648473,0.004250628946430808
bmi,alt_log_adj,REACTOME_PECAM1_INTERACTIONS,bmi,0.28840201570144597,0.005760669132995556,50.063978514155096,0
bmi,alt_log_adj,REACTOME_PENTOSE_PHOSPHATE_PATHWAY,ppgs,0.0121648202460806,0.005708190886631825,2.131116581011637,0.03308811718924257
bmi,alt_log_adj,REACTOME_PENTOSE_PHOSPHATE_PATHWAY,bmi,0.2884686319140199,0.005761092259820403,50.071864657660015,0
bmi,alt_log_adj,REACTOME_PEPTIDE_HORMONE_BIOSYNTHESIS,ppgs,-0.0020061022518240938,0.005718984637020562,-0.3507794441058718,0.7257564262077856
bmi,alt_log_adj,REACTOME_PEPTIDE_HORMONE_BIOSYNTHESIS,bmi,0.2884341610789297,0.005761754717335283,50.06012494963093,0
bmi,alt_log_adj,REACTOME_PEPTIDE_HORMONE_METABOLISM,ppgs,-0.00392662685296845,0.0056952743168452785,-0.6894535073322832,0.49054356443186
bmi,alt_log_adj,REACTOME_PEPTIDE_HORMONE_METABOLISM,bmi,0.28837880214775413,0.005761683915305715,50.05113199314627,0
bmi,alt_log_adj,REACTOME_PEPTIDE_LIGAND_BINDING_RECEPTORS,ppgs,0.002585573840958696,0.005692836354641126,0.4541802503862224,0.6497025737772862
bmi,alt_log_adj,REACTOME_PEPTIDE_LIGAND_BINDING_RECEPTORS,bmi,0.2884459546555319,0.005761890011856991,50.060996315785125,0
bmi,alt_log_adj,REACTOME_PERK_REGULATES_GENE_EXPRESSION,ppgs,0.0039297865004755805,0.005704076220262879,0.6889435464616691,0.4908644325298035
bmi,alt_log_adj,REACTOME_PERK_REGULATES_GENE_EXPRESSION,bmi,0.2884103483057952,0.0057614530801886644,50.058612695731775,0
bmi,alt_log_adj,REACTOME_PEROXISOMAL_LIPID_METABOLISM,ppgs,0.008201099761351284,0.005708625074169309,1.4366155869055155,0.1508382875640854
bmi,alt_log_adj,REACTOME_PEROXISOMAL_LIPID_METABOLISM,bmi,0.2884106805165508,0.005761288912157138,50.06009677937922,0
bmi,alt_log_adj,REACTOME_PEROXISOMAL_PROTEIN_IMPORT,ppgs,0.004815574431544251,0.005707164239219999,0.8437770895835299,0.39880109987211476
bmi,alt_log_adj,REACTOME_PEROXISOMAL_PROTEIN_IMPORT,bmi,0.28842257257921644,0.005761433330314695,50.0609060355928,0
bmi,alt_log_adj,REACTOME_PEXOPHAGY,ppgs,2.65496159455889e-4,0.005695452460008182,0.046615464060164875,0.9628200352443856
bmi,alt_log_adj,REACTOME_PEXOPHAGY,bmi,0.2884128676808254,0.005761620694999364,50.05759367865802,0
bmi,alt_log_adj,REACTOME_PHASE_0_RAPID_DEPOLARISATION,ppgs,-0.0037667366077168856,0.005717569503637967,-0.6588003180932374,0.5100293536210816
bmi,alt_log_adj,REACTOME_PHASE_0_RAPID_DEPOLARISATION,bmi,0.2884134208961468,0.005761454157057027,50.05913664050908,0
bmi,alt_log_adj,REACTOME_PHASE_1_INACTIVATION_OF_FAST_NA_CHANNELS,ppgs,0.0029590159213981468,0.005691892695860965,0.5198650219723725,0.6031617152259264
bmi,alt_log_adj,REACTOME_PHASE_1_INACTIVATION_OF_FAST_NA_CHANNELS,bmi,0.28841789953256664,0.005761473957768388,50.059741942195735,0
bmi,alt_log_adj,REACTOME_PHASE_2_PLATEAU_PHASE,ppgs,0.0029193321816350392,0.005694299036070904,0.5126763036402446,0.6081817626221289
bmi,alt_log_adj,REACTOME_PHASE_2_PLATEAU_PHASE,bmi,0.28841195666309694,0.005761473609124189,50.05871348718004,0
bmi,alt_log_adj,REACTOME_PHASE_3_RAPID_REPOLARISATION,ppgs,0.002594785926518792,0.005727688149011024,0.4530250004911358,0.6505342064273468
bmi,alt_log_adj,REACTOME_PHASE_3_RAPID_REPOLARISATION,bmi,0.2884015615708231,0.005761549247429957,50.05625209217292,0
bmi,alt_log_adj,REACTOME_PHASE_4_RESTING_MEMBRANE_POTENTIAL,ppgs,0.0025626625649606293,0.005689942949110591,0.45038457992996317,0.6524366058912445
bmi,alt_log_adj,REACTOME_PHASE_4_RESTING_MEMBRANE_POTENTIAL,bmi,0.28842003553726475,0.005761489896062359,50.05997419771281,0
bmi,alt_log_adj,REACTOME_PHASE_II_CONJUGATION_OF_COMPOUNDS,ppgs,7.278976485872365e-4,0.005686981528681385,0.12799367202376177,0.8981548887259099
bmi,alt_log_adj,REACTOME_PHASE_II_CONJUGATION_OF_COMPOUNDS,bmi,0.2884142090289314,0.005761497211463466,50.05889935259934,0
bmi,alt_log_adj,REACTOME_PHASE_I_FUNCTIONALIZATION_OF_COMPOUNDS,ppgs,-0.001224421537077685,0.005712016893460852,-0.21435887881904014,0.8302687480204618
bmi,alt_log_adj,REACTOME_PHASE_I_FUNCTIONALIZATION_OF_COMPOUNDS,bmi,0.28840399216347146,0.005761706713520976,50.05530591945523,0
bmi,alt_log_adj,REACTOME_PHENYLALANINE_AND_TYROSINE_METABOLISM,ppgs,-0.0034638190996624896,0.005796995561489343,-0.5975197087735181,0.5501652250803284
bmi,alt_log_adj,REACTOME_PHENYLALANINE_AND_TYROSINE_METABOLISM,bmi,0.2884038504189367,0.005761489895607682,50.057165011918826,0
bmi,alt_log_adj,REACTOME_PHENYLALANINE_METABOLISM,ppgs,-0.007174821555389665,0.005684544497681294,-1.2621629680823592,0.20690053436190323
bmi,alt_log_adj,REACTOME_PHENYLALANINE_METABOLISM,bmi,0.28839683487080325,0.005761353332620188,50.05713384005285,0
bmi,alt_log_adj,REACTOME_PHOSPHATE_BOND_HYDROLYSIS_BY_NTPDASE_PROTEINS,ppgs,0.017415747866271612,0.005701379988797967,3.054654820497837,0.002255287933001227
bmi,alt_log_adj,REACTOME_PHOSPHATE_BOND_HYDROLYSIS_BY_NTPDASE_PROTEINS,bmi,0.2884108959467177,0.005760550152313587,50.06655411738485,0
bmi,alt_log_adj,REACTOME_PHOSPHATE_BOND_HYDROLYSIS_BY_NUDT_PROTEINS,ppgs,0.00879584171649783,0.005694330381184331,1.5446665591377988,0.12243809976873288
bmi,alt_log_adj,REACTOME_PHOSPHATE_BOND_HYDROLYSIS_BY_NUDT_PROTEINS,bmi,0.2884156703152429,0.005761255568593564,50.06125260047279,0
bmi,alt_log_adj,REACTOME_PHOSPHOLIPASE_C_MEDIATED_CASCADE_FGFR1,ppgs,0.002907925165764558,0.005749171359506025,0.5057990071832561,0.6130016883143292
bmi,alt_log_adj,REACTOME_PHOSPHOLIPASE_C_MEDIATED_CASCADE_FGFR1,bmi,0.28839594758352394,0.005761590273979472,50.05492127511729,0
bmi,alt_log_adj,REACTOME_PHOSPHOLIPASE_C_MEDIATED_CASCADE_FGFR2,ppgs,0.002251230209581874,0.005763626080401295,0.39059268907762507,0.6961012654290151
bmi,alt_log_adj,REACTOME_PHOSPHOLIPASE_C_MEDIATED_CASCADE_FGFR2,bmi,0.2884028463484143,0.0057615613497559726,50.056369938789146,0
bmi,alt_log_adj,REACTOME_PHOSPHOLIPASE_C_MEDIATED_CASCADE_FGFR4,ppgs,0.0036961661261658185,0.005753797207551993,0.6423872779726255,0.52062695269814
bmi,alt_log_adj,REACTOME_PHOSPHOLIPASE_C_MEDIATED_CASCADE_FGFR4,bmi,0.28839264035921747,0.005761557656437163,50.05463063222281,0
bmi,alt_log_adj,REACTOME_PHOSPHOLIPID_METABOLISM,ppgs,0.06528980514990843,0.0056926958464245435,11.469048568775285,2.2023608912686072e-30
bmi,alt_log_adj,REACTOME_PHOSPHOLIPID_METABOLISM,bmi,0.2889911880472128,0.005748397485739752,50.273348139916074,0
bmi,alt_log_adj,REACTOME_PHOSPHORYLATED_BMAL1_CLOCK_ARNTL_CLOCK_ACTIVATES_EXPRESSION_OF_CORE_CLOCK_GENES,ppgs,-0.0031969500123439987,0.005679369525039496,-0.5629057940761067,0.5735034860979034
bmi,alt_log_adj,REACTOME_PHOSPHORYLATED_BMAL1_CLOCK_ARNTL_CLOCK_ACTIVATES_EXPRESSION_OF_CORE_CLOCK_GENES,bmi,0.2884220538947439,0.005761480899609719,50.0604026847128,0
bmi,alt_log_adj,REACTOME_PHOSPHORYLATION_AND_NUCLEAR_TRANSLOCATION_OF_BMAL1_ARNTL_AND_CLOCK,ppgs,-2.4480098422679213e-5,0.005652438084155338,-0.004330891919241138,0.9965444894789803
bmi,alt_log_adj,REACTOME_PHOSPHORYLATION_AND_NUCLEAR_TRANSLOCATION_OF_BMAL1_ARNTL_AND_CLOCK,bmi,0.28841451911749766,0.005761547175445972,50.0585190635314,0
bmi,alt_log_adj,REACTOME_PHOSPHORYLATION_AND_NUCLEAR_TRANSLOCATION_OF_THE_CRY_PER_KINASE_COMPLEX,ppgs,-0.0031750601378645288,0.005668420726060736,-0.560131347214065,0.5753942761722777
bmi,alt_log_adj,REACTOME_PHOSPHORYLATION_AND_NUCLEAR_TRANSLOCATION_OF_THE_CRY_PER_KINASE_COMPLEX,bmi,0.28840663110199277,0.0057614837532188575,50.05770101162989,0
bmi,alt_log_adj,REACTOME_PHOSPHORYLATION_OF_CLOCK_ACETYLATION_OF_BMAL1_ARNTL_AT_TARGET_GENE_PROMOTERS,ppgs,-0.00995365569588989,0.005696304168614684,-1.7473883769641771,0.08058081950002094
bmi,alt_log_adj,REACTOME_PHOSPHORYLATION_OF_CLOCK_ACETYLATION_OF_BMAL1_ARNTL_AT_TARGET_GENE_PROMOTERS,bmi,0.28837214561053864,0.005761239005378924,50.05384177627465,0
bmi,alt_log_adj,REACTOME_PHOSPHORYLATION_OF_EMI1,ppgs,2.9651113628871806e-4,0.0058645191315431595,0.050560178871936874,0.9596763510806796
bmi,alt_log_adj,REACTOME_PHOSPHORYLATION_OF_EMI1,bmi,0.2884151131722863,0.005761505893823663,50.05898084413442,0
bmi,alt_log_adj,REACTOME_PHOSPHORYLATION_OF_THE_APC_C,ppgs,0.007588269940775402,0.005676906292547079,1.336691068996093,0.18133422541367805
bmi,alt_log_adj,REACTOME_PHOSPHORYLATION_OF_THE_APC_C,bmi,0.2883888364076521,0.005761348712167243,50.05578568757888,0
bmi,alt_log_adj,REACTOME_PHYSIOLOGICAL_FACTORS,ppgs,0.0022269022281045736,0.005688215148196313,0.3914940223051701,0.6954350487993997
bmi,alt_log_adj,REACTOME_PHYSIOLOGICAL_FACTORS,bmi,0.2884166702333595,0.005761484771996988,50.05943461573906,0
bmi,alt_log_adj,REACTOME_PI3K_AKT_ACTIVATION,ppgs,0.004344501307760497,0.005698384493987477,0.7624092955370949,0.4458221033082558
bmi,alt_log_adj,REACTOME_PI3K_AKT_ACTIVATION,bmi,0.28841553519017565,0.0057614390301604064,50.05963504609816,0
bmi,alt_log_adj,REACTOME_PI3K_AKT_SIGNALING_IN_CANCER,ppgs,0.0012265815677157928,0.005685872607165187,0.215724419532384,0.8292041173192444
bmi,alt_log_adj,REACTOME_PI3K_AKT_SIGNALING_IN_CANCER,bmi,0.2884083675509352,0.005761566196131761,50.057286115113754,0
bmi,alt_log_adj,REACTOME_PI3K_EVENTS_IN_ERBB2_SIGNALING,ppgs,-0.006380221076721842,0.00569541067300725,-1.1202389859189912,0.26262142490510404
bmi,alt_log_adj,REACTOME_PI3K_EVENTS_IN_ERBB2_SIGNALING,bmi,0.28841072112840027,0.005761371505223811,50.05938618381049,0
bmi,alt_log_adj,REACTOME_PI3K_EVENTS_IN_ERBB4_SIGNALING,ppgs,-0.007783009690760996,0.005698219082986801,-1.3658670502857224,0.17199153200248288
bmi,alt_log_adj,REACTOME_PI3K_EVENTS_IN_ERBB4_SIGNALING,bmi,0.28840513752635494,0.00576131258939555,50.05892894220014,0
bmi,alt_log_adj,REACTOME_PI5P_REGULATES_TP53_ACETYLATION,ppgs,0.013538508492968638,0.00624554162558957,2.167707671260717,0.030189229885577703
bmi,alt_log_adj,REACTOME_PI5P_REGULATES_TP53_ACETYLATION,bmi,0.2882931977192952,0.005761292850835801,50.03967081407292,0
bmi,alt_log_adj,REACTOME_PINK1_PRKN_MEDIATED_MITOPHAGY,ppgs,0.004793947951468196,0.005697491572588971,0.8414137854160616,0.4001232626443971
bmi,alt_log_adj,REACTOME_PINK1_PRKN_MEDIATED_MITOPHAGY,bmi,0.2883783848746601,0.005761586994037244,50.05190152871204,0
bmi,alt_log_adj,REACTOME_PIWI_INTERACTING_RNA_PIRNA_BIOGENESIS,ppgs,-0.01188275942258896,0.005712174110621535,-2.080251615666528,0.03751141990224198
bmi,alt_log_adj,REACTOME_PIWI_INTERACTING_RNA_PIRNA_BIOGENESIS,bmi,0.28842473232451066,0.005761060328511707,50.06452213268549,0
bmi,alt_log_adj,REACTOME_PI_3K_CASCADE_FGFR1,ppgs,0.002903557344241712,0.005702790497918068,0.5091467668857415,0.6106533158125067
bmi,alt_log_adj,REACTOME_PI_3K_CASCADE_FGFR1,bmi,0.2883931287065988,0.005761626283359877,50.05411918844953,0
bmi,alt_log_adj,REACTOME_PI_3K_CASCADE_FGFR2,ppgs,0.002570799570567708,0.0057061563780001585,0.4505308653087945,0.6523311492488653
bmi,alt_log_adj,REACTOME_PI_3K_CASCADE_FGFR2,bmi,0.2883996468810952,0.005761573227950815,50.05571142999576,0
bmi,alt_log_adj,REACTOME_PI_3K_CASCADE_FGFR3,ppgs,0.0029844515914237988,0.005704280594614211,0.5231950886570371,0.6008425880968011
bmi,alt_log_adj,REACTOME_PI_3K_CASCADE_FGFR3,bmi,0.28839399966025364,0.005761604987083554,50.05445536561068,0
bmi,alt_log_adj,REACTOME_PI_3K_CASCADE_FGFR4,ppgs,0.0036147113118255884,0.005703301834915292,0.6337927425998269,0.5262212035336186
bmi,alt_log_adj,REACTOME_PI_3K_CASCADE_FGFR4,bmi,0.28838987720908604,0.0057615894392661696,50.05387493313253,0
bmi,alt_log_adj,REACTOME_PI_METABOLISM,ppgs,0.005784224291369236,0.005673950379813743,1.0194351208899914,0.3080051392766987
bmi,alt_log_adj,REACTOME_PI_METABOLISM,bmi,0.28836472885191927,0.005761600243698181,50.04941624808518,0
bmi,alt_log_adj,REACTOME_PKA_ACTIVATION_IN_GLUCAGON_SIGNALLING,ppgs,0.0017101115545317762,0.005966471055711675,0.28662027160840653,0.7744051854723679
bmi,alt_log_adj,REACTOME_PKA_ACTIVATION_IN_GLUCAGON_SIGNALLING,bmi,0.2884135767574203,0.005761490778401751,50.058845505507655,0
bmi,alt_log_adj,REACTOME_PKA_MEDIATED_PHOSPHORYLATION_OF_CREB,ppgs,0.0022790761349190634,0.005968917447345484,0.3818240334237863,0.7025947527537963
bmi,alt_log_adj,REACTOME_PKA_MEDIATED_PHOSPHORYLATION_OF_CREB,bmi,0.2884155180502024,0.00576148363468737,50.059244517120355,0
bmi,alt_log_adj,REACTOME_PKA_MEDIATED_PHOSPHORYLATION_OF_KEY_METABOLIC_FACTORS,ppgs,-2.169191171669536e-4,0.00569422490377003,-0.03809458193745314,0.9696125394006839
bmi,alt_log_adj,REACTOME_PKA_MEDIATED_PHOSPHORYLATION_OF_KEY_METABOLIC_FACTORS,bmi,0.2884159447126752,0.005761602410649976,50.05828659394401,0
bmi,alt_log_adj,REACTOME_PKMTS_METHYLATE_HISTONE_LYSINES,ppgs,0.0030692026911507565,0.00572456408705691,0.5361460967989062,0.5918617903686962
bmi,alt_log_adj,REACTOME_PKMTS_METHYLATE_HISTONE_LYSINES,bmi,0.288417353482741,0.005761471013866213,50.05967274479086,0
bmi,alt_log_adj,REACTOME_PKR_MEDIATED_SIGNALING,ppgs,0.011500125467472805,0.005693419686705603,2.019897724091222,0.043403385665430366
bmi,alt_log_adj,REACTOME_PKR_MEDIATED_SIGNALING,bmi,0.2884242400386486,0.005761085386871865,50.064218922340295,0
bmi,alt_log_adj,REACTOME_PLASMA_LIPOPROTEIN_ASSEMBLY,ppgs,0.020607481952249932,0.0057436873798970035,3.5878488137039706,3.3397896991290695e-4
bmi,alt_log_adj,REACTOME_PLASMA_LIPOPROTEIN_ASSEMBLY,bmi,0.2882296117599755,0.005760421139023882,50.03620478498848,0
bmi,alt_log_adj,REACTOME_PLASMA_LIPOPROTEIN_ASSEMBLY_REMODELING_AND_CLEARANCE,ppgs,0.01585220687871897,0.005712782360423846,2.774866234803115,0.005526057064367538
bmi,alt_log_adj,REACTOME_PLASMA_LIPOPROTEIN_ASSEMBLY_REMODELING_AND_CLEARANCE,bmi,0.28830594751480704,0.00576084881532316,50.045740958858026,0
bmi,alt_log_adj,REACTOME_PLASMA_LIPOPROTEIN_CLEARANCE,ppgs,0.017714127792960017,0.005690321911506865,3.1130273591620243,0.0018536305535607278
bmi,alt_log_adj,REACTOME_PLASMA_LIPOPROTEIN_CLEARANCE,bmi,0.2883527346821397,0.005760547761245807,50.05647841721547,0
bmi,alt_log_adj,REACTOME_PLASMA_LIPOPROTEIN_REMODELING,ppgs,0.013074405787595217,0.0057101338954214645,2.289684625097604,0.02204691807040084
bmi,alt_log_adj,REACTOME_PLASMA_LIPOPROTEIN_REMODELING,bmi,0.28832536461464864,0.005761097190200657,50.04695374781663,0
bmi,alt_log_adj,REACTOME_PLATELET_ACTIVATION_SIGNALING_AND_AGGREGATION,ppgs,0.009492188497544954,0.005718439634552822,1.6599263267884852,0.09694033468544958
bmi,alt_log_adj,REACTOME_PLATELET_ACTIVATION_SIGNALING_AND_AGGREGATION,bmi,0.2884923875042304,0.0057614084771415545,50.073239668533624,0
bmi,alt_log_adj,REACTOME_PLATELET_ADHESION_TO_EXPOSED_COLLAGEN,ppgs,0.003750008948000779,0.005711588578742657,0.6565614620698575,0.5114682647775355
bmi,alt_log_adj,REACTOME_PLATELET_ADHESION_TO_EXPOSED_COLLAGEN,bmi,0.28842022973397663,0.005761460498017808,50.060263336562954,0
bmi,alt_log_adj,REACTOME_PLATELET_AGGREGATION_PLUG_FORMATION,ppgs,0.008951596706452137,0.005677672014603896,1.5766315284551793,0.11489149190267807
bmi,alt_log_adj,REACTOME_PLATELET_AGGREGATION_PLUG_FORMATION,bmi,0.2884115773328456,0.005761245715063569,50.06062778727765,0
bmi,alt_log_adj,REACTOME_PLATELET_CALCIUM_HOMEOSTASIS,ppgs,0.016750489746770757,0.005713498488524895,2.93173959534824,0.0033733852926129634
bmi,alt_log_adj,REACTOME_PLATELET_CALCIUM_HOMEOSTASIS,bmi,0.2882353195981113,0.005760949406198406,50.03260734905758,0
bmi,alt_log_adj,REACTOME_PLATELET_HOMEOSTASIS,ppgs,0.008212628048356936,0.005705963951263963,1.4393059820396703,0.15007488986347625
bmi,alt_log_adj,REACTOME_PLATELET_HOMEOSTASIS,bmi,0.2883151734501762,0.005761701784749795,50.03993337754749,0
bmi,alt_log_adj,REACTOME_PLATELET_SENSITIZATION_BY_LDL,ppgs,0.014433769499283912,0.005709222920768981,2.5281495747480487,0.011471931832556627
bmi,alt_log_adj,REACTOME_PLATELET_SENSITIZATION_BY_LDL,bmi,0.28834489734452395,0.005760914606721232,50.05193047092094,0
bmi,alt_log_adj,REACTOME_POLB_DEPENDENT_LONG_PATCH_BASE_EXCISION_REPAIR,ppgs,-0.001906077752498547,0.005722810327239891,-0.333066735311119,0.7390863715817885
bmi,alt_log_adj,REACTOME_POLB_DEPENDENT_LONG_PATCH_BASE_EXCISION_REPAIR,bmi,0.28839485443724855,0.005761792386944199,50.05297571823834,0
bmi,alt_log_adj,REACTOME_POLO_LIKE_KINASE_MEDIATED_EVENTS,ppgs,0.010124806147408936,0.005735203257103414,1.7653787831963441,0.07751089047995337
bmi,alt_log_adj,REACTOME_POLO_LIKE_KINASE_MEDIATED_EVENTS,bmi,0.28843537233810407,0.005761193291235385,50.065213534304846,0
bmi,alt_log_adj,REACTOME_POLYMERASE_SWITCHING,ppgs,-0.0017557457653578743,0.005689063948672086,-0.3086176884630893,0.7576146315552018
bmi,alt_log_adj,REACTOME_POLYMERASE_SWITCHING,bmi,0.2884179944856151,0.005761498654885978,50.05954383778694,0
bmi,alt_log_adj,REACTOME_POLYMERASE_SWITCHING_ON_THE_C_STRAND_OF_THE_TELOMERE,ppgs,-0.002314083325915589,0.005687433245936864,-0.4068765690689704,0.6841017176480921
bmi,alt_log_adj,REACTOME_POLYMERASE_SWITCHING_ON_THE_C_STRAND_OF_THE_TELOMERE,bmi,0.2884182014546854,0.005761487864772766,50.05967351214072,0
bmi,alt_log_adj,REACTOME_POSITIVE_EPIGENETIC_REGULATION_OF_RRNA_EXPRESSION,ppgs,0.008106050143350049,0.005735715392589824,1.413258780905089,0.15759062833825943
bmi,alt_log_adj,REACTOME_POSITIVE_EPIGENETIC_REGULATION_OF_RRNA_EXPRESSION,bmi,0.288481373538587,0.0057614886280411,50.070631422329186,0
bmi,alt_log_adj,REACTOME_POSTMITOTIC_NUCLEAR_PORE_COMPLEX_NPC_REFORMATION,ppgs,-0.002497231942573295,0.005685424741819047,-0.4392340160982076,0.6604953275223302
bmi,alt_log_adj,REACTOME_POSTMITOTIC_NUCLEAR_PORE_COMPLEX_NPC_REFORMATION,bmi,0.2884219189244338,0.005761502316483261,50.06019317206184,0
bmi,alt_log_adj,REACTOME_POST_CHAPERONIN_TUBULIN_FOLDING_PATHWAY,ppgs,-0.0014435284029073114,0.005762087675589806,-0.25052176991728126,0.802185686872297
bmi,alt_log_adj,REACTOME_POST_CHAPERONIN_TUBULIN_FOLDING_PATHWAY,bmi,0.2883988373123188,0.005761836115748421,50.05328709785039,0
bmi,alt_log_adj,REACTOME_POST_TRANSCRIPTIONAL_SILENCING_BY_SMALL_RNAS,ppgs,0.005336043632207606,0.005796834958965186,0.9205098420052592,0.3573142250407686
bmi,alt_log_adj,REACTOME_POST_TRANSCRIPTIONAL_SILENCING_BY_SMALL_RNAS,bmi,0.2884115537764881,0.005761412833716667,50.05917161302166,0
bmi,alt_log_adj,REACTOME_POST_TRANSLATIONAL_MODIFICATION_SYNTHESIS_OF_GPI_ANCHORED_PROTEINS,ppgs,0.0017065358176489042,0.005688863127662514,0.2999783576002644,0.7641958634055821
bmi,alt_log_adj,REACTOME_POST_TRANSLATIONAL_MODIFICATION_SYNTHESIS_OF_GPI_ANCHORED_PROTEINS,bmi,0.2884034160562979,0.005761609933747064,50.056046725248315,0
bmi,alt_log_adj,REACTOME_POST_TRANSLATIONAL_PROTEIN_MODIFICATION,ppgs,0.010935625661891777,0.005683828962564537,1.9239892216879158,0.05436593418319838
bmi,alt_log_adj,REACTOME_POST_TRANSLATIONAL_PROTEIN_MODIFICATION,bmi,0.28844333332841626,0.005761141174873196,50.067048276206314,0
bmi,alt_log_adj,REACTOME_POTASSIUM_CHANNELS,ppgs,-0.008951643553931344,0.005724792005152158,-1.563662670342452,0.11790797076280184
bmi,alt_log_adj,REACTOME_POTASSIUM_CHANNELS,bmi,0.28852174600215214,0.005761656837757202,50.076176719067305,0
bmi,alt_log_adj,REACTOME_POTENTIAL_THERAPEUTICS_FOR_SARS,ppgs,0.006617171643253891,0.0057406115811597476,1.1526945430293434,0.24904550152387778
bmi,alt_log_adj,REACTOME_POTENTIAL_THERAPEUTICS_FOR_SARS,bmi,0.28847333892417665,0.005761588137559224,50.068372128796824,0
bmi,alt_log_adj,REACTOME_POU5F1_OCT4_SOX2_NANOG_ACTIVATE_GENES_RELATED_TO_PROLIFERATION,ppgs,3.459460530687455e-4,0.005686437130391217,0.06083704877696327,0.9514894131500076
bmi,alt_log_adj,REACTOME_POU5F1_OCT4_SOX2_NANOG_ACTIVATE_GENES_RELATED_TO_PROLIFERATION,bmi,0.2884136988027773,0.005761517590331864,50.05863373336757,0
bmi,alt_log_adj,REACTOME_POU5F1_OCT4_SOX2_NANOG_REPRESS_GENES_RELATED_TO_DIFFERENTIATION,ppgs,0.004081980248183067,0.005692272808403435,0.7171090328202273,0.4733127308301526
bmi,alt_log_adj,REACTOME_POU5F1_OCT4_SOX2_NANOG_REPRESS_GENES_RELATED_TO_DIFFERENTIATION,bmi,0.28836523971963507,0.005761857243997986,50.04727252137659,0
bmi,alt_log_adj,REACTOME_PP2A_MEDIATED_DEPHOSPHORYLATION_OF_KEY_METABOLIC_FACTORS,ppgs,0.0034897630506993166,0.0057192673957060895,0.6101765854345891,0.54174972953781
bmi,alt_log_adj,REACTOME_PP2A_MEDIATED_DEPHOSPHORYLATION_OF_KEY_METABOLIC_FACTORS,bmi,0.2884102757093727,0.005761464542019385,50.05850050901907,0
bmi,alt_log_adj,REACTOME_PRC2_METHYLATES_HISTONES_AND_DNA,ppgs,-0.0017656469673305725,0.005688870315182953,-0.3103686443015338,0.7562829174319471
bmi,alt_log_adj,REACTOME_PRC2_METHYLATES_HISTONES_AND_DNA,bmi,0.28843403702192966,0.0057618277549431034,50.059468850744544,0
bmi,alt_log_adj,REACTOME_PREDNISONE_ADME,ppgs,-4.5464069379261757e-4,0.005702029854572024,-0.07973313107578274,0.9364500713367304
bmi,alt_log_adj,REACTOME_PREDNISONE_ADME,bmi,0.288409732347636,0.005761823721004854,50.05528567217911,0
bmi,alt_log_adj,REACTOME_PREGNENOLONE_BIOSYNTHESIS,ppgs,-0.006812171881120116,0.005729070766715233,-1.1890535408809202,0.2344285582658354
bmi,alt_log_adj,REACTOME_PREGNENOLONE_BIOSYNTHESIS,bmi,0.28834593957357696,0.0057616438572500005,50.0457762953788,0
bmi,alt_log_adj,REACTOME_PRESYNAPTIC_DEPOLARIZATION_AND_CALCIUM_CHANNEL_OPENING,ppgs,7.972872241267118e-4,0.0056953750726327105,0.139988537007478,0.888670041848374
bmi,alt_log_adj,REACTOME_PRESYNAPTIC_DEPOLARIZATION_AND_CALCIUM_CHANNEL_OPENING,bmi,0.2884104177828272,0.0057615742633202365,50.05757187214042,0
bmi,alt_log_adj,REACTOME_PRESYNAPTIC_FUNCTION_OF_KAINATE_RECEPTORS,ppgs,0.0046535862459151185,0.005700833947543075,0.8162992096832963,0.4143358852657004
bmi,alt_log_adj,REACTOME_PRESYNAPTIC_FUNCTION_OF_KAINATE_RECEPTORS,bmi,0.2883909235193624,0.005761503406351831,50.05480395992177,0
bmi,alt_log_adj,REACTOME_PRESYNAPTIC_NICOTINIC_ACETYLCHOLINE_RECEPTORS,ppgs,-0.004577227077003817,0.005712693735070668,-0.8012379604570549,0.4230006143152918
bmi,alt_log_adj,REACTOME_PRESYNAPTIC_NICOTINIC_ACETYLCHOLINE_RECEPTORS,bmi,0.288389048986145,0.005761521143007846,50.054324513958,0
bmi,alt_log_adj,REACTOME_PREVENTION_OF_PHAGOSOMAL_LYSOSOMAL_FUSION,ppgs,0.001346107168651008,0.005672749357707918,0.23729360910719036,0.8124307344386895
bmi,alt_log_adj,REACTOME_PREVENTION_OF_PHAGOSOMAL_LYSOSOMAL_FUSION,bmi,0.28841992664730143,0.0057615356143206195,50.05955806823749,0
bmi,alt_log_adj,REACTOME_PRE_NOTCH_EXPRESSION_AND_PROCESSING,ppgs,-0.0038739160095650972,0.005683633870232247,-0.6815914075420203,0.49550291759975995
bmi,alt_log_adj,REACTOME_PRE_NOTCH_EXPRESSION_AND_PROCESSING,bmi,0.28839024404944535,0.005761561781071932,50.054178885467174,0
bmi,alt_log_adj,REACTOME_PRE_NOTCH_PROCESSING_IN_GOLGI,ppgs,-0.0023851856571478003,0.00568329132671588,-0.4196838627531861,0.6747195956274756
bmi,alt_log_adj,REACTOME_PRE_NOTCH_PROCESSING_IN_GOLGI,bmi,0.28841894761596454,0.005761489291489404,50.05979062427543,0
bmi,alt_log_adj,REACTOME_PRE_NOTCH_PROCESSING_IN_THE_ENDOPLASMIC_RETICULUM,ppgs,-0.002902547605635262,0.00569189069936492,-0.5099443680390977,0.6100944071047638
bmi,alt_log_adj,REACTOME_PRE_NOTCH_PROCESSING_IN_THE_ENDOPLASMIC_RETICULUM,bmi,0.28842035452908177,0.0057614825129299885,50.06009371404067,0
bmi,alt_log_adj,REACTOME_PROCESSING_AND_ACTIVATION_OF_SUMO,ppgs,-0.0025404605935410206,0.005764498290385415,-0.44070801404837695,0.6594277545434497
bmi,alt_log_adj,REACTOME_PROCESSING_AND_ACTIVATION_OF_SUMO,bmi,0.28843100251566595,0.00576159812226559,50.06093732935479,0
bmi,alt_log_adj,REACTOME_PROCESSING_OF_CAPPED_INTRONLESS_PRE_MRNA,ppgs,-0.00321151919752227,0.005681293499121602,-0.5652795790287565,0.5718880896945726
bmi,alt_log_adj,REACTOME_PROCESSING_OF_CAPPED_INTRONLESS_PRE_MRNA,bmi,0.288448105236837,0.005761769973186781,50.06241251892585,0
bmi,alt_log_adj,REACTOME_PROCESSING_OF_CAPPED_INTRON_CONTAINING_PRE_MRNA,ppgs,0.02981466533300185,0.005674727972611884,5.253937365261788,1.4995659902017778e-7
bmi,alt_log_adj,REACTOME_PROCESSING_OF_CAPPED_INTRON_CONTAINING_PRE_MRNA,bmi,0.2884138288730414,0.005758694990842107,50.08319234335173,0
bmi,alt_log_adj,REACTOME_PROCESSING_OF_DNA_DOUBLE_STRAND_BREAK_ENDS,ppgs,0.005586834500901904,0.005742645373886898,0.9728677529534556,0.33062733446640025
bmi,alt_log_adj,REACTOME_PROCESSING_OF_DNA_DOUBLE_STRAND_BREAK_ENDS,bmi,0.2883548538185376,0.005761729337076589,50.046580974045604,0
bmi,alt_log_adj,REACTOME_PROCESSING_OF_INTRONLESS_PRE_MRNAS,ppgs,-0.002811215482235863,0.005676825560828786,-0.4952090657204271,0.6204563901219395
bmi,alt_log_adj,REACTOME_PROCESSING_OF_INTRONLESS_PRE_MRNAS,bmi,0.28844278150833425,0.005761753654414995,50.0616303314725,0
bmi,alt_log_adj,REACTOME_PROCESSING_OF_SMDT1,ppgs,0.008502838847025813,0.0057135392723538046,1.4881911966841004,0.1367116011974939
bmi,alt_log_adj,REACTOME_PROCESSING_OF_SMDT1,bmi,0.2883329073825216,0.005761534585074289,50.04446352356728,0
bmi,alt_log_adj,REACTOME_PROCESSIVE_SYNTHESIS_ON_THE_C_STRAND_OF_THE_TELOMERE,ppgs,-0.001102599695390397,0.005674807763136453,-0.19429727691445053,0.8459445099187133
bmi,alt_log_adj,REACTOME_PROCESSIVE_SYNTHESIS_ON_THE_C_STRAND_OF_THE_TELOMERE,bmi,0.28841617862996777,0.005761499703972745,50.059219552002276,0
bmi,alt_log_adj,REACTOME_PROCESSIVE_SYNTHESIS_ON_THE_LAGGING_STRAND,ppgs,6.147084978442167e-4,0.005677705285378393,0.10826706687774994,0.9137846120636715
bmi,alt_log_adj,REACTOME_PROCESSIVE_SYNTHESIS_ON_THE_LAGGING_STRAND,bmi,0.2884139510958036,0.005761500115425836,50.05882935307149,0
bmi,alt_log_adj,REACTOME_PROGRAMMED_CELL_DEATH,ppgs,0.005386284753597919,0.005695311791124832,0.9457401018837145,0.34428922375484883
bmi,alt_log_adj,REACTOME_PROGRAMMED_CELL_DEATH,bmi,0.2883831526413175,0.005761503174528248,50.05345721517029,0
bmi,alt_log_adj,REACTOME_PROLACTIN_RECEPTOR_SIGNALING,ppgs,0.01273318894149805,0.005717338011564853,2.2271184449374437,0.025947180305751782
bmi,alt_log_adj,REACTOME_PROLACTIN_RECEPTOR_SIGNALING,bmi,0.28844965665736827,0.005761015487304278,50.06923819125871,0
bmi,alt_log_adj,REACTOME_PROLONGED_ERK_ACTIVATION_EVENTS,ppgs,0.005330299313535419,0.005723272990068763,0.9313375969982131,0.3516868906197984
bmi,alt_log_adj,REACTOME_PROLONGED_ERK_ACTIVATION_EVENTS,bmi,0.28839544112629006,0.005761446642552604,50.05608122728647,0
bmi,alt_log_adj,REACTOME_PROPIONYL_COA_CATABOLISM,ppgs,0.01609882904105654,0.005704022042875453,2.8223644509166315,0.0047704149200938776
bmi,alt_log_adj,REACTOME_PROPIONYL_COA_CATABOLISM,bmi,0.288160474002025,0.005761392432982968,50.015769165862835,0
bmi,alt_log_adj,REACTOME_PROSTACYCLIN_SIGNALLING_THROUGH_PROSTACYCLIN_RECEPTOR,ppgs,0.007823443342691791,0.005690691573484346,1.3747790126502295,0.1692108323642489
bmi,alt_log_adj,REACTOME_PROSTACYCLIN_SIGNALLING_THROUGH_PROSTACYCLIN_RECEPTOR,bmi,0.28839147552061495,0.005761330524317812,50.05640178138588,0
bmi,alt_log_adj,REACTOME_PROSTANOID_LIGAND_RECEPTORS,ppgs,-0.015510932171337094,0.005702718389849771,-2.719919012473927,0.006533768880645046
bmi,alt_log_adj,REACTOME_PROSTANOID_LIGAND_RECEPTORS,bmi,0.28857019640607906,0.0057610303091890375,50.09003267103106,0
bmi,alt_log_adj,REACTOME_PROTEASOME_ASSEMBLY,ppgs,-0.008100598578684002,0.005722631089019589,-1.4155374429477352,0.1569219636168096
bmi,alt_log_adj,REACTOME_PROTEASOME_ASSEMBLY,bmi,0.2884188996410974,0.005761295159633755,50.061469105400285,0
bmi,alt_log_adj,REACTOME_PROTEIN_FOLDING,ppgs,-0.001155784057826603,0.0056836094728586585,-0.20335388336336271,0.8388599019235865
bmi,alt_log_adj,REACTOME_PROTEIN_FOLDING,bmi,0.28841718860010174,0.005761507591301797,50.0593263186059,0
bmi,alt_log_adj,REACTOME_PROTEIN_HYDROXYLATION,ppgs,0.012538009317276938,0.005712918492435406,2.1946767372716374,0.028194875973084347
bmi,alt_log_adj,REACTOME_PROTEIN_HYDROXYLATION,bmi,0.2885779337839411,0.005761489141742728,50.087386556568674,0
bmi,alt_log_adj,REACTOME_PROTEIN_LIPOYLATION,ppgs,0.00902718872661165,0.005852547598043123,1.54243747280757,0.12297848312234341
bmi,alt_log_adj,REACTOME_PROTEIN_LIPOYLATION,bmi,0.2884754112926313,0.005761391025775423,50.07044479398195,0
bmi,alt_log_adj,REACTOME_PROTEIN_LOCALIZATION,ppgs,0.008513415992590001,0.005730576492877945,1.485612486487287,0.1373927701437238
bmi,alt_log_adj,REACTOME_PROTEIN_LOCALIZATION,bmi,0.28840593442867146,0.005761276678861957,50.05937928425288,0
bmi,alt_log_adj,REACTOME_PROTEIN_METHYLATION,ppgs,-0.0010925076142129409,0.005681663821191341,-0.1922865640409999,0.8475191196615108
bmi,alt_log_adj,REACTOME_PROTEIN_METHYLATION,bmi,0.2884115601308125,0.00576151622238401,50.058274419207144,0
bmi,alt_log_adj,REACTOME_PROTEIN_PROTEIN_INTERACTIONS_AT_SYNAPSES,ppgs,0.003296990849260544,0.005707949523456916,0.5776138761759374,0.56352942384063
bmi,alt_log_adj,REACTOME_PROTEIN_PROTEIN_INTERACTIONS_AT_SYNAPSES,bmi,0.28840353230057253,0.005761496058996302,50.05705624847979,0
bmi,alt_log_adj,REACTOME_PROTEIN_REPAIR,ppgs,-0.010156466585887739,0.0056937523683684415,-1.7837914136048207,0.07446825880635605
bmi,alt_log_adj,REACTOME_PROTEIN_REPAIR,bmi,0.28841056602162835,0.005761175110367933,50.06106575420674,0
bmi,alt_log_adj,REACTOME_PROTEIN_UBIQUITINATION,ppgs,0.0037420592038824928,0.005685643129749585,0.6581593530382738,0.510441084908522
bmi,alt_log_adj,REACTOME_PROTEIN_UBIQUITINATION,bmi,0.2884205908250268,0.005761461091286065,50.06032085528602,0
bmi,alt_log_adj,REACTOME_PROTON_COUPLED_MONOCARBOXYLATE_TRANSPORT,ppgs,0.0015319973520584603,0.00573469818649233,0.26714524500469267,0.7893592758062021
bmi,alt_log_adj,REACTOME_PROTON_COUPLED_MONOCARBOXYLATE_TRANSPORT,bmi,0.28842552886406564,0.005761635368547914,50.05966369176129,0
bmi,alt_log_adj,REACTOME_PTEN_REGULATION,ppgs,0.011965037932111842,0.005738764505364447,2.084950152759751,0.03708275069481883
bmi,alt_log_adj,REACTOME_PTEN_REGULATION,bmi,0.2885727319119514,0.005761555375391294,50.085907903359,0
bmi,alt_log_adj,REACTOME_PTK6_EXPRESSION,ppgs,0.005348766596696514,0.005687538264410327,0.9404361514657983,0.34700189889856226
bmi,alt_log_adj,REACTOME_PTK6_EXPRESSION,bmi,0.2883664883262143,0.005761635441785109,50.04941587155862,0
bmi,alt_log_adj,REACTOME_PTK6_PROMOTES_HIF1A_STABILIZATION,ppgs,0.0014048306705599538,0.0057190945564768525,0.24563865078415054,0.8059637449106496
bmi,alt_log_adj,REACTOME_PTK6_PROMOTES_HIF1A_STABILIZATION,bmi,0.28841208885372155,0.0057615010712123325,50.05849782703139,0
bmi,alt_log_adj,REACTOME_PTK6_REGULATES_CELL_CYCLE,ppgs,0.0035466376362328824,0.005688548410778276,0.6234697114492256,0.5329809161304098
bmi,alt_log_adj,REACTOME_PTK6_REGULATES_CELL_CYCLE,bmi,0.288388251239922,0.005761613730100098,50.05338169987174,0
bmi,alt_log_adj,REACTOME_PTK6_REGULATES_PROTEINS_INVOLVED_IN_RNA_PROCESSING,ppgs,0.0027139281254664276,0.005702026409368116,0.4759585330940581,0.634107588026946
bmi,alt_log_adj,REACTOME_PTK6_REGULATES_PROTEINS_INVOLVED_IN_RNA_PROCESSING,bmi,0.28840076934533304,0.005761548466911329,50.056121371125066,0
bmi,alt_log_adj,REACTOME_PTK6_REGULATES_RHO_GTPASES_RAS_GTPASE_AND_MAP_KINASES,ppgs,0.009609918135423074,0.005707801722783478,1.68364610442997,0.09226109276073506
bmi,alt_log_adj,REACTOME_PTK6_REGULATES_RHO_GTPASES_RAS_GTPASE_AND_MAP_KINASES,bmi,0.2883831666194966,0.005761240235906359,50.05574404312757,0
bmi,alt_log_adj,REACTOME_PTK6_REGULATES_RTKS_AND_THEIR_EFFECTORS_AKT1_AND_DOK1,ppgs,0.0034383897726250013,0.005684623960581334,0.6048579108253587,0.5452782523344589
bmi,alt_log_adj,REACTOME_PTK6_REGULATES_RTKS_AND_THEIR_EFFECTORS_AKT1_AND_DOK1,bmi,0.2883897469985604,0.005761607572677654,50.05369479971957,0
bmi,alt_log_adj,REACTOME_PURINERGIC_SIGNALING_IN_LEISHMANIASIS_INFECTION,ppgs,0.002175303211396089,0.0058176093892114015,0.3739170277451301,0.7084688438989701
bmi,alt_log_adj,REACTOME_PURINERGIC_SIGNALING_IN_LEISHMANIASIS_INFECTION,bmi,0.28841766173726296,0.005761489498624358,50.059565639428314,0
bmi,alt_log_adj,REACTOME_PURINE_CATABOLISM,ppgs,0.006593926948885503,0.0057055680024685794,1.1557003520127296,0.24781348413607945
bmi,alt_log_adj,REACTOME_PURINE_CATABOLISM,bmi,0.28837614865161426,0.005761458430113347,50.05263027575831,0
bmi,alt_log_adj,REACTOME_PURINE_RIBONUCLEOSIDE_MONOPHOSPHATE_BIOSYNTHESIS,ppgs,0.008059051821745593,0.0056816225895325,1.4184419494165512,0.15607276832394848
bmi,alt_log_adj,REACTOME_PURINE_RIBONUCLEOSIDE_MONOPHOSPHATE_BIOSYNTHESIS,bmi,0.28840786796734985,0.005761295498654611,50.05955136908,0
bmi,alt_log_adj,REACTOME_PURINE_SALVAGE,ppgs,0.007196280284173937,0.005693326311928127,1.2639852153032158,0.20624572647332473
bmi,alt_log_adj,REACTOME_PURINE_SALVAGE,bmi,0.2883878486818644,0.0057613745667955164,50.05538961898568,0
bmi,alt_log_adj,REACTOME_PYRIMIDINE_CATABOLISM,ppgs,-0.004389908840901277,0.005814079616044495,-0.7550479406554589,0.4502264902876859
bmi,alt_log_adj,REACTOME_PYRIMIDINE_CATABOLISM,bmi,0.2884135230954199,0.005761440224716721,50.059275432229384,0
bmi,alt_log_adj,REACTOME_PYRIMIDINE_SALVAGE,ppgs,-0.0011804475041278172,0.005705339739879369,-0.20690222807884462,0.8360877023986708
bmi,alt_log_adj,REACTOME_PYRIMIDINE_SALVAGE,bmi,0.28841898187023385,0.005761532151853814,50.05942417199442,0
bmi,alt_log_adj,REACTOME_PYROPTOSIS,ppgs,0.0038752843518439473,0.005704277603599868,0.679364613916813,0.4969124119098467
bmi,alt_log_adj,REACTOME_PYROPTOSIS,bmi,0.28841183815367955,0.005761452529661799,50.058876067943494,0
bmi,alt_log_adj,REACTOME_PYRUVATE_METABOLISM,ppgs,8.507201655437233e-4,0.00573535090675688,0.14832922682053865,0.8820840057815359
bmi,alt_log_adj,REACTOME_PYRUVATE_METABOLISM,bmi,0.2884164102661235,0.005761508346297283,50.059184666716405,0
bmi,alt_log_adj,REACTOME_RAB_GEFS_EXCHANGE_GTP_FOR_GDP_ON_RABS,ppgs,0.007385799757024376,0.005683643386181581,1.299483316455283,0.1937886824472117
bmi,alt_log_adj,REACTOME_RAB_GEFS_EXCHANGE_GTP_FOR_GDP_ON_RABS,bmi,0.28845402472184223,0.005761406172912874,50.066601115193464,0
bmi,alt_log_adj,REACTOME_RAB_GERANYLGERANYLATION,ppgs,0.0074661652969138246,0.005770139715510628,1.293931458339585,0.19569963841480628
bmi,alt_log_adj,REACTOME_RAB_GERANYLGERANYLATION,bmi,0.288424086254543,0.005761332488330061,50.062044993716995,0
bmi,alt_log_adj,REACTOME_RAB_REGULATION_OF_TRAFFICKING,ppgs,0.008328255064245173,0.005683922620154735,1.4652301976655782,0.14286921342964012
bmi,alt_log_adj,REACTOME_RAB_REGULATION_OF_TRAFFICKING,bmi,0.28843708699034665,0.005761300222477438,50.06458192631988,0
bmi,alt_log_adj,REACTOME_RAC1_GTPASE_CYCLE,ppgs,0.002319888150189339,0.0057128308806645624,0.4060838135505021,0.6846840835426817
bmi,alt_log_adj,REACTOME_RAC1_GTPASE_CYCLE,bmi,0.28842918305169496,0.0057615927907799696,50.06066786136914,0
bmi,alt_log_adj,REACTOME_RAC2_GTPASE_CYCLE,ppgs,-9.618419790580396e-4,0.005723073475084295,-0.16806388791712526,0.8665342173623943
bmi,alt_log_adj,REACTOME_RAC2_GTPASE_CYCLE,bmi,0.28841472670287593,0.00576149513499445,50.05900724468003,0
bmi,alt_log_adj,REACTOME_RAC3_GTPASE_CYCLE,ppgs,0.0020809491419053277,0.005715248988825009,0.3641047215920417,0.7157825266270672
bmi,alt_log_adj,REACTOME_RAC3_GTPASE_CYCLE,bmi,0.2884130950476347,0.005761486026873528,50.058803180703386,0
bmi,alt_log_adj,REACTOME_RAF_ACTIVATION,ppgs,0.00707871436148731,0.005720245768647591,1.2374843053571971,0.21591758690352753
bmi,alt_log_adj,REACTOME_RAF_ACTIVATION,bmi,0.28831458977586705,0.005761909422612708,50.038028825023126,0
bmi,alt_log_adj,REACTOME_RAF_INDEPENDENT_MAPK1_3_ACTIVATION,ppgs,0.009131887374315315,0.005730982951170092,1.593424278543851,0.11107619124909775
bmi,alt_log_adj,REACTOME_RAF_INDEPENDENT_MAPK1_3_ACTIVATION,bmi,0.2884316721904417,0.005761249919170214,50.06407919064621,0
bmi,alt_log_adj,REACTOME_RAP1_SIGNALLING,ppgs,0.0010895575400999094,0.0057027009890770535,0.1910599104155814,0.8484800240653347
bmi,alt_log_adj,REACTOME_RAP1_SIGNALLING,bmi,0.2884158637998078,0.005761497926886962,50.059180348545915,0
bmi,alt_log_adj,REACTOME_RAS_ACTIVATION_UPON_CA2_INFLUX_THROUGH_NMDA_RECEPTOR,ppgs,6.052003045074667e-4,0.00569015483430225,0.10635919797104763,0.9152981172650448
bmi,alt_log_adj,REACTOME_RAS_ACTIVATION_UPON_CA2_INFLUX_THROUGH_NMDA_RECEPTOR,bmi,0.28841665483821927,0.005761528516746819,50.05905186442962,0
bmi,alt_log_adj,REACTOME_RAS_PROCESSING,ppgs,-0.006385460801576843,0.005814865139485085,-1.0981270671639833,0.2721583341133416
bmi,alt_log_adj,REACTOME_RAS_PROCESSING,bmi,0.28841318257092985,0.0057613755861823926,50.059777956958094,0
bmi,alt_log_adj,REACTOME_RAS_SIGNALING_DOWNSTREAM_OF_NF1_LOSS_OF_FUNCTION_VARIANTS,ppgs,0.002738632550909791,0.005720147968881506,0.4787695293562994,0.6321062884332334
bmi,alt_log_adj,REACTOME_RAS_SIGNALING_DOWNSTREAM_OF_NF1_LOSS_OF_FUNCTION_VARIANTS,bmi,0.2883856755602634,0.00576179190525903,50.051386843221756,0
bmi,alt_log_adj,REACTOME_RA_BIOSYNTHESIS_PATHWAY,ppgs,0.011100400277939558,0.005708202378395443,1.944640281142212,0.05182816393821855
bmi,alt_log_adj,REACTOME_RA_BIOSYNTHESIS_PATHWAY,bmi,0.2884864985756672,0.005761232295375104,50.073748771986345,0
bmi,alt_log_adj,REACTOME_REACTIONS_SPECIFIC_TO_THE_COMPLEX_N_GLYCAN_SYNTHESIS_PATHWAY,ppgs,-0.0030717297422828776,0.005699995318367547,-0.5389003974063977,0.5899598147010678
bmi,alt_log_adj,REACTOME_REACTIONS_SPECIFIC_TO_THE_COMPLEX_N_GLYCAN_SYNTHESIS_PATHWAY,bmi,0.28839891297993303,0.005761542205209094,50.05585357323034,0
bmi,alt_log_adj,REACTOME_RECEPTOR_MEDIATED_MITOPHAGY,ppgs,-0.004178204720528138,0.00569056127436685,-0.7342342027576213,0.4628120839686699
bmi,alt_log_adj,REACTOME_RECEPTOR_MEDIATED_MITOPHAGY,bmi,0.28842231418475356,0.005761452715075884,50.06069275376406,0
bmi,alt_log_adj,REACTOME_RECEPTOR_TYPE_TYROSINE_PROTEIN_PHOSPHATASES,ppgs,-7.966644099028847e-4,0.00569255275363689,-0.13994853352810957,0.8887016485863702
bmi,alt_log_adj,REACTOME_RECEPTOR_TYPE_TYROSINE_PROTEIN_PHOSPHATASES,bmi,0.28841548677533185,0.005761499293228279,50.059103038391086,0
bmi,alt_log_adj,REACTOME_RECOGNITION_AND_ASSOCIATION_OF_DNA_GLYCOSYLASE_WITH_SITE_CONTAINING_AN_AFFECTED_PURINE,ppgs,-0.004564297213935243,0.005696855517478561,-0.8011958877895871,0.42302496636838616
bmi,alt_log_adj,REACTOME_RECOGNITION_AND_ASSOCIATION_OF_DNA_GLYCOSYLASE_WITH_SITE_CONTAINING_AN_AFFECTED_PURINE,bmi,0.28841068163093014,0.005761434842517943,50.05882900949113,0
bmi,alt_log_adj,REACTOME_RECOGNITION_OF_DNA_DAMAGE_BY_PCNA_CONTAINING_REPLICATION_COMPLEX,ppgs,-6.087869349210812e-4,0.005683735092914081,-0.10711036404213431,0.9147021830941036
bmi,alt_log_adj,REACTOME_RECOGNITION_OF_DNA_DAMAGE_BY_PCNA_CONTAINING_REPLICATION_COMPLEX,bmi,0.28841683191688655,0.00576153373988542,50.059037217861075,0
bmi,alt_log_adj,REACTOME_RECRUITMENT_OF_MITOTIC_CENTROSOME_PROTEINS_AND_COMPLEXES,ppgs,0.003576231429115674,0.0057054726719571605,0.6268072138340314,0.5307906617561171
bmi,alt_log_adj,REACTOME_RECRUITMENT_OF_MITOTIC_CENTROSOME_PROTEINS_AND_COMPLEXES,bmi,0.288428480798201,0.005761500471210006,50.06134812267514,0
bmi,alt_log_adj,REACTOME_RECRUITMENT_OF_NUMA_TO_MITOTIC_CENTROSOMES,ppgs,0.01208456765559144,0.00570504428110608,2.118225040884085,0.03416468981503204
bmi,alt_log_adj,REACTOME_RECRUITMENT_OF_NUMA_TO_MITOTIC_CENTROSOMES,bmi,0.2884482613095065,0.005761063969715979,50.06857462888527,0
bmi,alt_log_adj,REACTOME_RECYCLING_OF_BILE_ACIDS_AND_SALTS,ppgs,0.02113379920398716,0.005723207703754925,3.6926493494411425,2.223462406639549e-4
bmi,alt_log_adj,REACTOME_RECYCLING_OF_BILE_ACIDS_AND_SALTS,bmi,0.2885137725793985,0.005760175434325819,50.08767109072723,0
bmi,alt_log_adj,REACTOME_RECYCLING_OF_EIF2_GDP,ppgs,-0.003086816059742478,0.005710399108585954,-0.5405604759046089,0.5888148133980595
bmi,alt_log_adj,REACTOME_RECYCLING_OF_EIF2_GDP,bmi,0.2884028178074274,0.005761509663226074,50.05681404098183,0
bmi,alt_log_adj,REACTOME_RECYCLING_PATHWAY_OF_L1,ppgs,0.00903009938829905,0.005707617228562766,1.5821136959061493,0.11363477310733647
bmi,alt_log_adj,REACTOME_RECYCLING_PATHWAY_OF_L1,bmi,0.2884330774913105,0.005761255441036926,50.0642751294842,0
bmi,alt_log_adj,REACTOME_REDUCTION_OF_CYTOSOLIC_CA_LEVELS,ppgs,0.0170767828860977,0.005712407813899263,2.9894194256486686,0.002797478756283524
bmi,alt_log_adj,REACTOME_REDUCTION_OF_CYTOSOLIC_CA_LEVELS,bmi,0.28820269684961686,0.005761026263429172,50.02627720673992,0
bmi,alt_log_adj,REACTOME_REELIN_SIGNALLING_PATHWAY,ppgs,0.0011711996952329046,0.00571301918558619,0.2050053845763048,0.8375693899238303
bmi,alt_log_adj,REACTOME_REELIN_SIGNALLING_PATHWAY,bmi,0.28841394604970744,0.005761494645170735,50.058876005630765,0
bmi,alt_log_adj,REACTOME_REGULATED_NECROSIS,ppgs,0.007123157088986741,0.005705817079869103,1.2484026370418018,0.21189395367909578
bmi,alt_log_adj,REACTOME_REGULATED_NECROSIS,bmi,0.2883917269762497,0.005761368796282741,50.05611290884924,0
bmi,alt_log_adj,REACTOME_REGULATED_PROTEOLYSIS_OF_P75NTR,ppgs,-6.258675952951593e-4,0.005694372446998158,-0.10990984539922241,0.9124816523337635
bmi,alt_log_adj,REACTOME_REGULATED_PROTEOLYSIS_OF_P75NTR,bmi,0.28841715582673383,0.005761542857852268,50.059014215898266,0
bmi,alt_log_adj,REACTOME_REGULATION_BY_C_FLIP,ppgs,0.012675245228671039,0.0057250397092094415,2.214001277280457,0.026836618074720566
bmi,alt_log_adj,REACTOME_REGULATION_BY_C_FLIP,bmi,0.28842888711865966,0.005761003531306264,50.065736906996925,0
bmi,alt_log_adj,REACTOME_REGULATION_OF_APOPTOSIS,ppgs,-0.010326203019211205,0.005678365651140738,-1.8185167447145207,0.06899573682050412
bmi,alt_log_adj,REACTOME_REGULATION_OF_APOPTOSIS,bmi,0.28840883710091747,0.005761162830665827,50.060872358225915,0
bmi,alt_log_adj,REACTOME_REGULATION_OF_BACH1_ACTIVITY,ppgs,0.011784585456009543,0.005761569570827869,2.04537761995925,0.04082685453416338
bmi,alt_log_adj,REACTOME_REGULATION_OF_BACH1_ACTIVITY,bmi,0.2883846839910725,0.005761091489629382,50.05729982073668,0
bmi,alt_log_adj,REACTOME_REGULATION_OF_BETA_CELL_DEVELOPMENT,ppgs,-0.0018141224374772977,0.005671897059101424,-0.3198440342929464,0.7490889220563473
bmi,alt_log_adj,REACTOME_REGULATION_OF_BETA_CELL_DEVELOPMENT,bmi,0.28841946912377253,0.0057615075051223675,50.05972288803724,0
bmi,alt_log_adj,REACTOME_REGULATION_OF_CDH11_FUNCTION,ppgs,0.006404946372352426,0.00568383239183376,1.1268710846496328,0.259806528543935
bmi,alt_log_adj,REACTOME_REGULATION_OF_CDH11_FUNCTION,bmi,0.2884225649456852,0.005761373250007517,50.061426751913515,0
bmi,alt_log_adj,REACTOME_REGULATION_OF_CDH11_GENE_TRANSCRIPTION,ppgs,0.00992165905087844,0.005708980032576906,1.7379039678301387,0.0822385950796164
bmi,alt_log_adj,REACTOME_REGULATION_OF_CDH11_GENE_TRANSCRIPTION,bmi,0.28837265368554954,0.005761241692300971,50.05390662067103,0
bmi,alt_log_adj,REACTOME_REGULATION_OF_CDH11_MRNA_TRANSLATION_BY_MICRORNAS,ppgs,0.00688683634161056,0.005701383666637523,1.2079236803356852,0.22708669663003186
bmi,alt_log_adj,REACTOME_REGULATION_OF_CDH11_MRNA_TRANSLATION_BY_MICRORNAS,bmi,0.288385623856931,0.0057613997260946865,50.0547848729827,0
bmi,alt_log_adj,REACTOME_REGULATION_OF_CDH19_EXPRESSION_AND_FUNCTION,ppgs,0.004522095001525033,0.005705825490173609,0.7925400118375231,0.4280525032171971
bmi,alt_log_adj,REACTOME_REGULATION_OF_CDH19_EXPRESSION_AND_FUNCTION,bmi,0.28846064305270974,0.0057617267585090524,50.06496405382368,0
bmi,alt_log_adj,REACTOME_REGULATION_OF_CHOLESTEROL_BIOSYNTHESIS_BY_SREBP_SREBF,ppgs,0.012406666733233575,0.005727953586561262,2.1659859050432413,0.030320571973752666
bmi,alt_log_adj,REACTOME_REGULATION_OF_CHOLESTEROL_BIOSYNTHESIS_BY_SREBP_SREBF,bmi,0.2885506024793326,0.005761363350372382,50.08373624980315,0
bmi,alt_log_adj,REACTOME_REGULATION_OF_COMMISSURAL_AXON_PATHFINDING_BY_SLIT_AND_ROBO,ppgs,-0.00675128860720167,0.005712611702122808,-1.1818217234496946,0.237286359500355
bmi,alt_log_adj,REACTOME_REGULATION_OF_COMMISSURAL_AXON_PATHFINDING_BY_SLIT_AND_ROBO,bmi,0.2884266831419871,0.005761365086368827,50.06221248231496,0
bmi,alt_log_adj,REACTOME_REGULATION_OF_CYTOSKELETAL_REMODELING_AND_CELL_SPREADING_BY_IPP_COMPLEX_COMPONENTS,ppgs,0.003967406558795307,0.005709359296194798,0.6948952330674869,0.4871266554971423
bmi,alt_log_adj,REACTOME_REGULATION_OF_CYTOSKELETAL_REMODELING_AND_CELL_SPREADING_BY_IPP_COMPLEX_COMPONENTS,bmi,0.2884020644687718,0.00576147724499214,50.056964942359194,0
bmi,alt_log_adj,REACTOME_REGULATION_OF_ENDOGENOUS_RETROELEMENTS,ppgs,0.009550745891772173,0.005734743806606674,1.6654180576941027,0.0958404286422839
bmi,alt_log_adj,REACTOME_REGULATION_OF_ENDOGENOUS_RETROELEMENTS,bmi,0.2884859765711615,0.005761375455185054,50.07241392531246,0
bmi,alt_log_adj,REACTOME_REGULATION_OF_ENDOGENOUS_RETROELEMENTS_BY_KRAB_ZFP_PROTEINS,ppgs,0.007250023166605346,0.005733970763880554,1.2643983489198645,0.20609748021384444
bmi,alt_log_adj,REACTOME_REGULATION_OF_ENDOGENOUS_RETROELEMENTS_BY_KRAB_ZFP_PROTEINS,bmi,0.2884710827350763,0.005761508568743239,50.068671996785845,0
bmi,alt_log_adj,REACTOME_REGULATION_OF_ENDOGENOUS_RETROELEMENTS_BY_PIWI_INTERACTING_RNAS_PIRNAS,ppgs,0.008129230225548515,0.005736125021800328,1.4171989269154897,0.15643576507012494
bmi,alt_log_adj,REACTOME_REGULATION_OF_ENDOGENOUS_RETROELEMENTS_BY_PIWI_INTERACTING_RNAS_PIRNAS,bmi,0.28846399989496324,0.005761399241571805,50.068392728892974,0
bmi,alt_log_adj,REACTOME_REGULATION_OF_ENDOGENOUS_RETROELEMENTS_BY_THE_HUMAN_SILENCING_HUB_HUSH_COMPLEX,ppgs,-0.0013657297366920478,0.005692898648518052,-0.2399005886127216,0.8104090590419888
bmi,alt_log_adj,REACTOME_REGULATION_OF_ENDOGENOUS_RETROELEMENTS_BY_THE_HUMAN_SILENCING_HUB_HUSH_COMPLEX,bmi,0.28840754215525866,0.005761567710359766,50.05712970042485,0
bmi,alt_log_adj,REACTOME_REGULATION_OF_EXPRESSION_OF_SLITS_AND_ROBOS,ppgs,0.0028655667102650078,0.005712047214843098,0.5016706974722934,0.6159030757326225
bmi,alt_log_adj,REACTOME_REGULATION_OF_EXPRESSION_OF_SLITS_AND_ROBOS,bmi,0.2884328147722995,0.005761586522508876,50.06135265789634,0
bmi,alt_log_adj,REACTOME_REGULATION_OF_FOXO_TRANSCRIPTIONAL_ACTIVITY_BY_ACETYLATION,ppgs,-6.677716415545578e-4,0.005685834843502947,-0.11744478338437896,0.9065084296008259
bmi,alt_log_adj,REACTOME_REGULATION_OF_FOXO_TRANSCRIPTIONAL_ACTIVITY_BY_ACETYLATION,bmi,0.2884147891109922,0.005761496745250278,50.059004085832136,0
bmi,alt_log_adj,REACTOME_REGULATION_OF_FZD_BY_UBIQUITINATION,ppgs,0.004328498803062276,0.005694612083984056,0.7601042422601643,0.44719859819646757
bmi,alt_log_adj,REACTOME_REGULATION_OF_FZD_BY_UBIQUITINATION,bmi,0.28836580512350607,0.0057617972132874085,50.047892081050556,0
bmi,alt_log_adj,REACTOME_REGULATION_OF_GENE_EXPRESSION_BY_HYPOXIA_INDUCIBLE_FACTOR,ppgs,-0.005767466752929841,0.005695466608554458,-1.0126416585898756,0.31123999652667633
bmi,alt_log_adj,REACTOME_REGULATION_OF_GENE_EXPRESSION_BY_HYPOXIA_INDUCIBLE_FACTOR,bmi,0.2883896194833999,0.005761446677736738,50.05507047349567,0
bmi,alt_log_adj,REACTOME_REGULATION_OF_GENE_EXPRESSION_IN_BETA_CELLS,ppgs,-2.4777818251102383e-5,0.005716953605906736,-0.004334094687335232,0.9965419340862856
bmi,alt_log_adj,REACTOME_REGULATION_OF_GENE_EXPRESSION_IN_BETA_CELLS,bmi,0.28841460184146517,0.0057614998928237435,50.058944234417325,0
bmi,alt_log_adj,REACTOME_REGULATION_OF_GENE_EXPRESSION_IN_EARLY_PANCREATIC_PRECURSOR_CELLS,ppgs,3.6185123008171415e-4,0.0056546517527776285,0.06399177984815223,0.9489772233051641
bmi,alt_log_adj,REACTOME_REGULATION_OF_GENE_EXPRESSION_IN_EARLY_PANCREATIC_PRECURSOR_CELLS,bmi,0.2884126583231033,0.0057615792948853585,50.057917033118265,0
bmi,alt_log_adj,REACTOME_REGULATION_OF_GENE_EXPRESSION_IN_ENDOCRINE_COMMITTED_NEUROG3_PROGENITOR_CELLS,ppgs,-0.0016842596266411275,0.005713580235261251,-0.2947818280815856,0.7681627075587742
bmi,alt_log_adj,REACTOME_REGULATION_OF_GENE_EXPRESSION_IN_ENDOCRINE_COMMITTED_NEUROG3_PROGENITOR_CELLS,bmi,0.2884126521366554,0.00576149301780823,50.0586655655399,0
bmi,alt_log_adj,REACTOME_REGULATION_OF_GENE_EXPRESSION_IN_LATE_STAGE_BRANCHING_MORPHOGENESIS_PANCREATIC_BUD_PRECURSOR_CELLS,ppgs,-0.001226622031928239,0.005704994104812522,-0.21500846616011507,0.829762264503797
bmi,alt_log_adj,REACTOME_REGULATION_OF_GENE_EXPRESSION_IN_LATE_STAGE_BRANCHING_MORPHOGENESIS_PANCREATIC_BUD_PRECURSOR_CELLS,bmi,0.2884056520122507,0.00576164432570076,50.05613601064716,0
bmi,alt_log_adj,REACTOME_REGULATION_OF_GLUCOKINASE_BY_GLUCOKINASE_REGULATORY_PROTEIN,ppgs,-0.004359893002685327,0.00568642778100472,-0.7667191373201593,0.4432549074838418
bmi,alt_log_adj,REACTOME_REGULATION_OF_GLUCOKINASE_BY_GLUCOKINASE_REGULATORY_PROTEIN,bmi,0.28842746626999705,0.005761462589922408,50.06150118452499,0
bmi,alt_log_adj,REACTOME_REGULATION_OF_GLYCOLYSIS_BY_FRUCTOSE_2_6_BISPHOSPHATE_METABOLISM,ppgs,0.004567195191665863,0.005702247327276451,0.800946526787585,0.42316931569705785
bmi,alt_log_adj,REACTOME_REGULATION_OF_GLYCOLYSIS_BY_FRUCTOSE_2_6_BISPHOSPHATE_METABOLISM,bmi,0.28839566199714395,0.005761481415344061,50.055817455053216,0
bmi,alt_log_adj,REACTOME_REGULATION_OF_HMOX1_EXPRESSION_AND_ACTIVITY,ppgs,0.011261832801692821,0.005762238786938657,1.9544196653599581,0.050661423053467415
bmi,alt_log_adj,REACTOME_REGULATION_OF_HMOX1_EXPRESSION_AND_ACTIVITY,bmi,0.28838419951599487,0.005761130886827196,50.056873412715596,0
bmi,alt_log_adj,REACTOME_REGULATION_OF_HOMOTYPIC_CELL_CELL_ADHESION,ppgs,0.010558269030195536,0.005711339676761176,1.8486501640159825,0.06451874995183819
bmi,alt_log_adj,REACTOME_REGULATION_OF_HOMOTYPIC_CELL_CELL_ADHESION,bmi,0.2883832958039707,0.005761175646594976,50.05632764805804,0
bmi,alt_log_adj,REACTOME_REGULATION_OF_HSF1_MEDIATED_HEAT_SHOCK_RESPONSE,ppgs,-0.004676859817905343,0.005684489417816913,-0.8227405267475116,0.41066248396213645
bmi,alt_log_adj,REACTOME_REGULATION_OF_HSF1_MEDIATED_HEAT_SHOCK_RESPONSE,bmi,0.2884335715687054,0.00576147522420265,50.06245108146286,0
bmi,alt_log_adj,REACTOME_REGULATION_OF_IFNA_IFNB_SIGNALING,ppgs,0.012461292509971779,0.005723932337971162,2.1770509807229246,0.029484984863140194
bmi,alt_log_adj,REACTOME_REGULATION_OF_IFNA_IFNB_SIGNALING,bmi,0.28852061008183216,0.0057612221134394756,50.07975814867239,0
bmi,alt_log_adj,REACTOME_REGULATION_OF_IFNG_SIGNALING,ppgs,0.002017008119893024,0.005726669613507001,0.3522131109389795,0.7246810632133269
bmi,alt_log_adj,REACTOME_REGULATION_OF_IFNG_SIGNALING,bmi,0.2884341071675733,0.005761750955822841,50.06014827421185,0
bmi,alt_log_adj,REACTOME_REGULATION_OF_INNATE_IMMUNE_RESPONSES_TO_CYTOSOLIC_DNA,ppgs,9.589657045409728e-4,0.005713405411714406,0.16784485528976642,0.8667065308987005
bmi,alt_log_adj,REACTOME_REGULATION_OF_INNATE_IMMUNE_RESPONSES_TO_CYTOSOLIC_DNA,bmi,0.28841045035140417,0.00576154872351999,50.057799420153344,0
bmi,alt_log_adj,REACTOME_REGULATION_OF_INSULIN_LIKE_GROWTH_FACTOR_IGF_TRANSPORT_AND_UPTAKE_BY_INSULIN_LIKE_GROWTH_FACTOR_BINDING_PROTEINS_IGFBPS,ppgs,-3.2637150548747723e-4,0.005736126573746174,-0.056897542495184014,0.9546272129393133
bmi,alt_log_adj,REACTOME_REGULATION_OF_INSULIN_LIKE_GROWTH_FACTOR_IGF_TRANSPORT_AND_UPTAKE_BY_INSULIN_LIKE_GROWTH_FACTOR_BINDING_PROTEINS_IGFBPS,bmi,0.2884150743720508,0.00576150312260708,50.05899818753252,0
bmi,alt_log_adj,REACTOME_REGULATION_OF_INSULIN_SECRETION,ppgs,0.00506695898897531,0.005691518731290861,0.8902648358369019,0.3733312528778917
bmi,alt_log_adj,REACTOME_REGULATION_OF_INSULIN_SECRETION,bmi,0.28844235284133396,0.005761501635456772,50.063745719733056,0
bmi,alt_log_adj,REACTOME_REGULATION_OF_KIT_SIGNALING,ppgs,0.0030725112846680283,0.005698304278080513,0.5391974760784468,0.5897548361057836
bmi,alt_log_adj,REACTOME_REGULATION_OF_KIT_SIGNALING,bmi,0.2884059746254618,0.005761490750334037,50.05752627629242,0
bmi,alt_log_adj,REACTOME_REGULATION_OF_LIPID_METABOLISM_BY_PPARALPHA,ppgs,0.01624248787676682,0.005757659376445619,2.821022713364091,0.00479040752149143
bmi,alt_log_adj,REACTOME_REGULATION_OF_LIPID_METABOLISM_BY_PPARALPHA,bmi,0.2887381962581602,0.0057618312452040075,50.11222716710041,0
bmi,alt_log_adj,REACTOME_REGULATION_OF_LOCALIZATION_OF_FOXO_TRANSCRIPTION_FACTORS,ppgs,0.010461979626652794,0.005688522539799117,1.8391382917896013,0.06590529989931278
bmi,alt_log_adj,REACTOME_REGULATION_OF_LOCALIZATION_OF_FOXO_TRANSCRIPTION_FACTORS,bmi,0.2883705248444891,0.005761204183920839,50.05386298394235,0
bmi,alt_log_adj,REACTOME_REGULATION_OF_MECP2_EXPRESSION_AND_ACTIVITY,ppgs,-7.108198344409389e-4,0.005721114030593453,-0.12424500379469018,0.9011221712783204
bmi,alt_log_adj,REACTOME_REGULATION_OF_MECP2_EXPRESSION_AND_ACTIVITY,bmi,0.2884188076240798,0.005761594881910325,50.058848901304756,0
bmi,alt_log_adj,REACTOME_REGULATION_OF_MITF_M_DEPENDENT_GENES_INVOLVED_IN_APOPTOSIS,ppgs,0.003143857021834145,0.0056597216101734035,0.5554790921488139,0.5785713903841765
bmi,alt_log_adj,REACTOME_REGULATION_OF_MITF_M_DEPENDENT_GENES_INVOLVED_IN_APOPTOSIS,bmi,0.288404261763883,0.005761496807009159,50.0571763596266,0
bmi,alt_log_adj,REACTOME_REGULATION_OF_MITF_M_DEPENDENT_GENES_INVOLVED_IN_CELL_CYCLE_AND_PROLIFERATION,ppgs,0.003728494949167684,0.005656964250406597,0.6590981989853828,0.5098380655563599
bmi,alt_log_adj,REACTOME_REGULATION_OF_MITF_M_DEPENDENT_GENES_INVOLVED_IN_CELL_CYCLE_AND_PROLIFERATION,bmi,0.28839689674512226,0.005761516595706544,50.05572611906287,0
bmi,alt_log_adj,REACTOME_REGULATION_OF_MITF_M_DEPENDENT_GENES_INVOLVED_IN_DNA_REPLICATION_DAMAGE_REPAIR_AND_SENESCENCE,ppgs,0.0014254202096363315,0.005656218580601716,0.2520093927283647,0.8010356305870537
bmi,alt_log_adj,REACTOME_REGULATION_OF_MITF_M_DEPENDENT_GENES_INVOLVED_IN_DNA_REPLICATION_DAMAGE_REPAIR_AND_SENESCENCE,bmi,0.28840923224764664,0.00576153121688473,50.057740102567735,0
bmi,alt_log_adj,REACTOME_REGULATION_OF_MITF_M_DEPENDENT_GENES_INVOLVED_IN_EXTRACELLULAR_MATRIX_FOCAL_ADHESION_AND_EPITHELIAL_TO_MESENCHYMAL_TRANSITION,ppgs,0.0014310570329158494,0.00565675990765082,0.25298175214760865,0.8002841486258686
bmi,alt_log_adj,REACTOME_REGULATION_OF_MITF_M_DEPENDENT_GENES_INVOLVED_IN_EXTRACELLULAR_MATRIX_FOCAL_ADHESION_AND_EPITHELIAL_TO_MESENCHYMAL_TRANSITION,bmi,0.28840948362290175,0.005761527273616322,50.057817992741455,0
bmi,alt_log_adj,REACTOME_REGULATION_OF_MITF_M_DEPENDENT_GENES_INVOLVED_IN_LYSOSOME_BIOGENESIS_AND_AUTOPHAGY,ppgs,0.001330165587046198,0.005656206232340972,0.2351692163274735,0.8140790964344704
bmi,alt_log_adj,REACTOME_REGULATION_OF_MITF_M_DEPENDENT_GENES_INVOLVED_IN_LYSOSOME_BIOGENESIS_AND_AUTOPHAGY,bmi,0.28840974215455745,0.005761529722237642,50.05784159047017,0
bmi,alt_log_adj,REACTOME_REGULATION_OF_MITF_M_DEPENDENT_GENES_INVOLVED_IN_PIGMENTATION,ppgs,0.002593731036390718,0.005658141842231453,0.4584068601871254,0.6466636778994186
bmi,alt_log_adj,REACTOME_REGULATION_OF_MITF_M_DEPENDENT_GENES_INVOLVED_IN_PIGMENTATION,bmi,0.2884042775975022,0.005761520812301815,50.05697054529606,0
bmi,alt_log_adj,REACTOME_REGULATION_OF_MRNA_STABILITY_BY_PROTEINS_THAT_BIND_AU_RICH_ELEMENTS,ppgs,-0.006851857424356695,0.005688458635085282,-1.2045191613235615,0.22839903645192414
bmi,alt_log_adj,REACTOME_REGULATION_OF_MRNA_STABILITY_BY_PROTEINS_THAT_BIND_AU_RICH_ELEMENTS,bmi,0.288392171786364,0.0057613806928448735,50.05608675443399,0
bmi,alt_log_adj,REACTOME_REGULATION_OF_NFE2L2_GENE_EXPRESSION,ppgs,-0.004368487915432467,0.005705547654126673,-0.7656561964341589,0.4438872716815513
bmi,alt_log_adj,REACTOME_REGULATION_OF_NFE2L2_GENE_EXPRESSION,bmi,0.2884075483917707,0.0057614458092612175,50.05818989535073,0
bmi,alt_log_adj,REACTOME_REGULATION_OF_NF_KAPPA_B_SIGNALING,ppgs,0.007013379447206633,0.005759299143364037,1.2177487698807188,0.22332959326820168
bmi,alt_log_adj,REACTOME_REGULATION_OF_NF_KAPPA_B_SIGNALING,bmi,0.2884063263114801,0.005761351315812425,50.058798796027084,0
bmi,alt_log_adj,REACTOME_REGULATION_OF_NPAS4_GENE_EXPRESSION,ppgs,0.008095212008965812,0.005763184892541213,1.4046420789731626,0.16013869363464375
bmi,alt_log_adj,REACTOME_REGULATION_OF_NPAS4_GENE_EXPRESSION,bmi,0.28840235478549175,0.005761304108780004,50.05851962335711,0
bmi,alt_log_adj,REACTOME_REGULATION_OF_NPAS4_GENE_TRANSCRIPTION,ppgs,0.002725475647052784,0.0057251174331424135,0.47605585018660823,0.6340382579027783
bmi,alt_log_adj,REACTOME_REGULATION_OF_NPAS4_GENE_TRANSCRIPTION,bmi,0.2884215278020333,0.005761493203087993,50.06020447050909,0
bmi,alt_log_adj,REACTOME_REGULATION_OF_NPAS4_MRNA_TRANSLATION,ppgs,0.006627026907063853,0.0057543631517791806,1.1516525343060517,0.249473596737753
bmi,alt_log_adj,REACTOME_REGULATION_OF_NPAS4_MRNA_TRANSLATION,bmi,0.288406630098066,0.005761367380569632,50.05871194236375,0
bmi,alt_log_adj,REACTOME_REGULATION_OF_ORNITHINE_DECARBOXYLASE_ODC,ppgs,-0.011839434124244742,0.0056827598851790714,-2.0833951043968253,0.03722416078195427
bmi,alt_log_adj,REACTOME_REGULATION_OF_ORNITHINE_DECARBOXYLASE_ODC,bmi,0.28834937344905887,0.005761142075657014,50.0507312026626,0
bmi,alt_log_adj,REACTOME_REGULATION_OF_PLK1_ACTIVITY_AT_G2_M_TRANSITION,ppgs,0.004392133416833798,0.005695456877786287,0.7711643703184238,0.44061593739776583
bmi,alt_log_adj,REACTOME_REGULATION_OF_PLK1_ACTIVITY_AT_G2_M_TRANSITION,bmi,0.28844142700155806,0.005761542390580765,50.06323089336553,0
bmi,alt_log_adj,REACTOME_REGULATION_OF_PTEN_GENE_TRANSCRIPTION,ppgs,0.010163001002524449,0.005740118182350998,1.7705212122238845,0.07665109855023912
bmi,alt_log_adj,REACTOME_REGULATION_OF_PTEN_GENE_TRANSCRIPTION,bmi,0.2885440695145511,0.005761643354025932,50.08016841461242,0
bmi,alt_log_adj,REACTOME_REGULATION_OF_PTEN_LOCALIZATION,ppgs,0.009483661951796089,0.005698949758532015,1.6641069589353552,0.09610210867673367
bmi,alt_log_adj,REACTOME_REGULATION_OF_PTEN_LOCALIZATION,bmi,0.2883343465709614,0.005761418542928109,50.04572127898594,0
bmi,alt_log_adj,REACTOME_REGULATION_OF_PTEN_MRNA_TRANSLATION,ppgs,0.0061268939716536824,0.005751009316837639,1.0653597714953338,0.286722227386864
bmi,alt_log_adj,REACTOME_REGULATION_OF_PTEN_MRNA_TRANSLATION,bmi,0.28840112975270193,0.005761396560232486,50.057503721122835,0
bmi,alt_log_adj,REACTOME_REGULATION_OF_PTEN_STABILITY_AND_ACTIVITY,ppgs,-2.114227756739787e-4,0.005701056034757724,-0.037084844349010763,0.9704176172908937
bmi,alt_log_adj,REACTOME_REGULATION_OF_PTEN_STABILITY_AND_ACTIVITY,bmi,0.2884135759231516,0.005761566914511475,50.05818385910498,0
bmi,alt_log_adj,REACTOME_REGULATION_OF_PYRUVATE_DEHYDROGENASE_PDH_COMPLEX,ppgs,0.0017529764766907865,0.005692852260545629,0.30792586852109405,0.7581410035576839
bmi,alt_log_adj,REACTOME_REGULATION_OF_PYRUVATE_DEHYDROGENASE_PDH_COMPLEX,bmi,0.28840915593078187,0.005761515684870179,50.05786180330089,0
bmi,alt_log_adj,REACTOME_REGULATION_OF_PYRUVATE_METABOLISM,ppgs,0.0023295243981263525,0.005725654178314355,0.4068573346517008,0.6841158452156262
bmi,alt_log_adj,REACTOME_REGULATION_OF_PYRUVATE_METABOLISM,bmi,0.2884163857540483,0.005761482781212777,50.0594025368826,0
bmi,alt_log_adj,REACTOME_REGULATION_OF_RAS_BY_GAPS,ppgs,-0.007193698416590944,0.005684969252743326,-1.2653891510705302,0.20574226246528873
bmi,alt_log_adj,REACTOME_REGULATION_OF_RAS_BY_GAPS,bmi,0.2884327862369331,0.005761353150159387,50.06337551603717,0
bmi,alt_log_adj,REACTOME_REGULATION_OF_RUNX1_EXPRESSION_AND_ACTIVITY,ppgs,0.017427693248027547,0.005700543232365995,3.0571986804833386,0.0022362411152033407
bmi,alt_log_adj,REACTOME_REGULATION_OF_RUNX1_EXPRESSION_AND_ACTIVITY,bmi,0.2885223151716692,0.005760656147351927,50.08497431395864,0
bmi,alt_log_adj,REACTOME_REGULATION_OF_RUNX2_EXPRESSION_AND_ACTIVITY,ppgs,-0.008775589980432583,0.0056784866816720556,-1.5454099784642925,0.1222582905058469
bmi,alt_log_adj,REACTOME_REGULATION_OF_RUNX2_EXPRESSION_AND_ACTIVITY,bmi,0.2883729691577359,0.005761318341217743,50.05329545750875,0
bmi,alt_log_adj,REACTOME_REGULATION_OF_RUNX3_EXPRESSION_AND_ACTIVITY,ppgs,-0.007915951710334745,0.005683583603079671,-1.3927747462086169,0.16369883963692045
bmi,alt_log_adj,REACTOME_REGULATION_OF_RUNX3_EXPRESSION_AND_ACTIVITY,bmi,0.2883982808046952,0.005761312809624157,50.05773689686345,0
bmi,alt_log_adj,REACTOME_REGULATION_OF_SIGNALING_BY_CBL,ppgs,-1.2607777523685894e-4,0.005728792467479019,-0.02200774001721519,0.9824419362824343
bmi,alt_log_adj,REACTOME_REGULATION_OF_SIGNALING_BY_CBL,bmi,0.2884155045391208,0.005761637400769954,50.05790619530804,0
bmi,alt_log_adj,REACTOME_REGULATION_OF_SIGNALING_BY_NODAL,ppgs,0.0053238717696012326,0.0057030676661215364,0.93351018807424,0.35056456331880825
bmi,alt_log_adj,REACTOME_REGULATION_OF_SIGNALING_BY_NODAL,bmi,0.2883565166347816,0.0057617456425744515,50.04672794023909,0
bmi,alt_log_adj,REACTOME_REGULATION_OF_TBK1_IKK_IKBKE_MEDIATED_ACTIVATION_OF_IRF3_IRF7,ppgs,-3.137991712020733e-4,0.005690286749000486,-0.05514646010716296,0.9560221712331478
bmi,alt_log_adj,REACTOME_REGULATION_OF_TBK1_IKK_IKBKE_MEDIATED_ACTIVATION_OF_IRF3_IRF7,bmi,0.28841565531232716,0.00576152811752555,50.05888185028859,0
bmi,alt_log_adj,REACTOME_REGULATION_OF_TBK1_IKK_MEDIATED_ACTIVATION_OF_IRF3_IRF7_UPON_TLR3_LIGATION,ppgs,-7.81994918505013e-4,0.0056925995953014735,-0.13737044129196294,0.8907389695192489
bmi,alt_log_adj,REACTOME_REGULATION_OF_TBK1_IKK_MEDIATED_ACTIVATION_OF_IRF3_IRF7_UPON_TLR3_LIGATION,bmi,0.2884178446296503,0.005761543807204271,50.059125519276755,0
bmi,alt_log_adj,REACTOME_REGULATION_OF_TLR_BY_ENDOGENOUS_LIGAND,ppgs,0.004521020643098895,0.005712865078173313,0.7913753574142679,0.4287316066297143
bmi,alt_log_adj,REACTOME_REGULATION_OF_TLR_BY_ENDOGENOUS_LIGAND,bmi,0.2883921007142097,0.00576150461815319,50.05499775276614,0
bmi,alt_log_adj,REACTOME_REGULATION_OF_TP53_ACTIVITY,ppgs,0.00802606097788884,0.005716249755692843,1.404078079320387,0.16030655515872197
bmi,alt_log_adj,REACTOME_REGULATION_OF_TP53_ACTIVITY,bmi,0.28844581685769405,0.00576134048777188,50.06574728049904,0
bmi,alt_log_adj,REACTOME_REGULATION_OF_TP53_ACTIVITY_THROUGH_ACETYLATION,ppgs,0.00600176568378492,0.0057323477914260745,1.046999571931385,0.295108702111789
bmi,alt_log_adj,REACTOME_REGULATION_OF_TP53_ACTIVITY_THROUGH_ACETYLATION,bmi,0.28844656000439095,0.0057614673336911,50.06477400603378,0
bmi,alt_log_adj,REACTOME_REGULATION_OF_TP53_ACTIVITY_THROUGH_ASSOCIATION_WITH_CO_FACTORS,ppgs,0.007291899183056739,0.005689983895038807,1.281532481913467,0.20001717997682825
bmi,alt_log_adj,REACTOME_REGULATION_OF_TP53_ACTIVITY_THROUGH_ASSOCIATION_WITH_CO_FACTORS,bmi,0.28839374708169263,0.005761354117752922,50.05659106997813,0
bmi,alt_log_adj,REACTOME_REGULATION_OF_TP53_ACTIVITY_THROUGH_METHYLATION,ppgs,0.004781106428513196,0.005695309218368672,0.8394814478365874,0.40120627467639447
bmi,alt_log_adj,REACTOME_REGULATION_OF_TP53_ACTIVITY_THROUGH_METHYLATION,bmi,0.28840792732673715,0.005761431879962324,50.05837669100813,0
bmi,alt_log_adj,REACTOME_REGULATION_OF_TP53_ACTIVITY_THROUGH_PHOSPHORYLATION,ppgs,0.005948536244604456,0.005705545199164284,1.0425885760182505,0.29714777313742413
bmi,alt_log_adj,REACTOME_REGULATION_OF_TP53_ACTIVITY_THROUGH_PHOSPHORYLATION,bmi,0.288382026302858,0.005761472346095163,50.053529545847574,0
bmi,alt_log_adj,REACTOME_REGULATION_OF_TP53_EXPRESSION_AND_DEGRADATION,ppgs,0.002707942500284607,0.005693196768857224,0.4756453377999375,0.6343307347447771
bmi,alt_log_adj,REACTOME_REGULATION_OF_TP53_EXPRESSION_AND_DEGRADATION,bmi,0.2884055280266527,0.005761506706913856,50.05731012697836,0
bmi,alt_log_adj,REACTOME_REGULATION_OF_T_CELL_ACTIVATION_BY_CD28_FAMILY,ppgs,0.019855084449913216,0.005702803758814061,3.4816355760490385,4.991115150457761e-4
bmi,alt_log_adj,REACTOME_REGULATION_OF_T_CELL_ACTIVATION_BY_CD28_FAMILY,bmi,0.28816898963317256,0.005760698615963107,50.02327128078628,0
bmi,alt_log_adj,REACTOME_RELAXIN_RECEPTORS,ppgs,0.001958562459501804,0.0057410959298458165,0.34114783717860697,0.7329948183334583
bmi,alt_log_adj,REACTOME_RELAXIN_RECEPTORS,bmi,0.2883913464351048,0.005761890111087824,50.051517969796464,0
bmi,alt_log_adj,REACTOME_RELEASE_OF_HH_NP_FROM_THE_SECRETING_CELL,ppgs,-0.01307593791187147,0.005729897277158707,-2.2820545080269667,0.02249349750926959
bmi,alt_log_adj,REACTOME_RELEASE_OF_HH_NP_FROM_THE_SECRETING_CELL,bmi,0.28839901960243525,0.0057609729018857116,50.060818634997396,0
bmi,alt_log_adj,REACTOME_REMOVAL_OF_AMINOTERMINAL_PROPEPTIDES_FROM_GAMMA_CARBOXYLATED_PROTEINS,ppgs,-0.0010715657583447481,0.005720774420391167,-0.18731131130170978,0.8514178952935657
bmi,alt_log_adj,REACTOME_REMOVAL_OF_AMINOTERMINAL_PROPEPTIDES_FROM_GAMMA_CARBOXYLATED_PROTEINS,bmi,0.2884109335820832,0.005761528060904948,50.05806281481223,0
bmi,alt_log_adj,REACTOME_REPLACEMENT_OF_PROTAMINES_BY_NUCLEOSOMES_IN_THE_MALE_PRONUCLEUS,ppgs,0.0046680151440351095,0.005729262223744017,0.8147672355943603,0.41521240321699915
bmi,alt_log_adj,REACTOME_REPLACEMENT_OF_PROTAMINES_BY_NUCLEOSOMES_IN_THE_MALE_PRONUCLEUS,bmi,0.2884007603246172,0.0057614556345982676,50.05692634214421,0
bmi,alt_log_adj,REACTOME_REPRESSION_OF_WNT_TARGET_GENES,ppgs,0.007487498519960055,0.005696499170005726,1.3144035128425249,0.1887210830545
bmi,alt_log_adj,REACTOME_REPRESSION_OF_WNT_TARGET_GENES,bmi,0.28837658840464153,0.005761395085365034,50.05325691639673,0
bmi,alt_log_adj,REACTOME_REPRODUCTION,ppgs,3.700872922603231e-5,0.005708559067643766,0.006483024663053514,0.9948273765653317
bmi,alt_log_adj,REACTOME_REPRODUCTION,bmi,0.28841487839835867,0.005761633448636894,50.05783185783761,0
bmi,alt_log_adj,REACTOME_RESOLUTION_OF_ABASIC_SITES_AP_SITES,ppgs,6.021961839782759e-4,0.005683723593135267,0.10595099745976408,0.9156219812650903
bmi,alt_log_adj,REACTOME_RESOLUTION_OF_ABASIC_SITES_AP_SITES,bmi,0.2884132966763462,0.005761510414975921,50.0586262808225,0
bmi,alt_log_adj,REACTOME_RESOLUTION_OF_AP_SITES_VIA_THE_MULTIPLE_NUCLEOTIDE_PATCH_REPLACEMENT_PATHWAY,ppgs,-9.836060363283112e-4,0.005680088051535939,-0.1731673923720842,0.8625210898222325
bmi,alt_log_adj,REACTOME_RESOLUTION_OF_AP_SITES_VIA_THE_MULTIPLE_NUCLEOTIDE_PATCH_REPLACEMENT_PATHWAY,bmi,0.2884159362699859,0.00576149992151905,50.05917559640329,0
bmi,alt_log_adj,REACTOME_RESOLUTION_OF_D_LOOP_STRUCTURES,ppgs,0.0013582478137511528,0.005818711852047641,0.2334275778363517,0.8154310859595663
bmi,alt_log_adj,REACTOME_RESOLUTION_OF_D_LOOP_STRUCTURES,bmi,0.28842062553083453,0.005761549834057899,50.05955582053829,0
bmi,alt_log_adj,REACTOME_RESOLUTION_OF_D_LOOP_STRUCTURES_THROUGH_SYNTHESIS_DEPENDENT_STRAND_ANNEALING_SDSA,ppgs,0.0022105999703779674,0.005810336886577127,0.3804598620580558,0.7036069363569403
bmi,alt_log_adj,REACTOME_RESOLUTION_OF_D_LOOP_STRUCTURES_THROUGH_SYNTHESIS_DEPENDENT_STRAND_ANNEALING_SDSA,bmi,0.28842467015266565,0.005761543792180999,50.06031031892655,0
bmi,alt_log_adj,REACTOME_RESOLUTION_OF_SISTER_CHROMATID_COHESION,ppgs,0.009876555772271024,0.005694556965981885,1.7343852790079266,0.08286061520754559
bmi,alt_log_adj,REACTOME_RESOLUTION_OF_SISTER_CHROMATID_COHESION,bmi,0.28844068827559544,0.005761211924472043,50.06597432223918,0
bmi,alt_log_adj,REACTOME_RESPIRATORY_ELECTRON_TRANSPORT,ppgs,-9.401290792303902e-4,0.005700760223636974,-0.1649129313196418,0.8690136898664447
bmi,alt_log_adj,REACTOME_RESPIRATORY_ELECTRON_TRANSPORT,bmi,0.28841605191317377,0.005761501730320647,50.05917995222444,0
bmi,alt_log_adj,REACTOME_RESPIRATORY_SYNCYTIAL_VIRUS_INFECTION_PATHWAY,ppgs,-0.013646434930480974,0.005694693529857028,-2.3963422893494295,0.016566056511088105
bmi,alt_log_adj,REACTOME_RESPIRATORY_SYNCYTIAL_VIRUS_INFECTION_PATHWAY,bmi,0.288287518015885,0.005761158697027067,50.039850171919426,0
bmi,alt_log_adj,REACTOME_RESPIRATORY_SYNCYTIAL_VIRUS_RSV_ATTACHMENT_AND_ENTRY,ppgs,-0.013642501737888304,0.005697849510620345,-2.39432468556071,0.016657456403806874
bmi,alt_log_adj,REACTOME_RESPIRATORY_SYNCYTIAL_VIRUS_RSV_ATTACHMENT_AND_ENTRY,bmi,0.2883022479088399,0.00576110668797778,50.0428586942273,0
bmi,alt_log_adj,REACTOME_RESPIRATORY_SYNCYTIAL_VIRUS_RSV_GENOME_REPLICATION_TRANSCRIPTION_AND_TRANSLATION,ppgs,0.010038311569330705,0.005706503721546908,1.7591001529408516,0.07857128542861908
bmi,alt_log_adj,REACTOME_RESPIRATORY_SYNCYTIAL_VIRUS_RSV_GENOME_REPLICATION_TRANSCRIPTION_AND_TRANSLATION,bmi,0.28845704917669307,0.005761234034012675,50.068622012875245,0
bmi,alt_log_adj,REACTOME_RESPONSE_OF_EIF2AK1_HRI_TO_HEME_DEFICIENCY,ppgs,0.005016983921337605,0.005704568895679108,0.8794676711044177,0.37915520915343737
bmi,alt_log_adj,REACTOME_RESPONSE_OF_EIF2AK1_HRI_TO_HEME_DEFICIENCY,bmi,0.28840747582916976,0.005761425106332853,50.0583571783581,0
bmi,alt_log_adj,REACTOME_RESPONSE_OF_EIF2AK4_GCN2_TO_AMINO_ACID_DEFICIENCY,ppgs,0.006995668443948183,0.00569738168328569,1.2278742820533255,0.21950435991860423
bmi,alt_log_adj,REACTOME_RESPONSE_OF_EIF2AK4_GCN2_TO_AMINO_ACID_DEFICIENCY,bmi,0.28837513847133794,0.005761434509049893,50.05266275584088,0
bmi,alt_log_adj,REACTOME_RESPONSE_OF_MTB_TO_PHAGOCYTOSIS,ppgs,0.008929971358082506,0.00569009288579929,1.569389382090572,0.11656839731056061
bmi,alt_log_adj,REACTOME_RESPONSE_OF_MTB_TO_PHAGOCYTOSIS,bmi,0.2884141702184741,0.005761247713503474,50.061060478700796,0
bmi,alt_log_adj,REACTOME_RESPONSE_TO_ELEVATED_PLATELET_CYTOSOLIC_CA2,ppgs,0.008923712355216338,0.005712885152068044,1.5620325138141427,0.11829149182455173
bmi,alt_log_adj,REACTOME_RESPONSE_TO_ELEVATED_PLATELET_CYTOSOLIC_CA2,bmi,0.28849060486282124,0.005761455396633104,50.07252247954748,0
bmi,alt_log_adj,REACTOME_RESPONSE_TO_METAL_IONS,ppgs,0.009116467723347899,0.0058471423596303945,1.5591321645064518,0.11897626491129658
bmi,alt_log_adj,REACTOME_RESPONSE_TO_METAL_IONS,bmi,0.28845295443080143,0.005761303424875336,50.06730823885448,0
bmi,alt_log_adj,REACTOME_RETINOID_CYCLE_DISEASE_EVENTS,ppgs,-6.862049962477118e-4,0.0057095545972910295,-0.12018538128583452,0.9043371495694845
bmi,alt_log_adj,REACTOME_RETINOID_CYCLE_DISEASE_EVENTS,bmi,0.288410511980578,0.00576159800406055,50.05738195849788,0
bmi,alt_log_adj,REACTOME_RETROGRADE_NEUROTROPHIN_SIGNALLING,ppgs,-0.004351564501209686,0.005713278538288914,-0.7616580343574407,0.4462704641078843
bmi,alt_log_adj,REACTOME_RETROGRADE_NEUROTROPHIN_SIGNALLING,bmi,0.2883845002113062,0.00576157475411587,50.05306925945798,0
bmi,alt_log_adj,REACTOME_RETROGRADE_TRANSPORT_AT_THE_TRANS_GOLGI_NETWORK,ppgs,-0.001112927994428216,0.005689089790663105,-0.1956249655708978,0.8449051201717986
bmi,alt_log_adj,REACTOME_RETROGRADE_TRANSPORT_AT_THE_TRANS_GOLGI_NETWORK,bmi,0.28842377559642607,0.005761684076757384,50.058936198867045,0
bmi,alt_log_adj,REACTOME_RET_SIGNALING,ppgs,2.940543928783417e-4,0.0057146030919997945,0.051456660794168815,0.9589619982877605
bmi,alt_log_adj,REACTOME_RET_SIGNALING,bmi,0.2884152788077935,0.005761511831434821,50.058958003730744,0
bmi,alt_log_adj,REACTOME_REVERSIBLE_HYDRATION_OF_CARBON_DIOXIDE,ppgs,-0.006089980980623948,0.005662506286446567,-1.0754921359117178,0.28216360413782865
bmi,alt_log_adj,REACTOME_REVERSIBLE_HYDRATION_OF_CARBON_DIOXIDE,bmi,0.28843725202689124,0.005761418858986817,50.06357966440489,0
bmi,alt_log_adj,REACTOME_RHOA_GTPASE_CYCLE,ppgs,3.783629311094755e-6,0.0057118974058341385,6.62411987167373e-4,0.9994714764020888
bmi,alt_log_adj,REACTOME_RHOA_GTPASE_CYCLE,bmi,0.2884146183669274,0.005761500943937977,50.05893797004161,0
bmi,alt_log_adj,REACTOME_RHOBTB1_GTPASE_CYCLE,ppgs,0.003485826216932122,0.00570394812490941,0.6111251611334533,0.5411216236236907
bmi,alt_log_adj,REACTOME_RHOBTB1_GTPASE_CYCLE,bmi,0.2884025478795229,0.005761493897608146,50.056904164951334,0
bmi,alt_log_adj,REACTOME_RHOBTB2_GTPASE_CYCLE,ppgs,0.014951397414712322,0.005703215649576058,2.6215732199822597,0.008757169997267365
bmi,alt_log_adj,REACTOME_RHOBTB2_GTPASE_CYCLE,bmi,0.28832752502867504,0.005760895519455756,50.04908074707003,0
bmi,alt_log_adj,REACTOME_RHOBTB3_ATPASE_CYCLE,ppgs,0.001219744344570339,0.005736745558813623,0.21261956488490072,0.8316252385121823
bmi,alt_log_adj,REACTOME_RHOBTB3_ATPASE_CYCLE,bmi,0.2884048655228125,0.005761676116082391,50.055723319434215,0
bmi,alt_log_adj,REACTOME_RHOBTB_GTPASE_CYCLE,ppgs,0.015218659000570924,0.005703515267800219,2.668294601837822,0.007628074139004776
bmi,alt_log_adj,REACTOME_RHOBTB_GTPASE_CYCLE,bmi,0.2883265574500023,0.005760869154986937,50.04914183833014,0
bmi,alt_log_adj,REACTOME_RHOB_GTPASE_CYCLE,ppgs,-0.0016382015428266716,0.005718904757833646,-0.2864537201083292,0.774532728181919
bmi,alt_log_adj,REACTOME_RHOB_GTPASE_CYCLE,bmi,0.28842117148564533,0.005761534996941818,50.059779492572254,0
bmi,alt_log_adj,REACTOME_RHOC_GTPASE_CYCLE,ppgs,-0.0035171826334638398,0.0057170270910521705,-0.6152118185636465,0.5384197820816724
bmi,alt_log_adj,REACTOME_RHOC_GTPASE_CYCLE,bmi,0.28842162652189773,0.005761470760410763,50.0604166046891,0
bmi,alt_log_adj,REACTOME_RHOD_GTPASE_CYCLE,ppgs,0.005117716367401661,0.005717884661454449,0.895036656108393,0.3707750923351032
bmi,alt_log_adj,REACTOME_RHOD_GTPASE_CYCLE,bmi,0.28842349783322146,0.005761425102761474,50.06113811927867,0
bmi,alt_log_adj,REACTOME_RHOF_GTPASE_CYCLE,ppgs,0.006318135758679063,0.005711146897702115,1.1062814303062614,0.26861411432228594
bmi,alt_log_adj,REACTOME_RHOF_GTPASE_CYCLE,bmi,0.28842952662551696,0.005761389362666757,50.062495080529054,0
bmi,alt_log_adj,REACTOME_RHOG_GTPASE_CYCLE,ppgs,-0.0020726568064631493,0.005698911929981207,-0.3636934263818294,0.7160896647638446
bmi,alt_log_adj,REACTOME_RHOG_GTPASE_CYCLE,bmi,0.2884099826027811,0.005761498653718275,50.05815325785959,0
bmi,alt_log_adj,REACTOME_RHOH_GTPASE_CYCLE,ppgs,0.0010298017733270843,0.005710573973788096,0.1803324460998038,0.8568928738849502
bmi,alt_log_adj,REACTOME_RHOH_GTPASE_CYCLE,bmi,0.2884030786902533,0.005761850259726738,50.05390034275745,0
bmi,alt_log_adj,REACTOME_RHOJ_GTPASE_CYCLE,ppgs,-0.009063814733763663,0.005692400386909844,-1.5922658487984562,0.11133613231419241
bmi,alt_log_adj,REACTOME_RHOJ_GTPASE_CYCLE,bmi,0.28845309977912015,0.005761291037413169,50.067441117960975,0
bmi,alt_log_adj,REACTOME_RHOQ_GTPASE_CYCLE,ppgs,-9.055275798296985e-4,0.0058210311009513115,-0.15556137119447982,0.8763798830691112
bmi,alt_log_adj,REACTOME_RHOQ_GTPASE_CYCLE,bmi,0.2884030324276036,0.005761977201012921,50.052789583565875,0
bmi,alt_log_adj,REACTOME_RHOT1_GTPASE_CYCLE,ppgs,0.004246387486858543,0.005717374855353187,0.7427162980021581,0.4576596144265014
bmi,alt_log_adj,REACTOME_RHOT1_GTPASE_CYCLE,bmi,0.2883966077993853,0.005761492971959201,50.055881210476564,0
bmi,alt_log_adj,REACTOME_RHOU_GTPASE_CYCLE,ppgs,0.007381689005975159,0.005689528865728814,1.2974165664997612,0.1944984529903159
bmi,alt_log_adj,REACTOME_RHOU_GTPASE_CYCLE,bmi,0.288417889481265,0.00576132747830811,50.06101294661395,0
bmi,alt_log_adj,REACTOME_RHOV_GTPASE_CYCLE,ppgs,0.006480886564926031,0.00568423161209278,1.140151740322901,0.254232721706789
bmi,alt_log_adj,REACTOME_RHOV_GTPASE_CYCLE,bmi,0.28842350727483346,0.005761371149549,50.06160856299133,0
bmi,alt_log_adj,REACTOME_RHO_GTPASES_ACTIVATE_CIT,ppgs,0.008566255498189025,0.005734725510534361,1.4937516159148867,0.13525168152624412
bmi,alt_log_adj,REACTOME_RHO_GTPASES_ACTIVATE_CIT,bmi,0.2884299041267419,0.005761280330403813,50.063508037375016,0
bmi,alt_log_adj,REACTOME_RHO_GTPASES_ACTIVATE_FORMINS,ppgs,0.017285392398305767,0.0056983231483266434,3.033417366542604,0.0024201967052836304
bmi,alt_log_adj,REACTOME_RHO_GTPASES_ACTIVATE_FORMINS,bmi,0.28834596789884054,0.005760607615914532,50.05478364855854,0
bmi,alt_log_adj,REACTOME_RHO_GTPASES_ACTIVATE_IQGAPS,ppgs,0.017392238973182334,0.005702330903488873,3.0500227481609654,0.002290352175677276
bmi,alt_log_adj,REACTOME_RHO_GTPASES_ACTIVATE_IQGAPS,bmi,0.2883702675688338,0.0057605712511877285,50.05931790347649,0
bmi,alt_log_adj,REACTOME_RHO_GTPASES_ACTIVATE_KTN1,ppgs,0.003283573792912706,0.005781647624642382,0.5679304596353376,0.570086686089282
bmi,alt_log_adj,REACTOME_RHO_GTPASES_ACTIVATE_KTN1,bmi,0.28841167855880057,0.0057614675272871655,50.058718059737394,0
bmi,alt_log_adj,REACTOME_RHO_GTPASES_ACTIVATE_NADPH_OXIDASES,ppgs,-0.0010158971513092299,0.005739000242765396,-0.17701639803724933,0.8594967737981584
bmi,alt_log_adj,REACTOME_RHO_GTPASES_ACTIVATE_NADPH_OXIDASES,bmi,0.2884231743981595,0.0057616973464172175,50.058716565095004,0
bmi,alt_log_adj,REACTOME_RHO_GTPASES_ACTIVATE_PAKS,ppgs,0.0020448650208047263,0.005676920286227943,0.36020675255305495,0.7186952088606404
bmi,alt_log_adj,REACTOME_RHO_GTPASES_ACTIVATE_PAKS,bmi,0.2884123730630129,0.005761488170616997,50.05865924256976,0
bmi,alt_log_adj,REACTOME_RHO_GTPASES_ACTIVATE_PKNS,ppgs,-5.931786731259908e-4,0.0057015645678584895,-0.10403787698378886,0.9171400261311619
bmi,alt_log_adj,REACTOME_RHO_GTPASES_ACTIVATE_PKNS,bmi,0.28841149502684515,0.005761575280585616,50.057750004358276,0
bmi,alt_log_adj,REACTOME_RHO_GTPASES_ACTIVATE_RHOTEKIN_AND_RHOPHILINS,ppgs,0.0014970111470501899,0.005697318117429513,0.26275716331697546,0.7927396637397417
bmi,alt_log_adj,REACTOME_RHO_GTPASES_ACTIVATE_RHOTEKIN_AND_RHOPHILINS,bmi,0.2884176258392907,0.005761502295795741,50.05944821887055,0
bmi,alt_log_adj,REACTOME_RHO_GTPASES_ACTIVATE_ROCKS,ppgs,0.003256290666824306,0.005714217733577348,0.569857646076382,0.5687787690117498
bmi,alt_log_adj,REACTOME_RHO_GTPASES_ACTIVATE_ROCKS,bmi,0.28841870294583555,0.005761469423147824,50.05992078809918,0
bmi,alt_log_adj,REACTOME_RHO_GTPASES_ACTIVATE_WASPS_AND_WAVES,ppgs,0.017217521640270093,0.005699084057499045,3.0211032977509262,0.002520799031361791
bmi,alt_log_adj,REACTOME_RHO_GTPASES_ACTIVATE_WASPS_AND_WAVES,bmi,0.28830490118291763,0.00576068521293626,50.046980615343614,0
bmi,alt_log_adj,REACTOME_RHO_GTPASE_CYCLE,ppgs,0.009742116063187582,0.005712299557995177,1.7054630914010984,0.08811904517488665
bmi,alt_log_adj,REACTOME_RHO_GTPASE_CYCLE,bmi,0.28845106497080975,0.0057612420570160895,50.06751358754864,0
bmi,alt_log_adj,REACTOME_RHO_GTPASE_EFFECTORS,ppgs,0.008465165653351496,0.005775503411497854,1.4657017839343789,0.14274063881418197
bmi,alt_log_adj,REACTOME_RHO_GTPASE_EFFECTORS,bmi,0.28847179439767556,0.00576141172710618,50.06963710655827,0
bmi,alt_log_adj,REACTOME_RIBAVIRIN_ADME,ppgs,0.004865115589704535,0.0056949644980451505,0.8542837433621459,0.3929550111728365
bmi,alt_log_adj,REACTOME_RIBAVIRIN_ADME,bmi,0.28840238636152504,0.005761441616261337,50.05733036459589,0
bmi,alt_log_adj,REACTOME_RIPK1_MEDIATED_REGULATED_NECROSIS,ppgs,0.013866299738607778,0.00571157056756386,2.4277560041636903,0.015198743174698737
bmi,alt_log_adj,REACTOME_RIPK1_MEDIATED_REGULATED_NECROSIS,bmi,0.28838380328558716,0.00576091311912454,50.05869682850061,0
bmi,alt_log_adj,REACTOME_RIP_MEDIATED_NFKB_ACTIVATION_VIA_ZBP1,ppgs,1.0058636277426637e-4,0.005737629886452373,0.01753099533515917,0.9860131293120763
bmi,alt_log_adj,REACTOME_RIP_MEDIATED_NFKB_ACTIVATION_VIA_ZBP1,bmi,0.2884146599528617,0.005761498341994467,50.058967795002566,0
bmi,alt_log_adj,REACTOME_RMTS_METHYLATE_HISTONE_ARGININES,ppgs,0.012367152224988312,0.005707229501009101,2.166927442255768,0.030248687661657735
bmi,alt_log_adj,REACTOME_RMTS_METHYLATE_HISTONE_ARGININES,bmi,0.28834807103306725,0.005761102742894351,50.05084684329073,0
bmi,alt_log_adj,REACTOME_RNA_POLYMERASE_III_CHAIN_ELONGATION,ppgs,0.015818301160704012,0.005731294309830108,2.759987588418385,0.005784067441290475
bmi,alt_log_adj,REACTOME_RNA_POLYMERASE_III_CHAIN_ELONGATION,bmi,0.28861794677991637,0.005761195075885767,50.09688840219357,0
bmi,alt_log_adj,REACTOME_RNA_POLYMERASE_III_TRANSCRIPTION,ppgs,-0.00797562738776205,0.005725885466355188,-1.3929072515729057,0.163658761983472
bmi,alt_log_adj,REACTOME_RNA_POLYMERASE_III_TRANSCRIPTION,bmi,0.2884134706319266,0.005761300884195062,50.060477039678545,0
bmi,alt_log_adj,REACTOME_RNA_POLYMERASE_III_TRANSCRIPTION_INITIATION_FROM_TYPE_1_PROMOTER,ppgs,0.00539276339113286,0.005707575466898836,0.9448431163824756,0.34474702846293936
bmi,alt_log_adj,REACTOME_RNA_POLYMERASE_III_TRANSCRIPTION_INITIATION_FROM_TYPE_1_PROMOTER,bmi,0.2884375562709141,0.00576145838775485,50.06328899015336,0
bmi,alt_log_adj,REACTOME_RNA_POLYMERASE_III_TRANSCRIPTION_INITIATION_FROM_TYPE_3_PROMOTER,ppgs,0.012050906583708589,0.005698679757068481,2.11468394390139,0.034465596922962125
bmi,alt_log_adj,REACTOME_RNA_POLYMERASE_III_TRANSCRIPTION_INITIATION_FROM_TYPE_3_PROMOTER,bmi,0.2885217111475332,0.0057612661700408374,50.079566302260965,0
bmi,alt_log_adj,REACTOME_RNA_POLYMERASE_III_TRANSCRIPTION_TERMINATION,ppgs,-0.00831897898320363,0.005722394679162489,-1.4537583388815065,0.1460243875529676
bmi,alt_log_adj,REACTOME_RNA_POLYMERASE_III_TRANSCRIPTION_TERMINATION,bmi,0.28840666695665657,0.005761285823167214,50.0594269766862,0
bmi,alt_log_adj,REACTOME_RNA_POLYMERASE_II_PRE_TRANSCRIPTION_EVENTS,ppgs,0.014614317997920522,0.005702118858902325,2.5629627090470404,0.010383433491378198
bmi,alt_log_adj,REACTOME_RNA_POLYMERASE_II_PRE_TRANSCRIPTION_EVENTS,bmi,0.2884110404576103,0.005760830755681367,50.064140518826655,0
bmi,alt_log_adj,REACTOME_RNA_POLYMERASE_II_TRANSCRIBES_SNRNA_GENES,ppgs,0.0021581011984794863,0.005690197944662581,0.37926645425468725,0.7044928483374966
bmi,alt_log_adj,REACTOME_RNA_POLYMERASE_II_TRANSCRIBES_SNRNA_GENES,bmi,0.28842456681596523,0.005761543019418456,50.06029909763262,0
bmi,alt_log_adj,REACTOME_RNA_POLYMERASE_II_TRANSCRIPTION,ppgs,0.011667322601558363,0.005717107667015305,2.0407736360944644,0.04128257559243159
bmi,alt_log_adj,REACTOME_RNA_POLYMERASE_II_TRANSCRIPTION,bmi,0.2884274368073786,0.005761078228967366,50.06483601578818,0
bmi,alt_log_adj,REACTOME_RNA_POLYMERASE_II_TRANSCRIPTION_TERMINATION,ppgs,-0.0016654794142024676,0.005676818709956179,-0.29338252625215927,0.7692319277080394
bmi,alt_log_adj,REACTOME_RNA_POLYMERASE_II_TRANSCRIPTION_TERMINATION,bmi,0.2884315387560359,0.00576177774626106,50.05946974320647,0
bmi,alt_log_adj,REACTOME_RNA_POLYMERASE_I_PROMOTER_ESCAPE,ppgs,0.01588723368337675,0.005694592011210462,2.7898809347712525,0.0052762625477424056
bmi,alt_log_adj,REACTOME_RNA_POLYMERASE_I_PROMOTER_ESCAPE,bmi,0.2884748952781446,0.005760747713256783,50.07594667169657,0
bmi,alt_log_adj,REACTOME_RNA_POLYMERASE_I_TRANSCRIPTION,ppgs,0.00775224426464174,0.005728920913414611,1.3531770436015964,0.17600986748747446
bmi,alt_log_adj,REACTOME_RNA_POLYMERASE_I_TRANSCRIPTION,bmi,0.2884672046639584,0.005761442953997885,50.06856910104265,0
bmi,alt_log_adj,REACTOME_RNA_POLYMERASE_I_TRANSCRIPTION_INITIATION,ppgs,0.007749978537541961,0.005729100079564916,1.3527392487321526,0.17614973556742514
bmi,alt_log_adj,REACTOME_RNA_POLYMERASE_I_TRANSCRIPTION_INITIATION,bmi,0.2884683386408806,0.005761448875864618,50.068714459883196,0
bmi,alt_log_adj,REACTOME_RNA_POLYMERASE_I_TRANSCRIPTION_TERMINATION,ppgs,0.016250949998648363,0.0056927082476048085,2.8546957426609567,0.004310932076375724
bmi,alt_log_adj,REACTOME_RNA_POLYMERASE_I_TRANSCRIPTION_TERMINATION,bmi,0.28847798919800866,0.005760712807799332,50.076787165547145,0
bmi,alt_log_adj,REACTOME_RND1_GTPASE_CYCLE,ppgs,0.007830940354162805,0.00569358047085794,1.375398204037818,0.16901889327163422
bmi,alt_log_adj,REACTOME_RND1_GTPASE_CYCLE,bmi,0.28838339303174704,0.005761350491509721,50.05482541927044,0
bmi,alt_log_adj,REACTOME_RND2_GTPASE_CYCLE,ppgs,0.0061965822223285245,0.005689875390642569,1.0890541175153454,0.27613927919886644
bmi,alt_log_adj,REACTOME_RND2_GTPASE_CYCLE,bmi,0.2883803979031862,0.005761463159495276,50.053326719258116,0
bmi,alt_log_adj,REACTOME_RND3_GTPASE_CYCLE,ppgs,0.005150645099712595,0.005689324396906678,0.9053175281256652,0.36530488687626694
bmi,alt_log_adj,REACTOME_RND3_GTPASE_CYCLE,bmi,0.288398509411185,0.0057614421784191,50.05665256720837,0
bmi,alt_log_adj,REACTOME_ROBO_RECEPTORS_BIND_AKAP5,ppgs,0.0029430552368819554,0.005709880896659482,0.5154319836345037,0.6062552066205064
bmi,alt_log_adj,REACTOME_ROBO_RECEPTORS_BIND_AKAP5,bmi,0.28841088478957855,0.0057614755381492225,50.05851068530714,0
bmi,alt_log_adj,REACTOME_ROLE_OF_ABL_IN_ROBO_SLIT_SIGNALING,ppgs,-0.0018849369352232535,0.005719621486824797,-0.3295562371680056,0.7417377292591957
bmi,alt_log_adj,REACTOME_ROLE_OF_ABL_IN_ROBO_SLIT_SIGNALING,bmi,0.28840091324942396,0.00576163710489255,50.05537627569871,0
bmi,alt_log_adj,REACTOME_ROLE_OF_LAT2_NTAL_LAB_ON_CALCIUM_MOBILIZATION,ppgs,-0.004062384223709161,0.005710922648892796,-0.7113358862419115,0.47688197141360733
bmi,alt_log_adj,REACTOME_ROLE_OF_LAT2_NTAL_LAB_ON_CALCIUM_MOBILIZATION,bmi,0.28843985902477237,0.005761555786896898,50.06284234559542,0
bmi,alt_log_adj,REACTOME_ROLE_OF_PHOSPHOLIPIDS_IN_PHAGOCYTOSIS,ppgs,-0.008601818771523394,0.005677929039908885,-1.5149570752052635,0.12979442384871484
bmi,alt_log_adj,REACTOME_ROLE_OF_PHOSPHOLIPIDS_IN_PHAGOCYTOSIS,bmi,0.28843376914236235,0.005761278627193598,50.06419369841562,0
bmi,alt_log_adj,REACTOME_ROLE_OF_SECOND_MESSENGERS_IN_NETRIN_1_SIGNALING,ppgs,-0.0027610495182286126,0.005711760609707796,-0.4833972757079298,0.6288174155622555
bmi,alt_log_adj,REACTOME_ROLE_OF_SECOND_MESSENGERS_IN_NETRIN_1_SIGNALING,bmi,0.28843841768952994,0.00576168451136746,50.0614737097212,0
bmi,alt_log_adj,REACTOME_RORA_B_C_AND_NR1D1_REV_ERBA_REGULATE_GENE_EXPRESSION,ppgs,0.005187406449894568,0.005754541577092851,0.9014456460865827,0.3673590792216752
bmi,alt_log_adj,REACTOME_RORA_B_C_AND_NR1D1_REV_ERBA_REGULATE_GENE_EXPRESSION,bmi,0.2884620769197907,0.005761655896383942,50.065828662352374,0
bmi,alt_log_adj,REACTOME_ROS_AND_RNS_PRODUCTION_IN_PHAGOCYTES,ppgs,0.005810121035573519,0.005706379981619316,1.0181798363039896,0.3086011891083684
bmi,alt_log_adj,REACTOME_ROS_AND_RNS_PRODUCTION_IN_PHAGOCYTES,bmi,0.2883383688801177,0.0057618793646341555,50.04241682842408,0
bmi,alt_log_adj,REACTOME_RRNA_MODIFICATION_IN_THE_MITOCHONDRION,ppgs,-0.009673537837620537,0.005714462612932386,-1.6928167166110033,0.090501347479750055
bmi,alt_log_adj,REACTOME_RRNA_MODIFICATION_IN_THE_MITOCHONDRION,bmi,0.2883931580653566,0.005761220749236213,50.057647609422006,0
bmi,alt_log_adj,REACTOME_RRNA_MODIFICATION_IN_THE_NUCLEUS_AND_CYTOSOL,ppgs,-0.001073650499550609,0.005699809665518423,-0.18836602668432365,0.8505910780198229
bmi,alt_log_adj,REACTOME_RRNA_MODIFICATION_IN_THE_NUCLEUS_AND_CYTOSOL,bmi,0.2884193419834507,0.005761548849484958,50.05934159687518,0
bmi,alt_log_adj,REACTOME_RRNA_PROCESSING,ppgs,3.9400649916986004e-4,0.005696306641017104,0.06916876565821749,0.9448557727846509
bmi,alt_log_adj,REACTOME_RRNA_PROCESSING,bmi,0.2884133976812862,0.005761524685926918,50.05851981954774,0
bmi,alt_log_adj,REACTOME_RRNA_PROCESSING_IN_THE_MITOCHONDRION,ppgs,-0.009316417704679914,0.005714964074097891,-1.6301795748646963,0.10307465891144482
bmi,alt_log_adj,REACTOME_RRNA_PROCESSING_IN_THE_MITOCHONDRION,bmi,0.2884000342786183,0.005761234893984254,50.058718241076896,0
bmi,alt_log_adj,REACTOME_RSK_ACTIVATION,ppgs,0.0010174837177009978,0.005692541333967145,0.178739803192946,0.8581432912641178
bmi,alt_log_adj,REACTOME_RSK_ACTIVATION,bmi,0.2884228868916985,0.0057616802637308565,50.05881508338615,0
bmi,alt_log_adj,REACTOME_RSV_HOST_INTERACTIONS,ppgs,-0.01329301236618019,0.005695034539364247,-2.334140780762346,0.019595299676654986
bmi,alt_log_adj,REACTOME_RSV_HOST_INTERACTIONS,bmi,0.28829860339626223,0.00576115884167468,50.04177307363709,0
bmi,alt_log_adj,REACTOME_RUNX1_AND_FOXP3_CONTROL_THE_DEVELOPMENT_OF_REGULATORY_T_LYMPHOCYTES_TREGS,ppgs,-0.002093890948499263,0.005700416217309553,-0.3673224671105726,0.713381239246573
bmi,alt_log_adj,REACTOME_RUNX1_AND_FOXP3_CONTROL_THE_DEVELOPMENT_OF_REGULATORY_T_LYMPHOCYTES_TREGS,bmi,0.28841737130838846,0.0057614891217780875,50.059518505066315,0
bmi,alt_log_adj,REACTOME_RUNX1_INTERACTS_WITH_CO_FACTORS_WHOSE_PRECISE_EFFECT_ON_RUNX1_TARGETS_IS_NOT_KNOWN,ppgs,0.013250859597176305,0.005691178415605343,2.328315619282316,0.01990234648943758
bmi,alt_log_adj,REACTOME_RUNX1_INTERACTS_WITH_CO_FACTORS_WHOSE_PRECISE_EFFECT_ON_RUNX1_TARGETS_IS_NOT_KNOWN,bmi,0.2883469449452872,0.005761020506811937,50.051365830817716,0
bmi,alt_log_adj,REACTOME_RUNX1_REGULATES_ESTROGEN_RECEPTOR_MEDIATED_TRANSCRIPTION,ppgs,0.00503702550116891,0.005685065123258574,0.8860101673350367,0.3756195638633636
bmi,alt_log_adj,REACTOME_RUNX1_REGULATES_ESTROGEN_RECEPTOR_MEDIATED_TRANSCRIPTION,bmi,0.28843552055563754,0.00576146648418061,50.06286530479723,0
bmi,alt_log_adj,REACTOME_RUNX1_REGULATES_EXPRESSION_OF_COMPONENTS_OF_TIGHT_JUNCTIONS,ppgs,-0.0011069599493974535,0.005680582258536944,-0.1948673391242389,0.845498200034644
bmi,alt_log_adj,REACTOME_RUNX1_REGULATES_EXPRESSION_OF_COMPONENTS_OF_TIGHT_JUNCTIONS,bmi,0.28841481469657815,0.005761494197602472,50.059030661975854,0
bmi,alt_log_adj,REACTOME_RUNX1_REGULATES_GENES_INVOLVED_IN_MEGAKARYOCYTE_DIFFERENTIATION_AND_PLATELET_FUNCTION,ppgs,0.0021851689069026883,0.005703890640679517,0.38310147311000414,0.7016473999154169
bmi,alt_log_adj,REACTOME_RUNX1_REGULATES_GENES_INVOLVED_IN_MEGAKARYOCYTE_DIFFERENTIATION_AND_PLATELET_FUNCTION,bmi,0.2884186149270697,0.005761492483930569,50.0597051426346,0
bmi,alt_log_adj,REACTOME_RUNX1_REGULATES_TRANSCRIPTION_OF_GENES_INVOLVED_IN_BCR_SIGNALING,ppgs,7.351415324959162e-4,0.005685220681396324,0.12930747524040898,0.8971152740576062
bmi,alt_log_adj,REACTOME_RUNX1_REGULATES_TRANSCRIPTION_OF_GENES_INVOLVED_IN_BCR_SIGNALING,bmi,0.28841532650658275,0.005761498846899311,50.05907909914802,0
bmi,alt_log_adj,REACTOME_RUNX1_REGULATES_TRANSCRIPTION_OF_GENES_INVOLVED_IN_DIFFERENTIATION_OF_HSCS,ppgs,-0.005943575956510476,0.005691848839790041,-1.0442258963310278,0.2963897923885708
bmi,alt_log_adj,REACTOME_RUNX1_REGULATES_TRANSCRIPTION_OF_GENES_INVOLVED_IN_DIFFERENTIATION_OF_HSCS,bmi,0.28837875319017386,0.00576148956824853,50.052811824814235,0
bmi,alt_log_adj,REACTOME_RUNX1_REGULATES_TRANSCRIPTION_OF_GENES_INVOLVED_IN_DIFFERENTIATION_OF_KERATINOCYTES,ppgs,4.629944770190487e-4,0.0056736351951266716,0.08160455529758673,0.9349617548669351
bmi,alt_log_adj,REACTOME_RUNX1_REGULATES_TRANSCRIPTION_OF_GENES_INVOLVED_IN_DIFFERENTIATION_OF_KERATINOCYTES,bmi,0.2884156452002381,0.005761510932024627,50.05902941138519,0
bmi,alt_log_adj,REACTOME_RUNX1_REGULATES_TRANSCRIPTION_OF_GENES_INVOLVED_IN_DIFFERENTIATION_OF_MYELOID_CELLS,ppgs,-0.004782222889281971,0.005693292071999187,-0.839974979116556,0.4009294992953777
bmi,alt_log_adj,REACTOME_RUNX1_REGULATES_TRANSCRIPTION_OF_GENES_INVOLVED_IN_DIFFERENTIATION_OF_MYELOID_CELLS,bmi,0.2883864177058061,0.005761524121797401,50.05384193650469,0
bmi,alt_log_adj,REACTOME_RUNX1_REGULATES_TRANSCRIPTION_OF_GENES_INVOLVED_IN_INTERLEUKIN_SIGNALING,ppgs,0.0032064285650390614,0.0056853913303874445,0.5639767570441896,0.5727744118738818
bmi,alt_log_adj,REACTOME_RUNX1_REGULATES_TRANSCRIPTION_OF_GENES_INVOLVED_IN_INTERLEUKIN_SIGNALING,bmi,0.2884230624288644,0.005761485087063057,50.06054134835735,0
bmi,alt_log_adj,REACTOME_RUNX1_REGULATES_TRANSCRIPTION_OF_GENES_INVOLVED_IN_WNT_SIGNALING,ppgs,-0.0015055259040405013,0.005675384648569185,-0.2652729281388985,0.7908011466654049
bmi,alt_log_adj,REACTOME_RUNX1_REGULATES_TRANSCRIPTION_OF_GENES_INVOLVED_IN_WNT_SIGNALING,bmi,0.28841257217230626,0.005761496003995356,50.058625741006196,0
bmi,alt_log_adj,REACTOME_RUNX2_REGULATES_BONE_DEVELOPMENT,ppgs,-0.003204017943729463,0.005714224300948852,-0.5607091662813154,0.5750002487506802
bmi,alt_log_adj,REACTOME_RUNX2_REGULATES_BONE_DEVELOPMENT,bmi,0.2884183606719592,0.005761469881811215,50.059857395503734,0
bmi,alt_log_adj,REACTOME_RUNX2_REGULATES_CHONDROCYTE_MATURATION,ppgs,-0.002289622282682294,0.005734182274660219,-0.39929359985647933,0.6896798902730764
bmi,alt_log_adj,REACTOME_RUNX2_REGULATES_CHONDROCYTE_MATURATION,bmi,0.288428136829205,0.005761581185580174,50.06058710950216,0
bmi,alt_log_adj,REACTOME_RUNX2_REGULATES_GENES_INVOLVED_IN_CELL_MIGRATION,ppgs,0.005839813555994682,0.005786517036373985,1.0092104662071633,0.312882321833489
bmi,alt_log_adj,REACTOME_RUNX2_REGULATES_GENES_INVOLVED_IN_CELL_MIGRATION,bmi,0.28843250728938075,0.005761421732413127,50.06273116003487,0
bmi,alt_log_adj,REACTOME_RUNX2_REGULATES_OSTEOBLAST_DIFFERENTIATION,ppgs,-0.0037490905294866057,0.005695670679633126,-0.6582351298667597,0.5103923997324193
bmi,alt_log_adj,REACTOME_RUNX2_REGULATES_OSTEOBLAST_DIFFERENTIATION,bmi,0.28840167244086057,0.005761487533406405,50.05680751171335,0
bmi,alt_log_adj,REACTOME_RUNX3_REGULATES_BCL2L11_BIM_TRANSCRIPTION,ppgs,0.0030265563775075874,0.005670592888594321,0.5337283837806664,0.5935336531855679
bmi,alt_log_adj,REACTOME_RUNX3_REGULATES_BCL2L11_BIM_TRANSCRIPTION,bmi,0.28838939453778856,0.005761662909675459,50.053152893325525,0
bmi,alt_log_adj,REACTOME_RUNX3_REGULATES_CDKN1A_TRANSCRIPTION,ppgs,0.0017999666122174491,0.005701814396293019,0.3156831294592263,0.7522453569765504
bmi,alt_log_adj,REACTOME_RUNX3_REGULATES_CDKN1A_TRANSCRIPTION,bmi,0.28840722498319465,0.005761535496030228,50.0573545336848,0
bmi,alt_log_adj,REACTOME_RUNX3_REGULATES_IMMUNE_RESPONSE_AND_CELL_MIGRATION,ppgs,0.008678609998392693,0.005704345053248121,1.5214034069434477,0.12816978765816153
bmi,alt_log_adj,REACTOME_RUNX3_REGULATES_IMMUNE_RESPONSE_AND_CELL_MIGRATION,bmi,0.28837825783290894,0.005761312356683541,50.054265413741916,0
bmi,alt_log_adj,REACTOME_RUNX3_REGULATES_NOTCH_SIGNALING,ppgs,-0.0033745662890156108,0.0057074669329701235,-0.5912546368901189,0.5543545334236403
bmi,alt_log_adj,REACTOME_RUNX3_REGULATES_NOTCH_SIGNALING,bmi,0.2883983858204843,0.005761527891920647,50.05588642986585,0
bmi,alt_log_adj,REACTOME_RUNX3_REGULATES_P14_ARF,ppgs,3.2980850896242446e-4,0.005678414688285077,0.05808108901289649,0.9536844471020467
bmi,alt_log_adj,REACTOME_RUNX3_REGULATES_P14_ARF,bmi,0.28841359097093494,0.005761524988581892,50.058550738304334,0
bmi,alt_log_adj,REACTOME_RUNX3_REGULATES_WNT_SIGNALING,ppgs,0.012058627918516345,0.005690665197914352,2.1190190424374067,0.03409752804734026
bmi,alt_log_adj,REACTOME_RUNX3_REGULATES_WNT_SIGNALING,bmi,0.2883300443765419,0.005761180003118296,50.04704665024881,0
bmi,alt_log_adj,REACTOME_RUNX3_REGULATES_YAP1_MEDIATED_TRANSCRIPTION,ppgs,0.0012206445720849115,0.005697267864904805,0.21425086568319657,0.8303529727514728
bmi,alt_log_adj,REACTOME_RUNX3_REGULATES_YAP1_MEDIATED_TRANSCRIPTION,bmi,0.2884151160542352,0.005761493768127817,50.059086698961224,0
bmi,alt_log_adj,REACTOME_SARS_COV_1_ACTIVATES_MODULATES_INNATE_IMMUNE_RESPONSES,ppgs,-0.009278006356785587,0.005728723667580021,-1.6195590667589115,0.10533815179785064
bmi,alt_log_adj,REACTOME_SARS_COV_1_ACTIVATES_MODULATES_INNATE_IMMUNE_RESPONSES,bmi,0.28844925835566804,0.005761271144247997,50.06694722980592,0
bmi,alt_log_adj,REACTOME_SARS_COV_1_HOST_INTERACTIONS,ppgs,-0.006426134681842793,0.005724970634292746,-1.1224746976604654,0.2616701662823183
bmi,alt_log_adj,REACTOME_SARS_COV_1_HOST_INTERACTIONS,bmi,0.2884470443972717,0.0057614423488877835,50.06507518954084,0
bmi,alt_log_adj,REACTOME_SARS_COV_1_INFECTION,ppgs,5.135942690742562e-4,0.005648660825933571,0.09092319133701444,0.9275542648785788
bmi,alt_log_adj,REACTOME_SARS_COV_1_INFECTION,bmi,0.28841572903779156,0.005761509990959655,50.059052139168834,0
bmi,alt_log_adj,REACTOME_SARS_COV_1_MODULATES_HOST_TRANSLATION_MACHINERY,ppgs,0.0014983368632412097,0.005862112421733731,0.25559674660727055,0.7982640851668978
bmi,alt_log_adj,REACTOME_SARS_COV_1_MODULATES_HOST_TRANSLATION_MACHINERY,bmi,0.28840172682088144,0.005761712228791638,50.05486483335976,0
bmi,alt_log_adj,REACTOME_SARS_COV_1_TARGETS_HOST_INTRACELLULAR_SIGNALLING_AND_REGULATORY_PATHWAYS,ppgs,0.0042284182154865525,0.005698493678725013,0.7420238494381595,0.45807903328144506
bmi,alt_log_adj,REACTOME_SARS_COV_1_TARGETS_HOST_INTRACELLULAR_SIGNALLING_AND_REGULATORY_PATHWAYS,bmi,0.28842854603207285,0.005761472579509095,50.06160179567293,0
bmi,alt_log_adj,REACTOME_SARS_COV_2_ACTIVATES_MODULATES_INNATE_AND_ADAPTIVE_IMMUNE_RESPONSES,ppgs,-0.010640025171229346,0.005685941229486651,-1.8712865191169008,0.0613156695160208
bmi,alt_log_adj,REACTOME_SARS_COV_2_ACTIVATES_MODULATES_INNATE_AND_ADAPTIVE_IMMUNE_RESPONSES,bmi,0.28839740366700706,0.005761149518093645,50.05900346124627,0
bmi,alt_log_adj,REACTOME_SARS_COV_2_HOST_INTERACTIONS,ppgs,-0.0020816380896562887,0.005706631271957789,-0.3647752921912783,0.7152818710685058
bmi,alt_log_adj,REACTOME_SARS_COV_2_HOST_INTERACTIONS,bmi,0.2884172090380926,0.005761488814679514,50.05949300868962,0
bmi,alt_log_adj,REACTOME_SARS_COV_2_INFECTION,ppgs,-0.0037468712806680935,0.005651588983872227,-0.6629766055812675,0.5073509276174086
bmi,alt_log_adj,REACTOME_SARS_COV_2_INFECTION,bmi,0.2884053046998308,0.005761470448850514,50.05758638532482,0
bmi,alt_log_adj,REACTOME_SARS_COV_2_MODULATES_AUTOPHAGY,ppgs,-0.0027255468076488147,0.0057188803498305915,-0.47658748582308647,0.6336595695922314
bmi,alt_log_adj,REACTOME_SARS_COV_2_MODULATES_AUTOPHAGY,bmi,0.2884370755730727,0.0057616675126627385,50.061388467688985,0
bmi,alt_log_adj,REACTOME_SARS_COV_2_MODULATES_HOST_TRANSLATION_MACHINERY,ppgs,0.008500525420035874,0.0057574374976203805,1.476442501294933,0.13983624758102162
bmi,alt_log_adj,REACTOME_SARS_COV_2_MODULATES_HOST_TRANSLATION_MACHINERY,bmi,0.28838087155381203,0.005761321821159403,50.05463685341891,0
bmi,alt_log_adj,REACTOME_SARS_COV_2_TARGETS_HOST_INTRACELLULAR_SIGNALLING_AND_REGULATORY_PATHWAYS,ppgs,0.004308365747339025,0.005702837527884506,0.7554775541601714,0.4499687718393235
bmi,alt_log_adj,REACTOME_SARS_COV_2_TARGETS_HOST_INTRACELLULAR_SIGNALLING_AND_REGULATORY_PATHWAYS,bmi,0.2884424861648761,0.0057615580275465345,50.063278853706976,0
bmi,alt_log_adj,REACTOME_SARS_COV_2_TARGETS_PDZ_PROTEINS_IN_CELL_CELL_JUNCTION,ppgs,-0.00744017029093852,0.005720334056645844,-1.3006531117347215,0.19338779103144876
bmi,alt_log_adj,REACTOME_SARS_COV_2_TARGETS_PDZ_PROTEINS_IN_CELL_CELL_JUNCTION,bmi,0.2884561786951264,0.005761414666287979,50.06690116977395,0
bmi,alt_log_adj,REACTOME_SARS_COV_INFECTIONS,ppgs,0.005644609194398401,0.005698390630463578,0.9905619955610516,0.3219079572701474
bmi,alt_log_adj,REACTOME_SARS_COV_INFECTIONS,bmi,0.2884767439655363,0.005761739579103173,50.06764710640364,0
bmi,alt_log_adj,REACTOME_SCAVENGING_BY_CLASS_A_RECEPTORS,ppgs,0.014636327765983701,0.0057984793444109265,2.5241665782756395,0.011602709972493014
bmi,alt_log_adj,REACTOME_SCAVENGING_BY_CLASS_A_RECEPTORS,bmi,0.2882998546961471,0.005761030057877024,50.04310892319618,0
bmi,alt_log_adj,REACTOME_SCAVENGING_BY_CLASS_B_RECEPTORS,ppgs,0.0035996699185346964,0.005700844875928276,0.6314274457342707,0.5277661663081583
bmi,alt_log_adj,REACTOME_SCAVENGING_BY_CLASS_B_RECEPTORS,bmi,0.2884580926547409,0.005761868761046661,50.063287557827266,0
bmi,alt_log_adj,REACTOME_SCAVENGING_BY_CLASS_F_RECEPTORS,ppgs,0.0014611645779643275,0.005693566732042835,0.25663431144857524,0.7974629474740317
bmi,alt_log_adj,REACTOME_SCAVENGING_BY_CLASS_F_RECEPTORS,bmi,0.2883982686420675,0.005761843665518618,50.05312281691508,0
bmi,alt_log_adj,REACTOME_SCAVENGING_OF_HEME_FROM_PLASMA,ppgs,0.009594744585827288,0.005696095168547221,1.6844424648674559,0.09210719783006249
bmi,alt_log_adj,REACTOME_SCAVENGING_OF_HEME_FROM_PLASMA,bmi,0.2884563242336608,0.005761262862965648,50.068245642445135,0
bmi,alt_log_adj,REACTOME_SCF_BETA_TRCP_MEDIATED_DEGRADATION_OF_EMI1,ppgs,-0.010416413133029802,0.00567925479584457,-1.8341161838083657,0.0666472250793125
bmi,alt_log_adj,REACTOME_SCF_BETA_TRCP_MEDIATED_DEGRADATION_OF_EMI1,bmi,0.2883625537497517,0.005761226107890917,50.05228893113451,0
bmi,alt_log_adj,REACTOME_SCF_SKP2_MEDIATED_DEGRADATION_OF_P27_P21,ppgs,-0.009541973416507744,0.005678447754265632,-1.6803841171805873,0.09289362157947248
bmi,alt_log_adj,REACTOME_SCF_SKP2_MEDIATED_DEGRADATION_OF_P27_P21,bmi,0.28837945704743206,0.005761249064293282,50.05502345571773,0
bmi,alt_log_adj,REACTOME_SEALING_OF_THE_NUCLEAR_ENVELOPE_NE_BY_ESCRT_III,ppgs,0.00939420423990971,0.005720111519888656,1.6423113792880337,0.10053658131674609
bmi,alt_log_adj,REACTOME_SEALING_OF_THE_NUCLEAR_ENVELOPE_NE_BY_ESCRT_III,bmi,0.288396710600091,0.005761234233619393,50.058147075008065,0
bmi,alt_log_adj,REACTOME_SELECTIVE_AUTOPHAGY,ppgs,0.008398908407404242,0.0057065956156340724,1.4717896576365384,0.14108878780195533
bmi,alt_log_adj,REACTOME_SELECTIVE_AUTOPHAGY,bmi,0.28842372714642406,0.005761281185795552,50.0624284503824,0
bmi,alt_log_adj,REACTOME_SELENOAMINO_ACID_METABOLISM,ppgs,0.016666881382614365,0.005820698409405691,2.863381713040188,0.00419452649142052
bmi,alt_log_adj,REACTOME_SELENOAMINO_ACID_METABOLISM,bmi,0.2884338860018294,0.005760668925122282,50.06951271647794,0
bmi,alt_log_adj,REACTOME_SEMA3A_PAK_DEPENDENT_AXON_REPULSION,ppgs,-0.005613749867228147,0.005698096091611275,-0.9851974724492095,0.32453549001332294
bmi,alt_log_adj,REACTOME_SEMA3A_PAK_DEPENDENT_AXON_REPULSION,bmi,0.28841639449628925,0.005761399623874553,50.060126588186336,0
bmi,alt_log_adj,REACTOME_SEMA3A_PLEXIN_REPULSION_SIGNALING_BY_INHIBITING_INTEGRIN_ADHESION,ppgs,-0.005529078861715154,0.005698384486723614,-0.9702888379324146,0.33191081763330466
bmi,alt_log_adj,REACTOME_SEMA3A_PLEXIN_REPULSION_SIGNALING_BY_INHIBITING_INTEGRIN_ADHESION,bmi,0.2884161821485629,0.0057614025297095025,50.060064482789265,0
bmi,alt_log_adj,REACTOME_SEMA4D_INDUCED_CELL_MIGRATION_AND_GROWTH_CONE_COLLAPSE,ppgs,0.005376693263478736,0.005692823249543872,0.9444686806163418,0.34493824834820175
bmi,alt_log_adj,REACTOME_SEMA4D_INDUCED_CELL_MIGRATION_AND_GROWTH_CONE_COLLAPSE,bmi,0.28840864665989524,0.005761410803031044,50.05868467288692,0
bmi,alt_log_adj,REACTOME_SEMA4D_IN_SEMAPHORIN_SIGNALING,ppgs,0.00971315187572424,0.005692192873867064,1.7063989381521931,0.08794478060214296
bmi,alt_log_adj,REACTOME_SEMA4D_IN_SEMAPHORIN_SIGNALING,bmi,0.288426226766136,0.0057612061192365005,50.06351461772721,0
bmi,alt_log_adj,REACTOME_SEMA4D_MEDIATED_INHIBITION_OF_CELL_ATTACHMENT_AND_MIGRATION,ppgs,0.010025574411833394,0.0056881519190960924,1.7625363306798887,0.07798949777890384
bmi,alt_log_adj,REACTOME_SEMA4D_MEDIATED_INHIBITION_OF_CELL_ATTACHMENT_AND_MIGRATION,bmi,0.2884242395482604,0.0057611849039695805,50.063354041896815,0
bmi,alt_log_adj,REACTOME_SEMAPHORIN_INTERACTIONS,ppgs,0.0012664571937749565,0.005698617642813941,0.22223936981839476,0.824129148584807
bmi,alt_log_adj,REACTOME_SEMAPHORIN_INTERACTIONS,bmi,0.2884133526607181,0.00576149578493019,50.05876311063078,0
bmi,alt_log_adj,REACTOME_SENESCENCE_ASSOCIATED_SECRETORY_PHENOTYPE_SASP,ppgs,0.0017361679082382054,0.005765380613739189,0.3011367374602868,0.76331243657354
bmi,alt_log_adj,REACTOME_SENESCENCE_ASSOCIATED_SECRETORY_PHENOTYPE_SASP,bmi,0.288422389850664,0.005761546497166018,50.0598910366397,0
bmi,alt_log_adj,REACTOME_SENSING_OF_DNA_DOUBLE_STRAND_BREAKS,ppgs,-0.0030969456967655687,0.005748039359332175,-0.5387829663583552,0.5900408489270046
bmi,alt_log_adj,REACTOME_SENSING_OF_DNA_DOUBLE_STRAND_BREAKS,bmi,0.28842927031932003,0.005761532619472826,50.0612058229935,0
bmi,alt_log_adj,REACTOME_SENSORY_PERCEPTION,ppgs,0.012104306653106986,0.0056917632072796456,2.1266356684736696,0.03345897887946381
bmi,alt_log_adj,REACTOME_SENSORY_PERCEPTION,bmi,0.2883392994311744,0.005761147330316505,50.04893693897838,0
bmi,alt_log_adj,REACTOME_SENSORY_PERCEPTION_OF_SALTY_TASTE,ppgs,0.0011310802812150402,0.005734200545084335,0.19725160854108303,0.8436320602134315
bmi,alt_log_adj,REACTOME_SENSORY_PERCEPTION_OF_SALTY_TASTE,bmi,0.2883988483937379,0.005762048960817148,50.051440096204686,0
bmi,alt_log_adj,REACTOME_SENSORY_PERCEPTION_OF_TASTE,ppgs,0.005554772974348352,0.005684985363547626,0.9770953870815215,0.3285302689532492
bmi,alt_log_adj,REACTOME_SENSORY_PERCEPTION_OF_TASTE,bmi,0.288346146372593,0.005761827171885096,50.04421996195607,0
bmi,alt_log_adj,REACTOME_SENSORY_PROCESSING_OF_SOUND,ppgs,0.018098647083179313,0.005690128060228425,3.1807099755243047,0.001470727986269801
bmi,alt_log_adj,REACTOME_SENSORY_PROCESSING_OF_SOUND,bmi,0.28833708888840953,0.005760521768027292,50.05398824960112,0
bmi,alt_log_adj,REACTOME_SENSORY_PROCESSING_OF_SOUND_BY_OUTER_HAIR_CELLS_OF_THE_COCHLEA,ppgs,0.01630061450043094,0.005696060683564838,2.8617346980631746,0.004216377525373857
bmi,alt_log_adj,REACTOME_SENSORY_PROCESSING_OF_SOUND_BY_OUTER_HAIR_CELLS_OF_THE_COCHLEA,bmi,0.288326425555302,0.005760748394833434,50.05016810209756,0
bmi,alt_log_adj,REACTOME_SEPARATION_OF_SISTER_CHROMATIDS,ppgs,0.004276184888051173,0.00567988023495835,0.7528653265842198,0.45153709748312565
bmi,alt_log_adj,REACTOME_SEPARATION_OF_SISTER_CHROMATIDS,bmi,0.28843791523387885,0.005761523446672923,50.06278598075334,0
bmi,alt_log_adj,REACTOME_SERINE_METABOLISM,ppgs,0.012701375880489524,0.005715253865468678,2.222364251784282,0.0262665589944737
bmi,alt_log_adj,REACTOME_SERINE_METABOLISM,bmi,0.28833046455243855,0.005761120617849558,50.047635465070876,0
bmi,alt_log_adj,REACTOME_SEROTONIN_AND_MELATONIN_BIOSYNTHESIS,ppgs,0.0013779479904280248,0.005699784143438344,0.24175441661494043,0.808972210145953
bmi,alt_log_adj,REACTOME_SEROTONIN_AND_MELATONIN_BIOSYNTHESIS,bmi,0.28841933228358063,0.005761524973461696,50.05954736151906,0
bmi,alt_log_adj,REACTOME_SEROTONIN_NEUROTRANSMITTER_RELEASE_CYCLE,ppgs,-0.004101704905934346,0.005718766205862596,-0.7172359838262807,0.47323440901928104
bmi,alt_log_adj,REACTOME_SEROTONIN_NEUROTRANSMITTER_RELEASE_CYCLE,bmi,0.2883933583430059,0.00576152197533821,50.055065237528105,0
bmi,alt_log_adj,REACTOME_SEROTONIN_RECEPTORS,ppgs,-0.005561879445776675,0.005774070649983213,-0.963251020455187,0.3354297828355134
bmi,alt_log_adj,REACTOME_SEROTONIN_RECEPTORS,bmi,0.28847716299721776,0.005761769514647183,50.06745970380636,0
bmi,alt_log_adj,REACTOME_SHC1_EVENTS_IN_EGFR_SIGNALING,ppgs,-0.004226062458440037,0.0058078054160991275,-0.7276522120946874,0.4668325198620418
bmi,alt_log_adj,REACTOME_SHC1_EVENTS_IN_EGFR_SIGNALING,bmi,0.2884209620243402,0.005761450756128665,50.0604750839077,0
bmi,alt_log_adj,REACTOME_SHC1_EVENTS_IN_ERBB2_SIGNALING,ppgs,-0.005226744466145924,0.005689821591770466,-0.9186130675354885,0.3583058100058236
bmi,alt_log_adj,REACTOME_SHC1_EVENTS_IN_ERBB2_SIGNALING,bmi,0.2884300336898142,0.005761436650374563,50.062172196419574,0
bmi,alt_log_adj,REACTOME_SHC1_EVENTS_IN_ERBB4_SIGNALING,ppgs,-0.008282436017852435,0.0057010570115027265,-1.4527895443145709,0.14629326399942763
bmi,alt_log_adj,REACTOME_SHC1_EVENTS_IN_ERBB4_SIGNALING,bmi,0.28838081641092395,0.005761330502759672,50.05455185617104,0
bmi,alt_log_adj,REACTOME_SHC_MEDIATED_CASCADE_FGFR1,ppgs,0.0020406491247139777,0.0057485340786572366,0.3549860010903232,0.7226027194472784
bmi,alt_log_adj,REACTOME_SHC_MEDIATED_CASCADE_FGFR1,bmi,0.28840018068355844,0.005761628793366801,50.05532133822737,0
bmi,alt_log_adj,REACTOME_SHC_MEDIATED_CASCADE_FGFR3,ppgs,0.0020984848611585102,0.005753877868339659,0.36470792553753834,0.7153321622408435
bmi,alt_log_adj,REACTOME_SHC_MEDIATED_CASCADE_FGFR3,bmi,0.2884009455670313,0.005761606495311233,50.0556478131109,0
bmi,alt_log_adj,REACTOME_SHC_MEDIATED_CASCADE_FGFR4,ppgs,0.00283069564903329,0.0057530404231968275,0.4920347226519816,0.6226986072223819
bmi,alt_log_adj,REACTOME_SHC_MEDIATED_CASCADE_FGFR4,bmi,0.2883960294224808,0.005761597287478163,50.05487454828886,0
bmi,alt_log_adj,REACTOME_SHC_RELATED_EVENTS_TRIGGERED_BY_IGF1R,ppgs,-0.003707708798300481,0.005703339859273698,-0.6500943113659451,0.5156365714113019
bmi,alt_log_adj,REACTOME_SHC_RELATED_EVENTS_TRIGGERED_BY_IGF1R,bmi,0.28843587996361747,0.005761547819350666,50.06222095300158,0
bmi,alt_log_adj,REACTOME_SIALIC_ACID_METABOLISM,ppgs,0.0038619813791602796,0.005653712236264848,0.6830877161359942,0.49455699924776375
bmi,alt_log_adj,REACTOME_SIALIC_ACID_METABOLISM,bmi,0.28841607987759627,0.0057614509519170075,50.05962600126477,0
bmi,alt_log_adj,REACTOME_SIGNALING_BY_ACTIVATED_POINT_MUTANTS_OF_FGFR1,ppgs,0.0028248334240457917,0.0057496235585567405,0.4913075430550232,0.6232127491225645
bmi,alt_log_adj,REACTOME_SIGNALING_BY_ACTIVATED_POINT_MUTANTS_OF_FGFR1,bmi,0.2883958140675978,0.005761600622952587,50.054808193179944,0
bmi,alt_log_adj,REACTOME_SIGNALING_BY_ACTIVIN,ppgs,0.007993117104247075,0.0056848330599576745,1.4060425380910986,0.15972245390248557
bmi,alt_log_adj,REACTOME_SIGNALING_BY_ACTIVIN,bmi,0.288356110264564,0.005761447381596513,50.04924824717564,0
bmi,alt_log_adj,REACTOME_SIGNALING_BY_ALK,ppgs,1.636384622938683e-4,0.005706154362776251,0.02867753865218821,0.9771219724227346
bmi,alt_log_adj,REACTOME_SIGNALING_BY_ALK,bmi,0.28841354400765873,0.005761620568137574,50.05771216567417,0
bmi,alt_log_adj,REACTOME_SIGNALING_BY_ALK_IN_CANCER,ppgs,0.003026474159725136,0.0057093643642542324,0.5300895102567971,0.596054023264021
bmi,alt_log_adj,REACTOME_SIGNALING_BY_ALK_IN_CANCER,bmi,0.2883979751800441,0.005761555005469789,50.05557959721823,0
bmi,alt_log_adj,REACTOME_SIGNALING_BY_BMP,ppgs,0.005195982268227996,0.0057054249005859025,0.910709081052738,0.36245642132937217
bmi,alt_log_adj,REACTOME_SIGNALING_BY_BMP,bmi,0.2884165321763029,0.005761414074758914,50.06002492337295,0
bmi,alt_log_adj,REACTOME_SIGNALING_BY_BRAF_AND_RAF1_FUSIONS,ppgs,0.018639741026382873,0.005703943002599178,3.267869440120474,0.0010848924087048105
bmi,alt_log_adj,REACTOME_SIGNALING_BY_BRAF_AND_RAF1_FUSIONS,bmi,0.2882695812657348,0.005760584096519387,50.04172778935919,0
bmi,alt_log_adj,REACTOME_SIGNALING_BY_CSF1_M_CSF_IN_MYELOID_CELLS,ppgs,-0.001048397230989007,0.005708083027528521,-0.18366888251850477,0.8542745353185304
bmi,alt_log_adj,REACTOME_SIGNALING_BY_CSF1_M_CSF_IN_MYELOID_CELLS,bmi,0.2884228352863785,0.005761668070016803,50.05891206876438,0
bmi,alt_log_adj,REACTOME_SIGNALING_BY_CSF3_G_CSF,ppgs,0.0033744905431190124,0.005706876841731441,0.5913024998968099,0.5543224694696419
bmi,alt_log_adj,REACTOME_SIGNALING_BY_CSF3_G_CSF,bmi,0.2884046195939673,0.005761487276705895,50.05732126841758,0
bmi,alt_log_adj,REACTOME_SIGNALING_BY_CTNNB1_PHOSPHO_SITE_MUTANTS,ppgs,0.010694470830720004,0.005696318985350644,1.8774353855925596,0.06046870465604849
bmi,alt_log_adj,REACTOME_SIGNALING_BY_CTNNB1_PHOSPHO_SITE_MUTANTS,bmi,0.2882948633629405,0.00576149295739657,50.038221949543356,0
bmi,alt_log_adj,REACTOME_SIGNALING_BY_CYTOSOLIC_FGFR1_FUSION_MUTANTS,ppgs,-0.007165123555597757,0.0057089133753495105,-1.2550765941792021,0.2094613021635826
bmi,alt_log_adj,REACTOME_SIGNALING_BY_CYTOSOLIC_FGFR1_FUSION_MUTANTS,bmi,0.2884159950126032,0.005761338012857394,50.06059258612399,0
bmi,alt_log_adj,REACTOME_SIGNALING_BY_EGFR,ppgs,0.0012685499373604396,0.005710333585635676,0.22214988289851795,0.8241988071885671
bmi,alt_log_adj,REACTOME_SIGNALING_BY_EGFR,bmi,0.28840971838404394,0.005761535244838854,50.057789482829165,0
bmi,alt_log_adj,REACTOME_SIGNALING_BY_EGFR_IN_CANCER,ppgs,-0.003757188954553573,0.005691517039738942,-0.6601384004159825,0.5091703813580044
bmi,alt_log_adj,REACTOME_SIGNALING_BY_EGFR_IN_CANCER,bmi,0.28843136678888065,0.005761509524916219,50.06177036443846,0
bmi,alt_log_adj,REACTOME_SIGNALING_BY_ERBB2,ppgs,-0.0020231405556797566,0.00569084974756949,-0.35550763865164803,0.7222119684186814
bmi,alt_log_adj,REACTOME_SIGNALING_BY_ERBB2,bmi,0.28842245067728733,0.0057615272097467475,50.06006917564574,0
bmi,alt_log_adj,REACTOME_SIGNALING_BY_ERBB2_ECD_MUTANTS,ppgs,0.00138639802646564,0.0056854767298157366,0.24384903717837791,0.8073495047888288
bmi,alt_log_adj,REACTOME_SIGNALING_BY_ERBB2_ECD_MUTANTS,bmi,0.2884080585727322,0.005761554805194509,50.05733145377858,0
bmi,alt_log_adj,REACTOME_SIGNALING_BY_ERBB2_IN_CANCER,ppgs,-0.006526434227084203,0.00569552107594874,-1.1458888730381975,0.2518508083245515
bmi,alt_log_adj,REACTOME_SIGNALING_BY_ERBB2_IN_CANCER,bmi,0.28842011322587124,0.005761366539359475,50.06105951695561,0
bmi,alt_log_adj,REACTOME_SIGNALING_BY_ERBB4,ppgs,-7.229828622264271e-4,0.005708953247355807,-0.1266401791889412,0.8992260926798281
bmi,alt_log_adj,REACTOME_SIGNALING_BY_ERBB4,bmi,0.2884126692788203,0.005761516980559537,50.05846034160447,0
bmi,alt_log_adj,REACTOME_SIGNALING_BY_ERYTHROPOIETIN,ppgs,-8.545083244571375e-4,0.0057227341974611145,-0.1493181921390372,0.8813036230989632
bmi,alt_log_adj,REACTOME_SIGNALING_BY_ERYTHROPOIETIN,bmi,0.28842763411586225,0.005762154673648676,50.055517501966996,0
bmi,alt_log_adj,REACTOME_SIGNALING_BY_FGFR,ppgs,0.003576204569761917,0.005721093369512742,0.6250911038822109,0.5319162976288319
bmi,alt_log_adj,REACTOME_SIGNALING_BY_FGFR,bmi,0.28840225015794924,0.005761492262873715,50.056866693438906,0
bmi,alt_log_adj,REACTOME_SIGNALING_BY_FGFR1,ppgs,0.0028576331162284696,0.0057144294441628845,0.5000732171341191,0.6170274055270875
bmi,alt_log_adj,REACTOME_SIGNALING_BY_FGFR1,bmi,0.2884008052690321,0.005761538811141227,50.05621149532907,0
bmi,alt_log_adj,REACTOME_SIGNALING_BY_FGFR1_IN_DISEASE,ppgs,-0.0018845607655571025,0.0057098111534829455,-0.3300565841669796,0.7413596462673371
bmi,alt_log_adj,REACTOME_SIGNALING_BY_FGFR1_IN_DISEASE,bmi,0.2884309514905753,0.005761699315708126,50.060049246968816,0
bmi,alt_log_adj,REACTOME_SIGNALING_BY_FGFR2,ppgs,0.003876305354714989,0.00572451504005184,0.6771412648223012,0.49832185493042547
bmi,alt_log_adj,REACTOME_SIGNALING_BY_FGFR2,bmi,0.2883940678391532,0.005761531341156276,50.05510701279561,0
bmi,alt_log_adj,REACTOME_SIGNALING_BY_FGFR2_IIIA_TM,ppgs,0.0021292976679914122,0.005756824147124875,0.3698736688100583,0.7114793844934442
bmi,alt_log_adj,REACTOME_SIGNALING_BY_FGFR2_IIIA_TM,bmi,0.28840151788433616,0.0057615930020364645,50.05586437334244,0
bmi,alt_log_adj,REACTOME_SIGNALING_BY_FGFR2_IN_DISEASE,ppgs,-6.27828161059401e-4,0.005734350568062847,-0.10948548638725644,0.9128182076910811
bmi,alt_log_adj,REACTOME_SIGNALING_BY_FGFR2_IN_DISEASE,bmi,0.28841961836663826,0.005761677463117579,50.05827212871747,0
bmi,alt_log_adj,REACTOME_SIGNALING_BY_FGFR3,ppgs,0.003700202955294134,0.0057170514450793995,0.6472222597330055,0.5174933473422206
bmi,alt_log_adj,REACTOME_SIGNALING_BY_FGFR3,bmi,0.28839093012796757,0.005761571692833176,50.05421185450096,0
bmi,alt_log_adj,REACTOME_SIGNALING_BY_FGFR4,ppgs,0.004209642698471406,0.005715971080744084,0.7364702583350736,0.4614506551724985
bmi,alt_log_adj,REACTOME_SIGNALING_BY_FGFR4,bmi,0.28838807073127154,0.005761555654744054,50.05385489834041,0
bmi,alt_log_adj,REACTOME_SIGNALING_BY_FGFR4_IN_DISEASE,ppgs,-0.001871413482664085,0.005695414640800514,-0.32858248269717727,0.7424737172882319
bmi,alt_log_adj,REACTOME_SIGNALING_BY_FGFR4_IN_DISEASE,bmi,0.2884226096190021,0.005761538281039671,50.06000056758387,0
bmi,alt_log_adj,REACTOME_SIGNALING_BY_FGFR_IN_DISEASE,ppgs,-0.00273239858461285,0.0057180366054013915,-0.4778560847322597,0.6327563242162095
bmi,alt_log_adj,REACTOME_SIGNALING_BY_FGFR_IN_DISEASE,bmi,0.2884347742120808,0.005761629105304767,50.0613227509763,0
bmi,alt_log_adj,REACTOME_SIGNALING_BY_FLT3_FUSION_PROTEINS,ppgs,-0.005528406920453046,0.005702120404239206,-0.9695352831102946,0.33228645645803034
bmi,alt_log_adj,REACTOME_SIGNALING_BY_FLT3_FUSION_PROTEINS,bmi,0.28843835125557893,0.005761454438204017,50.06346129250864,0
bmi,alt_log_adj,REACTOME_SIGNALING_BY_FLT3_ITD_AND_TKD_MUTANTS,ppgs,-0.003501290986653792,0.005704971503695326,-0.6137262884461163,0.5394011380235568
bmi,alt_log_adj,REACTOME_SIGNALING_BY_FLT3_ITD_AND_TKD_MUTANTS,bmi,0.2884314278013027,0.005761524768498431,50.061648502896865,0
bmi,alt_log_adj,REACTOME_SIGNALING_BY_GPCR,ppgs,-0.01615079578999407,0.005702249081648152,-2.832355366932852,0.00462390386282729
bmi,alt_log_adj,REACTOME_SIGNALING_BY_GPCR,bmi,0.28861462837082047,0.005761115730209863,50.09700236664174,0
bmi,alt_log_adj,REACTOME_SIGNALING_BY_HEDGEHOG,ppgs,-0.012323634759525104,0.005739794531279247,-2.1470515525193368,0.03179763310393688
bmi,alt_log_adj,REACTOME_SIGNALING_BY_HEDGEHOG,bmi,0.28841255873009536,0.005761029670444957,50.062675464023364,0
bmi,alt_log_adj,REACTOME_SIGNALING_BY_HIPPO,ppgs,-0.0016223666298253849,0.005695118363124972,-0.2848696947775419,0.7757460553740437
bmi,alt_log_adj,REACTOME_SIGNALING_BY_HIPPO,bmi,0.2884061580109524,0.00576156634060455,50.056901363508466,0
bmi,alt_log_adj,REACTOME_SIGNALING_BY_INSULIN_RECEPTOR,ppgs,0.0033224838068317093,0.005710455599229028,0.5818246458794426,0.56068942781016
bmi,alt_log_adj,REACTOME_SIGNALING_BY_INSULIN_RECEPTOR,bmi,0.28838904716516167,0.0057616312522582305,50.053367620867725,0
bmi,alt_log_adj,REACTOME_SIGNALING_BY_INTERLEUKINS,ppgs,0.009367003667017947,0.005712918813832321,1.6396178507452663,0.10109574469234031
bmi,alt_log_adj,REACTOME_SIGNALING_BY_INTERLEUKINS,bmi,0.2884255541831276,0.005761228666593761,50.063201944326714,0
bmi,alt_log_adj,REACTOME_SIGNALING_BY_KIT_IN_DISEASE,ppgs,-1.075001534450688e-4,0.005710446428299818,-0.01882517501824722,0.9849807031012342
bmi,alt_log_adj,REACTOME_SIGNALING_BY_KIT_IN_DISEASE,bmi,0.2884159887072299,0.005761955166491035,50.05522958327215,0
bmi,alt_log_adj,REACTOME_SIGNALING_BY_LEPTIN,ppgs,0.009865920255671234,0.005703137385488163,1.7299110277047545,0.08365705669114454
bmi,alt_log_adj,REACTOME_SIGNALING_BY_LEPTIN,bmi,0.2884049080832563,0.005761196633274936,50.0598966571487,0
bmi,alt_log_adj,REACTOME_SIGNALING_BY_LRP5_MUTANTS,ppgs,0.010284969233482795,0.005714248627114819,1.799881297547912,0.0718900112329472
bmi,alt_log_adj,REACTOME_SIGNALING_BY_LRP5_MUTANTS,bmi,0.28840883073031365,0.005761169701838038,50.0608115463601,0
bmi,alt_log_adj,REACTOME_SIGNALING_BY_LTK,ppgs,0.003708903999261184,0.005698693662270504,0.6508340716429145,0.5151588784033795
bmi,alt_log_adj,REACTOME_SIGNALING_BY_LTK,bmi,0.28841572233555346,0.005761455176557213,50.05952723698837,0
bmi,alt_log_adj,REACTOME_SIGNALING_BY_LTK_IN_CANCER,ppgs,-7.8153612440444e-4,0.005702550265392954,-0.13705028242317221,0.8909920236677318
bmi,alt_log_adj,REACTOME_SIGNALING_BY_LTK_IN_CANCER,bmi,0.2884186264495469,0.005761570143708771,50.05903239145318,0
bmi,alt_log_adj,REACTOME_SIGNALING_BY_MAPK_MUTANTS,ppgs,-0.0013535347848039842,0.005702442148009766,-0.2373605465294176,0.81237880971863
bmi,alt_log_adj,REACTOME_SIGNALING_BY_MAPK_MUTANTS,bmi,0.2884187635534853,0.00576151866412468,50.059503469004795,0
bmi,alt_log_adj,REACTOME_SIGNALING_BY_MEMBRANE_TETHERED_FUSIONS_OF_PDGFRA_OR_PDGFRB,ppgs,0.003543615939941136,0.005713290213540159,0.6202408432785327,0.5351042209072732
bmi,alt_log_adj,REACTOME_SIGNALING_BY_MEMBRANE_TETHERED_FUSIONS_OF_PDGFRA_OR_PDGFRB,bmi,0.28840154096079795,0.005761497482600275,50.05669825106593,0
bmi,alt_log_adj,REACTOME_SIGNALING_BY_MET,ppgs,0.018115368478176876,0.005715592869016802,3.16946446209929,0.001528824229631541
bmi,alt_log_adj,REACTOME_SIGNALING_BY_MET,bmi,0.288453756392303,0.005760490678538408,50.07451144170439,0
bmi,alt_log_adj,REACTOME_SIGNALING_BY_MODERATE_KINASE_ACTIVITY_BRAF_MUTANTS,ppgs,0.017255918999721984,0.005701488423398097,3.0265638931943015,0.0024757246459266
bmi,alt_log_adj,REACTOME_SIGNALING_BY_MODERATE_KINASE_ACTIVITY_BRAF_MUTANTS,bmi,0.28829375300438537,0.005760705804028785,50.04486651666283,0
bmi,alt_log_adj,REACTOME_SIGNALING_BY_MRAS_COMPLEX_MUTANTS,ppgs,0.00591498215050384,0.005784015196333571,1.0226429132228574,0.3064854381916491
bmi,alt_log_adj,REACTOME_SIGNALING_BY_MRAS_COMPLEX_MUTANTS,bmi,0.2884330790681784,0.005761419972213923,50.06284569762809,0
bmi,alt_log_adj,REACTOME_SIGNALING_BY_MST1,ppgs,-0.005421886011602368,0.005698163688367678,-0.9515146120969976,0.34135131661821005
bmi,alt_log_adj,REACTOME_SIGNALING_BY_MST1,bmi,0.28842154562401834,0.005761410566207703,50.06092558577443,0
bmi,alt_log_adj,REACTOME_SIGNALING_BY_NODAL,ppgs,0.013359357899948044,0.0057026587680073125,2.342654267671748,0.019153994820656623
bmi,alt_log_adj,REACTOME_SIGNALING_BY_NODAL,bmi,0.2882353224534561,0.005761448768176236,50.028271369094526,0
bmi,alt_log_adj,REACTOME_SIGNALING_BY_NOTCH,ppgs,-1.9150574468408124e-4,0.00572791829175169,-0.03343374240513401,0.9733289375267603
bmi,alt_log_adj,REACTOME_SIGNALING_BY_NOTCH,bmi,0.28841567938122264,0.00576158461908154,50.05839512033398,0
bmi,alt_log_adj,REACTOME_SIGNALING_BY_NOTCH1,ppgs,0.002446922834941104,0.005723758079312071,0.42750284009823064,0.6690163640039115
bmi,alt_log_adj,REACTOME_SIGNALING_BY_NOTCH1,bmi,0.28839766162830066,0.0057616159957296405,50.054995307228644,0
bmi,alt_log_adj,REACTOME_SIGNALING_BY_NOTCH1_HD_DOMAIN_MUTANTS_IN_CANCER,ppgs,0.003650635244430708,0.0056789921519465845,0.6428315353771676,0.5203386171919719
bmi,alt_log_adj,REACTOME_SIGNALING_BY_NOTCH1_HD_DOMAIN_MUTANTS_IN_CANCER,bmi,0.28840921325609525,0.005761462124931355,50.058337103019916,0
bmi,alt_log_adj,REACTOME_SIGNALING_BY_NOTCH1_PEST_DOMAIN_MUTANTS_IN_CANCER,ppgs,0.0011241256657742239,0.0057056514791446414,0.19701968651312476,0.8438135445139539
bmi,alt_log_adj,REACTOME_SIGNALING_BY_NOTCH1_PEST_DOMAIN_MUTANTS_IN_CANCER,bmi,0.2884050547392617,0.005761698674187711,50.055560182504905,0
bmi,alt_log_adj,REACTOME_SIGNALING_BY_NOTCH1_T_7_9_NOTCH1_M1580_K2555_TRANSLOCATION_MUTANT,ppgs,0.0016121329778853606,0.0056872374699294,0.28346503665607853,0.776822449608774
bmi,alt_log_adj,REACTOME_SIGNALING_BY_NOTCH1_T_7_9_NOTCH1_M1580_K2555_TRANSLOCATION_MUTANT,bmi,0.2884084440521198,0.005761531031203421,50.05760491267881,0
bmi,alt_log_adj,REACTOME_SIGNALING_BY_NOTCH2,ppgs,-0.008686537803259339,0.005700224880003485,-1.5238938789471106,0.12754637743521008
bmi,alt_log_adj,REACTOME_SIGNALING_BY_NOTCH2,bmi,0.2883996453315777,0.005761270387908113,50.05834232964963,0
bmi,alt_log_adj,REACTOME_SIGNALING_BY_NOTCH3,ppgs,-0.007415009344032121,0.005744133755460263,-1.2908838233412576,0.19675449240162812
bmi,alt_log_adj,REACTOME_SIGNALING_BY_NOTCH3,bmi,0.2883957879326713,0.005761347120471003,50.05700609636142,0
bmi,alt_log_adj,REACTOME_SIGNALING_BY_NOTCH4,ppgs,-0.011223462307547163,0.005686310781498607,-1.9737687120557381,0.048417742213953306
bmi,alt_log_adj,REACTOME_SIGNALING_BY_NOTCH4,bmi,0.28843165779756497,0.005761108600794328,50.06530475016504,0
bmi,alt_log_adj,REACTOME_SIGNALING_BY_NTRK2_TRKB,ppgs,-0.0018756893093102682,0.005709314761509837,-0.3285314241133623,0.7425123151494986
bmi,alt_log_adj,REACTOME_SIGNALING_BY_NTRK2_TRKB,bmi,0.2884164169903893,0.005761489593805297,50.05934876641833,0
bmi,alt_log_adj,REACTOME_SIGNALING_BY_NTRK3_TRKC,ppgs,0.004305843925115589,0.0057059749513006935,0.7546201940711393,0.4504831718686133
bmi,alt_log_adj,REACTOME_SIGNALING_BY_NTRK3_TRKC,bmi,0.28840854643227076,0.005761445732305744,50.0583637914175,0
bmi,alt_log_adj,REACTOME_SIGNALING_BY_NTRKS,ppgs,-0.0014161989080619592,0.005703683058900487,-0.24829551246751136,0.8039075693202361
bmi,alt_log_adj,REACTOME_SIGNALING_BY_NTRKS,bmi,0.2884135082158994,0.005761493453916288,50.058810362763616,0
bmi,alt_log_adj,REACTOME_SIGNALING_BY_NUCLEAR_RECEPTORS,ppgs,0.014015561335206107,0.0056980663548026386,2.459704830111891,0.01391105745513964
bmi,alt_log_adj,REACTOME_SIGNALING_BY_NUCLEAR_RECEPTORS,bmi,0.28833574909545845,0.00576097251249315,50.04983940995697,0
bmi,alt_log_adj,REACTOME_SIGNALING_BY_PDGF,ppgs,-0.002743208407102813,0.005744899264426195,-0.4775033087332658,0.6330074466501522
bmi,alt_log_adj,REACTOME_SIGNALING_BY_PDGF,bmi,0.288418577128129,0.005761480755339708,50.05980048806452,0
bmi,alt_log_adj,REACTOME_SIGNALING_BY_PDGFRA_TRANSMEMBRANE_JUXTAMEMBRANE_AND_KINASE_DOMAIN_MUTANTS,ppgs,-0.005967751079120995,0.0057032561695809555,-1.0463761229858053,0.29539633364009643
bmi,alt_log_adj,REACTOME_SIGNALING_BY_PDGFRA_TRANSMEMBRANE_JUXTAMEMBRANE_AND_KINASE_DOMAIN_MUTANTS,bmi,0.2884366934725502,0.005761425325525455,50.063426526533014,0
bmi,alt_log_adj,REACTOME_SIGNALING_BY_PDGFR_IN_DISEASE,ppgs,-0.0024197353263207505,0.005682196121867625,-0.42584509130343634,0.6702239604962477
bmi,alt_log_adj,REACTOME_SIGNALING_BY_PDGFR_IN_DISEASE,bmi,0.2884379126579477,0.0057617391277415666,50.06091151700701,0
bmi,alt_log_adj,REACTOME_SIGNALING_BY_PTK6,ppgs,4.004037117667256e-5,0.00570018513161024,0.0070243983751737534,0.9943954365047333
bmi,alt_log_adj,REACTOME_SIGNALING_BY_PTK6,bmi,0.2884146389376856,0.005761498456846904,50.05896314958423,0
bmi,alt_log_adj,REACTOME_SIGNALING_BY_RECEPTOR_TYROSINE_KINASES,ppgs,0.009207585543853028,0.005725013610810232,1.608308061742743,0.10777886152248077
bmi,alt_log_adj,REACTOME_SIGNALING_BY_RECEPTOR_TYROSINE_KINASES,bmi,0.2883838191052184,0.0057612669757741986,50.055624972398604,0
bmi,alt_log_adj,REACTOME_SIGNALING_BY_RETINOIC_ACID,ppgs,0.008712576110926067,0.005709380318411736,1.526010814663994,0.12701832698670776
bmi,alt_log_adj,REACTOME_SIGNALING_BY_RETINOIC_ACID,bmi,0.2884785923627634,0.0057614138547337655,50.070798529034676,0
bmi,alt_log_adj,REACTOME_SIGNALING_BY_RHO_GTPASES_MIRO_GTPASES_AND_RHOBTB3,ppgs,0.009546147789055905,0.005715245563810012,1.6702952974591105,0.09487199250761187
bmi,alt_log_adj,REACTOME_SIGNALING_BY_RHO_GTPASES_MIRO_GTPASES_AND_RHOBTB3,bmi,0.288458834993766,0.005761275300091304,50.06857335722085,0
bmi,alt_log_adj,REACTOME_SIGNALING_BY_RNF43_MUTANTS,ppgs,0.014367175611331835,0.005707042624499595,2.517446698164722,0.011826351939876025
bmi,alt_log_adj,REACTOME_SIGNALING_BY_RNF43_MUTANTS,bmi,0.2884262269737506,0.005760855920435591,50.06655798326962,0
bmi,alt_log_adj,REACTOME_SIGNALING_BY_ROBO_RECEPTORS,ppgs,5.890907189792684e-5,0.005709241493037517,0.010318195853121137,0.9917674895193952
bmi,alt_log_adj,REACTOME_SIGNALING_BY_ROBO_RECEPTORS,bmi,0.28841460344302433,0.005761498248992733,50.05895879486678,0
bmi,alt_log_adj,REACTOME_SIGNALING_BY_SCF_KIT,ppgs,0.0012616995669230576,0.005708886810330113,0.22100623271073414,0.8250891716263984
bmi,alt_log_adj,REACTOME_SIGNALING_BY_SCF_KIT,bmi,0.2884072191255686,0.005761590384255691,50.05687664185214,0
bmi,alt_log_adj,REACTOME_SIGNALING_BY_TGFBR3,ppgs,0.005612791661193116,0.0057167079047974936,0.9818223625668944,0.3261957480045492
bmi,alt_log_adj,REACTOME_SIGNALING_BY_TGFBR3,bmi,0.28836797600781044,0.005761595902986635,50.05001754085692,0
bmi,alt_log_adj,REACTOME_SIGNALING_BY_TGFB_FAMILY_MEMBERS,ppgs,0.005427323572391229,0.0056974057691710715,0.9525955833721254,0.34080313761978975
bmi,alt_log_adj,REACTOME_SIGNALING_BY_TGFB_FAMILY_MEMBERS,bmi,0.28837943230597823,0.005761524191164507,50.052628911672,0
bmi,alt_log_adj,REACTOME_SIGNALING_BY_TGF_BETA_RECEPTOR_COMPLEX,ppgs,0.004430998745753259,0.005697896418567005,0.7776551941721038,0.4367788026456163
bmi,alt_log_adj,REACTOME_SIGNALING_BY_TGF_BETA_RECEPTOR_COMPLEX,bmi,0.2883844876306963,0.005761566833951204,50.05313588160291,0
bmi,alt_log_adj,REACTOME_SIGNALING_BY_TGF_BETA_RECEPTOR_COMPLEX_IN_CANCER,ppgs,0.005238755442943996,0.005689418064285366,0.9207893291986486,0.3571682625236656
bmi,alt_log_adj,REACTOME_SIGNALING_BY_TGF_BETA_RECEPTOR_COMPLEX_IN_CANCER,bmi,0.2883542467042664,0.0057617849198965355,50.045992815268846,0
bmi,alt_log_adj,REACTOME_SIGNALING_BY_THE_B_CELL_RECEPTOR_BCR,ppgs,-0.001740588656614154,0.005675674386397197,-0.306675213924498,0.7590928500192883
bmi,alt_log_adj,REACTOME_SIGNALING_BY_THE_B_CELL_RECEPTOR_BCR,bmi,0.28841565621833,0.005761489401144663,50.05921839603298,0
bmi,alt_log_adj,REACTOME_SIGNALING_BY_TYPE_1_INSULIN_LIKE_GROWTH_FACTOR_1_RECEPTOR_IGF1R,ppgs,8.600436547747948e-4,0.005698943488470206,0.1509128238444176,0.8800455581280389
bmi,alt_log_adj,REACTOME_SIGNALING_BY_TYPE_1_INSULIN_LIKE_GROWTH_FACTOR_1_RECEPTOR_IGF1R,bmi,0.2884078994219449,0.005761667875640209,50.05632147616603,0
bmi,alt_log_adj,REACTOME_SIGNALING_BY_VEGF,ppgs,0.01614521038881503,0.005701879868329629,2.8315591983078354,0.0046354280224856804
bmi,alt_log_adj,REACTOME_SIGNALING_BY_VEGF,bmi,0.28830886865267413,0.0057608044728963935,50.046633245255656,0
bmi,alt_log_adj,REACTOME_SIGNALING_BY_WNT,ppgs,0.009100510842384373,0.005695666734813529,1.5977955287937533,0.11009963516792662
bmi,alt_log_adj,REACTOME_SIGNALING_BY_WNT,bmi,0.28841915328911155,0.005761239263184614,50.06199883628568,0
bmi,alt_log_adj,REACTOME_SIGNALING_BY_WNT_IN_CANCER,ppgs,0.020687008586995407,0.005679435975022017,3.642440671569541,2.705464726227598e-4
bmi,alt_log_adj,REACTOME_SIGNALING_BY_WNT_IN_CANCER,bmi,0.2882053283217412,0.00576043683505726,50.03185289139211,0
bmi,alt_log_adj,REACTOME_SIGNALLING_TO_ERKS,ppgs,0.01647421054696827,0.005706719671002482,2.8868091472371717,0.0038946415886116654
bmi,alt_log_adj,REACTOME_SIGNALLING_TO_ERKS,bmi,0.28844933538148526,0.005760663863737133,50.072238582995304,0
bmi,alt_log_adj,REACTOME_SIGNALLING_TO_P38_VIA_RIT_AND_RIN,ppgs,0.002464861055565526,0.005698597560332786,0.43253818671511585,0.6653535945157252
bmi,alt_log_adj,REACTOME_SIGNALLING_TO_P38_VIA_RIT_AND_RIN,bmi,0.28841662018670006,0.005761480811906409,50.05946033711883,0
bmi,alt_log_adj,REACTOME_SIGNALLING_TO_RAS,ppgs,0.013328001537782097,0.00571532133966473,2.331977634448099,0.019708833680105314
bmi,alt_log_adj,REACTOME_SIGNALLING_TO_RAS,bmi,0.28844377266162996,0.005760959005893398,50.068707721501774,0
bmi,alt_log_adj,REACTOME_SIGNAL_AMPLIFICATION,ppgs,-0.0014785216012573477,0.0056915768363645725,-0.2597736345771159,0.7950402759291275
bmi,alt_log_adj,REACTOME_SIGNAL_AMPLIFICATION,bmi,0.2884286478385782,0.0057617440895760446,50.059260417413135,0
bmi,alt_log_adj,REACTOME_SIGNAL_ATTENUATION,ppgs,0.006239249831953463,0.005711460619744165,1.092408798265152,0.27466274073997665
bmi,alt_log_adj,REACTOME_SIGNAL_ATTENUATION,bmi,0.2884330216707209,0.005761401329404738,50.06299772915168,0
bmi,alt_log_adj,REACTOME_SIGNAL_REGULATORY_PROTEIN_FAMILY_INTERACTIONS,ppgs,-0.004169414967940666,0.005724543596597429,-0.7283401545616484,0.4664114036058986
bmi,alt_log_adj,REACTOME_SIGNAL_REGULATORY_PROTEIN_FAMILY_INTERACTIONS,bmi,0.28841935489718673,0.005761447730768709,50.06022242584938,0
bmi,alt_log_adj,REACTOME_SIGNAL_TRANSDUCTION_BY_L1,ppgs,0.0010412497503216223,0.005745173662464861,0.18123903845143183,0.8561812493822933
bmi,alt_log_adj,REACTOME_SIGNAL_TRANSDUCTION_BY_L1,bmi,0.28842128331772554,0.005761611857524494,50.05913109906144,0
bmi,alt_log_adj,REACTOME_SIRT1_NEGATIVELY_REGULATES_RRNA_EXPRESSION,ppgs,-0.004168498765736148,0.005690063236683185,-0.7325926957827664,0.4638129442431045
bmi,alt_log_adj,REACTOME_SIRT1_NEGATIVELY_REGULATES_RRNA_EXPRESSION,bmi,0.28839938687404515,0.005761480968685657,50.05646784941763,0
bmi,alt_log_adj,REACTOME_SLBP_DEPENDENT_PROCESSING_OF_REPLICATION_DEPENDENT_HISTONE_PRE_MRNAS,ppgs,-0.004069861723024667,0.005709581610603977,-0.7128126017966042,0.47596759353074924
bmi,alt_log_adj,REACTOME_SLBP_DEPENDENT_PROCESSING_OF_REPLICATION_DEPENDENT_HISTONE_PRE_MRNAS,bmi,0.2884376614411767,0.005761537001144334,50.062624154611576,0
bmi,alt_log_adj,REACTOME_SLC15A4_TASL_DEPENDENT_IRF5_ACTIVATION,ppgs,-0.0031282147593769505,0.005689743059235023,-0.5497989499366838,0.582461610172588
bmi,alt_log_adj,REACTOME_SLC15A4_TASL_DEPENDENT_IRF5_ACTIVATION,bmi,0.28841427439995854,0.0057614672899122974,50.05917067427261,0
bmi,alt_log_adj,REACTOME_SLC_MEDIATED_TRANSMEMBRANE_TRANSPORT,ppgs,0.011469406335573869,0.0056790091748538446,2.0196139823755517,0.043432833846830145
bmi,alt_log_adj,REACTOME_SLC_MEDIATED_TRANSMEMBRANE_TRANSPORT,bmi,0.2883569967576491,0.005761154192693394,50.05194916035383,0
bmi,alt_log_adj,REACTOME_SLC_TRANSPORTER_DISORDERS,ppgs,0.011070406526855573,0.005677425391228222,1.9498990764298996,0.05119799332183626
bmi,alt_log_adj,REACTOME_SLC_TRANSPORTER_DISORDERS,bmi,0.2883457310542178,0.00576121998423478,50.0494221437921,0
bmi,alt_log_adj,REACTOME_SMAC_XIAP_REGULATED_APOPTOTIC_RESPONSE,ppgs,0.010804940192649532,0.0058217366965912076,1.8559651107162116,0.06346890078927793
bmi,alt_log_adj,REACTOME_SMAC_XIAP_REGULATED_APOPTOTIC_RESPONSE,bmi,0.2885124294770315,0.005761388992594563,50.076887682444756,0
bmi,alt_log_adj,REACTOME_SMAD2_SMAD3_SMAD4_HETEROTRIMER_REGULATES_TRANSCRIPTION,ppgs,0.0011567372297449832,0.005687046437025961,0.20339859056081463,0.8388249612119182
bmi,alt_log_adj,REACTOME_SMAD2_SMAD3_SMAD4_HETEROTRIMER_REGULATES_TRANSCRIPTION,bmi,0.2884159822872575,0.005761497647806447,50.05920333874735,0
bmi,alt_log_adj,REACTOME_SMALL_INTERFERING_RNA_SIRNA_BIOGENESIS,ppgs,0.00922840601504021,0.0057895191172755165,1.5939848937545258,0.11095056646533451
bmi,alt_log_adj,REACTOME_SMALL_INTERFERING_RNA_SIRNA_BIOGENESIS,bmi,0.288453820489359,0.0057612922838277654,50.06755538146594,0
bmi,alt_log_adj,REACTOME_SMOOTH_MUSCLE_CONTRACTION,ppgs,-8.769064203340536e-4,0.005705866153578929,-0.15368506668948512,0.877859153852562
bmi,alt_log_adj,REACTOME_SMOOTH_MUSCLE_CONTRACTION,bmi,0.2884201191624586,0.005761606592783895,50.058974787291,0
bmi,alt_log_adj,REACTOME_SNRNP_ASSEMBLY,ppgs,-5.125519284670996e-4,0.005723336396311019,-0.0895547444664384,0.928641681159812
bmi,alt_log_adj,REACTOME_SNRNP_ASSEMBLY,bmi,0.28841688337326654,0.0057615524797946256,50.05888332784003,0
bmi,alt_log_adj,REACTOME_SODIUM_CALCIUM_EXCHANGERS,ppgs,0.013747022324634445,0.005711027950962869,2.40710121587073,0.016086063352724174
bmi,alt_log_adj,REACTOME_SODIUM_CALCIUM_EXCHANGERS,bmi,0.2882803438956504,0.005761179357195421,50.03842547196571,0
bmi,alt_log_adj,REACTOME_SODIUM_COUPLED_PHOSPHATE_COTRANSPORTERS,ppgs,0.005157039624953524,0.005706742954638475,0.9036747696445397,0.3661755601135025
bmi,alt_log_adj,REACTOME_SODIUM_COUPLED_PHOSPHATE_COTRANSPORTERS,bmi,0.28843824899205267,0.005761474312819967,50.063270845492305,0
bmi,alt_log_adj,REACTOME_SODIUM_COUPLED_SULPHATE_DI_AND_TRI_CARBOXYLATE_TRANSPORTERS,ppgs,6.701102214883864e-4,0.00569604415837367,0.11764484313262692,0.9063499054018387
bmi,alt_log_adj,REACTOME_SODIUM_COUPLED_SULPHATE_DI_AND_TRI_CARBOXYLATE_TRANSPORTERS,bmi,0.2884225468947124,0.0057618903277971475,50.05693105668335,0
bmi,alt_log_adj,REACTOME_SODIUM_PROTON_EXCHANGERS,ppgs,-0.0070979829339686985,0.0057339247726059936,-1.2378925806420649,0.21576614549130455
bmi,alt_log_adj,REACTOME_SODIUM_PROTON_EXCHANGERS,bmi,0.2884561903890697,0.005761440120259758,50.06668200450975,0
bmi,alt_log_adj,REACTOME_SOMITOGENESIS,ppgs,-0.010007817142673804,0.005694640398019642,-1.757409852631626,0.07885876764232783
bmi,alt_log_adj,REACTOME_SOMITOGENESIS,bmi,0.28838124147676425,0.005761215464845714,50.05562510835326,0
bmi,alt_log_adj,REACTOME_SOS_MEDIATED_SIGNALLING,ppgs,0.005277082129157492,0.005699788550539574,0.9258382275703778,0.354537938730202
bmi,alt_log_adj,REACTOME_SOS_MEDIATED_SIGNALLING,bmi,0.28842702930003816,0.005761426454750124,50.061739321906764,0
bmi,alt_log_adj,REACTOME_SPECIFICATION_OF_PRIMORDIAL_GERM_CELLS,ppgs,0.005811576131463304,0.0056832748757822855,1.0225752332036129,0.30651745040092604
bmi,alt_log_adj,REACTOME_SPECIFICATION_OF_PRIMORDIAL_GERM_CELLS,bmi,0.2883505229335419,0.005761732710828879,50.04580000589094,0
bmi,alt_log_adj,REACTOME_SPECIFICATION_OF_THE_NEURAL_PLATE_BORDER,ppgs,0.006967583389254227,0.005702597366836545,1.2218262909063524,0.22178348365390366
bmi,alt_log_adj,REACTOME_SPECIFICATION_OF_THE_NEURAL_PLATE_BORDER,bmi,0.2884736405513577,0.005761548762380268,50.06876665436406,0
bmi,alt_log_adj,REACTOME_SPERM_MOTILITY_AND_TAXES,ppgs,-0.005232935381369632,0.0056919230839904454,-0.9193615767732705,0.35791430201891106
bmi,alt_log_adj,REACTOME_SPERM_MOTILITY_AND_TAXES,bmi,0.2884187364051935,0.005761413821981607,50.06040970443492,0
bmi,alt_log_adj,REACTOME_SPHINGOLIPID_CATABOLISM,ppgs,-0.010882971571495793,0.005706556374557358,-1.9070996336805586,0.05651778361120596
bmi,alt_log_adj,REACTOME_SPHINGOLIPID_CATABOLISM,bmi,0.28845802828533723,0.0057611733809290475,50.06931908006915,0
bmi,alt_log_adj,REACTOME_SPHINGOLIPID_DE_NOVO_BIOSYNTHESIS,ppgs,0.009042209065577443,0.005718959356356589,1.581093430140762,0.1138678327658939
bmi,alt_log_adj,REACTOME_SPHINGOLIPID_DE_NOVO_BIOSYNTHESIS,bmi,0.28845166078192924,0.005761291585868952,50.06718658181284,0
bmi,alt_log_adj,REACTOME_SPHINGOLIPID_METABOLISM,ppgs,-0.0032579559268613298,0.0057395798634763025,-0.5676296879486362,0.5702909390872838
bmi,alt_log_adj,REACTOME_SPHINGOLIPID_METABOLISM,bmi,0.28840171753106675,0.005761510084593973,50.056619409942606,0
bmi,alt_log_adj,REACTOME_SPRY_REGULATION_OF_FGF_SIGNALING,ppgs,0.016488046833627302,0.005747572144806032,2.868697672377584,0.00412469847021124
bmi,alt_log_adj,REACTOME_SPRY_REGULATION_OF_FGF_SIGNALING,bmi,0.2884102232474411,0.00576066210568616,50.06546434354496,0
bmi,alt_log_adj,REACTOME_SRP_DEPENDENT_COTRANSLATIONAL_PROTEIN_TARGETING_TO_MEMBRANE,ppgs,0.024856480177998862,0.005695978476529198,4.363864835589227,1.282359416845756e-5
bmi,alt_log_adj,REACTOME_SRP_DEPENDENT_COTRANSLATIONAL_PROTEIN_TARGETING_TO_MEMBRANE,bmi,0.28845283637757607,0.005759570472709138,50.082352103228295,0
bmi,alt_log_adj,REACTOME_STABILIZATION_OF_P53,ppgs,-0.0034699552953836705,0.005691903543014592,-0.609630024325023,0.5421118038890842
bmi,alt_log_adj,REACTOME_STABILIZATION_OF_P53,bmi,0.2884043803429619,0.005761484700414546,50.05730212599729,0
bmi,alt_log_adj,REACTOME_STAT3_NUCLEAR_EVENTS_DOWNSTREAM_OF_ALK_SIGNALING,ppgs,0.005557982112179528,0.005703182561107769,0.974540452217255,0.3297965793098161
bmi,alt_log_adj,REACTOME_STAT3_NUCLEAR_EVENTS_DOWNSTREAM_OF_ALK_SIGNALING,bmi,0.28843659156934387,0.005761445568796353,50.063232937841036,0
bmi,alt_log_adj,REACTOME_STAT5_ACTIVATION,ppgs,-4.5148985442696783e-4,0.005702880947282248,-0.0791687321900221,0.9368989733923596
bmi,alt_log_adj,REACTOME_STAT5_ACTIVATION,bmi,0.2884152963889238,0.005761503627447262,50.059032335750075,0
bmi,alt_log_adj,REACTOME_STAT5_ACTIVATION_DOWNSTREAM_OF_FLT3_ITD_MUTANTS,ppgs,-9.602302751333348e-4,0.005701375944647236,-0.16842079604219953,0.8662534504071463
bmi,alt_log_adj,REACTOME_STAT5_ACTIVATION_DOWNSTREAM_OF_FLT3_ITD_MUTANTS,bmi,0.2884161071873626,0.005761501835526128,50.05918863185176,0
bmi,alt_log_adj,REACTOME_STIMULI_SENSING_CHANNELS,ppgs,0.003872092797141606,0.005705889730830669,0.6786133240920348,0.49738843770533137
bmi,alt_log_adj,REACTOME_STIMULI_SENSING_CHANNELS,bmi,0.288409996882552,0.005761455207531108,50.05853321666994,0
bmi,alt_log_adj,REACTOME_STING_MEDIATED_INDUCTION_OF_HOST_IMMUNE_RESPONSES,ppgs,0.0010076431918059174,0.005690766379454079,0.17706634302260385,0.8594575434918674
bmi,alt_log_adj,REACTOME_STING_MEDIATED_INDUCTION_OF_HOST_IMMUNE_RESPONSES,bmi,0.2884083037169463,0.0057616052928645654,50.05693536038026,0
bmi,alt_log_adj,REACTOME_STRAND_ASYNCHRONOUS_MITOCHONDRIAL_DNA_REPLICATION,ppgs,0.002095019373417266,0.005678992034454662,0.3689069047300477,0.7121998715533122
bmi,alt_log_adj,REACTOME_STRAND_ASYNCHRONOUS_MITOCHONDRIAL_DNA_REPLICATION,bmi,0.28840925043977544,0.005761502543421294,50.0579923841381,0
bmi,alt_log_adj,REACTOME_STRIATED_MUSCLE_CONTRACTION,ppgs,-0.0028903220109316482,0.005757478408420919,-0.5020117846563259,0.6156631302496643
bmi,alt_log_adj,REACTOME_STRIATED_MUSCLE_CONTRACTION,bmi,0.28841236575942386,0.005761474116064589,50.0587800881115,0
bmi,alt_log_adj,REACTOME_SULFIDE_OXIDATION_TO_SULFATE,ppgs,-0.0014866051464618607,0.005709570425627017,-0.2603707522004344,0.7945796925012415
bmi,alt_log_adj,REACTOME_SULFIDE_OXIDATION_TO_SULFATE,bmi,0.28842182355507817,0.005761557467994041,50.059697426830645,0
bmi,alt_log_adj,REACTOME_SULFUR_AMINO_ACID_METABOLISM,ppgs,0.0057952988887201,0.005736335653660232,1.0102789025293952,0.3123703086733171
bmi,alt_log_adj,REACTOME_SULFUR_AMINO_ACID_METABOLISM,bmi,0.28849031044705725,0.00576188133471156,50.06876984937058,0
bmi,alt_log_adj,REACTOME_SUMOYLATION,ppgs,0.002970787359924097,0.005714868401216675,0.5198347803234852,0.6031827945745508
bmi,alt_log_adj,REACTOME_SUMOYLATION,bmi,0.28844107546199677,0.00576169523867097,50.06184178678122,0
bmi,alt_log_adj,REACTOME_SUMOYLATION_OF_CHROMATIN_ORGANIZATION_PROTEINS,ppgs,0.0043715022836875285,0.0057362711377664825,0.7620808324255135,0.4460181020668753
bmi,alt_log_adj,REACTOME_SUMOYLATION_OF_CHROMATIN_ORGANIZATION_PROTEINS,bmi,0.2884418427954487,0.005761549676748272,50.06323974945587,0
bmi,alt_log_adj,REACTOME_SUMOYLATION_OF_DNA_DAMAGE_RESPONSE_AND_REPAIR_PROTEINS,ppgs,0.0015187495752454342,0.005693429546895701,0.2667547850967122,0.7896599095575743
bmi,alt_log_adj,REACTOME_SUMOYLATION_OF_DNA_DAMAGE_RESPONSE_AND_REPAIR_PROTEINS,bmi,0.2884169928960148,0.005761497594846073,50.05937920620104,0
bmi,alt_log_adj,REACTOME_SUMOYLATION_OF_DNA_METHYLATION_PROTEINS,ppgs,-0.0013232846812992402,0.005727663332101242,-0.23103394954845957,0.8172900947556632
bmi,alt_log_adj,REACTOME_SUMOYLATION_OF_DNA_METHYLATION_PROTEINS,bmi,0.2884094410673395,0.005761536193107801,50.05773311158704,0
bmi,alt_log_adj,REACTOME_SUMOYLATION_OF_DNA_REPLICATION_PROTEINS,ppgs,-0.003775475440938615,0.005687143696781314,-0.6638614464894524,0.5067843924153141
bmi,alt_log_adj,REACTOME_SUMOYLATION_OF_DNA_REPLICATION_PROTEINS,bmi,0.2884281182335586,0.0057614890549322435,50.061384389274096,0
bmi,alt_log_adj,REACTOME_SUMOYLATION_OF_IMMUNE_RESPONSE_PROTEINS,ppgs,7.766878181477464e-5,0.005708562481429124,0.013605663784436752,0.9891446815844938
bmi,alt_log_adj,REACTOME_SUMOYLATION_OF_IMMUNE_RESPONSE_PROTEINS,bmi,0.28841458509121914,0.005761498599978837,50.05895256006459,0
bmi,alt_log_adj,REACTOME_SUMOYLATION_OF_INTRACELLULAR_RECEPTORS,ppgs,0.012575816684569628,0.005685307798931177,2.2119851957591194,0.02697563103037013
bmi,alt_log_adj,REACTOME_SUMOYLATION_OF_INTRACELLULAR_RECEPTORS,bmi,0.288517644640568,0.005761189097425147,50.07953041664879,0
bmi,alt_log_adj,REACTOME_SUMOYLATION_OF_RNA_BINDING_PROTEINS,ppgs,-0.0021746280110336,0.005686665543333526,-0.3824082838110489,0.7021614136001344
bmi,alt_log_adj,REACTOME_SUMOYLATION_OF_RNA_BINDING_PROTEINS,bmi,0.28841893843941585,0.005761494167251814,50.059746667588726,0
bmi,alt_log_adj,REACTOME_SUMOYLATION_OF_SUMOYLATION_PROTEINS,ppgs,-0.004128998124244783,0.005686058987831512,-0.7261616759659146,0.467745658052113
bmi,alt_log_adj,REACTOME_SUMOYLATION_OF_SUMOYLATION_PROTEINS,bmi,0.2884260062256018,0.005761465717006056,50.06122059778259,0
bmi,alt_log_adj,REACTOME_SUMOYLATION_OF_TRANSCRIPTION_COFACTORS,ppgs,0.001751927986367081,0.005705398911306356,0.3070649421016461,0.7587961970113501
bmi,alt_log_adj,REACTOME_SUMOYLATION_OF_TRANSCRIPTION_COFACTORS,bmi,0.2884252985563242,0.005761593299510114,50.05998923611076,0
bmi,alt_log_adj,REACTOME_SUMOYLATION_OF_TRANSCRIPTION_FACTORS,ppgs,0.0010359380993321741,0.0056555189315061405,0.18317295227518404,0.8546636261815241
bmi,alt_log_adj,REACTOME_SUMOYLATION_OF_TRANSCRIPTION_FACTORS,bmi,0.2884105224663852,0.0057615380363434734,50.057904789850745,0
bmi,alt_log_adj,REACTOME_SUMOYLATION_OF_UBIQUITINYLATION_PROTEINS,ppgs,-0.0025045121333366013,0.005690639413805088,-0.4401108471678652,0.6598601813594314
bmi,alt_log_adj,REACTOME_SUMOYLATION_OF_UBIQUITINYLATION_PROTEINS,bmi,0.2884263043263852,0.005761539432256709,50.060631835928085,0
bmi,alt_log_adj,REACTOME_SUMO_IS_CONJUGATED_TO_E1_UBA2_SAE1,ppgs,-7.580998171996639e-4,0.005865448924956117,-0.12924838778735692,0.8971620262778306
bmi,alt_log_adj,REACTOME_SUMO_IS_CONJUGATED_TO_E1_UBA2_SAE1,bmi,0.2884151953806705,0.005761497980644729,50.05906386665018,0
bmi,alt_log_adj,REACTOME_SUMO_IS_PROTEOLYTICALLY_PROCESSED,ppgs,-0.0024291665393743832,0.005766904668419207,-0.42122536768762875,0.6735937155369374
bmi,alt_log_adj,REACTOME_SUMO_IS_PROTEOLYTICALLY_PROCESSED,bmi,0.28843440393911324,0.005761671335037362,50.06089156545804,0
bmi,alt_log_adj,REACTOME_SUMO_IS_TRANSFERRED_FROM_E1_TO_E2_UBE2I_UBC9,ppgs,-0.0014776505921483202,0.005873587452985921,-0.2515754815904096,0.801371035596422
bmi,alt_log_adj,REACTOME_SUMO_IS_TRANSFERRED_FROM_E1_TO_E2_UBE2I_UBC9,bmi,0.2884153308589649,0.005761492228848678,50.05913735591363,0
bmi,alt_log_adj,REACTOME_SUPPRESSION_OF_APOPTOSIS,ppgs,0.0036188822352335825,0.005697230942971125,0.6352002001425492,0.5253029794904092
bmi,alt_log_adj,REACTOME_SUPPRESSION_OF_APOPTOSIS,bmi,0.2883775089880409,0.005761753225070415,50.050305475295076,0
bmi,alt_log_adj,REACTOME_SUPPRESSION_OF_PHAGOSOMAL_MATURATION,ppgs,0.006540566537689508,0.0056858444897001205,1.150324555927921,0.2500199237374622
bmi,alt_log_adj,REACTOME_SUPPRESSION_OF_PHAGOSOMAL_MATURATION,bmi,0.2884810065502323,0.005761652528989994,50.06914337487867,0
bmi,alt_log_adj,REACTOME_SURFACTANT_METABOLISM,ppgs,0.0046837567999271305,0.005726582301101402,0.8178974043604152,0.41342264676720464
bmi,alt_log_adj,REACTOME_SURFACTANT_METABOLISM,bmi,0.2884103397922476,0.005761432374552811,50.058791120434414,0
bmi,alt_log_adj,REACTOME_SWITCHING_OF_ORIGINS_TO_A_POST_REPLICATIVE_STATE,ppgs,-0.0064504813019971565,0.005678727322375202,-1.1359026302568018,0.25600691995146585
bmi,alt_log_adj,REACTOME_SWITCHING_OF_ORIGINS_TO_A_POST_REPLICATIVE_STATE,bmi,0.28837428283877264,0.005761476312262645,50.05215108235382,0
bmi,alt_log_adj,REACTOME_SYNAPTIC_ADHESION_LIKE_MOLECULES,ppgs,0.002771819525888255,0.005710571666007586,0.48538389639475593,0.6274078042828238
bmi,alt_log_adj,REACTOME_SYNAPTIC_ADHESION_LIKE_MOLECULES,bmi,0.2884168359229178,0.005761475836132502,50.05954101449863,0
bmi,alt_log_adj,REACTOME_SYNDECAN_INTERACTIONS,ppgs,-0.0031207255141892263,0.005711075181404872,-0.5464339752259322,0.5847719615288626
bmi,alt_log_adj,REACTOME_SYNDECAN_INTERACTIONS,bmi,0.28840141865333196,0.005761518299168796,50.05649616611287,0
bmi,alt_log_adj,REACTOME_SYNTHESIS_OF_12_EICOSATETRAENOIC_ACID_DERIVATIVES,ppgs,0.006432705802423857,0.0057608327993397225,1.1166277561746178,0.264162982703618
bmi,alt_log_adj,REACTOME_SYNTHESIS_OF_12_EICOSATETRAENOIC_ACID_DERIVATIVES,bmi,0.2884025207454982,0.005761381466644909,50.057876294979465,0
bmi,alt_log_adj,REACTOME_SYNTHESIS_OF_16_20_HYDROXYEICOSATETRAENOIC_ACIDS_HETE,ppgs,0.0023744826410035287,0.005795192468578589,0.40973318036940504,0.6820047832303706
bmi,alt_log_adj,REACTOME_SYNTHESIS_OF_16_20_HYDROXYEICOSATETRAENOIC_ACIDS_HETE,bmi,0.288425680571541,0.005761544125674211,50.06048279423525,0
bmi,alt_log_adj,REACTOME_SYNTHESIS_OF_5_EICOSATETRAENOIC_ACIDS,ppgs,0.01891430844794863,0.005724066173955045,3.3043483204317647,9.531546491534e-4
bmi,alt_log_adj,REACTOME_SYNTHESIS_OF_5_EICOSATETRAENOIC_ACIDS,bmi,0.2885480871288603,0.005760530365331537,50.09054181285501,0
bmi,alt_log_adj,REACTOME_SYNTHESIS_OF_ACTIVE_UBIQUITIN_ROLES_OF_E1_AND_E2_ENZYMES,ppgs,0.0032148538548373707,0.005676368855036482,0.5663574614227054,0.5711552892623506
bmi,alt_log_adj,REACTOME_SYNTHESIS_OF_ACTIVE_UBIQUITIN_ROLES_OF_E1_AND_E2_ENZYMES,bmi,0.2884092133249481,0.005761473292590365,50.05824008519859,0
bmi,alt_log_adj,REACTOME_SYNTHESIS_OF_BILE_ACIDS_AND_BILE_SALTS,ppgs,0.008626908667565518,0.005736031139765738,1.5039856753493575,0.1325961950626484
bmi,alt_log_adj,REACTOME_SYNTHESIS_OF_BILE_ACIDS_AND_BILE_SALTS,bmi,0.2884813081679254,0.0057614387484822005,50.07105356173807,0
bmi,alt_log_adj,REACTOME_SYNTHESIS_OF_BILE_ACIDS_AND_BILE_SALTS_VIA_24_HYDROXYCHOLESTEROL,ppgs,0.0012112802991914474,0.0057062414558948305,0.21227287848819204,0.8318956792425083
bmi,alt_log_adj,REACTOME_SYNTHESIS_OF_BILE_ACIDS_AND_BILE_SALTS_VIA_24_HYDROXYCHOLESTEROL,bmi,0.2884222974004923,0.005761606845895748,50.0593506490205,0
bmi,alt_log_adj,REACTOME_SYNTHESIS_OF_BILE_ACIDS_AND_BILE_SALTS_VIA_27_HYDROXYCHOLESTEROL,ppgs,0.0036283437270356266,0.00570958344946579,0.6354830889414723,0.5251185220935798
bmi,alt_log_adj,REACTOME_SYNTHESIS_OF_BILE_ACIDS_AND_BILE_SALTS_VIA_27_HYDROXYCHOLESTEROL,bmi,0.2884337910869336,0.005761535897198146,50.06196198954517,0
bmi,alt_log_adj,REACTOME_SYNTHESIS_OF_BILE_ACIDS_AND_BILE_SALTS_VIA_7ALPHA_HYDROXYCHOLESTEROL,ppgs,0.007695128174740006,0.005717941854539647,1.3457863634326066,0.17838218696739855
bmi,alt_log_adj,REACTOME_SYNTHESIS_OF_BILE_ACIDS_AND_BILE_SALTS_VIA_7ALPHA_HYDROXYCHOLESTEROL,bmi,0.2885010077086264,0.005761671509735417,50.072449847435806,0
bmi,alt_log_adj,REACTOME_SYNTHESIS_OF_DIPHTHAMIDE_EEF2,ppgs,9.81571748115182e-4,0.005714533111170859,0.17176761933470824,0.8636214491848051
bmi,alt_log_adj,REACTOME_SYNTHESIS_OF_DIPHTHAMIDE_EEF2,bmi,0.2884198354923815,0.005761574913931716,50.059200791604894,0
bmi,alt_log_adj,REACTOME_SYNTHESIS_OF_DNA,ppgs,-0.0057124737891392505,0.005678613764338263,-1.0059627272088179,0.31444208611056973
bmi,alt_log_adj,REACTOME_SYNTHESIS_OF_DNA,bmi,0.2884170199580772,0.005761395634727508,50.06026981025375,0
bmi,alt_log_adj,REACTOME_SYNTHESIS_OF_DOLICHYL_PHOSPHATE,ppgs,0.006579506343332336,0.0057811510801498685,1.138096246251667,0.2550899134484982
bmi,alt_log_adj,REACTOME_SYNTHESIS_OF_DOLICHYL_PHOSPHATE,bmi,0.28840889092066946,0.005761368555942043,50.059094140612856,0
bmi,alt_log_adj,REACTOME_SYNTHESIS_OF_EPOXY_EET_AND_DIHYDROXYEICOSATRIENOIC_ACIDS_DHET,ppgs,-8.103215763443397e-4,0.005731535710581613,-0.14137948662664993,0.8875711633622747
bmi,alt_log_adj,REACTOME_SYNTHESIS_OF_EPOXY_EET_AND_DIHYDROXYEICOSATRIENOIC_ACIDS_DHET,bmi,0.2884131249780092,0.005761505673833955,50.058637673107874,0
bmi,alt_log_adj,REACTOME_SYNTHESIS_OF_GDP_MANNOSE,ppgs,-0.0038663163632810227,0.005811324074530667,-0.6653073058213973,0.5058593712384507
bmi,alt_log_adj,REACTOME_SYNTHESIS_OF_GDP_MANNOSE,bmi,0.28844141530049944,0.005761593737853242,50.06278269942235,0
bmi,alt_log_adj,REACTOME_SYNTHESIS_OF_GLYCOSYLPHOSPHATIDYLINOSITOL_GPI,ppgs,0.0033754485639689745,0.005759380576335304,0.5860784018750804,0.5578274955611988
bmi,alt_log_adj,REACTOME_SYNTHESIS_OF_GLYCOSYLPHOSPHATIDYLINOSITOL_GPI,bmi,0.28844960080450444,0.0057617721812273665,50.06265290118763,0
bmi,alt_log_adj,REACTOME_SYNTHESIS_OF_IP2_IP_AND_INS_IN_THE_CYTOSOL,ppgs,0.005708754329310191,0.005705706856509175,1.000534109598978,0.3170606390232928
bmi,alt_log_adj,REACTOME_SYNTHESIS_OF_IP2_IP_AND_INS_IN_THE_CYTOSOL,bmi,0.28848846814893003,0.005761868978852309,50.06855747809685,0
bmi,alt_log_adj,REACTOME_SYNTHESIS_OF_IP3_AND_IP4_IN_THE_CYTOSOL,ppgs,0.006362730555675642,0.005787179996160645,1.0994526798711688,0.27157999993581294
bmi,alt_log_adj,REACTOME_SYNTHESIS_OF_IP3_AND_IP4_IN_THE_CYTOSOL,bmi,0.28842208782854206,0.005761379142469511,50.061292738480525,0
bmi,alt_log_adj,REACTOME_SYNTHESIS_OF_KETONE_BODIES,ppgs,-0.006079965535229141,0.005688117888701434,-1.0688888054352832,0.2851288780680053
bmi,alt_log_adj,REACTOME_SYNTHESIS_OF_KETONE_BODIES,bmi,0.28840983797068565,0.005761383613709265,50.05912768669175,0
bmi,alt_log_adj,REACTOME_SYNTHESIS_OF_LEUKOTRIENES_LT_AND_EOXINS_EX,ppgs,-0.0023370152600655143,0.005773331948418812,-0.40479488810713044,0.6856313408242304
bmi,alt_log_adj,REACTOME_SYNTHESIS_OF_LEUKOTRIENES_LT_AND_EOXINS_EX,bmi,0.28840142151846376,0.005761573611559501,50.05601610987686,0
bmi,alt_log_adj,REACTOME_SYNTHESIS_OF_PA,ppgs,0.013849027353974776,0.005795670909781699,2.3895468824154507,0.016875664631255276
bmi,alt_log_adj,REACTOME_SYNTHESIS_OF_PA,bmi,0.28848234815660134,0.0057609875507029,50.075155625254475,0
bmi,alt_log_adj,REACTOME_SYNTHESIS_OF_PC,ppgs,0.004028258973956525,0.0056831348082315505,0.7088093296892983,0.47844863588839914
bmi,alt_log_adj,REACTOME_SYNTHESIS_OF_PC,bmi,0.2883978789988448,0.005761495342348946,50.05608125359792,0
bmi,alt_log_adj,REACTOME_SYNTHESIS_OF_PE,ppgs,0.003644317202239584,0.005690738204479489,0.6403944569741311,0.5219213615006437
bmi,alt_log_adj,REACTOME_SYNTHESIS_OF_PE,bmi,0.28843072178657375,0.005761511147239574,50.061644317874,0
bmi,alt_log_adj,REACTOME_SYNTHESIS_OF_PG,ppgs,-0.0020564893369080096,0.005820082604426055,-0.3533436682400506,0.7238334389901838
bmi,alt_log_adj,REACTOME_SYNTHESIS_OF_PG,bmi,0.28840803558158534,0.005761515440416792,50.057669473280406,0
bmi,alt_log_adj,REACTOME_SYNTHESIS_OF_PI,ppgs,-0.0025061468347489344,0.005707572770101767,-0.4390915255390163,0.6605985658866282
bmi,alt_log_adj,REACTOME_SYNTHESIS_OF_PI,bmi,0.28839844890960387,0.005761596118917012,50.05530463385086,0
bmi,alt_log_adj,REACTOME_SYNTHESIS_OF_PIPS_AT_THE_EARLY_ENDOSOME_MEMBRANE,ppgs,0.003600922820898123,0.005702495599233637,0.6314643752433678,0.5277420269611448
bmi,alt_log_adj,REACTOME_SYNTHESIS_OF_PIPS_AT_THE_EARLY_ENDOSOME_MEMBRANE,bmi,0.28844480095000846,0.005761655666218261,50.062832223941804,0
bmi,alt_log_adj,REACTOME_SYNTHESIS_OF_PIPS_AT_THE_ER_MEMBRANE,ppgs,0.01057663676293924,0.005696512223257423,1.8566863983469568,0.06336614973083086
bmi,alt_log_adj,REACTOME_SYNTHESIS_OF_PIPS_AT_THE_ER_MEMBRANE,bmi,0.2883728439198944,0.005761191642338687,50.05437448056021,0
bmi,alt_log_adj,REACTOME_SYNTHESIS_OF_PIPS_AT_THE_GOLGI_MEMBRANE,ppgs,-0.013982886269686589,0.0057062737816469065,-2.450440831398549,0.014274140504505088
bmi,alt_log_adj,REACTOME_SYNTHESIS_OF_PIPS_AT_THE_GOLGI_MEMBRANE,bmi,0.2885380254408114,0.005761107999640241,50.08377302748525,0
bmi,alt_log_adj,REACTOME_SYNTHESIS_OF_PIPS_AT_THE_LATE_ENDOSOME_MEMBRANE,ppgs,0.004438896512114361,0.005695958480240083,0.7793063322904107,0.4358057907745978
bmi,alt_log_adj,REACTOME_SYNTHESIS_OF_PIPS_AT_THE_LATE_ENDOSOME_MEMBRANE,bmi,0.2884101569463274,0.005761439107835007,50.058700881541405,0
bmi,alt_log_adj,REACTOME_SYNTHESIS_OF_PIPS_AT_THE_PLASMA_MEMBRANE,ppgs,0.00995351405345864,0.005696847912878238,1.7471967315395283,0.08061404638920344
bmi,alt_log_adj,REACTOME_SYNTHESIS_OF_PIPS_AT_THE_PLASMA_MEMBRANE,bmi,0.28843381765022535,0.005761198265313186,50.06490045427134,0
bmi,alt_log_adj,REACTOME_SYNTHESIS_OF_PROSTAGLANDINS_PG_AND_THROMBOXANES_TX,ppgs,-0.005968797558561379,0.005695923410185336,-1.0479069202173779,0.2946904274428014
bmi,alt_log_adj,REACTOME_SYNTHESIS_OF_PROSTAGLANDINS_PG_AND_THROMBOXANES_TX,bmi,0.28833618252072485,0.00576187262882665,50.04209587663894,0
bmi,alt_log_adj,REACTOME_SYNTHESIS_OF_PYROPHOSPHATES_IN_THE_CYTOSOL,ppgs,0.01356389099134439,0.005686582555098406,2.3852447159469166,0.01707429269203063
bmi,alt_log_adj,REACTOME_SYNTHESIS_OF_PYROPHOSPHATES_IN_THE_CYTOSOL,bmi,0.2884112961433495,0.0057609200867469864,50.063408587604,0
bmi,alt_log_adj,REACTOME_SYNTHESIS_OF_SUBSTRATES_IN_N_GLYCAN_BIOSYTHESIS,ppgs,0.0056619852343108,0.005670799359908914,0.9984456996203345,0.31807180487720454
bmi,alt_log_adj,REACTOME_SYNTHESIS_OF_SUBSTRATES_IN_N_GLYCAN_BIOSYTHESIS,bmi,0.28839282117028203,0.005761438048609499,50.055701152576745,0
bmi,alt_log_adj,REACTOME_SYNTHESIS_OF_UDP_N_ACETYL_GLUCOSAMINE,ppgs,0.0045163846002827385,0.005701021901553214,0.7922061479981813,0.42824711328884046
bmi,alt_log_adj,REACTOME_SYNTHESIS_OF_UDP_N_ACETYL_GLUCOSAMINE,bmi,0.2884268625118469,0.005761454916511112,50.06146306643422,0
bmi,alt_log_adj,REACTOME_SYNTHESIS_OF_VERY_LONG_CHAIN_FATTY_ACYL_COAS,ppgs,0.0020704779443181257,0.005749796083171107,0.36009589111832,0.7187781079674171
bmi,alt_log_adj,REACTOME_SYNTHESIS_OF_VERY_LONG_CHAIN_FATTY_ACYL_COAS,bmi,0.2884360029008603,0.005761790730586996,50.06013171732726,0
bmi,alt_log_adj,REACTOME_SYNTHESIS_OF_WYBUTOSINE_AT_G37_OF_TRNA_PHE,ppgs,0.002898482355407045,0.005685791222351203,0.509776430765331,0.6102120680996085
bmi,alt_log_adj,REACTOME_SYNTHESIS_OF_WYBUTOSINE_AT_G37_OF_TRNA_PHE,bmi,0.2883962062761835,0.005761584820556439,50.05501355238765,0
bmi,alt_log_adj,REACTOME_SYNTHESIS_SECRETION_AND_DEACYLATION_OF_GHRELIN,ppgs,0.0026783433335246217,0.005729223010776317,0.4674880570169502,0.6401543281087596
bmi,alt_log_adj,REACTOME_SYNTHESIS_SECRETION_AND_DEACYLATION_OF_GHRELIN,bmi,0.2884020334132038,0.005761538694713544,50.05642566938324,0
bmi,alt_log_adj,REACTOME_SYNTHESIS_SECRETION_AND_INACTIVATION_OF_GLUCAGON_LIKE_PEPTIDE_1_GLP_1,ppgs,0.009691546586212256,0.005692069720932615,1.702640175079294,0.08864638934208541
bmi,alt_log_adj,REACTOME_SYNTHESIS_SECRETION_AND_INACTIVATION_OF_GLUCAGON_LIKE_PEPTIDE_1_GLP_1,bmi,0.28838114246081914,0.005761236963763777,50.055421131718504,0
bmi,alt_log_adj,REACTOME_SYNTHESIS_SECRETION_AND_INACTIVATION_OF_GLUCOSE_DEPENDENT_INSULINOTROPIC_POLYPEPTIDE_GIP,ppgs,0.001119311648485295,0.005682667256747845,0.19696941557790065,0.8438528837664795
bmi,alt_log_adj,REACTOME_SYNTHESIS_SECRETION_AND_INACTIVATION_OF_GLUCOSE_DEPENDENT_INSULINOTROPIC_POLYPEPTIDE_GIP,bmi,0.2884146738447432,0.005761494035213515,50.059007625798024,0
bmi,alt_log_adj,REACTOME_S_PHASE,ppgs,-3.7297960932745954e-4,0.00567099546679096,-0.065769689203881,0.9475616522484045
bmi,alt_log_adj,REACTOME_S_PHASE,bmi,0.28841405284779625,0.005761504036594466,50.058812944661796,0
bmi,alt_log_adj,REACTOME_TACHYKININ_RECEPTORS_BIND_TACHYKININS,ppgs,-8.428751479346272e-4,0.00570951953041812,-0.14762628334032543,0.8826387611334334
bmi,alt_log_adj,REACTOME_TACHYKININ_RECEPTORS_BIND_TACHYKININS,bmi,0.28841014263606185,0.0057615756640012694,50.05751194730787,0
bmi,alt_log_adj,REACTOME_TAK1_DEPENDENT_IKK_AND_NF_KAPPA_B_ACTIVATION,ppgs,-0.008016560110735378,0.0057139069558513654,-1.4029910134476316,0.1606304705124379
bmi,alt_log_adj,REACTOME_TAK1_DEPENDENT_IKK_AND_NF_KAPPA_B_ACTIVATION,bmi,0.2884212633145808,0.005761299904791258,50.06183814085457,0
bmi,alt_log_adj,REACTOME_TANDEM_PORE_DOMAIN_POTASSIUM_CHANNELS,ppgs,0.003736250294373643,0.005693723474886174,0.6562050845731204,0.5116975037291162
bmi,alt_log_adj,REACTOME_TANDEM_PORE_DOMAIN_POTASSIUM_CHANNELS,bmi,0.28841964259398495,0.00576145929482795,50.06017188265109,0
bmi,alt_log_adj,REACTOME_TBC_RABGAPS,ppgs,0.0035724978507402074,0.005679284574870301,0.6290401200439569,0.5293278593910438
bmi,alt_log_adj,REACTOME_TBC_RABGAPS,bmi,0.2883984081490067,0.005761515421623798,50.0559986469195,0
bmi,alt_log_adj,REACTOME_TCF_DEPENDENT_SIGNALING_IN_RESPONSE_TO_WNT,ppgs,0.00988194479255594,0.005701783247976465,1.7331323136604664,0.08308302801297453
bmi,alt_log_adj,REACTOME_TCF_DEPENDENT_SIGNALING_IN_RESPONSE_TO_WNT,bmi,0.28843280217172834,0.005761202312655269,50.06468902127361,0
bmi,alt_log_adj,REACTOME_TCR_SIGNALING,ppgs,0.003496501489748092,0.005825508809093457,0.6002053390238035,0.5483741935745188
bmi,alt_log_adj,REACTOME_TCR_SIGNALING,bmi,0.2884098011453514,0.005761466964014495,50.05839709690746,0
bmi,alt_log_adj,REACTOME_TELOMERE_C_STRAND_LAGGING_STRAND_SYNTHESIS,ppgs,-0.0014835170412135933,0.005686430328575165,-0.26088722722209357,0.794181370051519
bmi,alt_log_adj,REACTOME_TELOMERE_C_STRAND_LAGGING_STRAND_SYNTHESIS,bmi,0.2884177162583958,0.0057615032614278345,50.059455522536524,0
bmi,alt_log_adj,REACTOME_TELOMERE_C_STRAND_SYNTHESIS_INITIATION,ppgs,0.002178342777670921,0.005700446941593869,0.38213543604387046,0.7023637730477743
bmi,alt_log_adj,REACTOME_TELOMERE_C_STRAND_SYNTHESIS_INITIATION,bmi,0.2884315421880839,0.005761653267391809,50.06055185938869,0
bmi,alt_log_adj,REACTOME_TELOMERE_EXTENSION_BY_TELOMERASE,ppgs,8.124061611572423e-4,0.005703739441757292,0.14243395397931155,0.8867382565944713
bmi,alt_log_adj,REACTOME_TELOMERE_EXTENSION_BY_TELOMERASE,bmi,0.28840928035484725,0.0057616179755927395,50.056994680418136,0
bmi,alt_log_adj,REACTOME_TELOMERE_MAINTENANCE,ppgs,-4.939936267533486e-4,0.005684386240884635,-0.0869035997589901,0.930748751924445
bmi,alt_log_adj,REACTOME_TELOMERE_MAINTENANCE,bmi,0.2884160343386807,0.005761520117478662,50.05901714440188,0
bmi,alt_log_adj,REACTOME_TERMINAL_PATHWAY_OF_COMPLEMENT,ppgs,-0.0058774402588545665,0.005715676096804395,-1.0283018420411565,0.30381663821747135
bmi,alt_log_adj,REACTOME_TERMINAL_PATHWAY_OF_COMPLEMENT,bmi,0.28846961950839134,0.005761638765531044,50.067286625839586,0
bmi,alt_log_adj,REACTOME_TERMINATION_OF_O_GLYCAN_BIOSYNTHESIS,ppgs,7.859045872680873e-4,0.005647667918969407,0.13915559458239182,0.8893281858807638
bmi,alt_log_adj,REACTOME_TERMINATION_OF_O_GLYCAN_BIOSYNTHESIS,bmi,0.2884175112005111,0.005761533407612154,50.05915800461264,0
bmi,alt_log_adj,REACTOME_TERMINATION_OF_TRANSLESION_DNA_SYNTHESIS,ppgs,-0.001934721275907893,0.00568841779581565,-0.3401158890493341,0.7337717765014821
bmi,alt_log_adj,REACTOME_TERMINATION_OF_TRANSLESION_DNA_SYNTHESIS,bmi,0.2884299668914366,0.005761662856669427,50.060195132306944,0
bmi,alt_log_adj,REACTOME_TETRAHYDROBIOPTERIN_BH4_SYNTHESIS_RECYCLING_SALVAGE_AND_REGULATION,ppgs,-0.0038174282786732293,0.005696438652955783,-0.6701429632165761,0.5027721178143226
bmi,alt_log_adj,REACTOME_TETRAHYDROBIOPTERIN_BH4_SYNTHESIS_RECYCLING_SALVAGE_AND_REGULATION,bmi,0.2884169223597447,0.005761453359117006,50.05975131315602,0
bmi,alt_log_adj,REACTOME_TFAP2A_ACTS_AS_A_TRANSCRIPTIONAL_REPRESSOR_DURING_RETINOIC_ACID_INDUCED_CELL_DIFFERENTIATION,ppgs,0.002518507526811637,0.005705979603012811,0.4413803942590053,0.6589409996529015
bmi,alt_log_adj,REACTOME_TFAP2A_ACTS_AS_A_TRANSCRIPTIONAL_REPRESSOR_DURING_RETINOIC_ACID_INDUCED_CELL_DIFFERENTIATION,bmi,0.2884379885693771,0.005761721385204068,50.06107884877554,0
bmi,alt_log_adj,REACTOME_TFAP2_AP_2_FAMILY_REGULATES_TRANSCRIPTION_OF_CELL_CYCLE_FACTORS,ppgs,0.0013389003984617858,0.0057003634968403665,0.23487982813796346,0.8143037028527007
bmi,alt_log_adj,REACTOME_TFAP2_AP_2_FAMILY_REGULATES_TRANSCRIPTION_OF_CELL_CYCLE_FACTORS,bmi,0.28842535582552875,0.00576167359395847,50.05930154182346,0
bmi,alt_log_adj,REACTOME_TFAP2_AP_2_FAMILY_REGULATES_TRANSCRIPTION_OF_GROWTH_FACTORS_AND_THEIR_RECEPTORS,ppgs,-4.159707454958311e-4,0.005679926846040777,-0.0732352293913408,0.9416194493215818
bmi,alt_log_adj,REACTOME_TFAP2_AP_2_FAMILY_REGULATES_TRANSCRIPTION_OF_GROWTH_FACTORS_AND_THEIR_RECEPTORS,bmi,0.28841219601120277,0.005761592674652406,50.057720546619954,0
bmi,alt_log_adj,REACTOME_TGFBR3_EXPRESSION,ppgs,-6.823171585290463e-4,0.005731235238565979,-0.1190523735507618,0.905234706253079
bmi,alt_log_adj,REACTOME_TGFBR3_EXPRESSION,bmi,0.2884192199615001,0.005761625962439388,50.05865042988449,0
bmi,alt_log_adj,REACTOME_TGFBR3_PTM_REGULATION,ppgs,0.003538780428009435,0.00575584038952471,0.6148155939921138,0.5386814443541903
bmi,alt_log_adj,REACTOME_TGFBR3_PTM_REGULATION,bmi,0.28837287247972915,0.00576185972739487,50.04857565494955,0
bmi,alt_log_adj,REACTOME_TGFBR3_REGULATES_TGF_BETA_SIGNALING,ppgs,-0.0011073474183732155,0.005703156656642601,-0.19416394902697645,0.8460489013737006
bmi,alt_log_adj,REACTOME_TGFBR3_REGULATES_TGF_BETA_SIGNALING,bmi,0.2884234491481643,0.005761673493410678,50.0589714911855,0
bmi,alt_log_adj,REACTOME_TGF_BETA_RECEPTOR_SIGNALING_ACTIVATES_SMADS,ppgs,0.006545385367565186,0.005688870040889502,1.1505598335907423,0.24992307022340485
bmi,alt_log_adj,REACTOME_TGF_BETA_RECEPTOR_SIGNALING_ACTIVATES_SMADS,bmi,0.288378822261718,0.005761447477820545,50.05318947571257,0
bmi,alt_log_adj,REACTOME_TGF_BETA_RECEPTOR_SIGNALING_IN_EMT_EPITHELIAL_TO_MESENCHYMAL_TRANSITION,ppgs,0.001972501870325692,0.005699879591262595,0.3460602700010296,0.7292999888258539
bmi,alt_log_adj,REACTOME_TGF_BETA_RECEPTOR_SIGNALING_IN_EMT_EPITHELIAL_TO_MESENCHYMAL_TRANSITION,bmi,0.2884017486431501,0.005761605898002616,50.05579238648217,0
bmi,alt_log_adj,REACTOME_THE_ACTIVATION_OF_ARYLSULFATASES,ppgs,-0.008535869080894766,0.005724204590943558,-1.4911886787554083,0.13592309172148326
bmi,alt_log_adj,REACTOME_THE_ACTIVATION_OF_ARYLSULFATASES,bmi,0.2883682679492826,0.005761355885922475,50.05215328806419,0
bmi,alt_log_adj,REACTOME_THE_CANONICAL_RETINOID_CYCLE_IN_RODS_TWILIGHT_VISION,ppgs,-0.0010589699772311407,0.005684331315830903,-0.1862963149740941,0.852213730091166
bmi,alt_log_adj,REACTOME_THE_CANONICAL_RETINOID_CYCLE_IN_RODS_TWILIGHT_VISION,bmi,0.2884122582312612,0.005761508419081579,50.05846338366298,0
bmi,alt_log_adj,REACTOME_THE_CRY_PER_KINASE_COMPLEX_REPRESSES_TRANSACTIVATION_BY_THE_BMAL_CLOCK_ARNTL_CLOCK_COMPLEX,ppgs,-0.0038543142119326105,0.0057219203192916184,-0.6736050131522593,0.5005679568032039
bmi,alt_log_adj,REACTOME_THE_CRY_PER_KINASE_COMPLEX_REPRESSES_TRANSACTIVATION_BY_THE_BMAL_CLOCK_ARNTL_CLOCK_COMPLEX,bmi,0.2883910256421166,0.005761558357350105,50.054344285901735,0
bmi,alt_log_adj,REACTOME_THE_FATTY_ACID_CYCLING_MODEL,ppgs,-0.004087524600162198,0.005818085530045512,-0.7025549176019459,0.4823389345569392
bmi,alt_log_adj,REACTOME_THE_FATTY_ACID_CYCLING_MODEL,bmi,0.28840534492414116,0.005761462948637321,50.05765853138979,0
bmi,alt_log_adj,REACTOME_THE_NLRP3_INFLAMMASOME,ppgs,0.0032863891145573664,0.005826844636251965,0.5640083646835125,0.5727529011811361
bmi,alt_log_adj,REACTOME_THE_NLRP3_INFLAMMASOME,bmi,0.28841367803641343,0.005761465890170581,50.05907932709714,0
bmi,alt_log_adj,REACTOME_THE_PHOTOTRANSDUCTION_CASCADE,ppgs,-0.0014936573297603328,0.005693570152583309,-0.26234107769491954,0.7930604014506372
bmi,alt_log_adj,REACTOME_THE_PHOTOTRANSDUCTION_CASCADE,bmi,0.28841516483518886,0.005761491349350894,50.05911618138288,0
bmi,alt_log_adj,REACTOME_THE_RETINOID_CYCLE_IN_CONES_DAYLIGHT_VISION,ppgs,-0.0026503568990819968,0.005715809759765322,-0.4636887878491628,0.6428742913968151
bmi,alt_log_adj,REACTOME_THE_RETINOID_CYCLE_IN_CONES_DAYLIGHT_VISION,bmi,0.2884003562190346,0.005761558269256494,50.05596450493792,0
bmi,alt_log_adj,REACTOME_THE_ROLE_OF_GTSE1_IN_G2_M_PROGRESSION_AFTER_G2_CHECKPOINT,ppgs,-0.0027787559114166457,0.005684943175348217,-0.48879220525303485,0.6249925981973612
bmi,alt_log_adj,REACTOME_THE_ROLE_OF_GTSE1_IN_G2_M_PROGRESSION_AFTER_G2_CHECKPOINT,bmi,0.2883880437030248,0.005761730284100645,50.05233315048165,0
bmi,alt_log_adj,REACTOME_THE_ROLE_OF_NEF_IN_HIV_1_REPLICATION_AND_DISEASE_PATHOGENESIS,ppgs,0.009260984533865283,0.005737123266547323,1.6142209437725168,0.10649064010835424
bmi,alt_log_adj,REACTOME_THE_ROLE_OF_NEF_IN_HIV_1_REPLICATION_AND_DISEASE_PATHOGENESIS,bmi,0.28837943557143964,0.00576127444144913,50.05479924662359,0
bmi,alt_log_adj,REACTOME_THROMBIN_SIGNALLING_THROUGH_PROTEINASE_ACTIVATED_RECEPTORS_PARS,ppgs,7.9419365936595e-5,0.005699288973401895,0.013934960362115088,0.9888819681575501
bmi,alt_log_adj,REACTOME_THROMBIN_SIGNALLING_THROUGH_PROTEINASE_ACTIVATED_RECEPTORS_PARS,bmi,0.2884139886214039,0.005761677374537641,50.05729579652979,0
bmi,alt_log_adj,REACTOME_THROMBOXANE_SIGNALLING_THROUGH_TP_RECEPTOR,ppgs,1.883056801965846e-4,0.005701441964345391,0.03302772901560261,0.9736527076603183
bmi,alt_log_adj,REACTOME_THROMBOXANE_SIGNALLING_THROUGH_TP_RECEPTOR,bmi,0.28841333791199886,0.005761629088859643,50.05760236625756,0
bmi,alt_log_adj,REACTOME_THYROXINE_BIOSYNTHESIS,ppgs,-0.0012788119207731707,0.005686834695270915,-0.22487235682032597,0.8220801953886206
bmi,alt_log_adj,REACTOME_THYROXINE_BIOSYNTHESIS,bmi,0.28840665626165823,0.005761601735538939,50.05668032948146,0
bmi,alt_log_adj,REACTOME_TICAM1_DEPENDENT_ACTIVATION_OF_IRF3_IRF7,ppgs,-7.81994918505013e-4,0.0056925995953014735,-0.13737044129196294,0.8907389695192489
bmi,alt_log_adj,REACTOME_TICAM1_DEPENDENT_ACTIVATION_OF_IRF3_IRF7,bmi,0.2884178446296503,0.005761543807204271,50.059125519276755,0
bmi,alt_log_adj,REACTOME_TICAM1_RIP1_MEDIATED_IKK_COMPLEX_RECRUITMENT,ppgs,0.006292908676812085,0.00569654029714579,1.1046895744712104,0.26930349813739657
bmi,alt_log_adj,REACTOME_TICAM1_RIP1_MEDIATED_IKK_COMPLEX_RECRUITMENT,bmi,0.28841961284491874,0.005761375739338321,50.060892726646394,0
bmi,alt_log_adj,REACTOME_TICAM1_TRAF6_DEPENDENT_INDUCTION_OF_TAK1_COMPLEX,ppgs,-0.012706631598734907,0.005685745364316232,-2.2348224875636875,0.02543676424525993
bmi,alt_log_adj,REACTOME_TICAM1_TRAF6_DEPENDENT_INDUCTION_OF_TAK1_COMPLEX,bmi,0.28839976463351286,0.005760994354122333,50.06076154668433,0
bmi,alt_log_adj,REACTOME_TIE2_SIGNALING,ppgs,-0.014489731140076768,0.005667219642049004,-2.556761878888102,0.010570312754184895
bmi,alt_log_adj,REACTOME_TIE2_SIGNALING,bmi,0.2882869656531168,0.005761050173762789,50.04069691426142,0
bmi,alt_log_adj,REACTOME_TIGHT_JUNCTION_INTERACTIONS,ppgs,5.480173846503728e-4,0.005699258751698985,0.09615590527224359,0.9233974306537274
bmi,alt_log_adj,REACTOME_TIGHT_JUNCTION_INTERACTIONS,bmi,0.28841213025876167,0.005761555319095321,50.05803368803688,0
bmi,alt_log_adj,REACTOME_TLR3_MEDIATED_TICAM1_DEPENDENT_PROGRAMMED_CELL_DEATH,ppgs,0.0037053297271747126,0.0057583023687368924,0.6434760611550678,0.5199204482801828
bmi,alt_log_adj,REACTOME_TLR3_MEDIATED_TICAM1_DEPENDENT_PROGRAMMED_CELL_DEATH,bmi,0.28841029993768963,0.0057614598119976835,50.05854581109861,0
bmi,alt_log_adj,REACTOME_TNFR1_INDUCED_NF_KAPPA_B_SIGNALING_PATHWAY,ppgs,-0.002117738475792782,0.005698849076023794,-0.37160809973061654,0.710187434859934
bmi,alt_log_adj,REACTOME_TNFR1_INDUCED_NF_KAPPA_B_SIGNALING_PATHWAY,bmi,0.2884189978785855,0.005761495971405514,50.0597413085105,0
bmi,alt_log_adj,REACTOME_TNFR1_INDUCED_PROAPOPTOTIC_SIGNALING,ppgs,0.0013164279439064324,0.005686168233420444,0.2315140688538073,0.8169171278490012
bmi,alt_log_adj,REACTOME_TNFR1_INDUCED_PROAPOPTOTIC_SIGNALING,bmi,0.2884152655029874,0.005761493195106374,50.05911761693271,0
bmi,alt_log_adj,REACTOME_TNFR1_MEDIATED_CERAMIDE_PRODUCTION,ppgs,0.009290157834342398,0.005829281414706235,1.5937054970283284,0.11101316071486465
bmi,alt_log_adj,REACTOME_TNFR1_MEDIATED_CERAMIDE_PRODUCTION,bmi,0.2883541305089656,0.005761364924703911,50.04962092794091,0
bmi,alt_log_adj,REACTOME_TNFR2_NON_CANONICAL_NF_KB_PATHWAY,ppgs,-0.002618660572563119,0.005694232377661409,-0.4598794708196628,0.6456062631916227
bmi,alt_log_adj,REACTOME_TNFR2_NON_CANONICAL_NF_KB_PATHWAY,bmi,0.2884078403825067,0.005761495354046487,50.057810110000084,0
bmi,alt_log_adj,REACTOME_TNFS_BIND_THEIR_PHYSIOLOGICAL_RECEPTORS,ppgs,0.007661638193503645,0.0057648987907338144,1.3290152128635018,0.18385364693786369
bmi,alt_log_adj,REACTOME_TNFS_BIND_THEIR_PHYSIOLOGICAL_RECEPTORS,bmi,0.28843654372877775,0.005761342107022864,50.06412366611318,0
bmi,alt_log_adj,REACTOME_TNF_RECEPTOR_SUPERFAMILY_TNFSF_MEMBERS_MEDIATING_NON_CANONICAL_NF_KB_PATHWAY,ppgs,1.4828051766525881e-4,0.0056789214221823585,0.026110683110715755,0.9791692398620699
bmi,alt_log_adj,REACTOME_TNF_RECEPTOR_SUPERFAMILY_TNFSF_MEMBERS_MEDIATING_NON_CANONICAL_NF_KB_PATHWAY,bmi,0.2884136254962717,0.005761624365420994,50.0576933177416,0
bmi,alt_log_adj,REACTOME_TNF_SIGNALING,ppgs,-9.950676460271071e-5,0.005681317200495501,-0.01751473489176632,0.9860261011626672
bmi,alt_log_adj,REACTOME_TNF_SIGNALING,bmi,0.28841451590130096,0.005761501139706313,50.05891848456748,0
bmi,alt_log_adj,REACTOME_TOLL_LIKE_RECEPTOR_9_TLR9_CASCADE,ppgs,-4.803890829198773e-4,0.005732365867963614,-0.08380293477159588,0.9332137063369932
bmi,alt_log_adj,REACTOME_TOLL_LIKE_RECEPTOR_9_TLR9_CASCADE,bmi,0.28841420423789105,0.005761499417182128,50.05887935660862,0
bmi,alt_log_adj,REACTOME_TOLL_LIKE_RECEPTOR_CASCADES,ppgs,-0.00399494441386808,0.005690878563311056,-0.7019908032519585,0.48269066203385713
bmi,alt_log_adj,REACTOME_TOLL_LIKE_RECEPTOR_CASCADES,bmi,0.28839288076822384,0.005761531139759696,50.05490272855702,0
bmi,alt_log_adj,REACTOME_TOLL_LIKE_RECEPTOR_TLR1_TLR2_CASCADE,ppgs,6.160135496404426e-4,0.005730664501458812,0.10749426170099972,0.914397638133156
bmi,alt_log_adj,REACTOME_TOLL_LIKE_RECEPTOR_TLR1_TLR2_CASCADE,bmi,0.2884160911336136,0.0057615130022461245,50.05908882287945,0
bmi,alt_log_adj,REACTOME_TOXICITY_OF_BOTULINUM_TOXIN_TYPE_D_BOTD,ppgs,-0.0016511854152229397,0.005690447411769637,-0.2901679421213468,0.771689882454079
bmi,alt_log_adj,REACTOME_TOXICITY_OF_BOTULINUM_TOXIN_TYPE_D_BOTD,bmi,0.2884239381737735,0.005761578866850558,50.05987852274843,0
bmi,alt_log_adj,REACTOME_TP53_REGULATES_METABOLIC_GENES,ppgs,0.003219627159720159,0.005678616100357051,0.5669739075190733,0.5707363981761577
bmi,alt_log_adj,REACTOME_TP53_REGULATES_METABOLIC_GENES,bmi,0.2884165650641883,0.005761466325138553,50.05957664037069,0
bmi,alt_log_adj,REACTOME_TP53_REGULATES_TRANSCRIPTION_OF_ADDITIONAL_CELL_CYCLE_GENES_WHOSE_EXACT_ROLE_IN_THE_P53_PATHWAY_REMAIN_UNCERTAIN,ppgs,0.004001588232700288,0.005701647661776829,0.7018301498225613,0.48279085555758094
bmi,alt_log_adj,REACTOME_TP53_REGULATES_TRANSCRIPTION_OF_ADDITIONAL_CELL_CYCLE_GENES_WHOSE_EXACT_ROLE_IN_THE_P53_PATHWAY_REMAIN_UNCERTAIN,bmi,0.28838017726601517,0.0057616569538000055,50.051604873111856,0
bmi,alt_log_adj,REACTOME_TP53_REGULATES_TRANSCRIPTION_OF_CASPASE_ACTIVATORS_AND_CASPASES,ppgs,0.004387915261868673,0.00572474063378037,0.7664828055225069,0.4433954613386568
bmi,alt_log_adj,REACTOME_TP53_REGULATES_TRANSCRIPTION_OF_CASPASE_ACTIVATORS_AND_CASPASES,bmi,0.2884061671480511,0.005761448833043288,50.0579238843488,0
bmi,alt_log_adj,REACTOME_TP53_REGULATES_TRANSCRIPTION_OF_CELL_CYCLE_GENES,ppgs,-0.001036022511077204,0.005686642533843977,-0.18218527099449802,0.8554386342475218
bmi,alt_log_adj,REACTOME_TP53_REGULATES_TRANSCRIPTION_OF_CELL_CYCLE_GENES,bmi,0.28841345273175756,0.005761498175033795,50.058759713148014,0
bmi,alt_log_adj,REACTOME_TP53_REGULATES_TRANSCRIPTION_OF_CELL_DEATH_GENES,ppgs,8.915483943570929e-4,0.005761392249647498,0.15474530386498872,0.8770232144551053
bmi,alt_log_adj,REACTOME_TP53_REGULATES_TRANSCRIPTION_OF_CELL_DEATH_GENES,bmi,0.288408691606775,0.0057616230053298655,50.056848797635446,0
bmi,alt_log_adj,REACTOME_TP53_REGULATES_TRANSCRIPTION_OF_DEATH_RECEPTORS_AND_LIGANDS,ppgs,0.002568372317312661,0.005767084850956493,0.445350187085714,0.6560701050399188
bmi,alt_log_adj,REACTOME_TP53_REGULATES_TRANSCRIPTION_OF_DEATH_RECEPTORS_AND_LIGANDS,bmi,0.288396312362862,0.00576162450661602,50.054687186174526,0
bmi,alt_log_adj,REACTOME_TP53_REGULATES_TRANSCRIPTION_OF_DNA_REPAIR_GENES,ppgs,0.005973612711801552,0.00571334769926048,1.0455538549797627,0.295775978446283
bmi,alt_log_adj,REACTOME_TP53_REGULATES_TRANSCRIPTION_OF_DNA_REPAIR_GENES,bmi,0.28840236842393774,0.005761398809061379,50.05769917721126,0
bmi,alt_log_adj,REACTOME_TP53_REGULATES_TRANSCRIPTION_OF_GENES_INVOLVED_IN_CYTOCHROME_C_RELEASE,ppgs,-0.004615994312441828,0.005765491291373978,-0.8006246266208108,0.42335569890834057
bmi,alt_log_adj,REACTOME_TP53_REGULATES_TRANSCRIPTION_OF_GENES_INVOLVED_IN_CYTOCHROME_C_RELEASE,bmi,0.2884251756726858,0.005761447914978605,50.06123112262082,0
bmi,alt_log_adj,REACTOME_TP53_REGULATES_TRANSCRIPTION_OF_GENES_INVOLVED_IN_G1_CELL_CYCLE_ARREST,ppgs,0.007539333525919876,0.005861073737261036,1.2863399888640739,0.19833493725078105
bmi,alt_log_adj,REACTOME_TP53_REGULATES_TRANSCRIPTION_OF_GENES_INVOLVED_IN_G1_CELL_CYCLE_ARREST,bmi,0.2884070241341645,0.005761332863827248,50.05908024251458,0
bmi,alt_log_adj,REACTOME_TP53_REGULATES_TRANSCRIPTION_OF_GENES_INVOLVED_IN_G2_CELL_CYCLE_ARREST,ppgs,-0.0017525730013889073,0.005687875240684392,-0.3081243746088266,0.75798995848849
bmi,alt_log_adj,REACTOME_TP53_REGULATES_TRANSCRIPTION_OF_GENES_INVOLVED_IN_G2_CELL_CYCLE_ARREST,bmi,0.2884085122998224,0.005761522447826356,50.05769133271884,0
bmi,alt_log_adj,REACTOME_TP53_REGULATES_TRANSCRIPTION_OF_SEVERAL_ADDITIONAL_CELL_DEATH_GENES_WHOSE_SPECIFIC_ROLES_IN_P53_DEPENDENT_APOPTOSIS_REMAIN_UNCERTAIN,ppgs,0.0018486168263707338,0.005766869441546514,0.32055811998320294,0.7485476420598225
bmi,alt_log_adj,REACTOME_TP53_REGULATES_TRANSCRIPTION_OF_SEVERAL_ADDITIONAL_CELL_DEATH_GENES_WHOSE_SPECIFIC_ROLES_IN_P53_DEPENDENT_APOPTOSIS_REMAIN_UNCERTAIN,bmi,0.28840914592643535,0.005761512857615619,50.05788463098083,0
bmi,alt_log_adj,REACTOME_TRAF3_DEPENDENT_IRF_ACTIVATION_PATHWAY,ppgs,-0.0038512962777439434,0.005679770166273432,-0.6780725566349504,0.49773122439189965
bmi,alt_log_adj,REACTOME_TRAF3_DEPENDENT_IRF_ACTIVATION_PATHWAY,bmi,0.28842718979568316,0.00576148106206766,50.06129269340572,0
bmi,alt_log_adj,REACTOME_TRAF6_MEDIATED_INDUCTION_OF_TAK1_COMPLEX_WITHIN_TLR4_COMPLEX,ppgs,-0.015866026741610438,0.005729614049970336,-2.7691266118862896,0.005624331191504013
bmi,alt_log_adj,REACTOME_TRAF6_MEDIATED_INDUCTION_OF_TAK1_COMPLEX_WITHIN_TLR4_COMPLEX,bmi,0.2883994055899195,0.005760721542790366,50.063069955335,0
bmi,alt_log_adj,REACTOME_TRAF6_MEDIATED_IRF7_ACTIVATION,ppgs,-0.007834981583532356,0.005704852912810299,-1.3733888854415217,0.16964234432378192
bmi,alt_log_adj,REACTOME_TRAF6_MEDIATED_IRF7_ACTIVATION,bmi,0.2884104020965609,0.005761307130439592,50.059890154572436,0
bmi,alt_log_adj,REACTOME_TRAF6_MEDIATED_IRF7_ACTIVATION_IN_TLR7_8_OR_9_SIGNALING,ppgs,-0.0025468929767291475,0.005710867979331739,-0.44597300899734227,0.6556201488814386
bmi,alt_log_adj,REACTOME_TRAF6_MEDIATED_IRF7_ACTIVATION_IN_TLR7_8_OR_9_SIGNALING,bmi,0.2884045847816422,0.005761521721693608,50.05701596085717,0
bmi,alt_log_adj,REACTOME_TRAF6_MEDIATED_NF_KB_ACTIVATION,ppgs,0.0056347457258945225,0.005709463282310062,0.9869133834966518,0.3236935255556519
bmi,alt_log_adj,REACTOME_TRAF6_MEDIATED_NF_KB_ACTIVATION,bmi,0.28840734955638325,0.005761403711932001,50.05852114808148,0
bmi,alt_log_adj,REACTOME_TRAFFICKING_AND_PROCESSING_OF_ENDOSOMAL_TLR,ppgs,9.941893739080848e-4,0.00576374235958071,0.172490252319399,0.8630533553697715
bmi,alt_log_adj,REACTOME_TRAFFICKING_AND_PROCESSING_OF_ENDOSOMAL_TLR,bmi,0.28841182363012363,0.005761517793263664,50.05830650515967,0
bmi,alt_log_adj,REACTOME_TRAFFICKING_OF_AMPA_RECEPTORS,ppgs,0.003331370769894778,0.005695282859074301,0.5849350861629113,0.5585960209110556
bmi,alt_log_adj,REACTOME_TRAFFICKING_OF_AMPA_RECEPTORS,bmi,0.28840040331440014,0.005761514484417778,50.05635308118887,0
bmi,alt_log_adj,REACTOME_TRAFFICKING_OF_GLUR2_CONTAINING_AMPA_RECEPTORS,ppgs,-0.00665510197732703,0.005700112111532948,-1.167538786449808,0.24300267394300562
bmi,alt_log_adj,REACTOME_TRAFFICKING_OF_GLUR2_CONTAINING_AMPA_RECEPTORS,bmi,0.2883906051387561,0.00576139618073647,50.0556802712171,0
bmi,alt_log_adj,REACTOME_TRAFFICKING_OF_MYRISTOYLATED_PROTEINS_TO_THE_CILIUM,ppgs,0.0037703069248353634,0.005771754711066336,0.6532340879986559,0.5136106750714915
bmi,alt_log_adj,REACTOME_TRAFFICKING_OF_MYRISTOYLATED_PROTEINS_TO_THE_CILIUM,bmi,0.28840039829039105,0.005761495757681546,50.056514908629346,0
bmi,alt_log_adj,REACTOME_TRAIL_SIGNALING,ppgs,0.011473121886774724,0.0057242981177495775,2.004284481830099,0.045049089292341575
bmi,alt_log_adj,REACTOME_TRAIL_SIGNALING,bmi,0.28844191432018584,0.005761105894817122,50.067108570192666,0
bmi,alt_log_adj,REACTOME_TRANSCRIPTIONAL_ACTIVATION_OF_MITOCHONDRIAL_BIOGENESIS,ppgs,-0.0022071235458452827,0.005715196933848808,-0.38618503813462307,0.6993625319012411
bmi,alt_log_adj,REACTOME_TRANSCRIPTIONAL_ACTIVATION_OF_MITOCHONDRIAL_BIOGENESIS,bmi,0.28842015528720605,0.005761500631111104,50.05990170855615,0
bmi,alt_log_adj,REACTOME_TRANSCRIPTIONAL_ACTIVITY_OF_SMAD2_SMAD3_SMAD4_HETEROTRIMER,ppgs,0.008799672513170322,0.005695870613264951,1.544921419506443,0.12237643396459456
bmi,alt_log_adj,REACTOME_TRANSCRIPTIONAL_ACTIVITY_OF_SMAD2_SMAD3_SMAD4_HETEROTRIMER,bmi,0.28840749473128696,0.005761257295843071,50.0598185294349,0
bmi,alt_log_adj,REACTOME_TRANSCRIPTIONAL_AND_POST_TRANSLATIONAL_REGULATION_OF_MITF_M_EXPRESSION_AND_ACTIVITY,ppgs,0.0020228361755885017,0.005654354635387887,0.3577483737805448,0.7205342919651251
bmi,alt_log_adj,REACTOME_TRANSCRIPTIONAL_AND_POST_TRANSLATIONAL_REGULATION_OF_MITF_M_EXPRESSION_AND_ACTIVITY,bmi,0.2884074820433591,0.005761519536386505,50.05753781132568,0
bmi,alt_log_adj,REACTOME_TRANSCRIPTIONAL_REGULATION_BY_E2F6,ppgs,3.051367818864485e-4,0.005691456406452049,0.0536131281864048,0.957243774551751
bmi,alt_log_adj,REACTOME_TRANSCRIPTIONAL_REGULATION_BY_E2F6,bmi,0.288416448595857,0.005761598386138287,50.05840901541356,0
bmi,alt_log_adj,REACTOME_TRANSCRIPTIONAL_REGULATION_BY_MECP2,ppgs,0.00283628015310874,0.005712618019201908,0.49649392687820354,0.6195498207419703
bmi,alt_log_adj,REACTOME_TRANSCRIPTIONAL_REGULATION_BY_MECP2,bmi,0.2884236058656007,0.0057615013351274315,50.060494494222205,0
bmi,alt_log_adj,REACTOME_TRANSCRIPTIONAL_REGULATION_BY_NPAS4,ppgs,9.603872987984778e-4,0.0057117622258464245,0.1681420305720374,0.8664727438677795
bmi,alt_log_adj,REACTOME_TRANSCRIPTIONAL_REGULATION_BY_NPAS4,bmi,0.2884162694025446,0.00576150342703348,50.059202958948205,0
bmi,alt_log_adj,REACTOME_TRANSCRIPTIONAL_REGULATION_BY_RUNX1,ppgs,0.013343046883710363,0.005715202481903363,2.334658645246574,0.019568204161927092
bmi,alt_log_adj,REACTOME_TRANSCRIPTIONAL_REGULATION_BY_RUNX1,bmi,0.28855624059968404,0.0057612635155433935,50.0855827582238,0
bmi,alt_log_adj,REACTOME_TRANSCRIPTIONAL_REGULATION_BY_RUNX2,ppgs,-0.0037910233325534784,0.0057096768550697514,-0.6639646040891689,0.506718365568564
bmi,alt_log_adj,REACTOME_TRANSCRIPTIONAL_REGULATION_BY_RUNX2,bmi,0.2884172834141522,0.00576145456842914,50.059803472995036,0
bmi,alt_log_adj,REACTOME_TRANSCRIPTIONAL_REGULATION_BY_RUNX3,ppgs,0.002663003306571408,0.005684663930934664,0.4684539559286772,0.6394635925134979
bmi,alt_log_adj,REACTOME_TRANSCRIPTIONAL_REGULATION_BY_RUNX3,bmi,0.28839405561215903,0.005761642943699429,50.054135327411885,0
bmi,alt_log_adj,REACTOME_TRANSCRIPTIONAL_REGULATION_BY_SMALL_RNAS,ppgs,-0.004788271147309087,0.0056848078958465454,-0.8422925163060498,0.3996313446221028
bmi,alt_log_adj,REACTOME_TRANSCRIPTIONAL_REGULATION_BY_SMALL_RNAS,bmi,0.28842669272753346,0.005761443702234335,50.06153103877059,0
bmi,alt_log_adj,REACTOME_TRANSCRIPTIONAL_REGULATION_BY_THE_AP_2_TFAP2_FAMILY_OF_TRANSCRIPTION_FACTORS,ppgs,0.010535105148527034,0.005710500362026266,1.8448655075102465,0.06506752951892668
bmi,alt_log_adj,REACTOME_TRANSCRIPTIONAL_REGULATION_BY_THE_AP_2_TFAP2_FAMILY_OF_TRANSCRIPTION_FACTORS,bmi,0.28847085719984317,0.0057612327836332085,50.071029592719334,0
bmi,alt_log_adj,REACTOME_TRANSCRIPTIONAL_REGULATION_BY_TP53,ppgs,0.01039168984397474,0.005702965461760816,1.8221554932521473,0.0684419262004287
bmi,alt_log_adj,REACTOME_TRANSCRIPTIONAL_REGULATION_BY_TP53,bmi,0.2884382698867129,0.0057611752236108186,50.06587348786349,0
bmi,alt_log_adj,REACTOME_TRANSCRIPTIONAL_REGULATION_BY_VENTX,ppgs,0.011363218834076599,0.005692805912641303,1.996066440425049,0.0459362401991703
bmi,alt_log_adj,REACTOME_TRANSCRIPTIONAL_REGULATION_BY_VENTX,bmi,0.28834021536509824,0.005761213739511758,50.048519010428876,0
bmi,alt_log_adj,REACTOME_TRANSCRIPTIONAL_REGULATION_OF_BROWN_AND_BEIGE_ADIPOCYTE_DIFFERENTIATION,ppgs,0.010264530547900967,0.005734050330037155,1.790101229863892,0.07344830734310843
bmi,alt_log_adj,REACTOME_TRANSCRIPTIONAL_REGULATION_OF_BROWN_AND_BEIGE_ADIPOCYTE_DIFFERENTIATION,bmi,0.28856175888330293,0.005761758675360899,50.08223619591779,0
bmi,alt_log_adj,REACTOME_TRANSCRIPTIONAL_REGULATION_OF_GRANULOPOIESIS,ppgs,2.3348020506113647e-4,0.0056831315236803865,0.04108301982600168,0.9672300007038247
bmi,alt_log_adj,REACTOME_TRANSCRIPTIONAL_REGULATION_OF_GRANULOPOIESIS,bmi,0.2884156836728181,0.005761555728352656,50.058646877877536,0
bmi,alt_log_adj,REACTOME_TRANSCRIPTIONAL_REGULATION_OF_PLURIPOTENT_STEM_CELLS,ppgs,-5.169968688371306e-4,0.005699885368767275,-0.09070302916441678,0.9277292044475829
bmi,alt_log_adj,REACTOME_TRANSCRIPTIONAL_REGULATION_OF_PLURIPOTENT_STEM_CELLS,bmi,0.28841852266179774,0.005761657610682901,50.05825443827665,0
bmi,alt_log_adj,REACTOME_TRANSCRIPTIONAL_REGULATION_OF_TESTIS_DIFFERENTIATION,ppgs,-0.0033000752208367738,0.005842444767002555,-0.5648449155181086,0.5721837229287412
bmi,alt_log_adj,REACTOME_TRANSCRIPTIONAL_REGULATION_OF_TESTIS_DIFFERENTIATION,bmi,0.28839997536679923,0.005761523904427296,50.05619696295725,0
bmi,alt_log_adj,REACTOME_TRANSCRIPTIONAL_REGULATION_OF_WHITE_ADIPOCYTE_DIFFERENTIATION,ppgs,0.01311704749006739,0.005720970359874663,2.2928011622061195,0.021866742323899797
bmi,alt_log_adj,REACTOME_TRANSCRIPTIONAL_REGULATION_OF_WHITE_ADIPOCYTE_DIFFERENTIATION,bmi,0.2885884471018472,0.0057614626738371755,50.08944142124334,0
bmi,alt_log_adj,REACTOME_TRANSCRIPTION_COUPLED_NUCLEOTIDE_EXCISION_REPAIR_TC_NER,ppgs,0.009592148198255445,0.005677018056878904,1.689645532593037,0.09110678492743458
bmi,alt_log_adj,REACTOME_TRANSCRIPTION_COUPLED_NUCLEOTIDE_EXCISION_REPAIR_TC_NER,bmi,0.2884289387619167,0.005761214116897281,50.063915853426224,0
bmi,alt_log_adj,REACTOME_TRANSCRIPTION_OF_E2F_TARGETS_UNDER_NEGATIVE_CONTROL_BY_DREAM_COMPLEX,ppgs,-8.022928266076375e-4,0.005674990378767191,-0.14137342498577485,0.8875759517145684
bmi,alt_log_adj,REACTOME_TRANSCRIPTION_OF_E2F_TARGETS_UNDER_NEGATIVE_CONTROL_BY_DREAM_COMPLEX,bmi,0.28841397008915537,0.005761497787442929,50.05885287637321,0
bmi,alt_log_adj,REACTOME_TRANSCRIPTION_OF_E2F_TARGETS_UNDER_NEGATIVE_CONTROL_BY_P107_RBL1_AND_P130_RBL2_IN_COMPLEX_WITH_HDAC1,ppgs,-1.5266857130275587e-4,0.0056844968712496755,-0.02685700683114165,0.9785739737553265
bmi,alt_log_adj,REACTOME_TRANSCRIPTION_OF_E2F_TARGETS_UNDER_NEGATIVE_CONTROL_BY_P107_RBL1_AND_P130_RBL2_IN_COMPLEX_WITH_HDAC1,bmi,0.2884143936800811,0.005761504183797789,50.05887082250942,0
bmi,alt_log_adj,REACTOME_TRANSCRIPTION_OF_THE_HIV_GENOME,ppgs,0.015641916697866597,0.005696909905486118,2.7456844074018876,0.0060422876664794475
bmi,alt_log_adj,REACTOME_TRANSCRIPTION_OF_THE_HIV_GENOME,bmi,0.28842439827041244,0.005760733153963225,50.067307504424925,0
bmi,alt_log_adj,REACTOME_TRANSFERRIN_ENDOCYTOSIS_AND_RECYCLING,ppgs,0.005050621378560013,0.005703844243489526,0.8854767351553975,0.3759070724209951
bmi,alt_log_adj,REACTOME_TRANSFERRIN_ENDOCYTOSIS_AND_RECYCLING,bmi,0.28835621681472856,0.005761795851855531,50.04623978856631,0
bmi,alt_log_adj,REACTOME_TRANSLATION,ppgs,0.0236773210753882,0.005696728565869314,4.156301428375159,3.243898523962049e-5
bmi,alt_log_adj,REACTOME_TRANSLATION,bmi,0.28847452988323247,0.0057597613857239315,50.08445846354705,0
bmi,alt_log_adj,REACTOME_TRANSLATION_OF_REPLICASE_AND_ASSEMBLY_OF_THE_REPLICATION_TRANSCRIPTION_COMPLEX,ppgs,-0.0015009104587814742,0.00572108071376999,-0.2623473664982481,0.7930555534944378
bmi,alt_log_adj,REACTOME_TRANSLATION_OF_REPLICASE_AND_ASSEMBLY_OF_THE_REPLICATION_TRANSCRIPTION_COMPLEX,bmi,0.2884219473830274,0.005761558634501557,50.05970878364224,0
bmi,alt_log_adj,REACTOME_TRANSLATION_OF_SARS_COV_1_STRUCTURAL_PROTEINS,ppgs,8.096146801679439e-4,0.005648471344465126,0.1433334137317128,0.8860278866565283
bmi,alt_log_adj,REACTOME_TRANSLATION_OF_SARS_COV_1_STRUCTURAL_PROTEINS,bmi,0.2884176067915209,0.005761533510673422,50.05917370040775,0
bmi,alt_log_adj,REACTOME_TRANSLATION_OF_SARS_COV_2_STRUCTURAL_PROTEINS,ppgs,9.230680003946945e-4,0.005648328300131573,0.16342322034878753,0.870186386384217
bmi,alt_log_adj,REACTOME_TRANSLATION_OF_SARS_COV_2_STRUCTURAL_PROTEINS,bmi,0.2884177996743497,0.0057615280641620335,50.05925450027252,0
bmi,alt_log_adj,REACTOME_TRANSLESION_SYNTHESIS_BY_POLH,ppgs,0.0023010636614838272,0.005708004252290578,0.40312928298195083,0.6868561596078763
bmi,alt_log_adj,REACTOME_TRANSLESION_SYNTHESIS_BY_POLH,bmi,0.2884021048806164,0.0057615651275937105,50.05620842492605,0
bmi,alt_log_adj,REACTOME_TRANSLESION_SYNTHESIS_BY_POLK,ppgs,-0.0012231081532999546,0.005712042590838676,-0.2141279820394985,0.8304487953360472
bmi,alt_log_adj,REACTOME_TRANSLESION_SYNTHESIS_BY_POLK,bmi,0.2884160325651173,0.005761497077113441,50.05921702378372,0
bmi,alt_log_adj,REACTOME_TRANSLESION_SYNTHESIS_BY_Y_FAMILY_DNA_POLYMERASES_BYPASSES_LESIONS_ON_DNA_TEMPLATE,ppgs,-1.6063513746198587e-4,0.005690822825498063,-0.02822704947731825,0.9774812621443709
bmi,alt_log_adj,REACTOME_TRANSLESION_SYNTHESIS_BY_Y_FAMILY_DNA_POLYMERASES_BYPASSES_LESIONS_ON_DNA_TEMPLATE,bmi,0.2884156290667126,0.005761608300076975,50.058180640787285,0
bmi,alt_log_adj,REACTOME_TRANSLOCATION_OF_SLC2A4_GLUT4_TO_THE_PLASMA_MEMBRANE,ppgs,0.009126268315551658,0.005758986966915967,1.5847002898217923,0.11304560013756143
bmi,alt_log_adj,REACTOME_TRANSLOCATION_OF_SLC2A4_GLUT4_TO_THE_PLASMA_MEMBRANE,bmi,0.28846326869871247,0.005761324581863534,50.068914639315004,0
bmi,alt_log_adj,REACTOME_TRANSMISSION_ACROSS_CHEMICAL_SYNAPSES,ppgs,-0.0018574688292074559,0.00571056373843304,-0.3252689076397805,0.7449799610298695
bmi,alt_log_adj,REACTOME_TRANSMISSION_ACROSS_CHEMICAL_SYNAPSES,bmi,0.28842571427513924,0.005761588138640744,50.06010623022141,0
bmi,alt_log_adj,REACTOME_TRANSPORT_AND_SYNTHESIS_OF_PAPS,ppgs,0.009073712880158707,0.005699519180685596,1.5920137458099104,0.11139276548729013
bmi,alt_log_adj,REACTOME_TRANSPORT_AND_SYNTHESIS_OF_PAPS,bmi,0.2883924384613269,0.005761257290317572,50.0572052121335,0
bmi,alt_log_adj,REACTOME_TRANSPORT_OF_BILE_SALTS_AND_ORGANIC_ACIDS_METAL_IONS_AND_AMINE_COMPOUNDS,ppgs,-0.0034874346098211708,0.005701149991844909,-0.6117072195626669,0.5407363898260553
bmi,alt_log_adj,REACTOME_TRANSPORT_OF_BILE_SALTS_AND_ORGANIC_ACIDS_METAL_IONS_AND_AMINE_COMPOUNDS,bmi,0.28840999544621115,0.005761464913232513,50.05844863930562,0
bmi,alt_log_adj,REACTOME_TRANSPORT_OF_CONNEXONS_TO_THE_PLASMA_MEMBRANE,ppgs,0.01674234297901421,0.005712038703361985,2.9310625940191937,0.0033807435014314652
bmi,alt_log_adj,REACTOME_TRANSPORT_OF_CONNEXONS_TO_THE_PLASMA_MEMBRANE,bmi,0.2884513959274985,0.005760638825103214,50.072813916142415,0
bmi,alt_log_adj,REACTOME_TRANSPORT_OF_FATTY_ACIDS,ppgs,-0.0046023998154656265,0.00569053776100936,-0.808781174777632,0.4186478136898333
bmi,alt_log_adj,REACTOME_TRANSPORT_OF_FATTY_ACIDS,bmi,0.28840820706150544,0.0057614369622568445,50.05838108632737,0
bmi,alt_log_adj,REACTOME_TRANSPORT_OF_INORGANIC_CATIONS_ANIONS_AND_AMINO_ACIDS_OLIGOPEPTIDES,ppgs,0.015010079223436432,0.005678051882450935,2.6435262541062445,0.00820925415115591
bmi,alt_log_adj,REACTOME_TRANSPORT_OF_INORGANIC_CATIONS_ANIONS_AND_AMINO_ACIDS_OLIGOPEPTIDES,bmi,0.2882744808809705,0.005761031896019871,50.03868856899247,0
bmi,alt_log_adj,REACTOME_TRANSPORT_OF_MATURE_MRNAS_DERIVED_FROM_INTRONLESS_TRANSCRIPTS,ppgs,-0.0024795565870675967,0.005676080853353588,-0.43684307026786007,0.6622284882063894
bmi,alt_log_adj,REACTOME_TRANSPORT_OF_MATURE_MRNAS_DERIVED_FROM_INTRONLESS_TRANSCRIPTS,bmi,0.288438311652098,0.005761733781910516,50.06102721331488,0
bmi,alt_log_adj,REACTOME_TRANSPORT_OF_MATURE_TRANSCRIPT_TO_CYTOPLASM,ppgs,-0.0017334720134189363,0.005674528741633117,-0.30548299116025746,0.760000565247866
bmi,alt_log_adj,REACTOME_TRANSPORT_OF_MATURE_TRANSCRIPT_TO_CYTOPLASM,bmi,0.2884316174706774,0.0057617570882184475,50.05966288659721,0
bmi,alt_log_adj,REACTOME_TRANSPORT_OF_NUCLEOSIDES_AND_FREE_PURINE_AND_PYRIMIDINE_BASES_ACROSS_THE_PLASMA_MEMBRANE,ppgs,-0.0052297446331929336,0.0057483826265724855,-0.9097767098901707,0.36294801434851565
bmi,alt_log_adj,REACTOME_TRANSPORT_OF_NUCLEOSIDES_AND_FREE_PURINE_AND_PYRIMIDINE_BASES_ACROSS_THE_PLASMA_MEMBRANE,bmi,0.28838093190515734,0.005761532873922551,50.05281375906176,0
bmi,alt_log_adj,REACTOME_TRANSPORT_OF_NUCLEOTIDE_SUGARS,ppgs,0.003874805030263472,0.005683674523004575,0.6817429489637848,0.4954070740219797
bmi,alt_log_adj,REACTOME_TRANSPORT_OF_NUCLEOTIDE_SUGARS,bmi,0.2883942335661228,0.005761528362962292,50.05516165121242,0
bmi,alt_log_adj,REACTOME_TRANSPORT_OF_ORGANIC_ANIONS,ppgs,0.01603855886179429,0.005719132175256188,2.8043693291763874,0.005044940715468284
bmi,alt_log_adj,REACTOME_TRANSPORT_OF_ORGANIC_ANIONS,bmi,0.2884016076936495,0.005760700839239267,50.063632141629235,0
bmi,alt_log_adj,REACTOME_TRANSPORT_OF_RCBL_WITHIN_THE_BODY,ppgs,0.005612274172909442,0.005754730084062538,0.9752454226224058,0.32944685724639144
bmi,alt_log_adj,REACTOME_TRANSPORT_OF_RCBL_WITHIN_THE_BODY,bmi,0.28843131646635006,0.005761426755487329,50.06248082415363,0
bmi,alt_log_adj,REACTOME_TRANSPORT_OF_SMALL_MOLECULES,ppgs,0.0358396813855358,0.005925454110956088,6.048427802228473,1.4809556119036136e-9
bmi,alt_log_adj,REACTOME_TRANSPORT_OF_SMALL_MOLECULES,bmi,0.2883984004774401,0.005757784675925372,50.08843100425419,0
bmi,alt_log_adj,REACTOME_TRANSPORT_OF_THE_SLBP_DEPENDANT_MATURE_MRNA,ppgs,-0.0024466223716625036,0.005685460494887204,-0.4303296758218075,0.6669591142913285
bmi,alt_log_adj,REACTOME_TRANSPORT_OF_THE_SLBP_DEPENDANT_MATURE_MRNA,bmi,0.28842220895980025,0.005761506127598272,50.06021039849718,0
bmi,alt_log_adj,REACTOME_TRANSPORT_OF_VITAMINS_NUCLEOSIDES_AND_RELATED_MOLECULES,ppgs,0.0069894200954645075,0.005700213202967078,1.2261681882050255,0.22014557472172955
bmi,alt_log_adj,REACTOME_TRANSPORT_OF_VITAMINS_NUCLEOSIDES_AND_RELATED_MOLECULES,bmi,0.28845217663535766,0.005761426604829016,50.06610279363581,0
bmi,alt_log_adj,REACTOME_TRANSPORT_TO_THE_GOLGI_AND_SUBSEQUENT_MODIFICATION,ppgs,0.004357487007002109,0.005700252156742488,0.7644375875281058,0.4446128792822729
bmi,alt_log_adj,REACTOME_TRANSPORT_TO_THE_GOLGI_AND_SUBSEQUENT_MODIFICATION,bmi,0.2884557045895818,0.005761689234291595,50.06443299176785,0
bmi,alt_log_adj,REACTOME_TRANS_GOLGI_NETWORK_VESICLE_BUDDING,ppgs,0.007480627390285845,0.005719213263235177,1.3079818929595735,0.19089005665304
bmi,alt_log_adj,REACTOME_TRANS_GOLGI_NETWORK_VESICLE_BUDDING,bmi,0.2885022839694057,0.00576171393793246,50.072302630305906,0
bmi,alt_log_adj,REACTOME_TRIF_MEDIATED_PROGRAMMED_CELL_DEATH,ppgs,0.0028968383662575188,0.0057183866924103415,0.5065831539693375,0.6124512706419314
bmi,alt_log_adj,REACTOME_TRIF_MEDIATED_PROGRAMMED_CELL_DEATH,bmi,0.2884289540815316,0.005761541354411616,50.061075038658075,0
bmi,alt_log_adj,REACTOME_TRIGLYCERIDE_BIOSYNTHESIS,ppgs,0.017203614299703157,0.005718784430086511,3.008264170475632,0.00262975206720702
bmi,alt_log_adj,REACTOME_TRIGLYCERIDE_BIOSYNTHESIS,bmi,0.2884652653769277,0.00576060318912187,50.07553131270278,0
bmi,alt_log_adj,REACTOME_TRIGLYCERIDE_CATABOLISM,ppgs,-0.0062849990288475896,0.0056800301880038356,-1.1065080326723336,0.26851607843653613
bmi,alt_log_adj,REACTOME_TRIGLYCERIDE_CATABOLISM,bmi,0.28836570410249013,0.005761543176147143,50.05008125189924,0
bmi,alt_log_adj,REACTOME_TRIGLYCERIDE_METABOLISM,ppgs,-0.002903810370995304,0.005677422661661096,-0.5114663015322712,0.6090285627044802
bmi,alt_log_adj,REACTOME_TRIGLYCERIDE_METABOLISM,bmi,0.2883911658823322,0.005761653911744574,50.053538497769665,0
bmi,alt_log_adj,REACTOME_TRISTETRAPROLIN_TTP_ZFP36_BINDS_AND_DESTABILIZES_MRNA,ppgs,0.003672051416237292,0.005868158822888401,0.625758696563337,0.5314782645878225
bmi,alt_log_adj,REACTOME_TRISTETRAPROLIN_TTP_ZFP36_BINDS_AND_DESTABILIZES_MRNA,bmi,0.28842361409939327,0.005761476100749179,50.06071518059215,0
bmi,alt_log_adj,REACTOME_TRNA_AMINOACYLATION,ppgs,-0.015469644982558792,0.005730104135602809,-2.6997144583187196,0.0069440175755763845
bmi,alt_log_adj,REACTOME_TRNA_AMINOACYLATION,bmi,0.28838476058012347,0.005760768099967254,50.06012315992423,0
bmi,alt_log_adj,REACTOME_TRNA_MODIFICATION_IN_THE_MITOCHONDRION,ppgs,-0.00885576333256046,0.0057171798611957035,-1.5489740654596698,0.121399117332936
bmi,alt_log_adj,REACTOME_TRNA_MODIFICATION_IN_THE_MITOCHONDRION,bmi,0.2883853151503012,0.005761285242363316,50.05572593937455,0
bmi,alt_log_adj,REACTOME_TRNA_MODIFICATION_IN_THE_NUCLEUS_AND_CYTOSOL,ppgs,0.009715014601565378,0.005699499610542717,1.7045381639459918,0.08829154994417822
bmi,alt_log_adj,REACTOME_TRNA_MODIFICATION_IN_THE_NUCLEUS_AND_CYTOSOL,bmi,0.2883623653580665,0.0057612843197688375,50.05175050441471,0
bmi,alt_log_adj,REACTOME_TRNA_PROCESSING,ppgs,0.0038751711863903126,0.005684940891271122,0.6816554930835604,0.4954623849810059
bmi,alt_log_adj,REACTOME_TRNA_PROCESSING,bmi,0.28838498881010133,0.005761614763746592,50.05280648485667,0
bmi,alt_log_adj,REACTOME_TRNA_PROCESSING_IN_THE_MITOCHONDRION,ppgs,0.006299448698812019,0.0057115323563485245,1.1029349578681822,0.2700647744257374
bmi,alt_log_adj,REACTOME_TRNA_PROCESSING_IN_THE_MITOCHONDRION,bmi,0.28837969052092,0.005761461414141226,50.05321910394229,0
bmi,alt_log_adj,REACTOME_TRNA_PROCESSING_IN_THE_NUCLEUS,ppgs,-0.001367597251111494,0.005681348322895937,-0.24071702233078232,0.8097761856538414
bmi,alt_log_adj,REACTOME_TRNA_PROCESSING_IN_THE_NUCLEUS,bmi,0.2884179156463496,0.005761508328177044,50.059446106468755,0
bmi,alt_log_adj,REACTOME_TRP_CHANNELS,ppgs,-0.005146956698871625,0.005719383768306671,-0.8999145550247761,0.36817336782828547
bmi,alt_log_adj,REACTOME_TRP_CHANNELS,bmi,0.28843796212720973,0.005761474054945586,50.06322329606218,0
bmi,alt_log_adj,REACTOME_TRYPTOPHAN_CATABOLISM,ppgs,-0.0037260955174038715,0.005700382301607939,-0.6536571268830217,0.5133380322968805
bmi,alt_log_adj,REACTOME_TRYPTOPHAN_CATABOLISM,bmi,0.2884146152204168,0.005761454554409681,50.059340483675435,0
bmi,alt_log_adj,REACTOME_TURBULENT_OSCILLATORY_DISTURBED_FLOW_SHEAR_STRESS_ACTIVATES_SIGNALING_BY_PIEZO1_AND_INTEGRINS_IN_ENDOTHELIAL_CELLS,ppgs,-0.004384673898440304,0.0056995522396910666,-0.7693014668601348,0.44172077604700977
bmi,alt_log_adj,REACTOME_TURBULENT_OSCILLATORY_DISTURBED_FLOW_SHEAR_STRESS_ACTIVATES_SIGNALING_BY_PIEZO1_AND_INTEGRINS_IN_ENDOTHELIAL_CELLS,bmi,0.28845037697988857,0.005761625291914828,50.06406393429735,0
bmi,alt_log_adj,REACTOME_TYPE_I_HEMIDESMOSOME_ASSEMBLY,ppgs,-0.0013910306912225411,0.005691122708474329,-0.24442113840758273,0.8069064409899083
bmi,alt_log_adj,REACTOME_TYPE_I_HEMIDESMOSOME_ASSEMBLY,bmi,0.2884256785049883,0.00576166947002904,50.05939337640182,0
bmi,alt_log_adj,REACTOME_TYROSINE_CATABOLISM,ppgs,-0.001728188945875197,0.005786620957816233,-0.29865252251244473,0.7652073750627789
bmi,alt_log_adj,REACTOME_TYROSINE_CATABOLISM,bmi,0.28841563803841613,0.005761489912087075,50.05921080124547,0
bmi,alt_log_adj,REACTOME_TYSND1_CLEAVES_PEROXISOMAL_PROTEINS,ppgs,0.0014217130044744393,0.005705785231931049,0.24917043784230888,0.803230750719238
bmi,alt_log_adj,REACTOME_TYSND1_CLEAVES_PEROXISOMAL_PROTEINS,bmi,0.28841965838145556,0.0057615271143096,50.05958535977778,0
bmi,alt_log_adj,REACTOME_UBIQUINOL_BIOSYNTHESIS,ppgs,0.005299867540964768,0.005713568701053114,0.9275932115750892,0.35362651749588103
bmi,alt_log_adj,REACTOME_UBIQUINOL_BIOSYNTHESIS,bmi,0.28842329699040076,0.005761418129150379,50.06116385323587,0
bmi,alt_log_adj,REACTOME_UBIQUITIN_DEPENDENT_DEGRADATION_OF_CYCLIN_D,ppgs,-0.009546050232850784,0.005683457905822323,-1.6796201170191642,0.0930422701278662
bmi,alt_log_adj,REACTOME_UBIQUITIN_DEPENDENT_DEGRADATION_OF_CYCLIN_D,bmi,0.28837850802488596,0.00576125144069105,50.05483808397982,0
bmi,alt_log_adj,REACTOME_UB_SPECIFIC_PROCESSING_PROTEASES,ppgs,0.004683051162250159,0.005696159247564572,0.8221418957435971,0.41100305800110193
bmi,alt_log_adj,REACTOME_UB_SPECIFIC_PROCESSING_PROTEASES,bmi,0.2883640778829475,0.005761757292119865,50.04793906840401,0
bmi,alt_log_adj,REACTOME_UCH_PROTEINASES,ppgs,-0.0031093184374181874,0.005692879069417045,-0.5461767937636139,0.5849487143872687
bmi,alt_log_adj,REACTOME_UCH_PROTEINASES,bmi,0.28842867746151407,0.005761525128858714,50.06116800859084,0
bmi,alt_log_adj,REACTOME_UNBLOCKING_OF_NMDA_RECEPTORS_GLUTAMATE_BINDING_AND_ACTIVATION,ppgs,-1.4518827244401945e-4,0.005702534323395488,-0.025460306630398197,0.9796879881386058
bmi,alt_log_adj,REACTOME_UNBLOCKING_OF_NMDA_RECEPTORS_GLUTAMATE_BINDING_AND_ACTIVATION,bmi,0.2884146058563208,0.005761497941775621,50.05896188299862,0
bmi,alt_log_adj,REACTOME_UNFOLDED_PROTEIN_RESPONSE_UPR,ppgs,0.005491004520822051,0.005706452218048082,0.9622448959539828,0.3359348090512895
bmi,alt_log_adj,REACTOME_UNFOLDED_PROTEIN_RESPONSE_UPR,bmi,0.288388473978388,0.005761467969605788,50.054686670091854,0
bmi,alt_log_adj,REACTOME_UNWINDING_OF_DNA,ppgs,0.0015554810659470387,0.005692655574295952,0.2732434881482207,0.784668043150824
bmi,alt_log_adj,REACTOME_UNWINDING_OF_DNA,bmi,0.28841731895305045,0.005761498837615448,50.05942500066871,0
bmi,alt_log_adj,REACTOME_UPTAKE_AND_ACTIONS_OF_BACTERIAL_TOXINS,ppgs,0.0013240996761969455,0.005718472249333327,0.23154780131202213,0.8168909253143847
bmi,alt_log_adj,REACTOME_UPTAKE_AND_ACTIONS_OF_BACTERIAL_TOXINS,bmi,0.2884056642597125,0.005761622411644697,50.05632852246994,0
bmi,alt_log_adj,REACTOME_UPTAKE_AND_FUNCTION_OF_ANTHRAX_TOXINS,ppgs,0.0018337971340992886,0.0056968467715798905,0.3218968681495232,0.7475331992993262
bmi,alt_log_adj,REACTOME_UPTAKE_AND_FUNCTION_OF_ANTHRAX_TOXINS,bmi,0.2884036888641278,0.005761587559180961,50.056288462467776,0
bmi,alt_log_adj,REACTOME_UPTAKE_AND_FUNCTION_OF_DIPHTHERIA_TOXIN,ppgs,0.0022252021326336644,0.005700673698814996,0.39034020366684363,0.6962879310302705
bmi,alt_log_adj,REACTOME_UPTAKE_AND_FUNCTION_OF_DIPHTHERIA_TOXIN,bmi,0.2884033945432666,0.005761554289394007,50.05652642623983,0
bmi,alt_log_adj,REACTOME_UPTAKE_OF_DIETARY_COBALAMINS_INTO_ENTEROCYTES,ppgs,0.0014687309144598988,0.005684077836771705,0.25839387788786344,0.7961048167857513
bmi,alt_log_adj,REACTOME_UPTAKE_OF_DIETARY_COBALAMINS_INTO_ENTEROCYTES,bmi,0.2884035944534451,0.005761649254158653,50.05573608030386,0
bmi,alt_log_adj,REACTOME_UREA_CYCLE,ppgs,0.010827130430519336,0.005709084043620703,1.8964741713020512,0.057907528531669965
bmi,alt_log_adj,REACTOME_UREA_CYCLE,bmi,0.2884139103023409,0.005761132540446803,50.0620161535067,0
bmi,alt_log_adj,REACTOME_VASOPRESSIN_LIKE_RECEPTORS,ppgs,0.0072862618372638325,0.005703971340502304,1.2774015510081769,0.20147097864355093
bmi,alt_log_adj,REACTOME_VASOPRESSIN_LIKE_RECEPTORS,bmi,0.2883662525475702,0.005761456596952748,50.05092856207369,0
bmi,alt_log_adj,REACTOME_VASOPRESSIN_REGULATES_RENAL_WATER_HOMEOSTASIS_VIA_AQUAPORINS,ppgs,-0.0012680673951687641,0.005785885836461795,-0.21916564394990157,0.826522594855129
bmi,alt_log_adj,REACTOME_VASOPRESSIN_REGULATES_RENAL_WATER_HOMEOSTASIS_VIA_AQUAPORINS,bmi,0.2884237819442759,0.005761644672388646,50.05927965785193,0
bmi,alt_log_adj,REACTOME_VEGFR2_MEDIATED_CELL_PROLIFERATION,ppgs,-0.0037617857092959437,0.0057677253812589814,-0.65221304078018,0.5142690364110282
bmi,alt_log_adj,REACTOME_VEGFR2_MEDIATED_CELL_PROLIFERATION,bmi,0.28843411734284097,0.005761532282645461,50.06205002298517,0
bmi,alt_log_adj,REACTOME_VEGFR2_MEDIATED_VASCULAR_PERMEABILITY,ppgs,8.353944696095252e-4,0.005726615752451212,0.1458792602335759,0.8840177415507847
bmi,alt_log_adj,REACTOME_VEGFR2_MEDIATED_VASCULAR_PERMEABILITY,bmi,0.28842037415163524,0.005761630726128344,50.05880936514752,0
bmi,alt_log_adj,REACTOME_VEGF_LIGAND_RECEPTOR_INTERACTIONS,ppgs,0.006319796612094077,0.005658125288923381,1.1169417942133617,0.2640286792855648
bmi,alt_log_adj,REACTOME_VEGF_LIGAND_RECEPTOR_INTERACTIONS,bmi,0.2884131398672397,0.005761371355160422,50.059807307666425,0
bmi,alt_log_adj,REACTOME_VESICLE_MEDIATED_TRANSPORT,ppgs,0.018664919152640902,0.005759486936927093,3.2407260155362647,0.0011936323710036298
bmi,alt_log_adj,REACTOME_VESICLE_MEDIATED_TRANSPORT,bmi,0.2885451691896118,0.005760571902723476,50.089674091767485,0
bmi,alt_log_adj,REACTOME_VIF_MEDIATED_DEGRADATION_OF_APOBEC3G,ppgs,-0.008761815927580194,0.005682670772746329,-1.5418482396694912,0.1231216380437766
bmi,alt_log_adj,REACTOME_VIF_MEDIATED_DEGRADATION_OF_APOBEC3G,bmi,0.28837216745516325,0.005761322211645901,50.05312267941716,0
bmi,alt_log_adj,REACTOME_VIRAL_INFECTION_PATHWAYS,ppgs,0.006717136586371821,0.005693543908562091,1.1797812916258408,0.23809711221395213
bmi,alt_log_adj,REACTOME_VIRAL_INFECTION_PATHWAYS,bmi,0.288481746983546,0.0057616374666151285,50.069402779176336,0
bmi,alt_log_adj,REACTOME_VIRAL_MESSENGER_RNA_SYNTHESIS,ppgs,-0.00474964552493616,0.005682625393584212,-0.8358188682116185,0.4032638545004289
bmi,alt_log_adj,REACTOME_VIRAL_MESSENGER_RNA_SYNTHESIS,bmi,0.28842384844526925,0.005761437558380981,50.06109074734451,0
bmi,alt_log_adj,REACTOME_VISUAL_PHOTOTRANSDUCTION,ppgs,-0.007413715097317364,0.005695855600643894,-1.3015981473405458,0.19306437034100285
bmi,alt_log_adj,REACTOME_VISUAL_PHOTOTRANSDUCTION,bmi,0.28840109341469233,0.0057613351995843675,50.058030547415136,0
bmi,alt_log_adj,REACTOME_VITAMINS,ppgs,-0.005143421656332907,0.005677674838302083,-0.9059028216330639,0.3649949899203577
bmi,alt_log_adj,REACTOME_VITAMINS,bmi,0.2884251859455973,0.005761426381002539,50.06142001512632,0
bmi,alt_log_adj,REACTOME_VITAMIN_B1_THIAMIN_METABOLISM,ppgs,-0.00957666439154397,0.0056868918114634836,-1.6839891999069838,0.09219476499869136
bmi,alt_log_adj,REACTOME_VITAMIN_B1_THIAMIN_METABOLISM,bmi,0.28845449182763855,0.005761258472325242,50.067965742772586,0
bmi,alt_log_adj,REACTOME_VITAMIN_B2_RIBOFLAVIN_METABOLISM,ppgs,0.0026716762369207885,0.005733945450307472,0.4659402953994836,0.6412618168262834
bmi,alt_log_adj,REACTOME_VITAMIN_B2_RIBOFLAVIN_METABOLISM,bmi,0.28839176894350815,0.00576168467951312,50.05337587614707,0
bmi,alt_log_adj,REACTOME_VITAMIN_B5_PANTOTHENATE_METABOLISM,ppgs,-0.002959769589490849,0.005693317223408115,-0.5198673239779675,0.6031601106716189
bmi,alt_log_adj,REACTOME_VITAMIN_B5_PANTOTHENATE_METABOLISM,bmi,0.2884027135858023,0.005761516046757376,50.056740490745916,0
bmi,alt_log_adj,REACTOME_VITAMIN_C_ASCORBATE_METABOLISM,ppgs,0.0019293250625276276,0.005692034826201489,0.3389517319266192,0.7346486027590262
bmi,alt_log_adj,REACTOME_VITAMIN_C_ASCORBATE_METABOLISM,bmi,0.28841951636134816,0.00576150438998192,50.05975815324394,0
bmi,alt_log_adj,REACTOME_VITAMIN_D_CALCIFEROL_METABOLISM,ppgs,-0.005688860247763446,0.005702894814695484,-0.9975390451011172,0.31851144570589296
bmi,alt_log_adj,REACTOME_VITAMIN_D_CALCIFEROL_METABOLISM,bmi,0.2884550369274486,0.005761539304276917,50.065619913991064,0
bmi,alt_log_adj,REACTOME_VLDLR_INTERNALISATION_AND_DEGRADATION,ppgs,0.004489723020396369,0.005710336911862901,0.786244855547704,0.4317306238642291
bmi,alt_log_adj,REACTOME_VLDLR_INTERNALISATION_AND_DEGRADATION,bmi,0.2884171450375362,0.005761436048322669,50.05994037224509,0
bmi,alt_log_adj,REACTOME_VLDL_ASSEMBLY,ppgs,0.01577028571757813,0.005698673806859522,2.767360661807903,0.005654883523791825
bmi,alt_log_adj,REACTOME_VLDL_ASSEMBLY,bmi,0.28818385840458866,0.005761323411161001,50.020427224465585,0
bmi,alt_log_adj,REACTOME_VLDL_CLEARANCE,ppgs,0.018179412332186125,0.005690454328215972,3.1947207171216494,0.0014011936345528267
bmi,alt_log_adj,REACTOME_VLDL_CLEARANCE,bmi,0.2881121716140506,0.005761239026104549,50.00871692852798,0
bmi,alt_log_adj,REACTOME_VOLTAGE_GATED_POTASSIUM_CHANNELS,ppgs,-0.009913583760182596,0.005719641976316764,-1.7332525009837372,0.08306167271163323
bmi,alt_log_adj,REACTOME_VOLTAGE_GATED_POTASSIUM_CHANNELS,bmi,0.2884113105302825,0.005761193037721339,50.06103920523286,0
bmi,alt_log_adj,REACTOME_VXPX_CARGO_TARGETING_TO_CILIUM,ppgs,0.003780940079170631,0.005698385108402895,0.6635108030159665,0.5070088583807622
bmi,alt_log_adj,REACTOME_VXPX_CARGO_TARGETING_TO_CILIUM,bmi,0.2884369998229802,0.0057615519462962715,50.062379461561164,0
bmi,alt_log_adj,REACTOME_WAX_AND_PLASMALOGEN_BIOSYNTHESIS,ppgs,-0.007250038416917505,0.005691900179744991,-1.2737465851416814,0.20276368371785172
bmi,alt_log_adj,REACTOME_WAX_AND_PLASMALOGEN_BIOSYNTHESIS,bmi,0.2883700231620794,0.005761439508620231,50.05173146930066,0
bmi,alt_log_adj,REACTOME_WNT5A_DEPENDENT_INTERNALIZATION_OF_FZD2_FZD5_AND_ROR2,ppgs,-0.005494120879288368,0.005685192430740597,-0.9663913660302719,0.3338566266571884
bmi,alt_log_adj,REACTOME_WNT5A_DEPENDENT_INTERNALIZATION_OF_FZD2_FZD5_AND_ROR2,bmi,0.2884099904994889,0.005761405065930114,50.05896776898959,0
bmi,alt_log_adj,REACTOME_WNT5A_DEPENDENT_INTERNALIZATION_OF_FZD4,ppgs,-1.0155796794472943e-4,0.0056968561792016745,-0.01782701980708265,0.9857769749489599
bmi,alt_log_adj,REACTOME_WNT5A_DEPENDENT_INTERNALIZATION_OF_FZD4,bmi,0.2884148168327682,0.005761508279248444,50.05890868395841,0
bmi,alt_log_adj,REACTOME_WNT_LIGAND_BIOGENESIS_AND_TRAFFICKING,ppgs,-0.0030457206094308205,0.0057047427292882475,-0.5338927194374671,0.5934199456482677
bmi,alt_log_adj,REACTOME_WNT_LIGAND_BIOGENESIS_AND_TRAFFICKING,bmi,0.2884203840436908,0.005761479114294646,50.06012836670691,0
bmi,alt_log_adj,REACTOME_WNT_MEDIATED_ACTIVATION_OF_DVL,ppgs,0.014119494823113353,0.005684473307335694,2.4838703710495817,0.013002042535429324
bmi,alt_log_adj,REACTOME_WNT_MEDIATED_ACTIVATION_OF_DVL,bmi,0.28838346037267815,0.005760884795283113,50.058883421657775,0
bmi,alt_log_adj,REACTOME_XENOBIOTICS,ppgs,-0.001144469464215628,0.005687924054828769,-0.2012103982373023,0.8405355047114185
bmi,alt_log_adj,REACTOME_XENOBIOTICS,bmi,0.2884061932474959,0.005761646150688015,50.05621409309499,0
bmi,alt_log_adj,REACTOME_YAP1_AND_WWTR1_TAZ_STIMULATED_GENE_EXPRESSION,ppgs,0.0038054080212550643,0.00569360904729897,0.6683648261835501,0.5039061838580038
bmi,alt_log_adj,REACTOME_YAP1_AND_WWTR1_TAZ_STIMULATED_GENE_EXPRESSION,bmi,0.288400845934976,0.005761489448781524,50.05664741709608,0
bmi,alt_log_adj,REACTOME_ZBP1_DAI_MEDIATED_INDUCTION_OF_TYPE_I_IFNS,ppgs,0.0021983078344497476,0.005728716522952689,0.3837347904442474,0.701177901795245
bmi,alt_log_adj,REACTOME_ZBP1_DAI_MEDIATED_INDUCTION_OF_TYPE_I_IFNS,bmi,0.28840264490076306,0.005761567553987843,50.056281072526254,0
bmi,alt_log_adj,REACTOME_ZINC_EFFLUX_AND_COMPARTMENTALIZATION_BY_THE_SLC30_FAMILY,ppgs,-0.0030168095660570975,0.005703641921169597,-0.5289268870228211,0.5968603106277696
bmi,alt_log_adj,REACTOME_ZINC_EFFLUX_AND_COMPARTMENTALIZATION_BY_THE_SLC30_FAMILY,bmi,0.2884118007224126,0.005761472012593767,50.05870029256152,0
bmi,alt_log_adj,REACTOME_ZINC_INFLUX_INTO_CELLS_BY_THE_SLC39_GENE_FAMILY,ppgs,-0.005486029153451281,0.005795486169112761,-0.9466037867002873,0.3438487819450934
bmi,alt_log_adj,REACTOME_ZINC_INFLUX_INTO_CELLS_BY_THE_SLC39_GENE_FAMILY,bmi,0.2884691618754019,0.005761695002373635,50.06671851886672,0
bmi,alt_log_adj,REACTOME_ZINC_TRANSPORTERS,ppgs,-0.0028848118927120377,0.0057041491480290755,-0.5057392115542441,0.6130436697395093
bmi,alt_log_adj,REACTOME_ZINC_TRANSPORTERS,bmi,0.2884115753672916,0.00576147513086558,50.05863408525411,0
bmi,alt_log_adj,REACTOME_ZYGOTIC_GENOME_ACTIVATION_ZGA,ppgs,0.0021872164622400796,0.0057713812351372264,0.3789762576978809,0.7047083329378748
bmi,alt_log_adj,REACTOME_ZYGOTIC_GENOME_ACTIVATION_ZGA,bmi,0.2884232081519643,0.00576152792048001,50.060194471458004,0
bmi,alt_log_adj,REACTOME_Z_DECAY_DEGRADATION_OF_MATERNAL_MRNAS_BY_ZYGOTICALLY_EXPRESSED_FACTORS,ppgs,0.007998935946238942,0.0057328281061395925,1.3952862004832227,0.1629404814006237
bmi,alt_log_adj,REACTOME_Z_DECAY_DEGRADATION_OF_MATERNAL_MRNAS_BY_ZYGOTICALLY_EXPRESSED_FACTORS,bmi,0.2883999452245993,0.005761309753725841,50.05805234445013,0
