e,y,pathway,term,estimate,std.error,statistic,p.value
bmi,alt_log_adj,Base,ppgs,0.3782949217437681,0.03664958680097802,10.32194233997948,6.20814679447206e-25
bmi,alt_log_adj,Base,bmi,0.28757268545078274,0.005751280278801211,50.00150775310919,0
bmi,alt_log_adj,REACTOME_2_LTR_CIRCLE_FORMATION,ppgs,0.0012954898912919753,0.006021281473504772,0.21515185712418075,0.8296504720336912
bmi,alt_log_adj,REACTOME_2_LTR_CIRCLE_FORMATION,bmi,0.2884124166569934,0.005761502387756557,50.05854328375917,0
bmi,alt_log_adj,REACTOME_ABACAVIR_ADME,ppgs,0.002506885312486052,0.005691733979246226,0.4404431622466739,0.6596195278043491
bmi,alt_log_adj,REACTOME_ABACAVIR_ADME,bmi,0.28841236465810893,0.005761480539088393,50.05872409034342,0
bmi,alt_log_adj,REACTOME_ABACAVIR_TRANSMEMBRANE_TRANSPORT,ppgs,0.0061625506780912526,0.005705739434061584,1.0800617079186337,0.28012389058610854
bmi,alt_log_adj,REACTOME_ABACAVIR_TRANSMEMBRANE_TRANSPORT,bmi,0.2884304000912714,0.005761397955393246,50.06257202234601,0
bmi,alt_log_adj,REACTOME_ABC_FAMILY_PROTEINS_MEDIATED_TRANSPORT,ppgs,0.041841718749301954,0.0058565076702087205,7.144482873666373,9.251487133582284e-13
bmi,alt_log_adj,REACTOME_ABC_FAMILY_PROTEINS_MEDIATED_TRANSPORT,bmi,0.28835170699874507,0.005756324784858229,50.093022505825616,0
bmi,alt_log_adj,REACTOME_ABC_TRANSPORTERS_IN_LIPID_HOMEOSTASIS,ppgs,0.008194014008382022,0.005867451035744784,1.396520219506513,0.1625688294726229
bmi,alt_log_adj,REACTOME_ABC_TRANSPORTERS_IN_LIPID_HOMEOSTASIS,bmi,0.28838725433582096,0.005761333130997971,50.055646458663794,0
bmi,alt_log_adj,REACTOME_ABC_TRANSPORTER_DISORDERS,ppgs,0.03322092414439662,0.006033143190834226,5.506404057319089,3.694113543361773e-8
bmi,alt_log_adj,REACTOME_ABC_TRANSPORTER_DISORDERS,bmi,0.28868682777998306,0.005758631540841113,50.13115107861495,0
bmi,alt_log_adj,REACTOME_ABERRANT_REGULATION_OF_MITOTIC_EXIT_IN_CANCER_DUE_TO_RB1_DEFECTS,ppgs,0.006960002364189225,0.005730812463110749,1.2144878948649558,0.22457158573127453
bmi,alt_log_adj,REACTOME_ABERRANT_REGULATION_OF_MITOTIC_EXIT_IN_CANCER_DUE_TO_RB1_DEFECTS,bmi,0.2884557002935873,0.005761447377081881,50.06653387845181,0
bmi,alt_log_adj,REACTOME_ABERRANT_REGULATION_OF_MITOTIC_G1_S_TRANSITION_IN_CANCER_DUE_TO_RB1_DEFECTS,ppgs,0.0072518372941672805,0.00587578448606537,1.2341904832223287,0.21714216368696537
bmi,alt_log_adj,REACTOME_ABERRANT_REGULATION_OF_MITOTIC_G1_S_TRANSITION_IN_CANCER_DUE_TO_RB1_DEFECTS,bmi,0.288420470985194,0.005761345140772662,50.06130754848573,0
bmi,alt_log_adj,REACTOME_ABORTIVE_ELONGATION_OF_HIV_1_TRANSCRIPT_IN_THE_ABSENCE_OF_TAT,ppgs,0.008454194690918767,0.0057371647717469965,1.473584083300508,0.1406047126392101
bmi,alt_log_adj,REACTOME_ABORTIVE_ELONGATION_OF_HIV_1_TRANSCRIPT_IN_THE_ABSENCE_OF_TAT,bmi,0.28838255674607916,0.005761318421219836,50.05495889342293,0
bmi,alt_log_adj,REACTOME_ACETYLCHOLINE_BINDING_AND_DOWNSTREAM_EVENTS,ppgs,-0.007911709589595509,0.005807426388313984,-1.3623434996121304,0.17310032893613306
bmi,alt_log_adj,REACTOME_ACETYLCHOLINE_BINDING_AND_DOWNSTREAM_EVENTS,bmi,0.2884292894128437,0.005761319440588757,50.06306148915233,0
bmi,alt_log_adj,REACTOME_ACETYLCHOLINE_INHIBITS_CONTRACTION_OF_OUTER_HAIR_CELLS,ppgs,-0.011932811339728091,0.005816139298245482,-2.0516722051907847,0.04021069600905232
bmi,alt_log_adj,REACTOME_ACETYLCHOLINE_INHIBITS_CONTRACTION_OF_OUTER_HAIR_CELLS,bmi,0.2885580066556325,0.005761494151580367,50.08388432998437,0
bmi,alt_log_adj,REACTOME_ACETYLCHOLINE_NEUROTRANSMITTER_RELEASE_CYCLE,ppgs,0.0031402083989527873,0.005776658628216361,0.5436029028293781,0.5867190363647526
bmi,alt_log_adj,REACTOME_ACETYLCHOLINE_NEUROTRANSMITTER_RELEASE_CYCLE,bmi,0.2884453461031183,0.005761745157122188,50.0621492685365,0
bmi,alt_log_adj,REACTOME_ACETYLCHOLINE_REGULATES_INSULIN_SECRETION,ppgs,-0.0045263719272121,0.005735972746860695,-0.7891201940750833,0.430048359560393
bmi,alt_log_adj,REACTOME_ACETYLCHOLINE_REGULATES_INSULIN_SECRETION,bmi,0.28842187819758824,0.005761442031949702,50.060709905291674,0
bmi,alt_log_adj,REACTOME_ACROSOME_REACTION_AND_SPERM_OOCYTE_MEMBRANE_BINDING,ppgs,6.483330062358853e-5,0.00569675781376187,0.011380736682708946,0.9909197620090301
bmi,alt_log_adj,REACTOME_ACROSOME_REACTION_AND_SPERM_OOCYTE_MEMBRANE_BINDING,bmi,0.28841428209666214,0.00576157548035894,50.05823200266297,0
bmi,alt_log_adj,REACTOME_ACTIVATED_NOTCH1_TRANSMITS_SIGNAL_TO_THE_NUCLEUS,ppgs,0.0037531776182070263,0.005916455065372594,0.6343625662220198,0.5258493523250514
bmi,alt_log_adj,REACTOME_ACTIVATED_NOTCH1_TRANSMITS_SIGNAL_TO_THE_NUCLEUS,bmi,0.2883948610573519,0.005761541293933738,50.05515821972839,0
bmi,alt_log_adj,REACTOME_ACTIVATED_NTRK2_SIGNALS_THROUGH_CDK5,ppgs,-0.0027733388080309566,0.0058852299720555685,-0.4712371175297159,0.6374750414846362
bmi,alt_log_adj,REACTOME_ACTIVATED_NTRK2_SIGNALS_THROUGH_CDK5,bmi,0.28841503723719747,0.0057614754735434495,50.0592319730583,0
bmi,alt_log_adj,REACTOME_ACTIVATED_NTRK2_SIGNALS_THROUGH_FRS2_AND_FRS3,ppgs,0.011213305887263837,0.00582108995271869,1.9263241039638561,0.0540739035027458
bmi,alt_log_adj,REACTOME_ACTIVATED_NTRK2_SIGNALS_THROUGH_FRS2_AND_FRS3,bmi,0.2884829043929555,0.005761229982087182,50.07314502109907,0
bmi,alt_log_adj,REACTOME_ACTIVATED_NTRK2_SIGNALS_THROUGH_FYN,ppgs,0.0032843865129157535,0.005884830188210667,0.5581106689357844,0.5767732231461176
bmi,alt_log_adj,REACTOME_ACTIVATED_NTRK2_SIGNALS_THROUGH_FYN,bmi,0.2883969110202655,0.005761553715150966,50.05540610718906,0
bmi,alt_log_adj,REACTOME_ACTIVATED_NTRK2_SIGNALS_THROUGH_PI3K,ppgs,0.007834055631916637,0.005737341432230869,1.3654504833731842,0.17212234028827986
bmi,alt_log_adj,REACTOME_ACTIVATED_NTRK2_SIGNALS_THROUGH_PI3K,bmi,0.2883459394804728,0.0057615280958072945,50.046781806080965,0
bmi,alt_log_adj,REACTOME_ACTIVATED_NTRK2_SIGNALS_THROUGH_RAS,ppgs,6.37460380664636e-4,0.005674194121660769,0.11234377375831811,0.9105516304428932
bmi,alt_log_adj,REACTOME_ACTIVATED_NTRK2_SIGNALS_THROUGH_RAS,bmi,0.288415280427595,0.00576149966790148,50.05906396808749,0
bmi,alt_log_adj,REACTOME_ACTIVATED_NTRK3_SIGNALS_THROUGH_PI3K,ppgs,0.0019272337392609623,0.005806575961412264,0.3319053693723184,0.7399631695281876
bmi,alt_log_adj,REACTOME_ACTIVATED_NTRK3_SIGNALS_THROUGH_PI3K,bmi,0.2884014663307675,0.005761623123857643,50.05559373305051,0
bmi,alt_log_adj,REACTOME_ACTIVATED_NTRK3_SIGNALS_THROUGH_RAS,ppgs,6.37460380664636e-4,0.005674194121660769,0.11234377375831811,0.9105516304428932
bmi,alt_log_adj,REACTOME_ACTIVATED_NTRK3_SIGNALS_THROUGH_RAS,bmi,0.288415280427595,0.00576149966790148,50.05906396808749,0
bmi,alt_log_adj,REACTOME_ACTIVATED_PKN1_STIMULATES_TRANSCRIPTION_OF_AR_ANDROGEN_RECEPTOR_REGULATED_GENES_KLK2_AND_KLK3,ppgs,-0.004778034402503552,0.005755015746267627,-0.830238284856529,0.40641106482536105
bmi,alt_log_adj,REACTOME_ACTIVATED_PKN1_STIMULATES_TRANSCRIPTION_OF_AR_ANDROGEN_RECEPTOR_REGULATED_GENES_KLK2_AND_KLK3,bmi,0.28845207417323854,0.005761604522673829,50.0645389731426,0
bmi,alt_log_adj,REACTOME_ACTIVATED_TAK1_MEDIATES_P38_MAPK_ACTIVATION,ppgs,-4.6783434371939586e-4,0.005910468981091335,-0.079153506298076,0.9369110837837095
bmi,alt_log_adj,REACTOME_ACTIVATED_TAK1_MEDIATES_P38_MAPK_ACTIVATION,bmi,0.28841435009699556,0.005761498360922692,50.05891385011287,0
bmi,alt_log_adj,REACTOME_ACTIVATION_OF_AMPK_DOWNSTREAM_OF_NMDARS,ppgs,0.00243280982405806,0.005700843157360961,0.42674561585101706,0.6695678623131776
bmi,alt_log_adj,REACTOME_ACTIVATION_OF_AMPK_DOWNSTREAM_OF_NMDARS,bmi,0.2884325499156817,0.005761632624139299,50.06090612359533,0
bmi,alt_log_adj,REACTOME_ACTIVATION_OF_ANTERIOR_HOX_GENES_IN_HINDBRAIN_DEVELOPMENT_DURING_EARLY_EMBRYOGENESIS,ppgs,-0.0015450614796025893,0.005815547987774041,-0.26567771134392737,0.7904893623418867
bmi,alt_log_adj,REACTOME_ACTIVATION_OF_ANTERIOR_HOX_GENES_IN_HINDBRAIN_DEVELOPMENT_DURING_EARLY_EMBRYOGENESIS,bmi,0.2883946801684355,0.005761979729618862,50.05131807145596,0
bmi,alt_log_adj,REACTOME_ACTIVATION_OF_APC_C_AND_APC_C_CDC20_MEDIATED_DEGRADATION_OF_MITOTIC_PROTEINS,ppgs,-0.006472057313601825,0.005860773649596644,-1.1043008484122656,0.26947202775034196
bmi,alt_log_adj,REACTOME_ACTIVATION_OF_APC_C_AND_APC_C_CDC20_MEDIATED_DEGRADATION_OF_MITOTIC_PROTEINS,bmi,0.28836526119570677,0.005761547448290848,50.0499672672573,0
bmi,alt_log_adj,REACTOME_ACTIVATION_OF_ATR_IN_RESPONSE_TO_REPLICATION_STRESS,ppgs,-0.007858339874566347,0.006063547986105611,-1.295996979420866,0.19498707648997884
bmi,alt_log_adj,REACTOME_ACTIVATION_OF_ATR_IN_RESPONSE_TO_REPLICATION_STRESS,bmi,0.2884821312424074,0.005761562781973759,50.07011850065809,0
bmi,alt_log_adj,REACTOME_ACTIVATION_OF_BAD_AND_TRANSLOCATION_TO_MITOCHONDRIA,ppgs,0.018482275034735898,0.005722205331371455,3.229921676072782,0.0012396520994243858
bmi,alt_log_adj,REACTOME_ACTIVATION_OF_BAD_AND_TRANSLOCATION_TO_MITOCHONDRIA,bmi,0.2887109282679979,0.005761168591392686,50.11325804617807,0
bmi,alt_log_adj,REACTOME_ACTIVATION_OF_BH3_ONLY_PROTEINS,ppgs,0.024811621275036673,0.005720312193174243,4.337459291932198,1.4463671562121854e-5
bmi,alt_log_adj,REACTOME_ACTIVATION_OF_BH3_ONLY_PROTEINS,bmi,0.2883615387536639,0.005759600142635404,50.066242727350016,0
bmi,alt_log_adj,REACTOME_ACTIVATION_OF_C3_AND_C5,ppgs,-3.301023977391901e-4,0.005775868230781738,-0.05715199595100738,0.9544245200868703
bmi,alt_log_adj,REACTOME_ACTIVATION_OF_C3_AND_C5,bmi,0.28841822250344895,0.005761842010746909,50.05660029648422,0
bmi,alt_log_adj,REACTOME_ACTIVATION_OF_CASPASES_THROUGH_APOPTOSOME_MEDIATED_CLEAVAGE,ppgs,6.279803557637049e-4,0.005929553569389828,0.10590685258423702,0.9156570064024493
bmi,alt_log_adj,REACTOME_ACTIVATION_OF_CASPASES_THROUGH_APOPTOSOME_MEDIATED_CLEAVAGE,bmi,0.2884164961147541,0.005761524000387328,50.05906355599054,0
bmi,alt_log_adj,REACTOME_ACTIVATION_OF_GENE_EXPRESSION_BY_SREBF_SREBP,ppgs,0.010022931684817592,0.005782186390995214,1.7334155295350955,0.08303271234046418
bmi,alt_log_adj,REACTOME_ACTIVATION_OF_GENE_EXPRESSION_BY_SREBF_SREBP,bmi,0.28846036064148656,0.005761253087792392,50.06903120654596,0
bmi,alt_log_adj,REACTOME_ACTIVATION_OF_IRF3_IRF7_MEDIATED_BY_TBK1_IKK_IKBKE,ppgs,0.004558051001125199,0.005727303871012076,0.7958458471524652,0.4261283037424587
bmi,alt_log_adj,REACTOME_ACTIVATION_OF_IRF3_IRF7_MEDIATED_BY_TBK1_IKK_IKBKE,bmi,0.28837661718751384,0.005761631516387315,50.051207955126756,0
bmi,alt_log_adj,REACTOME_ACTIVATION_OF_KAINATE_RECEPTORS_UPON_GLUTAMATE_BINDING,ppgs,-0.003534404630359188,0.005719308142736044,-0.6179776543161345,0.536595032948247
bmi,alt_log_adj,REACTOME_ACTIVATION_OF_KAINATE_RECEPTORS_UPON_GLUTAMATE_BINDING,bmi,0.2884521167782401,0.005761778624351233,50.063033584654484,0
bmi,alt_log_adj,REACTOME_ACTIVATION_OF_MATRIX_METALLOPROTEINASES,ppgs,0.012695156730366398,0.005881895914741014,2.1583443356333825,0.030909437772228814
bmi,alt_log_adj,REACTOME_ACTIVATION_OF_MATRIX_METALLOPROTEINASES,bmi,0.2883179356867941,0.005761198813277179,50.04478148234367,0
bmi,alt_log_adj,REACTOME_ACTIVATION_OF_NF_KAPPAB_IN_B_CELLS,ppgs,0.029606058126600835,0.005962525287243097,4.9653555666998,6.897319827477373e-7
bmi,alt_log_adj,REACTOME_ACTIVATION_OF_NF_KAPPAB_IN_B_CELLS,bmi,0.2882135003384887,0.0057591366961412815,50.04456666770847,0
bmi,alt_log_adj,REACTOME_ACTIVATION_OF_NIMA_KINASES_NEK9_NEK6_NEK7,ppgs,-0.00905640542582464,0.00580697887421627,-1.559572649047552,0.11887206675032576
bmi,alt_log_adj,REACTOME_ACTIVATION_OF_NIMA_KINASES_NEK9_NEK6_NEK7,bmi,0.2884087393681634,0.005761252062065528,50.06008004183086,0
bmi,alt_log_adj,REACTOME_ACTIVATION_OF_NMDA_RECEPTORS_AND_POSTSYNAPTIC_EVENTS,ppgs,-0.0011462893232990418,0.0066937258683354576,-0.17124832206253643,0.8640297353494817
bmi,alt_log_adj,REACTOME_ACTIVATION_OF_NMDA_RECEPTORS_AND_POSTSYNAPTIC_EVENTS,bmi,0.28840465073154087,0.005761789225842771,50.054703396297214,0
bmi,alt_log_adj,REACTOME_ACTIVATION_OF_NOXA_AND_TRANSLOCATION_TO_MITOCHONDRIA,ppgs,-0.002297422248225256,0.005683842619805272,-0.4042022979700246,0.6860670132319284
bmi,alt_log_adj,REACTOME_ACTIVATION_OF_NOXA_AND_TRANSLOCATION_TO_MITOCHONDRIA,bmi,0.28840519819778565,0.005761528544514549,50.057063150779875,0
bmi,alt_log_adj,REACTOME_ACTIVATION_OF_PPARGC1A_PGC_1ALPHA_BY_PHOSPHORYLATION,ppgs,-0.0043186244096745175,0.00571115302158775,-0.7561738222300166,0.44955126908939647
bmi,alt_log_adj,REACTOME_ACTIVATION_OF_PPARGC1A_PGC_1ALPHA_BY_PHOSPHORYLATION,bmi,0.28840522414952124,0.0057614532731609745,50.05772163301605,0
bmi,alt_log_adj,REACTOME_ACTIVATION_OF_PUMA_AND_TRANSLOCATION_TO_MITOCHONDRIA,ppgs,0.005202596852285539,0.005809102812552543,0.8955938671017423,0.37047731660570915
bmi,alt_log_adj,REACTOME_ACTIVATION_OF_PUMA_AND_TRANSLOCATION_TO_MITOCHONDRIA,bmi,0.2883782845424652,0.005761559333082337,50.05212441128983,0
bmi,alt_log_adj,REACTOME_ACTIVATION_OF_RAC1,ppgs,0.011803214742381694,0.005713476891298225,2.0658549893425313,0.0388512385435026
bmi,alt_log_adj,REACTOME_ACTIVATION_OF_RAC1,bmi,0.2884163524484586,0.005761064403583612,50.06303214889459,0
bmi,alt_log_adj,REACTOME_ACTIVATION_OF_RAC1_DOWNSTREAM_OF_NMDARS,ppgs,0.011346421113924124,0.005703892841724461,1.9892416335251057,0.04668413240747099
bmi,alt_log_adj,REACTOME_ACTIVATION_OF_RAC1_DOWNSTREAM_OF_NMDARS,bmi,0.28857375766218135,0.005761651301543622,50.085252050027506,0
bmi,alt_log_adj,REACTOME_ACTIVATION_OF_RAS_IN_B_CELLS,ppgs,0.002500518842211972,0.005698410854067196,0.4388098552822399,0.6608026628079162
bmi,alt_log_adj,REACTOME_ACTIVATION_OF_RAS_IN_B_CELLS,bmi,0.2883933057344045,0.005761683194507904,50.05365550284056,0
bmi,alt_log_adj,REACTOME_ACTIVATION_OF_SMO,ppgs,0.007401921517227038,0.005740849008101144,1.2893426576420817,0.1972895065747462
bmi,alt_log_adj,REACTOME_ACTIVATION_OF_SMO,bmi,0.2884668706408508,0.005761471561981487,50.06826251549546,0
bmi,alt_log_adj,REACTOME_ACTIVATION_OF_THE_AP_1_FAMILY_OF_TRANSCRIPTION_FACTORS,ppgs,0.00633646509863652,0.0056864982391846485,1.1143000194694628,0.2651599454985197
bmi,alt_log_adj,REACTOME_ACTIVATION_OF_THE_AP_1_FAMILY_OF_TRANSCRIPTION_FACTORS,bmi,0.28836609688679815,0.005761536378976714,50.05020847200028,0
bmi,alt_log_adj,REACTOME_ACTIVATION_OF_THE_MRNA_UPON_BINDING_OF_THE_CAP_BINDING_COMPLEX_AND_EIFS_AND_SUBSEQUENT_BINDING_TO_43S,ppgs,0.0023119486453916376,0.005760733291321576,0.40132888097328506,0.6881810277693878
bmi,alt_log_adj,REACTOME_ACTIVATION_OF_THE_MRNA_UPON_BINDING_OF_THE_CAP_BINDING_COMPLEX_AND_EIFS_AND_SUBSEQUENT_BINDING_TO_43S,bmi,0.2883992385597814,0.005761609116734371,50.05532876607976,0
bmi,alt_log_adj,REACTOME_ACTIVATION_OF_THE_PHOTOTRANSDUCTION_CASCADE,ppgs,-5.291820477234188e-4,0.00593463417995618,-0.08916843594348153,0.9289486797845301
bmi,alt_log_adj,REACTOME_ACTIVATION_OF_THE_PHOTOTRANSDUCTION_CASCADE,bmi,0.2884121851566019,0.0057615619901443685,50.057985256420906,0
bmi,alt_log_adj,REACTOME_ACTIVATION_OF_THE_PRE_REPLICATIVE_COMPLEX,ppgs,-0.005977507962931424,0.006092879327383955,-0.9810645577807517,0.326569279080395
bmi,alt_log_adj,REACTOME_ACTIVATION_OF_THE_PRE_REPLICATIVE_COMPLEX,bmi,0.2884095986814783,0.00576140244424791,50.05892254053902,0
bmi,alt_log_adj,REACTOME_ACTIVATION_OF_THE_TFAP2_AP_2_FAMILY_OF_TRANSCRIPTION_FACTORS,ppgs,0.00223257993558062,0.005935649582351921,0.37613068369443575,0.7068225587490335
bmi,alt_log_adj,REACTOME_ACTIVATION_OF_THE_TFAP2_AP_2_FAMILY_OF_TRANSCRIPTION_FACTORS,bmi,0.2884196107788778,0.005761498860753857,50.05982258254579,0
bmi,alt_log_adj,REACTOME_ACTIVATION_OF_TRKA_RECEPTORS,ppgs,6.184748971462278e-4,0.0057273820413531705,0.10798561937734903,0.9140078637778739
bmi,alt_log_adj,REACTOME_ACTIVATION_OF_TRKA_RECEPTORS,bmi,0.28841891105167927,0.005761633676488429,50.05852979314425,0
bmi,alt_log_adj,REACTOME_ACYL_CHAIN_REMODELING_OF_CL,ppgs,0.002368673947202729,0.005686588273771461,0.4165369168940688,0.6770203129170589
bmi,alt_log_adj,REACTOME_ACYL_CHAIN_REMODELING_OF_CL,bmi,0.2884198237774362,0.005761493873780832,50.059902882126664,0
bmi,alt_log_adj,REACTOME_ACYL_CHAIN_REMODELING_OF_DAG_AND_TAG,ppgs,0.057261306282435344,0.005702640125842915,10.041192328258917,1.1004490624292904e-23
bmi,alt_log_adj,REACTOME_ACYL_CHAIN_REMODELING_OF_DAG_AND_TAG,bmi,0.28899564302855935,0.005751570677075864,50.24638646629421,0
bmi,alt_log_adj,REACTOME_ACYL_CHAIN_REMODELLING_OF_PC,ppgs,0.001435983951804129,0.005757902845897363,0.24939357092961378,0.8030581645914401
bmi,alt_log_adj,REACTOME_ACYL_CHAIN_REMODELLING_OF_PC,bmi,0.2884138170995293,0.005761492555904833,50.05887177688705,0
bmi,alt_log_adj,REACTOME_ACYL_CHAIN_REMODELLING_OF_PE,ppgs,0.0016501459545359765,0.005761950705902975,0.28638668373983883,0.774584065372923
bmi,alt_log_adj,REACTOME_ACYL_CHAIN_REMODELLING_OF_PE,bmi,0.2884142139536294,0.0057614898137199515,50.05896448290559,0
bmi,alt_log_adj,REACTOME_ACYL_CHAIN_REMODELLING_OF_PG,ppgs,-0.001916634833388458,0.005765590623232925,-0.3324264517958003,0.739569725382428
bmi,alt_log_adj,REACTOME_ACYL_CHAIN_REMODELLING_OF_PG,bmi,0.2884169941336286,0.005761491160345655,50.059435327906556,0
bmi,alt_log_adj,REACTOME_ACYL_CHAIN_REMODELLING_OF_PI,ppgs,-0.0018457346153475417,0.005777761757111251,-0.31945495382806627,0.7493838987611038
bmi,alt_log_adj,REACTOME_ACYL_CHAIN_REMODELLING_OF_PI,bmi,0.28842303016413784,0.005761547717663045,50.05999156787784,0
bmi,alt_log_adj,REACTOME_ACYL_CHAIN_REMODELLING_OF_PS,ppgs,0.005123074915117473,0.0057297912446716845,0.894111966100263,0.3712695780738
bmi,alt_log_adj,REACTOME_ACYL_CHAIN_REMODELLING_OF_PS,bmi,0.28835562965803363,0.005761794515608567,50.04614948986552,0
bmi,alt_log_adj,REACTOME_ADAPTIVE_IMMUNE_SYSTEM,ppgs,0.04933310724900171,0.007766292371857406,6.352208349478231,2.1546369755439662e-10
bmi,alt_log_adj,REACTOME_ADAPTIVE_IMMUNE_SYSTEM,bmi,0.28829858806503256,0.005757431007154107,50.0741715717994,0
bmi,alt_log_adj,REACTOME_ADENYLATE_CYCLASE_ACTIVATING_PATHWAY,ppgs,-0.0016389988348634718,0.005880134599957243,-0.2787349178835786,0.7804502965586462
bmi,alt_log_adj,REACTOME_ADENYLATE_CYCLASE_ACTIVATING_PATHWAY,bmi,0.2884141738628408,0.0057614903013094056,50.05895328805697,0
bmi,alt_log_adj,REACTOME_ADENYLATE_CYCLASE_INHIBITORY_PATHWAY,ppgs,0.0010624891404087853,0.005886684610821508,0.18049024377076509,0.8567690031223312
bmi,alt_log_adj,REACTOME_ADENYLATE_CYCLASE_INHIBITORY_PATHWAY,bmi,0.2884173510163976,0.005761514497671595,50.05929450198484,0
bmi,alt_log_adj,REACTOME_ADHERENS_JUNCTIONS_INTERACTIONS,ppgs,0.003503181122160152,0.005808073398306559,0.6031571713920769,0.5464089615427156
bmi,alt_log_adj,REACTOME_ADHERENS_JUNCTIONS_INTERACTIONS,bmi,0.28841380360612323,0.005761461163687427,50.059142188426,0
bmi,alt_log_adj,REACTOME_ADIPOGENESIS,ppgs,0.014233812950219893,0.006020041428392233,2.3644044845088885,0.018065783250383244
bmi,alt_log_adj,REACTOME_ADIPOGENESIS,bmi,0.2885225112172078,0.005761110683024444,50.08105677736093,0
bmi,alt_log_adj,REACTOME_ADORA2B_MEDIATED_ANTI_INFLAMMATORY_CYTOKINES_PRODUCTION,ppgs,0.0038859598510741183,0.00648671095228861,0.5990647463184856,0.5491344964113698
bmi,alt_log_adj,REACTOME_ADORA2B_MEDIATED_ANTI_INFLAMMATORY_CYTOKINES_PRODUCTION,bmi,0.288414833937816,0.00576146151460504,50.05931797109078,0
bmi,alt_log_adj,REACTOME_ADP_SIGNALLING_THROUGH_P2Y_PURINOCEPTOR_1,ppgs,-0.00274236762189525,0.005748652037263791,-0.47704533238726793,0.6333335187134157
bmi,alt_log_adj,REACTOME_ADP_SIGNALLING_THROUGH_P2Y_PURINOCEPTOR_1,bmi,0.28844056911297045,0.005761731576949978,50.061438173705916,0
bmi,alt_log_adj,REACTOME_ADP_SIGNALLING_THROUGH_P2Y_PURINOCEPTOR_12,ppgs,0.005398603246833673,0.00600111913496153,0.8995994122800032,0.3683411112748739
bmi,alt_log_adj,REACTOME_ADP_SIGNALLING_THROUGH_P2Y_PURINOCEPTOR_12,bmi,0.2884162254532105,0.0057614160123219465,50.05995485074752,0
bmi,alt_log_adj,REACTOME_ADRENALINE_NORADRENALINE_INHIBITS_INSULIN_SECRETION,ppgs,0.0011795622329930028,0.00588743068277206,0.2003526319969534,0.8412062397002722
bmi,alt_log_adj,REACTOME_ADRENALINE_NORADRENALINE_INHIBITS_INSULIN_SECRETION,bmi,0.2884142602623219,0.005761494175941743,50.05893461919178,0
bmi,alt_log_adj,REACTOME_ADRENOCEPTORS,ppgs,-0.01561709878027494,0.005691039409238545,-2.744155796026106,0.006070489583667456
bmi,alt_log_adj,REACTOME_ADRENOCEPTORS,bmi,0.28830748273460544,0.005760865208871889,50.04586503614146,0
bmi,alt_log_adj,REACTOME_ADVANCED_GLYCOSYLATION_ENDPRODUCT_RECEPTOR_SIGNALING,ppgs,0.004253708707982228,0.005699783795847312,0.7462929929169155,0.45549663181746236
bmi,alt_log_adj,REACTOME_ADVANCED_GLYCOSYLATION_ENDPRODUCT_RECEPTOR_SIGNALING,bmi,0.28841624258144366,0.0057614417855441176,50.059733885552966,0
bmi,alt_log_adj,REACTOME_AEROBIC_RESPIRATION_AND_RESPIRATORY_ELECTRON_TRANSPORT,ppgs,0.01205986629423024,0.006190880692171993,1.948004959856396,0.05142422538883591
bmi,alt_log_adj,REACTOME_AEROBIC_RESPIRATION_AND_RESPIRATORY_ELECTRON_TRANSPORT,bmi,0.2885044896637966,0.005761297106897567,50.07630821857667,0
bmi,alt_log_adj,REACTOME_AFLATOXIN_ACTIVATION_AND_DETOXIFICATION,ppgs,-0.0024094680666942045,0.006067478141505683,-0.3971119484076591,0.6912878988386184
bmi,alt_log_adj,REACTOME_AFLATOXIN_ACTIVATION_AND_DETOXIFICATION,bmi,0.2884143574699319,0.005761481985505996,50.05905740840431,0
bmi,alt_log_adj,REACTOME_AGGREPHAGY,ppgs,0.01978923478449786,0.00601151944957617,3.2918856789015396,9.963968964599957e-4
bmi,alt_log_adj,REACTOME_AGGREPHAGY,bmi,0.28857704047004284,0.005760608405423698,50.09488931730602,0
bmi,alt_log_adj,REACTOME_AKT_PHOSPHORYLATES_TARGETS_IN_THE_CYTOSOL,ppgs,0.036662118039220384,0.005795916514784685,6.325508303251045,2.5616439244991793e-10
bmi,alt_log_adj,REACTOME_AKT_PHOSPHORYLATES_TARGETS_IN_THE_CYTOSOL,bmi,0.2883634269510078,0.00575744204206809,50.08533735016581,0
bmi,alt_log_adj,REACTOME_AKT_PHOSPHORYLATES_TARGETS_IN_THE_NUCLEUS,ppgs,-0.005949508795811932,0.005846595169701681,-1.0176023177803675,0.3088756696624495
bmi,alt_log_adj,REACTOME_AKT_PHOSPHORYLATES_TARGETS_IN_THE_NUCLEUS,bmi,0.28848626680849254,0.0057618229149349045,50.06857570383205,0
bmi,alt_log_adj,REACTOME_ALK_MUTANTS_BIND_TKIS,ppgs,7.900842734360929e-4,0.005926461331369528,0.13331467620552495,0.893945467528307
bmi,alt_log_adj,REACTOME_ALK_MUTANTS_BIND_TKIS,bmi,0.2884074849520979,0.005761744900324665,50.05558037389795,0
bmi,alt_log_adj,REACTOME_ALPHA_DEFENSINS,ppgs,0.005967840338041222,0.005687509978164867,1.0492887680114114,0.29405417891764146
bmi,alt_log_adj,REACTOME_ALPHA_DEFENSINS,bmi,0.28841659629876887,0.0057613864007625805,50.06027650924331,0
bmi,alt_log_adj,REACTOME_ALPHA_LINOLENIC_OMEGA3_AND_LINOLEIC_OMEGA6_ACID_METABOLISM,ppgs,-0.0040830150170158884,0.005717384779164309,-0.7141403237185462,0.4751462933423325
bmi,alt_log_adj,REACTOME_ALPHA_LINOLENIC_OMEGA3_AND_LINOLEIC_OMEGA6_ACID_METABOLISM,bmi,0.2883647104790042,0.005761870045826449,50.04706947319615,0
bmi,alt_log_adj,REACTOME_ALPHA_OXIDATION_OF_PHYTANATE,ppgs,0.007992530574067062,0.005742474495526668,1.3918269171753685,0.16398573631680172
bmi,alt_log_adj,REACTOME_ALPHA_OXIDATION_OF_PHYTANATE,bmi,0.28836360094796043,0.005761417751759644,50.05080578645575,0
bmi,alt_log_adj,REACTOME_ALPHA_PROTEIN_KINASE_1_SIGNALING_PATHWAY,ppgs,-0.007925380659978203,0.005770685493958526,-1.3733863452228476,0.16964313359231814
bmi,alt_log_adj,REACTOME_ALPHA_PROTEIN_KINASE_1_SIGNALING_PATHWAY,bmi,0.28840501958035936,0.005761310554452573,50.058926151354285,0
bmi,alt_log_adj,REACTOME_ALTERNATIVE_COMPLEMENT_ACTIVATION,ppgs,0.01143113255357276,0.005733382012389494,1.9937852612769862,0.04618509090211798
bmi,alt_log_adj,REACTOME_ALTERNATIVE_COMPLEMENT_ACTIVATION,bmi,0.28840838464834917,0.005761094916585737,50.06138395985184,0
bmi,alt_log_adj,REACTOME_AMINE_LIGAND_BINDING_RECEPTORS,ppgs,-0.0027974082369781337,0.00580359492915651,-0.4820130059257438,0.6298004282789744
bmi,alt_log_adj,REACTOME_AMINE_LIGAND_BINDING_RECEPTORS,bmi,0.28841506292407987,0.0057614744349654065,50.05924545524979,0
bmi,alt_log_adj,REACTOME_AMINO_ACIDS_REGULATE_MTORC1,ppgs,-7.861534673149842e-4,0.00593044014304322,-0.1325624149899214,0.8945403993377211
bmi,alt_log_adj,REACTOME_AMINO_ACIDS_REGULATE_MTORC1,bmi,0.28841789572359905,0.005761549104956727,50.05908835793308,0
bmi,alt_log_adj,REACTOME_AMINO_ACID_CONJUGATION,ppgs,0.005994146352135459,0.005753687021013634,1.0417922160596533,0.2975169079636459
bmi,alt_log_adj,REACTOME_AMINO_ACID_CONJUGATION,bmi,0.2883564590561656,0.0057616581862113235,50.04747760744538,0
bmi,alt_log_adj,REACTOME_AMINO_ACID_TRANSPORT_ACROSS_THE_PLASMA_MEMBRANE,ppgs,7.24247754024134e-4,0.005768669005932391,0.12554850231124912,0.9000902197441837
bmi,alt_log_adj,REACTOME_AMINO_ACID_TRANSPORT_ACROSS_THE_PLASMA_MEMBRANE,bmi,0.288417031198178,0.005761528319725251,50.05911889919023,0
bmi,alt_log_adj,REACTOME_AMPK_INHIBITS_CHREBP_TRANSCRIPTIONAL_ACTIVATION_ACTIVITY,ppgs,-8.929330795663267e-4,0.005700123459490722,-0.15665153323645833,0.8755206017450832
bmi,alt_log_adj,REACTOME_AMPK_INHIBITS_CHREBP_TRANSCRIPTIONAL_ACTIVATION_ACTIVITY,bmi,0.28841373628216593,0.005761498253881695,50.05880824277833,0
bmi,alt_log_adj,REACTOME_AMYLOID_FIBER_FORMATION,ppgs,0.010155151441745438,0.006115767815641825,1.6604867529098137,0.09682762979874775
bmi,alt_log_adj,REACTOME_AMYLOID_FIBER_FORMATION,bmi,0.2884392480919992,0.005761236899514924,50.06550730734312,0
bmi,alt_log_adj,REACTOME_ANCHORING_FIBRIL_FORMATION,ppgs,-0.006873885896989187,0.005863046873668607,-1.1724084840358917,0.2410429467847321
bmi,alt_log_adj,REACTOME_ANCHORING_FIBRIL_FORMATION,bmi,0.28839193301432814,0.00576139080270715,50.05595747450757,0
bmi,alt_log_adj,REACTOME_ANCHORING_OF_THE_BASAL_BODY_TO_THE_PLASMA_MEMBRANE,ppgs,0.011996461502139521,0.006022990971302305,1.9917780981739739,0.04640498752763395
bmi,alt_log_adj,REACTOME_ANCHORING_OF_THE_BASAL_BODY_TO_THE_PLASMA_MEMBRANE,bmi,0.28847149863268756,0.005761165649085747,50.07172440501963,0
bmi,alt_log_adj,REACTOME_ANDROGEN_BIOSYNTHESIS,ppgs,-0.008145190862462421,0.005688708561802973,-1.4318172172070094,0.1522071632639784
bmi,alt_log_adj,REACTOME_ANDROGEN_BIOSYNTHESIS,bmi,0.2884412768015626,0.005761319733085539,50.06513961464948,0
bmi,alt_log_adj,REACTOME_ANTIGEN_ACTIVATES_B_CELL_RECEPTOR_BCR_LEADING_TO_GENERATION_OF_SECOND_MESSENGERS,ppgs,0.00747265404034648,0.006024101872711884,1.2404594408000105,0.21481577319732215
bmi,alt_log_adj,REACTOME_ANTIGEN_ACTIVATES_B_CELL_RECEPTOR_BCR_LEADING_TO_GENERATION_OF_SECOND_MESSENGERS,bmi,0.2884141026947758,0.005761341630710185,50.06023269951859,0
bmi,alt_log_adj,REACTOME_ANTIGEN_PRESENTATION_FOLDING_ASSEMBLY_AND_PEPTIDE_LOADING_OF_CLASS_I_MHC,ppgs,0.0024071042735977987,0.005798920436591576,0.4150952405569853,0.6780753247944019
bmi,alt_log_adj,REACTOME_ANTIGEN_PRESENTATION_FOLDING_ASSEMBLY_AND_PEPTIDE_LOADING_OF_CLASS_I_MHC,bmi,0.2884196077327328,0.005761492981292638,50.05987313865016,0
bmi,alt_log_adj,REACTOME_ANTIGEN_PROCESSING_CROSS_PRESENTATION,ppgs,0.03213118121942002,0.006030796672952721,5.327850193246253,1.0013967440913672e-7
bmi,alt_log_adj,REACTOME_ANTIGEN_PROCESSING_CROSS_PRESENTATION,bmi,0.2882548747433808,0.005758693685741778,50.05560123072437,0
bmi,alt_log_adj,REACTOME_ANTIGEN_PROCESSING_UBIQUITINATION_PROTEASOME_DEGRADATION,ppgs,0.02838643780537023,0.006290538794104645,4.512560646152183,6.43068205024352e-6
bmi,alt_log_adj,REACTOME_ANTIGEN_PROCESSING_UBIQUITINATION_PROTEASOME_DEGRADATION,bmi,0.2886454740510932,0.005759657028819769,50.115045497811614,0
bmi,alt_log_adj,REACTOME_ANTIGEN_PROCESSING_UB_ATP_INDEPENDENT_PROTEASOMAL_DEGRADATION,ppgs,-0.0015527650181915312,0.006511589373582169,-0.23846175320746937,0.811524699889584
bmi,alt_log_adj,REACTOME_ANTIGEN_PROCESSING_UB_ATP_INDEPENDENT_PROTEASOMAL_DEGRADATION,bmi,0.2884236018708261,0.005761615251248499,50.05950402681381,0
bmi,alt_log_adj,REACTOME_ANTIMICROBIAL_PEPTIDES,ppgs,0.01074279519945461,0.0061831548740683825,1.7374294220752848,0.08232226188102876
bmi,alt_log_adj,REACTOME_ANTIMICROBIAL_PEPTIDES,bmi,0.2883791925819735,0.00576122733709148,50.05516632286896,0
bmi,alt_log_adj,REACTOME_ANTIVIRAL_MECHANISM_BY_IFN_STIMULATED_GENES,ppgs,0.03862245065549319,0.005774899873410301,6.687986199262905,2.3046555562563107e-11
bmi,alt_log_adj,REACTOME_ANTIVIRAL_MECHANISM_BY_IFN_STIMULATED_GENES,bmi,0.288263781747699,0.005757002266095057,50.07185483413519,0
bmi,alt_log_adj,REACTOME_ANTI_INFLAMMATORY_RESPONSE_FAVOURING_LEISHMANIA_PARASITE_INFECTION,ppgs,0.010857566447770806,0.006666573943419348,1.628657619329106,0.10339663077581487
bmi,alt_log_adj,REACTOME_ANTI_INFLAMMATORY_RESPONSE_FAVOURING_LEISHMANIA_PARASITE_INFECTION,bmi,0.2883871058747867,0.0057612532209883015,50.056314974004216,0
bmi,alt_log_adj,REACTOME_APC_CDC20_MEDIATED_DEGRADATION_OF_NEK2A,ppgs,0.005240818389551984,0.005819467106788635,0.9005667174299112,0.3678263874121618
bmi,alt_log_adj,REACTOME_APC_CDC20_MEDIATED_DEGRADATION_OF_NEK2A,bmi,0.2884016196627514,0.005761433650957993,50.05726649560511,0
bmi,alt_log_adj,REACTOME_APC_C_CDC20_MEDIATED_DEGRADATION_OF_CYCLIN_B,ppgs,0.004711333781140354,0.005828452375071439,0.8083335811905998,0.41890535887897995
bmi,alt_log_adj,REACTOME_APC_C_CDC20_MEDIATED_DEGRADATION_OF_CYCLIN_B,bmi,0.2884127761387871,0.00576143202843139,50.05921699944283,0
bmi,alt_log_adj,REACTOME_APC_C_CDH1_MEDIATED_DEGRADATION_OF_CDC20_AND_OTHER_APC_C_CDH1_TARGETED_PROTEINS_IN_LATE_MITOSIS_EARLY_G1,ppgs,-0.007807269638457966,0.00604430597488538,-1.2916734643973773,0.19648078130174823
bmi,alt_log_adj,REACTOME_APC_C_CDH1_MEDIATED_DEGRADATION_OF_CDC20_AND_OTHER_APC_C_CDH1_TARGETED_PROTEINS_IN_LATE_MITOSIS_EARLY_G1,bmi,0.2884741343066536,0.005761512662271554,50.06916607086285,0
bmi,alt_log_adj,REACTOME_APC_C_MEDIATED_DEGRADATION_OF_CELL_CYCLE_PROTEINS,ppgs,-0.004710345135837633,0.006296737384562338,-0.7480612336455305,0.45442942907319317
bmi,alt_log_adj,REACTOME_APC_C_MEDIATED_DEGRADATION_OF_CELL_CYCLE_PROTEINS,bmi,0.2883674594057788,0.005761786054195337,50.04827612365256,0
bmi,alt_log_adj,REACTOME_APEX1_INDEPENDENT_RESOLUTION_OF_AP_SITES_VIA_THE_SINGLE_NUCLEOTIDE_REPLACEMENT_PATHWAY,ppgs,0.007992496895718439,0.005703805995086901,1.4012567928507653,0.16114824355627044
bmi,alt_log_adj,REACTOME_APEX1_INDEPENDENT_RESOLUTION_OF_AP_SITES_VIA_THE_SINGLE_NUCLEOTIDE_REPLACEMENT_PATHWAY,bmi,0.288360728354419,0.005761426831729217,50.050228316076925,0
bmi,alt_log_adj,REACTOME_APOBEC3G_MEDIATED_RESISTANCE_TO_HIV_1_INFECTION,ppgs,0.005425237039313844,0.005916598648922701,0.9169520126739839,0.35917558709030184
bmi,alt_log_adj,REACTOME_APOBEC3G_MEDIATED_RESISTANCE_TO_HIV_1_INFECTION,bmi,0.2883688831253238,0.005761628464792098,50.049892124678905,0
bmi,alt_log_adj,REACTOME_APOPTOSIS,ppgs,0.020233026176443906,0.006179392555488261,3.2742742906782696,0.0010606065945537055
bmi,alt_log_adj,REACTOME_APOPTOSIS,bmi,0.2882964199396679,0.005760521973103055,50.04692652606437,0
bmi,alt_log_adj,REACTOME_APOPTOSIS_INDUCED_DNA_FRAGMENTATION,ppgs,0.002635745843610522,0.006085834889235632,0.43309519426373494,0.6649489089146452
bmi,alt_log_adj,REACTOME_APOPTOSIS_INDUCED_DNA_FRAGMENTATION,bmi,0.28841232973956027,0.005761481342869395,50.05871104598979,0
bmi,alt_log_adj,REACTOME_APOPTOTIC_CLEAVAGE_OF_CELLULAR_PROTEINS,ppgs,-0.00404577775729082,0.005699363180183325,-0.7098648795286431,0.47779376985547994
bmi,alt_log_adj,REACTOME_APOPTOTIC_CLEAVAGE_OF_CELLULAR_PROTEINS,bmi,0.288435694674611,0.005761523240530503,50.062402360118355,0
bmi,alt_log_adj,REACTOME_APOPTOTIC_CLEAVAGE_OF_CELL_ADHESION_PROTEINS,ppgs,1.7468980456050308e-4,0.005818227809013385,0.03002457282437103,0.9760476670778038
bmi,alt_log_adj,REACTOME_APOPTOTIC_CLEAVAGE_OF_CELL_ADHESION_PROTEINS,bmi,0.28841626559774536,0.005761757856215606,50.056991771462734,0
bmi,alt_log_adj,REACTOME_APOPTOTIC_EXECUTION_PHASE,ppgs,-0.00404577775729082,0.005699363180183325,-0.7098648795286431,0.47779376985547994
bmi,alt_log_adj,REACTOME_APOPTOTIC_EXECUTION_PHASE,bmi,0.288435694674611,0.005761523240530503,50.062402360118355,0
bmi,alt_log_adj,REACTOME_APOPTOTIC_FACTOR_MEDIATED_RESPONSE,ppgs,-5.330204415800484e-4,0.005776641890566873,-0.0922716781960223,0.9264828418696186
bmi,alt_log_adj,REACTOME_APOPTOTIC_FACTOR_MEDIATED_RESPONSE,bmi,0.28841762784980846,0.005761589185077797,50.05869363209624,0
bmi,alt_log_adj,REACTOME_AQUAPORIN_MEDIATED_TRANSPORT,ppgs,-0.004527111682201863,0.006041197262283983,-0.7493732592486655,0.453638481720421
bmi,alt_log_adj,REACTOME_AQUAPORIN_MEDIATED_TRANSPORT,bmi,0.28843239575338897,0.005761489727096404,50.06212098181578,0
bmi,alt_log_adj,REACTOME_ARACHIDONATE_METABOLISM,ppgs,0.00197242048325506,0.005823300178643136,0.3387117996233273,0.7348293593362913
bmi,alt_log_adj,REACTOME_ARACHIDONATE_METABOLISM,bmi,0.2884315100520939,0.005761702044974311,50.06012247781547,0
bmi,alt_log_adj,REACTOME_ARACHIDONATE_PRODUCTION_FROM_DAG,ppgs,0.005382877481651983,0.005821540562624156,0.9246482823140482,0.3551567598360903
bmi,alt_log_adj,REACTOME_ARACHIDONATE_PRODUCTION_FROM_DAG,bmi,0.2884455575761185,0.00576150823252658,50.064244627422354,0
bmi,alt_log_adj,REACTOME_ARMS_MEDIATED_ACTIVATION,ppgs,0.006159308637484423,0.005705191624283051,1.0795971534537965,0.28033079445029996
bmi,alt_log_adj,REACTOME_ARMS_MEDIATED_ACTIVATION,bmi,0.28846022557432005,0.0057615343859508264,50.06656321928997,0
bmi,alt_log_adj,REACTOME_ARYL_HYDROCARBON_RECEPTOR_SIGNALLING,ppgs,-0.005535751081053892,0.0057429723418109995,-0.9639174196872831,0.335095551719474
bmi,alt_log_adj,REACTOME_ARYL_HYDROCARBON_RECEPTOR_SIGNALLING,bmi,0.2883935144356538,0.005761445172336991,50.05575958968537,0
bmi,alt_log_adj,REACTOME_ASPARAGINE_N_LINKED_GLYCOSYLATION,ppgs,0.007940213608368912,0.0066431363094999925,1.1952507427875654,0.2319990769868563
bmi,alt_log_adj,REACTOME_ASPARAGINE_N_LINKED_GLYCOSYLATION,bmi,0.28842461807275466,0.005761358873893919,50.061908030009185,0
bmi,alt_log_adj,REACTOME_ASPARTATE_AND_ASPARAGINE_METABOLISM,ppgs,9.97410112424775e-4,0.005707878701030675,0.17474269595895092,0.8612830652388934
bmi,alt_log_adj,REACTOME_ASPARTATE_AND_ASPARAGINE_METABOLISM,bmi,0.2884187750330487,0.005761543882202462,50.05928635273971,0
bmi,alt_log_adj,REACTOME_ASPIRIN_ADME,ppgs,0.023915187760774736,0.005698297293948874,4.196900675254468,2.7141623138486195e-5
bmi,alt_log_adj,REACTOME_ASPIRIN_ADME,bmi,0.28845777216631613,0.0057597180970263015,50.08192541840627,0
bmi,alt_log_adj,REACTOME_ASSEMBLY_AND_CELL_SURFACE_PRESENTATION_OF_NMDA_RECEPTORS,ppgs,0.0030784248917376756,0.00603912052502723,0.509747218817726,0.61023253573899
bmi,alt_log_adj,REACTOME_ASSEMBLY_AND_CELL_SURFACE_PRESENTATION_OF_NMDA_RECEPTORS,bmi,0.28844263103707884,0.005761733570117764,50.061778721084345,0
bmi,alt_log_adj,REACTOME_ASSEMBLY_OF_ACTIVE_LPL_AND_LIPC_LIPASE_COMPLEXES,ppgs,0.00877723164884547,0.005697650919308411,1.5405000715471813,0.12344966667856958
bmi,alt_log_adj,REACTOME_ASSEMBLY_OF_ACTIVE_LPL_AND_LIPC_LIPASE_COMPLEXES,bmi,0.28844248119286825,0.005761285217657027,50.06564860022166,0
bmi,alt_log_adj,REACTOME_ASSEMBLY_OF_COLLAGEN_FIBRILS_AND_OTHER_MULTIMERIC_STRUCTURES,ppgs,0.008659142281300247,0.006156150982687624,1.4065838062860307,0.15956179942154594
bmi,alt_log_adj,REACTOME_ASSEMBLY_OF_COLLAGEN_FIBRILS_AND_OTHER_MULTIMERIC_STRUCTURES,bmi,0.28841526155100017,0.005761296952542779,50.06082205564957,0
bmi,alt_log_adj,REACTOME_ASSEMBLY_OF_THE_HIV_VIRION,ppgs,0.010433825930903851,0.005971015342139527,1.7474123466521214,0.08057666449262486
bmi,alt_log_adj,REACTOME_ASSEMBLY_OF_THE_HIV_VIRION,bmi,0.2883141288151282,0.005761474746311275,50.04172395265958,0
bmi,alt_log_adj,REACTOME_ASSEMBLY_OF_THE_ORC_COMPLEX_AT_THE_ORIGIN_OF_REPLICATION,ppgs,7.415184660089177e-4,0.005669826708622382,0.13078326801086432,0.8959476874834211
bmi,alt_log_adj,REACTOME_ASSEMBLY_OF_THE_ORC_COMPLEX_AT_THE_ORIGIN_OF_REPLICATION,bmi,0.2884172348440289,0.00576153086540483,50.059132126816,0
bmi,alt_log_adj,REACTOME_ASSOCIATION_OF_TRIC_CCT_WITH_TARGET_PROTEINS_DURING_BIOSYNTHESIS,ppgs,0.010157517070364325,0.005725429960959435,1.774105550085567,0.07605642401364568
bmi,alt_log_adj,REACTOME_ASSOCIATION_OF_TRIC_CCT_WITH_TARGET_PROTEINS_DURING_BIOSYNTHESIS,bmi,0.288349247638049,0.005761296008523986,50.04937208770888,0
bmi,alt_log_adj,REACTOME_ASYMMETRIC_LOCALIZATION_OF_PCP_PROTEINS,ppgs,-0.007807269638457966,0.00604430597488538,-1.2916734643973773,0.19648078130174823
bmi,alt_log_adj,REACTOME_ASYMMETRIC_LOCALIZATION_OF_PCP_PROTEINS,bmi,0.2884741343066536,0.005761512662271554,50.06916607086285,0
bmi,alt_log_adj,REACTOME_ATF4_ACTIVATES_GENES_IN_RESPONSE_TO_ENDOPLASMIC_RETICULUM_STRESS,ppgs,0.010732269919622502,0.005714423412163751,1.8781019790689184,0.060377471344513475
bmi,alt_log_adj,REACTOME_ATF4_ACTIVATES_GENES_IN_RESPONSE_TO_ENDOPLASMIC_RETICULUM_STRESS,bmi,0.2883299129135855,0.005761316128395339,50.04584134734716,0
bmi,alt_log_adj,REACTOME_ATF6_ATF6_ALPHA_ACTIVATES_CHAPERONES,ppgs,0.00930259310138371,0.005715971307040487,1.6274737226069527,0.10364763827105113
bmi,alt_log_adj,REACTOME_ATF6_ATF6_ALPHA_ACTIVATES_CHAPERONES,bmi,0.2883436665390091,0.005761393806107267,50.047553811259235,0
bmi,alt_log_adj,REACTOME_ATF6_ATF6_ALPHA_ACTIVATES_CHAPERONE_GENES,ppgs,0.006544545688036483,0.005733584609371496,1.141440500823774,0.25369630026655404
bmi,alt_log_adj,REACTOME_ATF6_ATF6_ALPHA_ACTIVATES_CHAPERONE_GENES,bmi,0.28837817839833946,0.005761454047811626,50.053020644653785,0
bmi,alt_log_adj,REACTOME_ATORVASTATIN_ADME,ppgs,0.023311945753458276,0.005703243956052071,4.087488792886109,4.372683030725319e-5
bmi,alt_log_adj,REACTOME_ATORVASTATIN_ADME,bmi,0.28837848350282347,0.0057598077297822915,50.06738020293666,0
bmi,alt_log_adj,REACTOME_ATP_DEPENDENT_CHROMATIN_REMODELERS,ppgs,0.015467499760068323,0.0059167521646130514,2.6141875356173347,0.008948721442750255
bmi,alt_log_adj,REACTOME_ATP_DEPENDENT_CHROMATIN_REMODELERS,bmi,0.2884011898089051,0.005760805938468716,50.062646249383164,0
bmi,alt_log_adj,REACTOME_ATTACHMENT_AND_ENTRY,ppgs,2.812032222276496e-4,0.005890992042597105,0.04773444272107321,0.9619282203106476
bmi,alt_log_adj,REACTOME_ATTACHMENT_AND_ENTRY,bmi,0.28841458098731426,0.00576149780497839,50.05895875515239,0
bmi,alt_log_adj,REACTOME_ATTACHMENT_OF_GPI_ANCHOR_TO_UPAR,ppgs,0.01392133698918342,0.005748644742516522,2.4216728659926248,0.015455483299964958
bmi,alt_log_adj,REACTOME_ATTACHMENT_OF_GPI_ANCHOR_TO_UPAR,bmi,0.2884624041499891,0.005760935918419924,50.072142484290445,0
bmi,alt_log_adj,REACTOME_ATTENUATION_PHASE,ppgs,0.005578835498475248,0.005805646122969447,0.9609327506895664,0.33659417797767377
bmi,alt_log_adj,REACTOME_ATTENUATION_PHASE,bmi,0.288423858250149,0.005761412158626447,50.06131314842625,0
bmi,alt_log_adj,REACTOME_AUF1_HNRNP_D0_BINDS_AND_DESTABILIZES_MRNA,ppgs,-0.007807269638457966,0.00604430597488538,-1.2916734643973773,0.19648078130174823
bmi,alt_log_adj,REACTOME_AUF1_HNRNP_D0_BINDS_AND_DESTABILIZES_MRNA,bmi,0.2884741343066536,0.005761512662271554,50.06916607086285,0
bmi,alt_log_adj,REACTOME_AURKA_ACTIVATION_BY_TPX2,ppgs,0.008314473507369875,0.005885731628664166,1.412649103278421,0.15776990150188727
bmi,alt_log_adj,REACTOME_AURKA_ACTIVATION_BY_TPX2,bmi,0.28844512376983306,0.005761335656915938,50.0656689605616,0
bmi,alt_log_adj,REACTOME_AUTOPHAGY,ppgs,0.014797659353883132,0.0062985491658987015,2.3493758584913333,0.018811736718931295
bmi,alt_log_adj,REACTOME_AUTOPHAGY,bmi,0.28840434416319405,0.005760938831168277,50.06203895150675,0
bmi,alt_log_adj,REACTOME_AZATHIOPRINE_ADME,ppgs,0.0022091784214531415,0.0058366384253102435,0.3785018465206218,0.7050606565992326
bmi,alt_log_adj,REACTOME_AZATHIOPRINE_ADME,bmi,0.28841562202353804,0.005761484019176523,50.05925922272378,0
bmi,alt_log_adj,REACTOME_A_TETRASACCHARIDE_LINKER_SEQUENCE_IS_REQUIRED_FOR_GAG_SYNTHESIS,ppgs,0.0032048780513356224,0.005865549134888374,0.546390112440276,0.5848021053070968
bmi,alt_log_adj,REACTOME_A_TETRASACCHARIDE_LINKER_SEQUENCE_IS_REQUIRED_FOR_GAG_SYNTHESIS,bmi,0.2884092096406827,0.005761476151033797,50.05821461031868,0
bmi,alt_log_adj,REACTOME_BACTERIAL_INFECTION_PATHWAYS,ppgs,0.0029812221690899633,0.005906750273195955,0.5047144421558419,0.6137633389557229
bmi,alt_log_adj,REACTOME_BACTERIAL_INFECTION_PATHWAYS,bmi,0.28840699069458997,0.005761491927497371,50.05769240396485,0
bmi,alt_log_adj,REACTOME_BASE_EXCISION_REPAIR,ppgs,0.005419432310553957,0.005738294057316367,0.9444326582818009,0.34495664809179816
bmi,alt_log_adj,REACTOME_BASE_EXCISION_REPAIR,bmi,0.28839861542567996,0.005761432265177918,50.05675709645333,0
bmi,alt_log_adj,REACTOME_BASE_EXCISION_REPAIR_AP_SITE_FORMATION,ppgs,-0.01126263961580306,0.005735182444662727,-1.963780529124107,0.04956530667473539
bmi,alt_log_adj,REACTOME_BASE_EXCISION_REPAIR_AP_SITE_FORMATION,bmi,0.28837769280677167,0.005761136823050651,50.05569242045344,0
bmi,alt_log_adj,REACTOME_BASIGIN_INTERACTIONS,ppgs,0.003375908370389784,0.005777183019048369,0.5843519859521209,0.5589881730400754
bmi,alt_log_adj,REACTOME_BASIGIN_INTERACTIONS,bmi,0.28842135693492726,0.005761474800208512,50.06033471230128,0
bmi,alt_log_adj,REACTOME_BBSOME_MEDIATED_CARGO_TARGETING_TO_CILIUM,ppgs,0.010157517070364325,0.005725429960959435,1.774105550085567,0.07605642401364568
bmi,alt_log_adj,REACTOME_BBSOME_MEDIATED_CARGO_TARGETING_TO_CILIUM,bmi,0.288349247638049,0.005761296008523986,50.04937208770888,0
bmi,alt_log_adj,REACTOME_BETA_CATENIN_INDEPENDENT_WNT_SIGNALING,ppgs,0.0028732854045346637,0.006405747582405217,0.4485480215340937,0.6537611653481249
bmi,alt_log_adj,REACTOME_BETA_CATENIN_INDEPENDENT_WNT_SIGNALING,bmi,0.2884161287142286,0.0057614785057795714,50.05939507105802,0
bmi,alt_log_adj,REACTOME_BETA_CATENIN_PHOSPHORYLATION_CASCADE,ppgs,0.008030233721050493,0.00597006931173045,1.3450821593096203,0.17860946370900727
bmi,alt_log_adj,REACTOME_BETA_CATENIN_PHOSPHORYLATION_CASCADE,bmi,0.28837106268237045,0.005761405145086138,50.05221042792314,0
bmi,alt_log_adj,REACTOME_BETA_DEFENSINS,ppgs,0.006007254523788485,0.00600624543439804,1.0001680066859515,0.31723774607601896
bmi,alt_log_adj,REACTOME_BETA_DEFENSINS,bmi,0.2883752579789486,0.005761530752733184,50.05184739179734,0
bmi,alt_log_adj,REACTOME_BETA_OXIDATION_OF_BUTANOYL_COA_TO_ACETYL_COA,ppgs,2.2851937335586418e-4,0.005697625010204996,0.040107829656490894,0.968007442097634
bmi,alt_log_adj,REACTOME_BETA_OXIDATION_OF_BUTANOYL_COA_TO_ACETYL_COA,bmi,0.288412086533367,0.005761844674798252,50.055512220739544,0
bmi,alt_log_adj,REACTOME_BETA_OXIDATION_OF_DECANOYL_COA_TO_OCTANOYL_COA_COA,ppgs,-8.143176488499704e-4,0.005683192630094086,-0.14328524508177531,0.886065926688622
bmi,alt_log_adj,REACTOME_BETA_OXIDATION_OF_DECANOYL_COA_TO_OCTANOYL_COA_COA,bmi,0.28841623821783446,0.005761506923676752,50.05916716555455,0
bmi,alt_log_adj,REACTOME_BETA_OXIDATION_OF_HEXANOYL_COA_TO_BUTANOYL_COA,ppgs,0.00954710496907885,0.005745440286673687,1.6616837862231324,0.09658725056796534
bmi,alt_log_adj,REACTOME_BETA_OXIDATION_OF_HEXANOYL_COA_TO_BUTANOYL_COA,bmi,0.28841231462389955,0.005761217574571459,50.06100028175949,0
bmi,alt_log_adj,REACTOME_BETA_OXIDATION_OF_LAUROYL_COA_TO_DECANOYL_COA_COA,ppgs,-0.004864971919170222,0.005676213695814393,-0.8570804729845924,0.39140765719234927
bmi,alt_log_adj,REACTOME_BETA_OXIDATION_OF_LAUROYL_COA_TO_DECANOYL_COA_COA,bmi,0.2884297094541388,0.005761450217831212,50.06199802984893,0
bmi,alt_log_adj,REACTOME_BETA_OXIDATION_OF_OCTANOYL_COA_TO_HEXANOYL_COA,ppgs,-8.143176488499704e-4,0.005683192630094086,-0.14328524508177531,0.886065926688622
bmi,alt_log_adj,REACTOME_BETA_OXIDATION_OF_OCTANOYL_COA_TO_HEXANOYL_COA,bmi,0.28841623821783446,0.005761506923676752,50.05916716555455,0
bmi,alt_log_adj,REACTOME_BETA_OXIDATION_OF_PRISTANOYL_COA,ppgs,0.00521331550276732,0.005721390032667919,0.9111973616551917,0.362199141679865
bmi,alt_log_adj,REACTOME_BETA_OXIDATION_OF_PRISTANOYL_COA,bmi,0.2884084091677498,0.0057614176375346176,50.05858406945193,0
bmi,alt_log_adj,REACTOME_BETA_OXIDATION_OF_VERY_LONG_CHAIN_FATTY_ACIDS,ppgs,0.0017673312028895823,0.005691624450794292,0.31051437391357456,0.7561721132876396
bmi,alt_log_adj,REACTOME_BETA_OXIDATION_OF_VERY_LONG_CHAIN_FATTY_ACIDS,bmi,0.2884165349332752,0.005761491466628814,50.0593529650812,0
bmi,alt_log_adj,REACTOME_BH3_ONLY_PROTEINS_ASSOCIATE_WITH_AND_INACTIVATE_ANTI_APOPTOTIC_BCL_2_MEMBERS,ppgs,0.025164387752371946,0.0057070344509095915,4.40936321110892,1.0405606076293061e-5
bmi,alt_log_adj,REACTOME_BH3_ONLY_PROTEINS_ASSOCIATE_WITH_AND_INACTIVATE_ANTI_APOPTOTIC_BCL_2_MEMBERS,bmi,0.2885591622671635,0.005759616577943385,50.10041178300114,0
bmi,alt_log_adj,REACTOME_BICARBONATE_TRANSPORTERS,ppgs,-0.0015372471047108126,0.0056814454875265645,-0.2705732384629564,0.7867212506453733
bmi,alt_log_adj,REACTOME_BICARBONATE_TRANSPORTERS,bmi,0.2884253543799076,0.005761627063764682,50.05970556370038,0
bmi,alt_log_adj,REACTOME_BILE_ACID_AND_BILE_SALT_METABOLISM,ppgs,0.010452240348550397,0.0057005831433156046,1.8335387952031705,0.06673296291159037
bmi,alt_log_adj,REACTOME_BILE_ACID_AND_BILE_SALT_METABOLISM,bmi,0.2884759650593873,0.005761253519758757,50.07173596336839,0
bmi,alt_log_adj,REACTOME_BINDING_AND_UPTAKE_OF_LIGANDS_BY_SCAVENGER_RECEPTORS,ppgs,0.018258931270754997,0.006147682766251367,2.9700509875021788,0.0029799970791960645
bmi,alt_log_adj,REACTOME_BINDING_AND_UPTAKE_OF_LIGANDS_BY_SCAVENGER_RECEPTORS,bmi,0.2885006331651598,0.00576067458515558,50.08105021390792,0
bmi,alt_log_adj,REACTOME_BINDING_OF_TCF_LEF_CTNNB1_TO_TARGET_GENE_PROMOTERS,ppgs,0.012644784914750394,0.005684864457608857,2.224289604271232,0.026136810003459073
bmi,alt_log_adj,REACTOME_BINDING_OF_TCF_LEF_CTNNB1_TO_TARGET_GENE_PROMOTERS,bmi,0.2883842340413347,0.0057610114889169815,50.0579168425766,0
bmi,alt_log_adj,REACTOME_BIOLOGICAL_OXIDATIONS,ppgs,0.014849106664836048,0.006252442608912386,2.374928902773096,0.017558944254456827
bmi,alt_log_adj,REACTOME_BIOLOGICAL_OXIDATIONS,bmi,0.2885370268541472,0.005761155455508513,50.08318714577704,0
bmi,alt_log_adj,REACTOME_BIOSYNTHESIS_OF_EPA_DERIVED_SPMS,ppgs,0.0062854646480264625,0.005688996366082351,1.1048459593857785,0.2692357189010791
bmi,alt_log_adj,REACTOME_BIOSYNTHESIS_OF_EPA_DERIVED_SPMS,bmi,0.2884761222966017,0.00576164282715292,50.0683799657103,0
bmi,alt_log_adj,REACTOME_BIOSYNTHESIS_OF_LIPOXINS_LX,ppgs,0.010819538167448964,0.005684524578189116,1.9033321113541,0.05700734146579044
bmi,alt_log_adj,REACTOME_BIOSYNTHESIS_OF_LIPOXINS_LX,bmi,0.2884753707724185,0.005761218290691327,50.071938992230486,0
bmi,alt_log_adj,REACTOME_BIOSYNTHESIS_OF_MARESINS,ppgs,0.0029555852336459387,0.005878994875753673,0.5027364874624151,0.6151534580951861
bmi,alt_log_adj,REACTOME_BIOSYNTHESIS_OF_MARESINS,bmi,0.2884305475594038,0.005761559370734113,50.06119506890601,0
bmi,alt_log_adj,REACTOME_BIOSYNTHESIS_OF_MARESIN_LIKE_SPMS,ppgs,-0.003341566852319811,0.005875018510880814,-0.5687755444737868,0.5695129787027075
bmi,alt_log_adj,REACTOME_BIOSYNTHESIS_OF_MARESIN_LIKE_SPMS,bmi,0.288404082173879,0.005761494899909972,50.05716175820715,0
bmi,alt_log_adj,REACTOME_BIOSYNTHESIS_OF_SPECIALIZED_PRORESOLVING_MEDIATORS_SPMS,ppgs,0.002187263471239299,0.00577372922906784,0.3788302818614217,0.7048167358266587
bmi,alt_log_adj,REACTOME_BIOSYNTHESIS_OF_SPECIALIZED_PRORESOLVING_MEDIATORS_SPMS,bmi,0.2884373708635494,0.005761796316559528,50.06032060428345,0
bmi,alt_log_adj,REACTOME_BIOSYNTHESIS_OF_THE_N_GLYCAN_PRECURSOR_DOLICHOL_LIPID_LINKED_OLIGOSACCHARIDE_LLO_AND_TRANSFER_TO_A_NASCENT_PROTEIN,ppgs,0.001618688351370309,0.0061355035769770395,0.2638232267428383,0.7919180537291125
bmi,alt_log_adj,REACTOME_BIOSYNTHESIS_OF_THE_N_GLYCAN_PRECURSOR_DOLICHOL_LIPID_LINKED_OLIGOSACCHARIDE_LLO_AND_TRANSFER_TO_A_NASCENT_PROTEIN,bmi,0.2884086561021529,0.005761535279603971,50.05760480598448,0
bmi,alt_log_adj,REACTOME_BIOTIN_TRANSPORT_AND_METABOLISM,ppgs,0.014525493620029539,0.005708628480317419,2.5444804597306483,0.010949299584789234
bmi,alt_log_adj,REACTOME_BIOTIN_TRANSPORT_AND_METABOLISM,bmi,0.2883388948491992,0.005760917050930487,50.050867301175174,0
bmi,alt_log_adj,REACTOME_BLOOD_GROUP_SYSTEMS_BIOSYNTHESIS,ppgs,0.005826877781212018,0.006016027740910513,0.9685589947645642,0.3327735337596589
bmi,alt_log_adj,REACTOME_BLOOD_GROUP_SYSTEMS_BIOSYNTHESIS,bmi,0.28837152211470196,0.005761574492540855,50.05081900581834,0
bmi,alt_log_adj,REACTOME_BMAL1_CLOCK_NPAS2_ACTIVATES_CIRCADIAN_EXPRESSION,ppgs,0.011173809107096741,0.005895856803684884,1.8951968270520343,0.058076493736598366
bmi,alt_log_adj,REACTOME_BMAL1_CLOCK_NPAS2_ACTIVATES_CIRCADIAN_EXPRESSION,bmi,0.2885051779030455,0.005761331162576602,50.07613167197617,0
bmi,alt_log_adj,REACTOME_BRANCHED_CHAIN_AMINO_ACID_CATABOLISM,ppgs,0.002431181388478395,0.005710976167726469,0.42570329783852773,0.6703272903788888
bmi,alt_log_adj,REACTOME_BRANCHED_CHAIN_AMINO_ACID_CATABOLISM,bmi,0.28841043683753864,0.0057614879451018735,50.05832513851403,0
bmi,alt_log_adj,REACTOME_BRANCHED_CHAIN_KETOACID_DEHYDROGENASE_KINASE_DEFICIENCY,ppgs,-0.002511480847564687,0.005760352403200996,-0.4359943058638341,0.6628441807854788
bmi,alt_log_adj,REACTOME_BRANCHED_CHAIN_KETOACID_DEHYDROGENASE_KINASE_DEFICIENCY,bmi,0.2884178445562635,0.005761483395594572,50.05965039781208,0
bmi,alt_log_adj,REACTOME_BUDDING_AND_MATURATION_OF_HIV_VIRION,ppgs,0.019081374009112438,0.0059434244354977656,3.210501658799059,0.0013265114544831434
bmi,alt_log_adj,REACTOME_BUDDING_AND_MATURATION_OF_HIV_VIRION,bmi,0.28815324001498277,0.005761026160063125,50.017693377706415,0
bmi,alt_log_adj,REACTOME_BUTYRATE_RESPONSE_FACTOR_1_BRF1_BINDS_AND_DESTABILIZES_MRNA,ppgs,0.009132978125122237,0.005939415406544306,1.5376897388014188,0.12413565430422623
bmi,alt_log_adj,REACTOME_BUTYRATE_RESPONSE_FACTOR_1_BRF1_BINDS_AND_DESTABILIZES_MRNA,bmi,0.28844373389673267,0.005761288819911898,50.065834731254384,0
bmi,alt_log_adj,REACTOME_BUTYROPHILIN_BTN_FAMILY_INTERACTIONS,ppgs,-0.010404471126003121,0.005774029935278634,-1.8019427059830508,0.07156503940439143
bmi,alt_log_adj,REACTOME_BUTYROPHILIN_BTN_FAMILY_INTERACTIONS,bmi,0.2883834987881999,0.005761193940096125,50.05620393737141,0
bmi,alt_log_adj,REACTOME_B_WICH_COMPLEX_POSITIVELY_REGULATES_RRNA_EXPRESSION,ppgs,0.010339665593400169,0.005721273732893113,1.8072314096692668,0.07073680206075142
bmi,alt_log_adj,REACTOME_B_WICH_COMPLEX_POSITIVELY_REGULATES_RRNA_EXPRESSION,bmi,0.2884797310990058,0.0057612787535470545,50.072170335691034,0
bmi,alt_log_adj,REACTOME_CA2_ACTIVATED_K_CHANNELS,ppgs,-0.010394588202923452,0.0058251315756675985,-1.7844383543786586,0.07436315433053138
bmi,alt_log_adj,REACTOME_CA2_ACTIVATED_K_CHANNELS,bmi,0.28853997705157974,0.005761602701092148,50.07981147274962,0
bmi,alt_log_adj,REACTOME_CA2_PATHWAY,ppgs,0.008868486027319808,0.006383240798318137,1.3893391002351791,0.1647405713761441
bmi,alt_log_adj,REACTOME_CA2_PATHWAY,bmi,0.2884036185691179,0.005761307277447647,50.05871144871228,0
bmi,alt_log_adj,REACTOME_CALCINEURIN_ACTIVATES_NFAT,ppgs,-0.005057388254844857,0.005907041989530031,-0.8561625706756195,0.39191509917150147
bmi,alt_log_adj,REACTOME_CALCINEURIN_ACTIVATES_NFAT,bmi,0.28845141675996216,0.0057615837693537,50.064605203565215,0
bmi,alt_log_adj,REACTOME_CALCITONIN_LIKE_LIGAND_RECEPTORS,ppgs,0.0015872903268658214,0.005690615340514346,0.2789312283269447,0.7802996371271672
bmi,alt_log_adj,REACTOME_CALCITONIN_LIKE_LIGAND_RECEPTORS,bmi,0.28842233936930384,0.005761556493369873,50.059795421811216,0
bmi,alt_log_adj,REACTOME_CALNEXIN_CALRETICULIN_CYCLE,ppgs,0.01514020836757144,0.0059154628669111226,2.5594291956864574,0.010489562140974757
bmi,alt_log_adj,REACTOME_CALNEXIN_CALRETICULIN_CYCLE,bmi,0.2884389213881562,0.005760840247932542,50.06889776047366,0
bmi,alt_log_adj,REACTOME_CAMK_IV_MEDIATED_PHOSPHORYLATION_OF_CREB,ppgs,-0.0031937724261611837,0.005785262005627673,-0.5520532039956719,0.5809162538809312
bmi,alt_log_adj,REACTOME_CAMK_IV_MEDIATED_PHOSPHORYLATION_OF_CREB,bmi,0.2884135556385666,0.005761467326729547,50.05904560119797,0
bmi,alt_log_adj,REACTOME_CARBOXYTERMINAL_POST_TRANSLATIONAL_MODIFICATIONS_OF_TUBULIN,ppgs,-0.0028256230211858944,0.005812739414378179,-0.48610866920965645,0.6268938780892912
bmi,alt_log_adj,REACTOME_CARBOXYTERMINAL_POST_TRANSLATIONAL_MODIFICATIONS_OF_TUBULIN,bmi,0.2884223475476438,0.005761495877463231,50.06032351352393,0
bmi,alt_log_adj,REACTOME_CARDIAC_CONDUCTION,ppgs,0.010226376846590886,0.006813605502142576,1.5008759816480637,0.13339877845968695
bmi,alt_log_adj,REACTOME_CARDIAC_CONDUCTION,bmi,0.28830566611704594,0.005761726428875554,50.03806926204774,0
bmi,alt_log_adj,REACTOME_CARDIOGENESIS,ppgs,-0.0019635390454967386,0.005739820618210387,-0.34209066382094505,0.7322851991739943
bmi,alt_log_adj,REACTOME_CARDIOGENESIS,bmi,0.2883911494776384,0.005761894649587095,50.051444362715806,0
bmi,alt_log_adj,REACTOME_CARGO_CONCENTRATION_IN_THE_ER,ppgs,-0.006987247604455576,0.005823443874660981,-1.1998480203198227,0.2302083976220054
bmi,alt_log_adj,REACTOME_CARGO_CONCENTRATION_IN_THE_ER,bmi,0.28845333391685873,0.005761442024065139,50.06616966933094,0
bmi,alt_log_adj,REACTOME_CARGO_RECOGNITION_FOR_CLATHRIN_MEDIATED_ENDOCYTOSIS,ppgs,-0.0010211645826585837,0.006248626688854351,-0.1634222419591861,0.8701871566640171
bmi,alt_log_adj,REACTOME_CARGO_RECOGNITION_FOR_CLATHRIN_MEDIATED_ENDOCYTOSIS,bmi,0.2884095649635945,0.005761578365916334,50.05738820975408,0
bmi,alt_log_adj,REACTOME_CARGO_TRAFFICKING_TO_THE_PERICILIARY_MEMBRANE,ppgs,0.010157517070364325,0.005725429960959435,1.774105550085567,0.07605642401364568
bmi,alt_log_adj,REACTOME_CARGO_TRAFFICKING_TO_THE_PERICILIARY_MEMBRANE,bmi,0.288349247638049,0.005761296008523986,50.04937208770888,0
bmi,alt_log_adj,REACTOME_CARNITINE_SHUTTLE,ppgs,0.0016854675947221606,0.00570930325698104,0.29521423523286455,0.7678323901429258
bmi,alt_log_adj,REACTOME_CARNITINE_SHUTTLE,bmi,0.28842491508557067,0.005761594609509781,50.0599112977355,0
bmi,alt_log_adj,REACTOME_CASPASE_ACTIVATION_VIA_DEATH_RECEPTORS_IN_THE_PRESENCE_OF_LIGAND,ppgs,0.010759649151429324,0.0057378034065099105,1.8752209494005674,0.060772604127873865
bmi,alt_log_adj,REACTOME_CASPASE_ACTIVATION_VIA_DEATH_RECEPTORS_IN_THE_PRESENCE_OF_LIGAND,bmi,0.2883202288429564,0.005761360575624875,50.043774392941074,0
bmi,alt_log_adj,REACTOME_CASPASE_ACTIVATION_VIA_DEPENDENCE_RECEPTORS_IN_THE_ABSENCE_OF_LIGAND,ppgs,-0.003738462855201823,0.0057883129905155414,-0.6458639782139448,0.5183726775944668
bmi,alt_log_adj,REACTOME_CASPASE_ACTIVATION_VIA_DEPENDENCE_RECEPTORS_IN_THE_ABSENCE_OF_LIGAND,bmi,0.2884171531560618,0.005761456916122677,50.059760465962086,0
bmi,alt_log_adj,REACTOME_CASPASE_ACTIVATION_VIA_EXTRINSIC_APOPTOTIC_SIGNALLING_PATHWAY,ppgs,0.010759649151429324,0.0057378034065099105,1.8752209494005674,0.060772604127873865
bmi,alt_log_adj,REACTOME_CASPASE_ACTIVATION_VIA_EXTRINSIC_APOPTOTIC_SIGNALLING_PATHWAY,bmi,0.2883202288429564,0.005761360575624875,50.043774392941074,0
bmi,alt_log_adj,REACTOME_CASPASE_MEDIATED_CLEAVAGE_OF_CYTOSKELETAL_PROTEINS,ppgs,-4.909365490011529e-4,0.0057489182656598695,-0.0853963348085281,0.9319469099673281
bmi,alt_log_adj,REACTOME_CASPASE_MEDIATED_CLEAVAGE_OF_CYTOSKELETAL_PROTEINS,bmi,0.28841735459125334,0.0057615860739629885,50.058673234898215,0
bmi,alt_log_adj,REACTOME_CATION_COUPLED_CHLORIDE_COTRANSPORTERS,ppgs,0.0017464126684582169,0.0058050774353725024,0.30084226918605306,0.7635369806970517
bmi,alt_log_adj,REACTOME_CATION_COUPLED_CHLORIDE_COTRANSPORTERS,bmi,0.2884218469940418,0.005761538824423797,50.05986348150425,0
bmi,alt_log_adj,REACTOME_CA_DEPENDENT_EVENTS,ppgs,0.0016958387817971878,0.00625283212769319,0.27121130827844897,0.7862304907678563
bmi,alt_log_adj,REACTOME_CA_DEPENDENT_EVENTS,bmi,0.28841355289101567,0.005761491846343783,50.058832084270264,0
bmi,alt_log_adj,REACTOME_CD163_MEDIATING_AN_ANTI_INFLAMMATORY_RESPONSE,ppgs,0.001917902136982387,0.005752425097135062,0.3334075810804697,0.7388291071281154
bmi,alt_log_adj,REACTOME_CD163_MEDIATING_AN_ANTI_INFLAMMATORY_RESPONSE,bmi,0.288401772808797,0.005761615574334978,50.05571251464223,0
bmi,alt_log_adj,REACTOME_CD209_DC_SIGN_SIGNALING,ppgs,0.005692375166860706,0.005684731007882811,1.0013446826186314,0.3166687445502527
bmi,alt_log_adj,REACTOME_CD209_DC_SIGN_SIGNALING,bmi,0.28841228026501725,0.00576139655834648,50.05943912109246,0
bmi,alt_log_adj,REACTOME_CD22_MEDIATED_BCR_REGULATION,ppgs,0.011020897703344287,0.0057197642140373785,1.926809793364721,0.05401332166762203
bmi,alt_log_adj,REACTOME_CD22_MEDIATED_BCR_REGULATION,bmi,0.288457006319865,0.005761162738936163,50.06923417912865,0
bmi,alt_log_adj,REACTOME_CD28_DEPENDENT_PI3K_AKT_SIGNALING,ppgs,0.0065365757622285635,0.005698720011539596,1.1470252528624596,0.25138086462671994
bmi,alt_log_adj,REACTOME_CD28_DEPENDENT_PI3K_AKT_SIGNALING,bmi,0.2883574142925391,0.005761580157322049,50.04832119294267,0
bmi,alt_log_adj,REACTOME_CD28_DEPENDENT_VAV1_PATHWAY,ppgs,0.0015150348369180997,0.005758874360013143,0.26307829311883824,0.7924921462635692
bmi,alt_log_adj,REACTOME_CD28_DEPENDENT_VAV1_PATHWAY,bmi,0.2884227971170019,0.005761574734893586,50.059716377579704,0
bmi,alt_log_adj,REACTOME_CDC42_GTPASE_CYCLE,ppgs,0.01624614249940906,0.0069904433523815136,2.324050375699605,0.020129825238715055
bmi,alt_log_adj,REACTOME_CDC42_GTPASE_CYCLE,bmi,0.28838381207353475,0.0057609644472958,50.058252348511246,0
bmi,alt_log_adj,REACTOME_CDC6_ASSOCIATION_WITH_THE_ORC_ORIGIN_COMPLEX,ppgs,-0.00624958087009592,0.00581288779509894,-1.0751249792513065,0.28232792740089824
bmi,alt_log_adj,REACTOME_CDC6_ASSOCIATION_WITH_THE_ORC_ORIGIN_COMPLEX,bmi,0.28832989301111683,0.005761919495390749,50.04059727696065,0
bmi,alt_log_adj,REACTOME_CDH11_HOMOTYPIC_AND_HETEROTYPIC_INTERACTIONS,ppgs,0.0048704203308993065,0.005724427858635402,0.8508134701273578,0.3948801638945647
bmi,alt_log_adj,REACTOME_CDH11_HOMOTYPIC_AND_HETEROTYPIC_INTERACTIONS,bmi,0.28839926177374314,0.005761452700516086,50.056691734692116,0
bmi,alt_log_adj,REACTOME_CDK_MEDIATED_PHOSPHORYLATION_AND_REMOVAL_OF_CDC6,ppgs,-0.0075074606517336745,0.005806476204619386,-1.2929460807505002,0.19604024496957637
bmi,alt_log_adj,REACTOME_CDK_MEDIATED_PHOSPHORYLATION_AND_REMOVAL_OF_CDC6,bmi,0.28834386541694407,0.005761588008886806,50.04590140291111,0
bmi,alt_log_adj,REACTOME_CELLULAR_HEXOSE_TRANSPORT,ppgs,0.002593457648486258,0.0057177432012655875,0.4535806448796462,0.6501341589062631
bmi,alt_log_adj,REACTOME_CELLULAR_HEXOSE_TRANSPORT,bmi,0.2884051349957742,0.005761515032524176,50.05716957565953,0
bmi,alt_log_adj,REACTOME_CELLULAR_RESPONSES_TO_MECHANICAL_STIMULI,ppgs,0.021732381508413265,0.006816213814132431,3.188336237832552,0.00143249459348201
bmi,alt_log_adj,REACTOME_CELLULAR_RESPONSES_TO_MECHANICAL_STIMULI,bmi,0.28836106689703145,0.005760489749938181,50.05842895565017,0
bmi,alt_log_adj,REACTOME_CELLULAR_RESPONSES_TO_STIMULI,ppgs,0.05633213261738002,0.008877977521737936,6.345153778487214,2.2555778170965365e-10
bmi,alt_log_adj,REACTOME_CELLULAR_RESPONSES_TO_STIMULI,bmi,0.28852044185470327,0.005757435266378934,50.11266796859091,0
bmi,alt_log_adj,REACTOME_CELLULAR_RESPONSE_TO_CHEMICAL_STRESS,ppgs,0.015823302408470685,0.00588279976102678,2.6897570971732168,0.007154589963050858
bmi,alt_log_adj,REACTOME_CELLULAR_RESPONSE_TO_CHEMICAL_STRESS,bmi,0.2884935167832779,0.005760837603701719,50.078397731243406,0
bmi,alt_log_adj,REACTOME_CELLULAR_RESPONSE_TO_HEAT_STRESS,ppgs,0.010337790302151203,0.006168606342758579,1.6758712953513222,0.09377443273934
bmi,alt_log_adj,REACTOME_CELLULAR_RESPONSE_TO_HEAT_STRESS,bmi,0.2884479447260237,0.00576124690833497,50.06692983574742,0
bmi,alt_log_adj,REACTOME_CELLULAR_RESPONSE_TO_HYPOXIA,ppgs,0.0032627070693436256,0.006020266509671883,0.5419539258107445,0.5878545058644493
bmi,alt_log_adj,REACTOME_CELLULAR_RESPONSE_TO_HYPOXIA,bmi,0.28842518138294854,0.0057615010688572945,50.06077026384259,0
bmi,alt_log_adj,REACTOME_CELLULAR_RESPONSE_TO_MITOCHONDRIAL_STRESS,ppgs,-0.0037152105254011597,0.005691103327731365,-0.6528102393252712,0.513883915315509
bmi,alt_log_adj,REACTOME_CELLULAR_RESPONSE_TO_MITOCHONDRIAL_STRESS,bmi,0.2884491168056097,0.005761696968315958,50.063222413781034,0
bmi,alt_log_adj,REACTOME_CELLULAR_RESPONSE_TO_STARVATION,ppgs,0.021929436304992053,0.00604579694763206,3.627220115882505,2.8699160714626827e-4
bmi,alt_log_adj,REACTOME_CELLULAR_RESPONSE_TO_STARVATION,bmi,0.288352438974847,0.005760186997217083,50.05956214861751,0
bmi,alt_log_adj,REACTOME_CELLULAR_SENESCENCE,ppgs,0.008499992045247939,0.006118605819118811,1.389204059965427,0.1647816190392258
bmi,alt_log_adj,REACTOME_CELLULAR_SENESCENCE,bmi,0.2884092296578004,0.0057613031794071425,50.05972098268897,0
bmi,alt_log_adj,REACTOME_CELL_CELL_COMMUNICATION,ppgs,0.02179025673426512,0.006345392551608336,3.4340281640640256,5.955327137874236e-4
bmi,alt_log_adj,REACTOME_CELL_CELL_COMMUNICATION,bmi,0.2884142092668806,0.005760300019583776,50.06930338460403,0
bmi,alt_log_adj,REACTOME_CELL_CELL_JUNCTION_ORGANIZATION,ppgs,-7.784564447986197e-4,0.005829514636511134,-0.13353709413868334,0.8937695779370302
bmi,alt_log_adj,REACTOME_CELL_CELL_JUNCTION_ORGANIZATION,bmi,0.2884183270941498,0.0057615629586094215,50.059042861480904,0
bmi,alt_log_adj,REACTOME_CELL_CYCLE,ppgs,0.025924075049578953,0.008131067214819225,3.1882745972547357,0.001432799913834382
bmi,alt_log_adj,REACTOME_CELL_CYCLE,bmi,0.288561140049509,0.005760648605099111,50.09177956004563,0
bmi,alt_log_adj,REACTOME_CELL_CYCLE_CHECKPOINTS,ppgs,0.0015909165658789498,0.007179618182619,0.22158790696284786,0.8246362933594841
bmi,alt_log_adj,REACTOME_CELL_CYCLE_CHECKPOINTS,bmi,0.28841490854355545,0.005761493127042159,50.059056252250045,0
bmi,alt_log_adj,REACTOME_CELL_CYCLE_MITOTIC,ppgs,0.02364612813366009,0.007785649236596007,3.037142750088559,0.0023904935573051686
bmi,alt_log_adj,REACTOME_CELL_CYCLE_MITOTIC,bmi,0.2885585310027985,0.005760755726996947,50.09039519771872,0
bmi,alt_log_adj,REACTOME_CELL_DEATH_SIGNALLING_VIA_NRAGE_NRIF_AND_NADE,ppgs,0.01008306379113142,0.0062752442656554995,1.6068002079721695,0.1081093397296204
bmi,alt_log_adj,REACTOME_CELL_DEATH_SIGNALLING_VIA_NRAGE_NRIF_AND_NADE,bmi,0.28848353933312726,0.005761395286854217,50.0718185387072,0
bmi,alt_log_adj,REACTOME_CELL_EXTRACELLULAR_MATRIX_INTERACTIONS,ppgs,0.03555187951779393,0.005839437978199103,6.088236513603355,1.1562622114796516e-9
bmi,alt_log_adj,REACTOME_CELL_EXTRACELLULAR_MATRIX_INTERACTIONS,bmi,0.2882770465534855,0.005757779393087276,50.06740044601008,0
bmi,alt_log_adj,REACTOME_CELL_JUNCTION_ORGANIZATION,ppgs,0.021618012759091726,0.006318772467558143,3.4212361451663247,6.242508382773617e-4
bmi,alt_log_adj,REACTOME_CELL_JUNCTION_ORGANIZATION,bmi,0.2883727603580015,0.005760321919450899,50.06191743976187,0
bmi,alt_log_adj,REACTOME_CELL_SURFACE_INTERACTIONS_AT_THE_VASCULAR_WALL,ppgs,0.008517365555732594,0.005981664811355505,1.423912209116658,0.1544828933211134
bmi,alt_log_adj,REACTOME_CELL_SURFACE_INTERACTIONS_AT_THE_VASCULAR_WALL,bmi,0.28851474191582543,0.005761720999492857,50.07440345362441,0
bmi,alt_log_adj,REACTOME_CGMP_EFFECTS,ppgs,-0.006203496452232927,0.006055996111637254,-1.0243560824473177,0.30567585810096376
bmi,alt_log_adj,REACTOME_CGMP_EFFECTS,bmi,0.2884220756297653,0.0057613959416705,50.06114465136693,0
bmi,alt_log_adj,REACTOME_CHAPERONE_MEDIATED_AUTOPHAGY,ppgs,0.006315663125647842,0.00622999160312091,1.0137514667730876,0.31071001091845113
bmi,alt_log_adj,REACTOME_CHAPERONE_MEDIATED_AUTOPHAGY,bmi,0.2884042817253463,0.00576140257273972,50.0579985661723,0
bmi,alt_log_adj,REACTOME_CHEMOKINE_RECEPTORS_BIND_CHEMOKINES,ppgs,0.002668678229868514,0.006358227031447784,0.41972050017547885,0.6746928280269651
bmi,alt_log_adj,REACTOME_CHEMOKINE_RECEPTORS_BIND_CHEMOKINES,bmi,0.2884378137513266,0.0057617450201135545,50.06084315505547,0
bmi,alt_log_adj,REACTOME_CHK1_CHK2_CDS1_MEDIATED_INACTIVATION_OF_CYCLIN_B_CDK1_COMPLEX,ppgs,0.012600345160200378,0.005727128859302911,2.2001155325382453,0.02780673719784433
bmi,alt_log_adj,REACTOME_CHK1_CHK2_CDS1_MEDIATED_INACTIVATION_OF_CYCLIN_B_CDK1_COMPLEX,bmi,0.28850476200522246,0.005761151837970773,50.077618177624935,0
bmi,alt_log_adj,REACTOME_CHL1_INTERACTIONS,ppgs,-0.004537956355785818,0.005822387355200399,-0.7793978790732015,0.4357518790679701
bmi,alt_log_adj,REACTOME_CHL1_INTERACTIONS,bmi,0.28838747600577064,0.005761541521770352,50.05387445635515,0
bmi,alt_log_adj,REACTOME_CHOLESTEROL_BIOSYNTHESIS,ppgs,0.01580414389601489,0.005763112412277965,2.7422931855962256,0.0061050138106978616
bmi,alt_log_adj,REACTOME_CHOLESTEROL_BIOSYNTHESIS,bmi,0.28837606652998493,0.005760751101089065,50.05876169089612,0
bmi,alt_log_adj,REACTOME_CHOLINE_CATABOLISM,ppgs,-0.00878111633511322,0.0060396162639358465,-1.453919578889076,0.14597967420480346
bmi,alt_log_adj,REACTOME_CHOLINE_CATABOLISM,bmi,0.2884601643302031,0.005761368328269179,50.067995638262175,0
bmi,alt_log_adj,REACTOME_CHONDROITIN_SULFATE_BIOSYNTHESIS,ppgs,0.014798247489456004,0.005703663436614893,2.5945162532659394,0.009477288538567406
bmi,alt_log_adj,REACTOME_CHONDROITIN_SULFATE_BIOSYNTHESIS,bmi,0.28841143638123595,0.005760814185983981,50.064353244188794,0
bmi,alt_log_adj,REACTOME_CHONDROITIN_SULFATE_DERMATAN_SULFATE_METABOLISM,ppgs,0.007246219595844551,0.005814777276302549,1.246173198305579,0.21271111409150856
bmi,alt_log_adj,REACTOME_CHONDROITIN_SULFATE_DERMATAN_SULFATE_METABOLISM,bmi,0.28844293566094875,0.005761384971261852,50.06486063676011,0
bmi,alt_log_adj,REACTOME_CHREBP_ACTIVATES_METABOLIC_GENE_EXPRESSION,ppgs,0.0033769561882419806,0.005703217467400578,0.5921142245661439,0.5537788244321477
bmi,alt_log_adj,REACTOME_CHREBP_ACTIVATES_METABOLIC_GENE_EXPRESSION,bmi,0.288446774502389,0.00576171822700645,50.06263116970473,0
bmi,alt_log_adj,REACTOME_CHROMATIN_MODIFICATIONS_DURING_THE_MATERNAL_TO_ZYGOTIC_TRANSITION_MZT,ppgs,0.01315959056329207,0.005859847197980095,2.2457224768298083,0.02472946064282554
bmi,alt_log_adj,REACTOME_CHROMATIN_MODIFICATIONS_DURING_THE_MATERNAL_TO_ZYGOTIC_TRANSITION_MZT,bmi,0.28831886814468627,0.005761143343113679,50.04542518271397,0
bmi,alt_log_adj,REACTOME_CHROMATIN_ORGANIZATION,ppgs,0.017868828882390463,0.006258102984773814,2.8553107748252073,0.00430259431502957
bmi,alt_log_adj,REACTOME_CHROMATIN_ORGANIZATION,bmi,0.2883193208328085,0.0057607663756440095,50.04877858817466,0
bmi,alt_log_adj,REACTOME_CHROMOSOME_MAINTENANCE,ppgs,0.0021991731271033105,0.005794630344458218,0.37951914037217627,0.7043052363189485
bmi,alt_log_adj,REACTOME_CHROMOSOME_MAINTENANCE,bmi,0.2884044663006274,0.0057615454803672875,50.05678897847425,0
bmi,alt_log_adj,REACTOME_CHYLOMICRON_ASSEMBLY,ppgs,0.01640005617176868,0.005874146190513368,2.7919046683336637,0.0052433860968571205
bmi,alt_log_adj,REACTOME_CHYLOMICRON_ASSEMBLY,bmi,0.28829924978592764,0.005760854270254537,50.04453094301055,0
bmi,alt_log_adj,REACTOME_CHYLOMICRON_CLEARANCE,ppgs,0.013863055710669557,0.0057201864262487875,2.4235321504653724,0.015376609722165408
bmi,alt_log_adj,REACTOME_CHYLOMICRON_CLEARANCE,bmi,0.2883104484378627,0.005761061573241942,50.04467401927467,0
bmi,alt_log_adj,REACTOME_CHYLOMICRON_REMODELING,ppgs,0.020626456339324147,0.005804992300919285,3.553227165530903,3.811536720039e-4
bmi,alt_log_adj,REACTOME_CHYLOMICRON_REMODELING,bmi,0.28828234926818697,0.005760335726779919,50.046101988110934,0
bmi,alt_log_adj,REACTOME_CILIUM_ASSEMBLY,ppgs,0.014694482160860462,0.006194956937870618,2.372007151660908,0.017698385749384506
bmi,alt_log_adj,REACTOME_CILIUM_ASSEMBLY,bmi,0.2885479817617051,0.005761200651729717,50.084695743945794,0
bmi,alt_log_adj,REACTOME_CIPROFLOXACIN_ADME,ppgs,-0.00473757850838932,0.005680070432807422,-0.8340703807166935,0.4042483525550884
bmi,alt_log_adj,REACTOME_CIPROFLOXACIN_ADME,bmi,0.2883810799028879,0.005761567631685917,50.05253749290859,0
bmi,alt_log_adj,REACTOME_CIRCADIAN_CLOCK,ppgs,0.005314267719009505,0.006555983594753772,0.8105980807002152,0.4176033240596201
bmi,alt_log_adj,REACTOME_CIRCADIAN_CLOCK,bmi,0.2884741440362407,0.0057618991138152255,50.06580961207222,0
bmi,alt_log_adj,REACTOME_CITRIC_ACID_CYCLE_TCA_CYCLE,ppgs,-0.0033913406402404905,0.005847672319854457,-0.5799471062572975,0.5619548967940877
bmi,alt_log_adj,REACTOME_CITRIC_ACID_CYCLE_TCA_CYCLE,bmi,0.28841246690102934,0.0057614649928238015,50.05887691069229,0
bmi,alt_log_adj,REACTOME_CLASS_A_1_RHODOPSIN_LIKE_RECEPTORS,ppgs,-0.009374851615393212,0.006341820179876777,-1.4782588199426632,0.1393496253927823
bmi,alt_log_adj,REACTOME_CLASS_A_1_RHODOPSIN_LIKE_RECEPTORS,bmi,0.2883648363207094,0.005761374362724138,50.051397143434805,0
bmi,alt_log_adj,REACTOME_CLASS_B_2_SECRETIN_FAMILY_RECEPTORS,ppgs,0.00464596340754947,0.006051826413307931,0.7676960788784397,0.44267416027702455
bmi,alt_log_adj,REACTOME_CLASS_B_2_SECRETIN_FAMILY_RECEPTORS,bmi,0.28837617310921987,0.005761655767169866,50.05092021505316,0
bmi,alt_log_adj,REACTOME_CLASS_C_3_METABOTROPIC_GLUTAMATE_PHEROMONE_RECEPTORS,ppgs,-0.006512134348137101,0.005939551158221624,-1.0964017607833714,0.2729123072434881
bmi,alt_log_adj,REACTOME_CLASS_C_3_METABOTROPIC_GLUTAMATE_PHEROMONE_RECEPTORS,bmi,0.2884417189209978,0.005761428828887698,50.06426834169266,0
bmi,alt_log_adj,REACTOME_CLASS_I_MHC_MEDIATED_ANTIGEN_PROCESSING_PRESENTATION,ppgs,0.03669983163522579,0.005956970791391041,6.16082114894101,7.334164596752602e-10
bmi,alt_log_adj,REACTOME_CLASS_I_MHC_MEDIATED_ANTIGEN_PROCESSING_PRESENTATION,bmi,0.2880814806553744,0.005757898802159093,50.032397329968674,0
bmi,alt_log_adj,REACTOME_CLASS_I_PEROXISOMAL_MEMBRANE_PROTEIN_IMPORT,ppgs,0.006100744803080188,0.005714794278308189,1.0675353312781466,0.2857392586700973
bmi,alt_log_adj,REACTOME_CLASS_I_PEROXISOMAL_MEMBRANE_PROTEIN_IMPORT,bmi,0.28842415542733724,0.00576138908965673,50.061565177942505,0
bmi,alt_log_adj,REACTOME_CLATHRIN_MEDIATED_ENDOCYTOSIS,ppgs,0.0051604701464876826,0.006304125819031509,0.8185861600205936,0.4130294466296286
bmi,alt_log_adj,REACTOME_CLATHRIN_MEDIATED_ENDOCYTOSIS,bmi,0.28842987160624695,0.005761459997944731,50.061941193575535,0
bmi,alt_log_adj,REACTOME_CLEC7A_DECTIN_1_INDUCES_NFAT_ACTIVATION,ppgs,-9.112126318862727e-4,0.005981009249613668,-0.15235098189241736,0.8789112006543909
bmi,alt_log_adj,REACTOME_CLEC7A_DECTIN_1_INDUCES_NFAT_ACTIVATION,bmi,0.288420075657,0.0057616068059373705,50.05896538441002,0
bmi,alt_log_adj,REACTOME_CLEC7A_DECTIN_1_SIGNALING,ppgs,0.002809945072440187,0.006499325181269432,0.4323441271315733,0.6654946085478484
bmi,alt_log_adj,REACTOME_CLEC7A_DECTIN_1_SIGNALING,bmi,0.2884326959019401,0.005761630634634351,50.06094874741043,0
bmi,alt_log_adj,REACTOME_CLEC7A_INFLAMMASOME_PATHWAY,ppgs,-0.0018753109805839322,0.005696240065571766,-0.3292190917160188,0.7419925255441813
bmi,alt_log_adj,REACTOME_CLEC7A_INFLAMMASOME_PATHWAY,bmi,0.28842403871048716,0.0057615579546998405,50.060077669654056,0
bmi,alt_log_adj,REACTOME_COBALAMIN_CBL_METABOLISM,ppgs,0.006423716389952171,0.0056903831199932526,1.128872389520196,0.25896122223042706
bmi,alt_log_adj,REACTOME_COBALAMIN_CBL_METABOLISM,bmi,0.28842040206855446,0.005761370754769272,50.061073023255716,0
bmi,alt_log_adj,REACTOME_COBALAMIN_CBL_VITAMIN_B12_TRANSPORT_AND_METABOLISM,ppgs,0.009033272744170807,0.005734229558360563,1.5753245753826173,0.11519270287557538
bmi,alt_log_adj,REACTOME_COBALAMIN_CBL_VITAMIN_B12_TRANSPORT_AND_METABOLISM,bmi,0.28840591482460776,0.005761248461421128,50.059621062318605,0
bmi,alt_log_adj,REACTOME_COENZYME_A_BIOSYNTHESIS,ppgs,-0.003257057000269082,0.005693591084304142,-0.5720567128974194,0.5672880897026886
bmi,alt_log_adj,REACTOME_COENZYME_A_BIOSYNTHESIS,bmi,0.28840102490872177,0.0057615137481459005,50.056467365287716,0
bmi,alt_log_adj,REACTOME_COHESIN_LOADING_ONTO_CHROMATIN,ppgs,0.02406737263271118,0.005709738672957409,4.215144336937801,2.5039099925537305e-5
bmi,alt_log_adj,REACTOME_COHESIN_LOADING_ONTO_CHROMATIN,bmi,0.2882584034307546,0.005759812576512931,50.046490159454144,0
bmi,alt_log_adj,REACTOME_COLLAGEN_BIOSYNTHESIS_AND_MODIFYING_ENZYMES,ppgs,0.007213723321012303,0.006251742157440383,1.1538740945077266,0.2485615188190957
bmi,alt_log_adj,REACTOME_COLLAGEN_BIOSYNTHESIS_AND_MODIFYING_ENZYMES,bmi,0.28843033856477407,0.00576137878071716,50.06272795847509,0
bmi,alt_log_adj,REACTOME_COLLAGEN_CHAIN_TRIMERIZATION,ppgs,0.0061849459474151184,0.006169324643029977,1.0025320931040305,0.31609523138267687
bmi,alt_log_adj,REACTOME_COLLAGEN_CHAIN_TRIMERIZATION,bmi,0.2884404062938513,0.005761453246331438,50.06382833662906,0
bmi,alt_log_adj,REACTOME_COLLAGEN_DEGRADATION,ppgs,-0.014290970888240667,0.0060139278209542435,-2.3763123392413923,0.017493255961698203
bmi,alt_log_adj,REACTOME_COLLAGEN_DEGRADATION,bmi,0.2884269391250633,0.005760926570372899,50.06606760245405,0
bmi,alt_log_adj,REACTOME_COLLAGEN_FORMATION,ppgs,0.009517854061255179,0.006362884939630567,1.49583941114104,0.13470664013994638
bmi,alt_log_adj,REACTOME_COLLAGEN_FORMATION,bmi,0.28842702176450846,0.005761276576186137,50.063040361003125,0
bmi,alt_log_adj,REACTOME_COMMON_PATHWAY_OF_FIBRIN_CLOT_FORMATION,ppgs,0.00514111303333881,0.005721971253937166,0.8984863441600341,0.3689339532201027
bmi,alt_log_adj,REACTOME_COMMON_PATHWAY_OF_FIBRIN_CLOT_FORMATION,bmi,0.288426173744836,0.005761430284849383,50.06155754471237,0
bmi,alt_log_adj,REACTOME_COMPLEMENT_CASCADE,ppgs,0.018211854408124686,0.006539430077102543,2.784929908784024,0.00535748060435401
bmi,alt_log_adj,REACTOME_COMPLEMENT_CASCADE,bmi,0.2883426237619367,0.005760768017306006,50.052809433693994,0
bmi,alt_log_adj,REACTOME_COMPLEX_III_ASSEMBLY,ppgs,-0.005740206894980333,0.005932115932892009,-0.9676491423831434,0.3332278805069502
bmi,alt_log_adj,REACTOME_COMPLEX_III_ASSEMBLY,bmi,0.288412027535659,0.005761403449207785,50.059335382131025,0
bmi,alt_log_adj,REACTOME_COMPLEX_IV_ASSEMBLY,ppgs,0.007245758237464363,0.005759598563078294,1.2580318156048311,0.20839061192636754
bmi,alt_log_adj,REACTOME_COMPLEX_IV_ASSEMBLY,bmi,0.28846197771984367,0.005761460124426042,50.06751266001,0
bmi,alt_log_adj,REACTOME_COMPLEX_I_BIOGENESIS,ppgs,0.001773058364694508,0.005824070010118052,0.30443630684627854,0.7607977453912808
bmi,alt_log_adj,REACTOME_COMPLEX_I_BIOGENESIS,bmi,0.2884078355418676,0.005761531681577119,50.05749364601619,0
bmi,alt_log_adj,REACTOME_CONDENSATION_OF_PROMETAPHASE_CHROMOSOMES,ppgs,-0.0019319013156726317,0.005836597998373938,-0.3309978374749905,0.7406485654081922
bmi,alt_log_adj,REACTOME_CONDENSATION_OF_PROMETAPHASE_CHROMOSOMES,bmi,0.2884163121323558,0.005761489100624363,50.05933485166198,0
bmi,alt_log_adj,REACTOME_CONDENSATION_OF_PROPHASE_CHROMOSOMES,ppgs,0.0025327430226435663,0.005852906215640579,0.43273254846889203,0.6652123727745776
bmi,alt_log_adj,REACTOME_CONDENSATION_OF_PROPHASE_CHROMOSOMES,bmi,0.28843670698781326,0.005761704976857512,50.06099898317414,0
bmi,alt_log_adj,REACTOME_CONJUGATION_OF_BENZOATE_WITH_GLYCINE,ppgs,0.007037821597957832,0.005723452662415984,1.2296461616906302,0.21883984074507518
bmi,alt_log_adj,REACTOME_CONJUGATION_OF_BENZOATE_WITH_GLYCINE,bmi,0.28831130138899885,0.005761957016568375,50.03704480265409,0
bmi,alt_log_adj,REACTOME_CONSTITUTIVE_SIGNALING_BY_ABERRANT_PI3K_IN_CANCER,ppgs,0.0036876795004048375,0.006266817333531619,0.5884453469982781,0.5562380956453701
bmi,alt_log_adj,REACTOME_CONSTITUTIVE_SIGNALING_BY_ABERRANT_PI3K_IN_CANCER,bmi,0.28840913708748606,0.005761470325747718,50.05825263016634,0
bmi,alt_log_adj,REACTOME_CONSTITUTIVE_SIGNALING_BY_AKT1_E17K_IN_CANCER,ppgs,0.036662118039220384,0.005795916514784685,6.325508303251045,2.5616439244991793e-10
bmi,alt_log_adj,REACTOME_CONSTITUTIVE_SIGNALING_BY_AKT1_E17K_IN_CANCER,bmi,0.2883634269510078,0.00575744204206809,50.08533735016581,0
bmi,alt_log_adj,REACTOME_CONSTITUTIVE_SIGNALING_BY_EGFRVIII,ppgs,0.003417740159312544,0.005698726613363459,0.5997375187814723,0.5486859729736152
bmi,alt_log_adj,REACTOME_CONSTITUTIVE_SIGNALING_BY_EGFRVIII,bmi,0.288399177554193,0.0057615189752278926,50.05610131532814,0
bmi,alt_log_adj,REACTOME_CONSTITUTIVE_SIGNALING_BY_LIGAND_RESPONSIVE_EGFR_CANCER_VARIANTS,ppgs,0.003417740159312544,0.005698726613363459,0.5997375187814723,0.5486859729736152
bmi,alt_log_adj,REACTOME_CONSTITUTIVE_SIGNALING_BY_LIGAND_RESPONSIVE_EGFR_CANCER_VARIANTS,bmi,0.288399177554193,0.0057615189752278926,50.05610131532814,0
bmi,alt_log_adj,REACTOME_CONSTITUTIVE_SIGNALING_BY_OVEREXPRESSED_ERBB2,ppgs,6.37460380664636e-4,0.005674194121660769,0.11234377375831811,0.9105516304428932
bmi,alt_log_adj,REACTOME_CONSTITUTIVE_SIGNALING_BY_OVEREXPRESSED_ERBB2,bmi,0.288415280427595,0.00576149966790148,50.05906396808749,0
bmi,alt_log_adj,REACTOME_CONVERSION_FROM_APC_C_CDC20_TO_APC_C_CDH1_IN_LATE_ANAPHASE,ppgs,0.005225633066960864,0.005889615704973314,0.887262145567194,0.37494530795310643
bmi,alt_log_adj,REACTOME_CONVERSION_FROM_APC_C_CDC20_TO_APC_C_CDH1_IN_LATE_ANAPHASE,bmi,0.2884489888717409,0.0057615481751543,50.064493101980524,0
bmi,alt_log_adj,REACTOME_COOPERATION_OF_PDCL_PHLP1_AND_TRIC_CCT_IN_G_PROTEIN_BETA_FOLDING,ppgs,-0.004178299580143974,0.006098682513518782,-0.6851151164012969,0.4932768836867716
bmi,alt_log_adj,REACTOME_COOPERATION_OF_PDCL_PHLP1_AND_TRIC_CCT_IN_G_PROTEIN_BETA_FOLDING,bmi,0.28841892350528403,0.0057614536954830875,50.060095724001236,0
bmi,alt_log_adj,REACTOME_COOPERATION_OF_PREFOLDIN_AND_TRIC_CCT_IN_ACTIN_AND_TUBULIN_FOLDING,ppgs,0.010157517070364325,0.005725429960959435,1.774105550085567,0.07605642401364568
bmi,alt_log_adj,REACTOME_COOPERATION_OF_PREFOLDIN_AND_TRIC_CCT_IN_ACTIN_AND_TUBULIN_FOLDING,bmi,0.288349247638049,0.005761296008523986,50.04937208770888,0
bmi,alt_log_adj,REACTOME_COPII_MEDIATED_VESICLE_TRANSPORT,ppgs,-0.00780519172679624,0.0056776084044462835,-1.3747323117043067,0.16922531551343858
bmi,alt_log_adj,REACTOME_COPII_MEDIATED_VESICLE_TRANSPORT,bmi,0.28844374106518617,0.005761344872555679,50.06534888046638,0
bmi,alt_log_adj,REACTOME_COPI_DEPENDENT_GOLGI_TO_ER_RETROGRADE_TRAFFIC,ppgs,0.014091965934253792,0.005883294366491084,2.39525086735691,0.016615444409355577
bmi,alt_log_adj,REACTOME_COPI_DEPENDENT_GOLGI_TO_ER_RETROGRADE_TRAFFIC,bmi,0.2884136550341376,0.005760915072803765,50.06386162429058,0
bmi,alt_log_adj,REACTOME_COPI_INDEPENDENT_GOLGI_TO_ER_RETROGRADE_TRAFFIC,ppgs,0.014303956352081027,0.00588741021273138,2.4295837788148464,0.015122338872342924
bmi,alt_log_adj,REACTOME_COPI_INDEPENDENT_GOLGI_TO_ER_RETROGRADE_TRAFFIC,bmi,0.2885431669809881,0.005761141180072604,50.084377029162084,0
bmi,alt_log_adj,REACTOME_COPI_MEDIATED_ANTEROGRADE_TRANSPORT,ppgs,2.7557803540466113e-5,0.00581636574520993,0.004737976383820318,0.9962196892755937
bmi,alt_log_adj,REACTOME_COPI_MEDIATED_ANTEROGRADE_TRANSPORT,bmi,0.2884147973300072,0.005761616477868143,50.05796523213284,0
bmi,alt_log_adj,REACTOME_CO_INHIBITION_BY_BTLA,ppgs,0.01439639423789875,0.005805257431308742,2.479889033043831,0.013148091063948503
bmi,alt_log_adj,REACTOME_CO_INHIBITION_BY_BTLA,bmi,0.2885322850680903,0.005761068525926018,50.08311978405298,0
bmi,alt_log_adj,REACTOME_CO_INHIBITION_BY_CTLA4,ppgs,0.010911586748360364,0.005913656376734592,1.845150623104945,0.06502605375338619
bmi,alt_log_adj,REACTOME_CO_INHIBITION_BY_CTLA4,bmi,0.28832954137523464,0.005761336562963088,50.04559935428336,0
bmi,alt_log_adj,REACTOME_CO_INHIBITION_BY_PD_1,ppgs,0.010964323661635307,0.0057300988924973845,1.9134615069194134,0.05569905752394542
bmi,alt_log_adj,REACTOME_CO_INHIBITION_BY_PD_1,bmi,0.2883708798033898,0.005761171307980863,50.05421022699222,0
bmi,alt_log_adj,REACTOME_CO_STIMULATION_BY_CD28,ppgs,0.011575829332537629,0.005802970139228877,1.9948111147916183,0.04607304183095493
bmi,alt_log_adj,REACTOME_CO_STIMULATION_BY_CD28,bmi,0.2883398306380459,0.0057612156522095295,50.04843561574759,0
bmi,alt_log_adj,REACTOME_CO_STIMULATION_BY_ICOS,ppgs,-1.2532653244195306e-4,0.0056892210473955245,-0.022028768331883757,0.982425162329453
bmi,alt_log_adj,REACTOME_CO_STIMULATION_BY_ICOS,bmi,0.28841635874186244,0.005762037162953501,50.05458149354007,0
bmi,alt_log_adj,REACTOME_CREATINE_METABOLISM,ppgs,0.002585246349681875,0.005762800303632413,0.4486093936054561,0.6537168850395714
bmi,alt_log_adj,REACTOME_CREATINE_METABOLISM,bmi,0.288412310063746,0.0057614798266618595,50.05872080452099,0
bmi,alt_log_adj,REACTOME_CREATION_OF_C4_AND_C2_ACTIVATORS,ppgs,0.010423496278834663,0.005817233488147201,1.7918304809447427,0.07317078578905856
bmi,alt_log_adj,REACTOME_CREATION_OF_C4_AND_C2_ACTIVATORS,bmi,0.288417866396049,0.005761172025636906,50.0623597269106,0
bmi,alt_log_adj,REACTOME_CREB1_PHOSPHORYLATION_THROUGH_NMDA_RECEPTOR_MEDIATED_ACTIVATION_OF_RAS_SIGNALING,ppgs,-0.0125901509482448,0.006301355982208201,-1.9980066169556097,0.045725478731839915
bmi,alt_log_adj,REACTOME_CREB1_PHOSPHORYLATION_THROUGH_NMDA_RECEPTOR_MEDIATED_ACTIVATION_OF_RAS_SIGNALING,bmi,0.2883524014799395,0.0057611765215710735,50.05095754318352,0
bmi,alt_log_adj,REACTOME_CREB1_PHOSPHORYLATION_THROUGH_THE_ACTIVATION_OF_ADENYLATE_CYCLASE,ppgs,0.00703001542914772,0.006200829147967577,1.1337218396755733,0.256920832726952
bmi,alt_log_adj,REACTOME_CREB1_PHOSPHORYLATION_THROUGH_THE_ACTIVATION_OF_ADENYLATE_CYCLASE,bmi,0.2884949658547617,0.005761803195412988,50.070256839809204,0
bmi,alt_log_adj,REACTOME_CREB1_PHOSPHORYLATION_THROUGH_THE_ACTIVATION_OF_CAMKII_CAMKK_CAMKIV_CASCASDE,ppgs,-0.004492835847016366,0.005823236939532254,-0.7715358131000674,0.44039583413665784
bmi,alt_log_adj,REACTOME_CREB1_PHOSPHORYLATION_THROUGH_THE_ACTIVATION_OF_CAMKII_CAMKK_CAMKIV_CASCASDE,bmi,0.28842756566069144,0.005761461907569536,50.06152436445843,0
bmi,alt_log_adj,REACTOME_CREB3_FACTORS_ACTIVATE_GENES,ppgs,0.001822637736163453,0.0057036282579806434,0.3195575962744728,0.7493060780547195
bmi,alt_log_adj,REACTOME_CREB3_FACTORS_ACTIVATE_GENES,bmi,0.2884036214293939,0.005761590439787267,50.05625173177747,0
bmi,alt_log_adj,REACTOME_CREB_PHOSPHORYLATION,ppgs,-0.01303742784916045,0.0062439508952789515,-2.088009349820166,0.03680589390724562
bmi,alt_log_adj,REACTOME_CREB_PHOSPHORYLATION,bmi,0.2882674092301361,0.005761486392500004,50.03351385249946,0
bmi,alt_log_adj,REACTOME_CRISTAE_FORMATION,ppgs,0.03959654980011988,0.005695532739770179,6.952211778826093,3.673895577583258e-12
bmi,alt_log_adj,REACTOME_CRISTAE_FORMATION,bmi,0.28851712357431314,0.005756611629292292,50.11926149511374,0
bmi,alt_log_adj,REACTOME_CRMPS_IN_SEMA3A_SIGNALING,ppgs,4.4824538447062683e-4,0.0058073443165354635,0.07718594938383821,0.9384761637757904
bmi,alt_log_adj,REACTOME_CRMPS_IN_SEMA3A_SIGNALING,bmi,0.2884167222196528,0.005761561603168432,50.058776089636005,0
bmi,alt_log_adj,REACTOME_CROSSLINKING_OF_COLLAGEN_FIBRILS,ppgs,0.00162165381465396,0.005956148164655053,0.27226552628041906,0.7854198441778293
bmi,alt_log_adj,REACTOME_CROSSLINKING_OF_COLLAGEN_FIBRILS,bmi,0.2884169252267916,0.005761496648105487,50.059375686980516,0
bmi,alt_log_adj,REACTOME_CROSS_PRESENTATION_OF_PARTICULATE_EXOGENOUS_ANTIGENS_PHAGOSOMES,ppgs,0.008719193280040484,0.005741035375372939,1.5187492690678785,0.12883677139902697
bmi,alt_log_adj,REACTOME_CROSS_PRESENTATION_OF_PARTICULATE_EXOGENOUS_ANTIGENS_PHAGOSOMES,bmi,0.288505740336168,0.0057615759715169594,50.0741015587455,0
bmi,alt_log_adj,REACTOME_CROSS_PRESENTATION_OF_SOLUBLE_EXOGENOUS_ANTIGENS_ENDOSOMES,ppgs,-0.007807269638457966,0.00604430597488538,-1.2916734643973773,0.19648078130174823
bmi,alt_log_adj,REACTOME_CROSS_PRESENTATION_OF_SOLUBLE_EXOGENOUS_ANTIGENS_ENDOSOMES,bmi,0.2884741343066536,0.005761512662271554,50.06916607086285,0
bmi,alt_log_adj,REACTOME_CS_DS_DEGRADATION,ppgs,0.008199373276992534,0.0057159929447412276,1.4344617560341886,0.15145156586751116
bmi,alt_log_adj,REACTOME_CS_DS_DEGRADATION,bmi,0.2884000520889191,0.0057612978407823355,50.058174400814664,0
bmi,alt_log_adj,REACTOME_CYCLIN_A_B1_B2_ASSOCIATED_EVENTS_DURING_G2_M_TRANSITION,ppgs,0.0064824231482791565,0.005903557169707891,1.098053760119665,0.27219034086315663
bmi,alt_log_adj,REACTOME_CYCLIN_A_B1_B2_ASSOCIATED_EVENTS_DURING_G2_M_TRANSITION,bmi,0.28844658551799135,0.00576144898876226,50.06493784473456,0
bmi,alt_log_adj,REACTOME_CYCLIN_A_CDK2_ASSOCIATED_EVENTS_AT_S_PHASE_ENTRY,ppgs,-5.2320560912269476e-6,0.006119084532174178,-8.550390280959135e-4,0.999317783659985
bmi,alt_log_adj,REACTOME_CYCLIN_A_CDK2_ASSOCIATED_EVENTS_AT_S_PHASE_ENTRY,bmi,0.28841457041082075,0.00576181687507482,50.05618482227024,0
bmi,alt_log_adj,REACTOME_CYCLIN_D_ASSOCIATED_EVENTS_IN_G1,ppgs,0.0113642964569782,0.0063910112484575985,1.7781687459431166,0.07538685988552034
bmi,alt_log_adj,REACTOME_CYCLIN_D_ASSOCIATED_EVENTS_IN_G1,bmi,0.28839516624864403,0.005761187086520318,50.05828866821802,0
bmi,alt_log_adj,REACTOME_CYP2E1_REACTIONS,ppgs,-0.007165434304948611,0.005688932719519735,-1.2595392946664208,0.20784597598133442
bmi,alt_log_adj,REACTOME_CYP2E1_REACTIONS,bmi,0.2884007060694243,0.0057613473628452755,50.057857634016344,0
bmi,alt_log_adj,REACTOME_CYTOCHROME_C_MEDIATED_APOPTOTIC_RESPONSE,ppgs,-5.330204415800484e-4,0.005776641890566873,-0.0922716781960223,0.9264828418696186
bmi,alt_log_adj,REACTOME_CYTOCHROME_C_MEDIATED_APOPTOTIC_RESPONSE,bmi,0.28841762784980846,0.005761589185077797,50.05869363209624,0
bmi,alt_log_adj,REACTOME_CYTOCHROME_P450_ARRANGED_BY_SUBSTRATE_TYPE,ppgs,-0.002042908198414947,0.006003596554969714,-0.3402807266793851,0.733647651220094
bmi,alt_log_adj,REACTOME_CYTOCHROME_P450_ARRANGED_BY_SUBSTRATE_TYPE,bmi,0.2883812354064554,0.005762321577236421,50.046015575680784,0
bmi,alt_log_adj,REACTOME_CYTOKINE_SIGNALING_IN_IMMUNE_SYSTEM,ppgs,0.05172433310194558,0.008348176968271857,6.195883640048535,5.875572017810637e-10
bmi,alt_log_adj,REACTOME_CYTOKINE_SIGNALING_IN_IMMUNE_SYSTEM,bmi,0.2882285380823925,0.005757679276784253,50.059846029383614,0
bmi,alt_log_adj,REACTOME_CYTOPROTECTION_BY_HMOX1,ppgs,0.015885449217557062,0.00580300135376384,2.7374539913304905,0.006195538311225019
bmi,alt_log_adj,REACTOME_CYTOPROTECTION_BY_HMOX1,bmi,0.2884962958984366,0.0057608138985002,50.07908621619338,0
bmi,alt_log_adj,REACTOME_CYTOSOLIC_IRON_SULFUR_CLUSTER_ASSEMBLY,ppgs,0.00910654188289986,0.0057107957731053855,1.5946187264805574,0.11080866996125738
bmi,alt_log_adj,REACTOME_CYTOSOLIC_IRON_SULFUR_CLUSTER_ASSEMBLY,bmi,0.28841526594430067,0.005761239609831998,50.06132108307002,0
bmi,alt_log_adj,REACTOME_CYTOSOLIC_SENSORS_OF_PATHOGEN_ASSOCIATED_DNA,ppgs,0.02670085787297628,0.006221413444950256,4.291767153756451,1.7784433380115345e-5
bmi,alt_log_adj,REACTOME_CYTOSOLIC_SENSORS_OF_PATHOGEN_ASSOCIATED_DNA,bmi,0.2883978854629904,0.005759628487405707,50.07230693674352,0
bmi,alt_log_adj,REACTOME_CYTOSOLIC_SULFONATION_OF_SMALL_MOLECULES,ppgs,0.007020383652978346,0.005766234807386258,1.2174987470134906,0.2234246469343848
bmi,alt_log_adj,REACTOME_CYTOSOLIC_SULFONATION_OF_SMALL_MOLECULES,bmi,0.2884590228175796,0.005761462770117366,50.066976795148754,0
bmi,alt_log_adj,REACTOME_CYTOSOLIC_TRNA_AMINOACYLATION,ppgs,0.007393773324390913,0.0056982723891779805,1.2975464876745777,0.19445377889135126
bmi,alt_log_adj,REACTOME_CYTOSOLIC_TRNA_AMINOACYLATION,bmi,0.28843140751122354,0.0057613414167309585,50.06323816769782,0
bmi,alt_log_adj,REACTOME_C_TYPE_LECTIN_RECEPTORS_CLRS,ppgs,0.03024412155689549,0.005931342008282156,5.099035178660156,3.4358426263679176e-7
bmi,alt_log_adj,REACTOME_C_TYPE_LECTIN_RECEPTORS_CLRS,bmi,0.2882537821012177,0.005758944107489976,50.05323488490193,0
bmi,alt_log_adj,REACTOME_DAG_AND_IP3_SIGNALING,ppgs,0.0028004307649390063,0.0065051155165964155,0.4304967002959908,0.666837639172263
bmi,alt_log_adj,REACTOME_DAG_AND_IP3_SIGNALING,bmi,0.28842351188600496,0.005761516144582895,50.06034950664629,0
bmi,alt_log_adj,REACTOME_DAP12_INTERACTIONS,ppgs,0.0024071042735977987,0.005798920436591576,0.4150952405569853,0.6780753247944019
bmi,alt_log_adj,REACTOME_DAP12_INTERACTIONS,bmi,0.2884196077327328,0.005761492981292638,50.05987313865016,0
bmi,alt_log_adj,REACTOME_DAP12_SIGNALING,ppgs,0.004590597900425696,0.00581228780341997,0.7898091174570834,0.4296458595606978
bmi,alt_log_adj,REACTOME_DAP12_SIGNALING,bmi,0.2883979718015646,0.005761473153626986,50.056290138228135,0
bmi,alt_log_adj,REACTOME_DARPP_32_EVENTS,ppgs,0.00703001542914772,0.006200829147967577,1.1337218396755733,0.256920832726952
bmi,alt_log_adj,REACTOME_DARPP_32_EVENTS,bmi,0.2884949658547617,0.005761803195412988,50.070256839809204,0
bmi,alt_log_adj,REACTOME_DCC_MEDIATED_ATTRACTIVE_SIGNALING,ppgs,0.007611779423645528,0.005860150608538259,1.2989050848889687,0.19398706888395092
bmi,alt_log_adj,REACTOME_DCC_MEDIATED_ATTRACTIVE_SIGNALING,bmi,0.2883335768609183,0.005761664395045624,50.04345221996137,0
bmi,alt_log_adj,REACTOME_DDX58_IFIH1_MEDIATED_INDUCTION_OF_INTERFERON_ALPHA_BETA,ppgs,0.02993742401358453,0.005779448007318832,5.179979813932599,2.234265857638869e-7
bmi,alt_log_adj,REACTOME_DDX58_IFIH1_MEDIATED_INDUCTION_OF_INTERFERON_ALPHA_BETA,bmi,0.28825250831805016,0.005758858330408565,50.053759231406545,0
bmi,alt_log_adj,REACTOME_DEACTIVATION_OF_THE_BETA_CATENIN_TRANSACTIVATING_COMPLEX,ppgs,0.014498269824812168,0.00587918980440882,2.466031937587706,0.013667789425008202
bmi,alt_log_adj,REACTOME_DEACTIVATION_OF_THE_BETA_CATENIN_TRANSACTIVATING_COMPLEX,bmi,0.2883169410915528,0.005761016280287033,50.04619446713105,0
bmi,alt_log_adj,REACTOME_DEADENYLATION_DEPENDENT_MRNA_DECAY,ppgs,0.00528476441587197,0.005740354185079505,0.9206338573338004,0.3572494532536037
bmi,alt_log_adj,REACTOME_DEADENYLATION_DEPENDENT_MRNA_DECAY,bmi,0.28843011156985415,0.005761436412005796,50.06218778511861,0
bmi,alt_log_adj,REACTOME_DEADENYLATION_OF_MRNA,ppgs,6.06630433853396e-4,0.005714126605073376,0.106163281946674,0.9154535541902876
bmi,alt_log_adj,REACTOME_DEADENYLATION_OF_MRNA,bmi,0.28841692901155563,0.005761537798886621,50.05901880350248,0
bmi,alt_log_adj,REACTOME_DEATH_RECEPTOR_SIGNALING,ppgs,0.024309061169931017,0.0065597254247273876,3.705804678698311,2.1112124850334546e-4
bmi,alt_log_adj,REACTOME_DEATH_RECEPTOR_SIGNALING,bmi,0.2884824178854519,0.005760132021316135,50.08260519340257,0
bmi,alt_log_adj,REACTOME_DECTIN_1_MEDIATED_NONCANONICAL_NF_KB_SIGNALING,ppgs,0.010431246842628658,0.006136885048061516,1.6997624627046943,0.08918658493227051
bmi,alt_log_adj,REACTOME_DECTIN_1_MEDIATED_NONCANONICAL_NF_KB_SIGNALING,bmi,0.28850908198960024,0.0057614724200219705,50.07558154526409,0
bmi,alt_log_adj,REACTOME_DECTIN_2_FAMILY,ppgs,6.465012191762782e-4,0.005689277470441961,0.11363503055266805,0.9095279215139211
bmi,alt_log_adj,REACTOME_DECTIN_2_FAMILY,bmi,0.2884180115669571,0.005761573862368761,50.05889336084629,0
bmi,alt_log_adj,REACTOME_DEFECTIVE_B4GALT1_CAUSES_B4GALT1_CDG_CDG_2D,ppgs,-0.005786544689572552,0.005808377090187325,-0.9962412218979969,0.31914145824451684
bmi,alt_log_adj,REACTOME_DEFECTIVE_B4GALT1_CAUSES_B4GALT1_CDG_CDG_2D,bmi,0.2884022899153879,0.0057614104180211114,50.057584686779926,0
bmi,alt_log_adj,REACTOME_DEFECTIVE_B4GALT7_CAUSES_EDS_PROGEROID_TYPE,ppgs,0.005074124710683137,0.005876901442959634,0.8634013620837216,0.3879241352517535
bmi,alt_log_adj,REACTOME_DEFECTIVE_B4GALT7_CAUSES_EDS_PROGEROID_TYPE,bmi,0.2884023238773568,0.005761439829317395,50.057335044932024,0
bmi,alt_log_adj,REACTOME_DEFECTIVE_C1GALT1C1_CAUSES_TNPS,ppgs,0.002407534560474057,0.00570195568052754,0.4222296165324306,0.6728606280712659
bmi,alt_log_adj,REACTOME_DEFECTIVE_C1GALT1C1_CAUSES_TNPS,bmi,0.2884221035506867,0.005761507101023329,50.060183645258135,0
bmi,alt_log_adj,REACTOME_DEFECTIVE_CFTR_CAUSES_CYSTIC_FIBROSIS,ppgs,0.019374093562427374,0.005925201714279721,3.2697778905544865,0.0010776027093600785
bmi,alt_log_adj,REACTOME_DEFECTIVE_CFTR_CAUSES_CYSTIC_FIBROSIS,bmi,0.28854646840617726,0.005760552969665294,50.090064256963636,0
bmi,alt_log_adj,REACTOME_DEFECTIVE_CHST14_CAUSES_EDS_MUSCULOCONTRACTURAL_TYPE,ppgs,0.010503687874488823,0.005725397627208822,1.834577885834884,0.06657873112104312
bmi,alt_log_adj,REACTOME_DEFECTIVE_CHST14_CAUSES_EDS_MUSCULOCONTRACTURAL_TYPE,bmi,0.28838534859375897,0.005761178088607779,50.05666274472847,0
bmi,alt_log_adj,REACTOME_DEFECTIVE_CHST3_CAUSES_SEDCJD,ppgs,0.00983262040563706,0.005727060721186841,1.7168702907692253,0.08601379732954585
bmi,alt_log_adj,REACTOME_DEFECTIVE_CHST3_CAUSES_SEDCJD,bmi,0.2883892126158061,0.005761217473275951,50.056991244217315,0
bmi,alt_log_adj,REACTOME_DEFECTIVE_CHST6_CAUSES_MCDC1,ppgs,-0.0011642494479361517,0.0060189698259421375,-0.19343001902388074,0.8466235933374656
bmi,alt_log_adj,REACTOME_DEFECTIVE_CHST6_CAUSES_MCDC1,bmi,0.2884097293685693,0.005761549697829131,50.05766581814576,0
bmi,alt_log_adj,REACTOME_DEFECTIVE_CHSY1_CAUSES_TPBS,ppgs,0.008910040169586587,0.005708331844789852,1.5608833564430946,0.11856243743948025
bmi,alt_log_adj,REACTOME_DEFECTIVE_CHSY1_CAUSES_TPBS,bmi,0.2883950569530436,0.005761264047553679,50.057601000860316,0
bmi,alt_log_adj,REACTOME_DEFECTIVE_CSF2RB_CAUSES_SMDP5,ppgs,-0.001683803856083861,0.006171313760328274,-0.2728436636795296,0.784975381047201
bmi,alt_log_adj,REACTOME_DEFECTIVE_CSF2RB_CAUSES_SMDP5,bmi,0.2884272151389896,0.005761675270645631,50.059609677841074,0
bmi,alt_log_adj,REACTOME_DEFECTIVE_EXT2_CAUSES_EXOSTOSES_2,ppgs,0.003418108478576585,0.005901429812276734,0.5792000561399374,0.5624587950579265
bmi,alt_log_adj,REACTOME_DEFECTIVE_EXT2_CAUSES_EXOSTOSES_2,bmi,0.2884125987398176,0.0057614649413896156,50.05890024044041,0
bmi,alt_log_adj,REACTOME_DEFECTIVE_F9_ACTIVATION,ppgs,-0.003079747421603363,0.005721736093259007,-0.538254014412117,0.5904059199630207
bmi,alt_log_adj,REACTOME_DEFECTIVE_F9_ACTIVATION,bmi,0.28843374613250616,0.005761578081159148,50.061587653512696,0
bmi,alt_log_adj,REACTOME_DEFECTIVE_FACTOR_IX_CAUSES_HEMOPHILIA_B,ppgs,0.001838110889676347,0.005743517481277253,0.3200322617051711,0.7489462328651831
bmi,alt_log_adj,REACTOME_DEFECTIVE_FACTOR_IX_CAUSES_HEMOPHILIA_B,bmi,0.28840585782298794,0.005761552650648255,50.05696820119109,0
bmi,alt_log_adj,REACTOME_DEFECTIVE_FACTOR_VIII_CAUSES_HEMOPHILIA_A,ppgs,0.006879350593718915,0.005761270665656011,1.1940682868326224,0.2324612483963834
bmi,alt_log_adj,REACTOME_DEFECTIVE_FACTOR_VIII_CAUSES_HEMOPHILIA_A,bmi,0.28841796328658936,0.005761353770740647,50.06079729929724,0
bmi,alt_log_adj,REACTOME_DEFECTIVE_GALNT3_CAUSES_HFTC,ppgs,0.002407534560474057,0.00570195568052754,0.4222296165324306,0.6728606280712659
bmi,alt_log_adj,REACTOME_DEFECTIVE_GALNT3_CAUSES_HFTC,bmi,0.2884221035506867,0.005761507101023329,50.060183645258135,0
bmi,alt_log_adj,REACTOME_DEFECTIVE_INTRINSIC_PATHWAY_FOR_APOPTOSIS,ppgs,0.012963381160811863,0.0057784741027174106,2.2433917553970946,0.02487925306784769
bmi,alt_log_adj,REACTOME_DEFECTIVE_INTRINSIC_PATHWAY_FOR_APOPTOSIS,bmi,0.2883960706668006,0.005760992554587484,50.06013598076091,0
bmi,alt_log_adj,REACTOME_DEFECTIVE_LFNG_CAUSES_SCDO3,ppgs,0.00961200436532507,0.005739550518637369,1.6746963606493463,0.0940048518321471
bmi,alt_log_adj,REACTOME_DEFECTIVE_LFNG_CAUSES_SCDO3,bmi,0.288348659689366,0.0057613476360402725,50.04882154404169,0
bmi,alt_log_adj,REACTOME_DEFECTIVE_RIPK1_MEDIATED_REGULATED_NECROSIS,ppgs,-0.0021224789053116647,0.005718929342833566,-0.3711322134048323,0.7105418321859448
bmi,alt_log_adj,REACTOME_DEFECTIVE_RIPK1_MEDIATED_REGULATED_NECROSIS,bmi,0.2884210328635364,0.005761509867773228,50.059973771251826,0
bmi,alt_log_adj,REACTOME_DEFECTIVE_ST3GAL3_CAUSES_MCT12_AND_EIEE15,ppgs,-0.0016938125951489137,0.005804028889795778,-0.29183393592799856,0.7704157323828615
bmi,alt_log_adj,REACTOME_DEFECTIVE_ST3GAL3_CAUSES_MCT12_AND_EIEE15,bmi,0.2884102517427642,0.005761508780965785,50.058111981983096,0
bmi,alt_log_adj,REACTOME_DEFECTS_IN_BIOTIN_BTN_METABOLISM,ppgs,0.014525493620029539,0.005708628480317419,2.5444804597306483,0.010949299584789234
bmi,alt_log_adj,REACTOME_DEFECTS_IN_BIOTIN_BTN_METABOLISM,bmi,0.2883388948491992,0.005760917050930487,50.050867301175174,0
bmi,alt_log_adj,REACTOME_DEFECTS_IN_COBALAMIN_B12_METABOLISM,ppgs,-9.669964563577461e-4,0.005680778847719008,-0.1702225138980762,0.8648363612737099
bmi,alt_log_adj,REACTOME_DEFECTS_IN_COBALAMIN_B12_METABOLISM,bmi,0.28842160968158004,0.005761641255499012,50.05893232354676,0
bmi,alt_log_adj,REACTOME_DEFECTS_IN_VITAMIN_AND_COFACTOR_METABOLISM,ppgs,0.01377846952754883,0.005695625491211174,2.419131937099825,0.015563848991846468
bmi,alt_log_adj,REACTOME_DEFECTS_IN_VITAMIN_AND_COFACTOR_METABOLISM,bmi,0.2883183109910801,0.0057610409444146604,50.046217996524604,0
bmi,alt_log_adj,REACTOME_DEFECTS_OF_CONTACT_ACTIVATION_SYSTEM_CAS_AND_KALLIKREIN_KININ_SYSTEM_KKS,ppgs,0.011353618360573432,0.005796683333922854,1.9586404339410362,0.05016470069687321
bmi,alt_log_adj,REACTOME_DEFECTS_OF_CONTACT_ACTIVATION_SYSTEM_CAS_AND_KALLIKREIN_KININ_SYSTEM_KKS,bmi,0.2884421112579491,0.00576112527472038,50.066974332883056,0
bmi,alt_log_adj,REACTOME_DEFECTS_OF_PLATELET_ADHESION_TO_EXPOSED_COLLAGEN,ppgs,0.0010669259003031717,0.005695578156734945,0.1873253023560999,0.8514069262915094
bmi,alt_log_adj,REACTOME_DEFECTS_OF_PLATELET_ADHESION_TO_EXPOSED_COLLAGEN,bmi,0.2884151235312384,0.0057614950273329685,50.05907705603757,0
bmi,alt_log_adj,REACTOME_DEFENSINS,ppgs,0.008395715228944877,0.005791875158164407,1.4495677133354672,0.14719016695742806
bmi,alt_log_adj,REACTOME_DEFENSINS,bmi,0.2883788390195714,0.005761337345320587,50.054149190516576,0
bmi,alt_log_adj,REACTOME_DEGRADATION_OF_AXIN,ppgs,-0.007807269638457966,0.00604430597488538,-1.2916734643973773,0.19648078130174823
bmi,alt_log_adj,REACTOME_DEGRADATION_OF_AXIN,bmi,0.2884741343066536,0.005761512662271554,50.06916607086285,0
bmi,alt_log_adj,REACTOME_DEGRADATION_OF_BETA_CATENIN_BY_THE_DESTRUCTION_COMPLEX,ppgs,0.009585532050346374,0.006245474747650911,1.534796382605141,0.12484501124724658
bmi,alt_log_adj,REACTOME_DEGRADATION_OF_BETA_CATENIN_BY_THE_DESTRUCTION_COMPLEX,bmi,0.28839743134605306,0.00576126950488569,50.057965714238044,0
bmi,alt_log_adj,REACTOME_DEGRADATION_OF_CRY_AND_PER_PROTEINS,ppgs,-0.008398361543247024,0.0060662149237525045,-1.3844483996705932,0.16623209456448806
bmi,alt_log_adj,REACTOME_DEGRADATION_OF_CRY_AND_PER_PROTEINS,bmi,0.28831252547422254,0.0057617751684108445,50.03883647784577,0
bmi,alt_log_adj,REACTOME_DEGRADATION_OF_CYSTEINE_AND_HOMOCYSTEINE,ppgs,0.004509093458569391,0.00573123788125243,0.7867573379425028,0.43143050858645704
bmi,alt_log_adj,REACTOME_DEGRADATION_OF_CYSTEINE_AND_HOMOCYSTEINE,bmi,0.28844029338116633,0.005761527467073091,50.06316381022074,0
bmi,alt_log_adj,REACTOME_DEGRADATION_OF_DVL,ppgs,0.004571781924970479,0.005691894899184395,0.8032091255981519,0.42186060597728847
bmi,alt_log_adj,REACTOME_DEGRADATION_OF_DVL,bmi,0.2884547548230869,0.005761649069694485,50.0646171493368,0
bmi,alt_log_adj,REACTOME_DEGRADATION_OF_GLI1_BY_THE_PROTEASOME,ppgs,9.259974224454193e-4,0.005909378976398574,0.15669961702299914,0.8754827047878345
bmi,alt_log_adj,REACTOME_DEGRADATION_OF_GLI1_BY_THE_PROTEASOME,bmi,0.2884225436259835,0.005761717241254558,50.05843423916136,0
bmi,alt_log_adj,REACTOME_DEGRADATION_OF_THE_EXTRACELLULAR_MATRIX,ppgs,0.016876669948986994,0.0067050084068529855,2.517024427849764,0.011840532193012709
bmi,alt_log_adj,REACTOME_DEGRADATION_OF_THE_EXTRACELLULAR_MATRIX,bmi,0.2883571695189852,0.005760899511801322,50.05419187199492,0
bmi,alt_log_adj,REACTOME_DEPOLYMERIZATION_OF_THE_NUCLEAR_LAMINA,ppgs,0.001327704565042602,0.005733437518211751,0.23157216954493132,0.8168719968044242
bmi,alt_log_adj,REACTOME_DEPOLYMERIZATION_OF_THE_NUCLEAR_LAMINA,bmi,0.28840543741570435,0.005761629043315493,50.05623153581982,0
bmi,alt_log_adj,REACTOME_DEPOSITION_OF_NEW_CENPA_CONTAINING_NUCLEOSOMES_AT_THE_CENTROMERE,ppgs,0.0020258013018416283,0.005772797715213255,0.35092192759551644,0.7256495281318138
bmi,alt_log_adj,REACTOME_DEPOSITION_OF_NEW_CENPA_CONTAINING_NUCLEOSOMES_AT_THE_CENTROMERE,bmi,0.28839873587245773,0.005761663309325497,50.05477071276833,0
bmi,alt_log_adj,REACTOME_DERMATAN_SULFATE_BIOSYNTHESIS,ppgs,0.00985541166621828,0.005685740216355529,1.7333559556358777,0.08304329409158155
bmi,alt_log_adj,REACTOME_DERMATAN_SULFATE_BIOSYNTHESIS,bmi,0.2884581105187081,0.005761247313587993,50.068690826442236,0
bmi,alt_log_adj,REACTOME_DETOXIFICATION_OF_REACTIVE_OXYGEN_SPECIES,ppgs,0.0020376799991033744,0.00577696425362362,0.35272504894334994,0.7242972008458055
bmi,alt_log_adj,REACTOME_DETOXIFICATION_OF_REACTIVE_OXYGEN_SPECIES,bmi,0.2884154876159256,0.00576148585138249,50.05921997477773,0
bmi,alt_log_adj,REACTOME_DEUBIQUITINATION,ppgs,0.007326749078011056,0.006382373349969881,1.1479662307824143,0.25099219163855846
bmi,alt_log_adj,REACTOME_DEUBIQUITINATION,bmi,0.2883546131538593,0.005761601206093559,50.047652178510894,0
bmi,alt_log_adj,REACTOME_DEVELOPMENTAL_CELL_LINEAGES,ppgs,0.02242016254326597,0.006218233821309886,3.6055515420523556,3.120249395618e-4
bmi,alt_log_adj,REACTOME_DEVELOPMENTAL_CELL_LINEAGES,bmi,0.28846592924462255,0.005760194977637415,50.07919529886103,0
bmi,alt_log_adj,REACTOME_DEVELOPMENTAL_CELL_LINEAGES_OF_THE_EXOCRINE_PANCREAS,ppgs,0.019766617371158864,0.00611146029294234,3.234352580836666,0.0012205845219273313
bmi,alt_log_adj,REACTOME_DEVELOPMENTAL_CELL_LINEAGES_OF_THE_EXOCRINE_PANCREAS,bmi,0.2885183905651283,0.005760524587618356,50.08543686893869,0
bmi,alt_log_adj,REACTOME_DEVELOPMENTAL_LINEAGE_OF_MULTIPOTENT_PANCREATIC_PROGENITOR_CELLS,ppgs,0.01711977485697454,0.005788460590779205,2.9575695624922598,0.0031033052766898895
bmi,alt_log_adj,REACTOME_DEVELOPMENTAL_LINEAGE_OF_MULTIPOTENT_PANCREATIC_PROGENITOR_CELLS,bmi,0.2884150146752795,0.0057606093101761156,50.06675494652874,0
bmi,alt_log_adj,REACTOME_DEVELOPMENTAL_LINEAGE_OF_PANCREATIC_ACINAR_CELLS,ppgs,0.017837899348235316,0.005828775492895338,3.0603167629252206,0.0022130959923414685
bmi,alt_log_adj,REACTOME_DEVELOPMENTAL_LINEAGE_OF_PANCREATIC_ACINAR_CELLS,bmi,0.28842428045824753,0.00576054737113796,50.06890176849134,0
bmi,alt_log_adj,REACTOME_DEVELOPMENTAL_LINEAGE_OF_PANCREATIC_DUCTAL_CELLS,ppgs,0.016357032873255264,0.0059886760234369495,2.7313270594771346,0.006311885023077181
bmi,alt_log_adj,REACTOME_DEVELOPMENTAL_LINEAGE_OF_PANCREATIC_DUCTAL_CELLS,bmi,0.2884825799644501,0.005760793771573008,50.07688027090731,0
bmi,alt_log_adj,REACTOME_DEX_H_BOX_HELICASES_ACTIVATE_TYPE_I_IFN_AND_INFLAMMATORY_CYTOKINES_PRODUCTION,ppgs,-0.0010569030062193316,0.005710718891022551,-0.18507354789969085,0.8531726728524778
bmi,alt_log_adj,REACTOME_DEX_H_BOX_HELICASES_ACTIVATE_TYPE_I_IFN_AND_INFLAMMATORY_CYTOKINES_PRODUCTION,bmi,0.28841513421412196,0.00576149515518403,50.05907779938237,0
bmi,alt_log_adj,REACTOME_DIFFERENTIATION_OF_KERATINOCYTES_IN_INTERFOLLICULAR_EPIDERMIS_IN_MAMMALIAN_SKIN,ppgs,0.010698990070354842,0.005845836695886749,1.830189693441637,0.06723207225578193
bmi,alt_log_adj,REACTOME_DIFFERENTIATION_OF_KERATINOCYTES_IN_INTERFOLLICULAR_EPIDERMIS_IN_MAMMALIAN_SKIN,bmi,0.28834977569391934,0.005761266577726692,50.04971941563894,0
bmi,alt_log_adj,REACTOME_DIGESTION,ppgs,0.012256122155928473,0.005732491774241785,2.13800954952954,0.032524493423170375
bmi,alt_log_adj,REACTOME_DIGESTION,bmi,0.28843913867410526,0.005761044938606438,50.06715652245492,0
bmi,alt_log_adj,REACTOME_DIGESTION_AND_ABSORPTION,ppgs,0.011655866565074426,0.005888281167997717,1.979502376418949,0.04776912963696946
bmi,alt_log_adj,REACTOME_DIGESTION_AND_ABSORPTION,bmi,0.2885105214339428,0.005761303525071069,50.07729937824858,0
bmi,alt_log_adj,REACTOME_DIGESTION_OF_DIETARY_CARBOHYDRATE,ppgs,0.006365391646822808,0.005754489195241591,1.1061610215701463,0.26866621723433487
bmi,alt_log_adj,REACTOME_DIGESTION_OF_DIETARY_CARBOHYDRATE,bmi,0.2884197071029395,0.0057613754714325996,50.06091141482613,0
bmi,alt_log_adj,REACTOME_DIGESTION_OF_DIETARY_LIPID,ppgs,0.01162644595396352,0.005703752532316333,2.038385411725067,0.041520664202215896
bmi,alt_log_adj,REACTOME_DIGESTION_OF_DIETARY_LIPID,bmi,0.2884548327589906,0.005761109569834985,50.06931898489353,0
bmi,alt_log_adj,REACTOME_DISASSEMBLY_OF_THE_DESTRUCTION_COMPLEX_AND_RECRUITMENT_OF_AXIN_TO_THE_MEMBRANE,ppgs,0.013521365697191314,0.005906784454212941,2.289124616278721,0.022079430272175408
bmi,alt_log_adj,REACTOME_DISASSEMBLY_OF_THE_DESTRUCTION_COMPLEX_AND_RECRUITMENT_OF_AXIN_TO_THE_MEMBRANE,bmi,0.2883495762536832,0.005761035638325386,50.05169111182594,0
bmi,alt_log_adj,REACTOME_DISEASES_ASSOCIATED_WITH_GLYCOSAMINOGLYCAN_METABOLISM,ppgs,0.008099386027731421,0.0059599011260630845,1.358979932118708,0.17416375923683727
bmi,alt_log_adj,REACTOME_DISEASES_ASSOCIATED_WITH_GLYCOSAMINOGLYCAN_METABOLISM,bmi,0.2883870943167911,0.005761345921036434,50.05550756183581,0
bmi,alt_log_adj,REACTOME_DISEASES_ASSOCIATED_WITH_GLYCOSYLATION_PRECURSOR_BIOSYNTHESIS,ppgs,0.005774243602298324,0.005748850720121467,1.0044170362761344,0.3151862147764984
bmi,alt_log_adj,REACTOME_DISEASES_ASSOCIATED_WITH_GLYCOSYLATION_PRECURSOR_BIOSYNTHESIS,bmi,0.288414909952049,0.005761395464569335,50.059905056978764,0
bmi,alt_log_adj,REACTOME_DISEASES_ASSOCIATED_WITH_N_GLYCOSYLATION_OF_PROTEINS,ppgs,0.001483704118638081,0.005820865473128071,0.25489407468486885,0.7988067618354207
bmi,alt_log_adj,REACTOME_DISEASES_ASSOCIATED_WITH_N_GLYCOSYLATION_OF_PROTEINS,bmi,0.2884097172437105,0.005761523505572281,50.05789127906427,0
bmi,alt_log_adj,REACTOME_DISEASES_ASSOCIATED_WITH_O_GLYCOSYLATION_OF_PROTEINS,ppgs,0.008907617686418377,0.0062440732050174814,1.4265716294390303,0.15371441920374287
bmi,alt_log_adj,REACTOME_DISEASES_ASSOCIATED_WITH_O_GLYCOSYLATION_OF_PROTEINS,bmi,0.28833504439293256,0.005761561226465422,50.04460302677702,0
bmi,alt_log_adj,REACTOME_DISEASES_ASSOCIATED_WITH_SURFACTANT_METABOLISM,ppgs,0.0012306499582193059,0.006053435777912552,0.20329776400860394,0.8389037622057764
bmi,alt_log_adj,REACTOME_DISEASES_ASSOCIATED_WITH_SURFACTANT_METABOLISM,bmi,0.28841142315049595,0.00576151526117693,50.05825899549573,0
bmi,alt_log_adj,REACTOME_DISEASES_OF_BASE_EXCISION_REPAIR,ppgs,0.0019336984128992458,0.005701297407096208,0.3391681357461616,0.7344855843238347
bmi,alt_log_adj,REACTOME_DISEASES_OF_BASE_EXCISION_REPAIR,bmi,0.28842517592666894,0.00576157030752848,50.060167720211965,0
bmi,alt_log_adj,REACTOME_DISEASES_OF_BRANCHED_CHAIN_AMINO_ACID_CATABOLISM,ppgs,0.002431181388478395,0.005710976167726469,0.42570329783852773,0.6703272903788888
bmi,alt_log_adj,REACTOME_DISEASES_OF_BRANCHED_CHAIN_AMINO_ACID_CATABOLISM,bmi,0.28841043683753864,0.0057614879451018735,50.05832513851403,0
bmi,alt_log_adj,REACTOME_DISEASES_OF_CARBOHYDRATE_METABOLISM,ppgs,0.01050194205589727,0.00585205664277832,1.7945728650554162,0.07273242959705127
bmi,alt_log_adj,REACTOME_DISEASES_OF_CARBOHYDRATE_METABOLISM,bmi,0.28841313990628553,0.005761170801095104,50.06154996332741,0
bmi,alt_log_adj,REACTOME_DISEASES_OF_DNA_REPAIR,ppgs,-0.005459197941103474,0.006113219943381425,-0.8930151363217287,0.37185664728908874
bmi,alt_log_adj,REACTOME_DISEASES_OF_DNA_REPAIR,bmi,0.2884776450701499,0.005761849153715381,50.06685134825726,0
bmi,alt_log_adj,REACTOME_DISEASES_OF_GLYCOSYLATION,ppgs,0.013607259097107652,0.006599135189888951,2.061976108317404,0.03921910318502
bmi,alt_log_adj,REACTOME_DISEASES_OF_GLYCOSYLATION,bmi,0.2883062854967545,0.005761305544895559,50.04183222884093,0
bmi,alt_log_adj,REACTOME_DISEASES_OF_HEMOSTASIS,ppgs,0.012083430421431974,0.005823403201562103,2.074977466473667,0.03799762152692098
bmi,alt_log_adj,REACTOME_DISEASES_OF_HEMOSTASIS,bmi,0.28844117090230037,0.0057610747127718,50.0672505188748,0
bmi,alt_log_adj,REACTOME_DISEASES_OF_IMMUNE_SYSTEM,ppgs,0.036662118039220384,0.005795916514784685,6.325508303251045,2.5616439244991793e-10
bmi,alt_log_adj,REACTOME_DISEASES_OF_IMMUNE_SYSTEM,bmi,0.2883634269510078,0.00575744204206809,50.08533735016581,0
bmi,alt_log_adj,REACTOME_DISEASES_OF_METABOLISM,ppgs,0.021909586494773748,0.006933035792658532,3.160172130940684,0.0015784171170023502
bmi,alt_log_adj,REACTOME_DISEASES_OF_METABOLISM,bmi,0.2883051602944699,0.00576058755809652,50.04787400362595,0
bmi,alt_log_adj,REACTOME_DISEASES_OF_MISMATCH_REPAIR_MMR,ppgs,0.0023844732863760798,0.005709519391460345,0.41763117399031974,0.6762199635054695
bmi,alt_log_adj,REACTOME_DISEASES_OF_MISMATCH_REPAIR_MMR,bmi,0.2884048046500457,0.005761528205818889,50.05699778728317,0
bmi,alt_log_adj,REACTOME_DISEASES_OF_MITOTIC_CELL_CYCLE,ppgs,0.005444068198737253,0.005803449781636836,0.9380744907905069,0.34821412191001877
bmi,alt_log_adj,REACTOME_DISEASES_OF_MITOTIC_CELL_CYCLE,bmi,0.28844677032820243,0.005761510475397725,50.06443563018786,0
bmi,alt_log_adj,REACTOME_DISEASES_OF_PROGRAMMED_CELL_DEATH,ppgs,0.004973569283102071,0.005822374971966039,0.8542165880846125,0.3929922118697172
bmi,alt_log_adj,REACTOME_DISEASES_OF_PROGRAMMED_CELL_DEATH,bmi,0.2884199941954111,0.005761427256569385,50.06051128503694,0
bmi,alt_log_adj,REACTOME_DISEASES_OF_SIGNAL_TRANSDUCTION_BY_GROWTH_FACTOR_RECEPTORS_AND_SECOND_MESSENGERS,ppgs,0.026441935277084817,0.007567940322403369,3.4939407752474967,4.7667243053237e-4
bmi,alt_log_adj,REACTOME_DISEASES_OF_SIGNAL_TRANSDUCTION_BY_GROWTH_FACTOR_RECEPTORS_AND_SECOND_MESSENGERS,bmi,0.28819805134796983,0.0057605913579059555,50.0292475966796,0
bmi,alt_log_adj,REACTOME_DISINHIBITION_OF_SNARE_FORMATION,ppgs,0.008186087610232802,0.005713839222125683,1.4326772756457407,0.15196111319670458
bmi,alt_log_adj,REACTOME_DISINHIBITION_OF_SNARE_FORMATION,bmi,0.28838587309111585,0.005761324353372039,50.05548297629291,0
bmi,alt_log_adj,REACTOME_DISORDERS_OF_TRANSMEMBRANE_TRANSPORTERS,ppgs,0.029590126092034385,0.0064367139638812,4.5970857580553695,4.3028877367553775e-6
bmi,alt_log_adj,REACTOME_DISORDERS_OF_TRANSMEMBRANE_TRANSPORTERS,bmi,0.28881603164321046,0.005760013556173877,50.14155415201109,0
bmi,alt_log_adj,REACTOME_DISPLACEMENT_OF_DNA_GLYCOSYLASE_BY_APEX1,ppgs,-3.98769814658088e-4,0.005746066360639732,-0.06939874857513678,0.9446727144895736
bmi,alt_log_adj,REACTOME_DISPLACEMENT_OF_DNA_GLYCOSYLASE_BY_APEX1,bmi,0.2884109793113255,0.005761736607035714,50.05625889929504,0
bmi,alt_log_adj,REACTOME_DISSOLUTION_OF_FIBRIN_CLOT,ppgs,0.007034178393108645,0.005728467399287358,1.2279337391330398,0.21948203789365475
bmi,alt_log_adj,REACTOME_DISSOLUTION_OF_FIBRIN_CLOT,bmi,0.2885056462458702,0.0057618216162639395,50.07195041087406,0
bmi,alt_log_adj,REACTOME_DNA_DAMAGE_BYPASS,ppgs,0.00875017609450143,0.006034092128344575,1.4501230522149815,0.14703527087777354
bmi,alt_log_adj,REACTOME_DNA_DAMAGE_BYPASS,bmi,0.2884038764169728,0.005761289062565817,50.05891446948693,0
bmi,alt_log_adj,REACTOME_DNA_DAMAGE_RECOGNITION_IN_GG_NER,ppgs,0.003319874346630219,0.0057822268816624094,0.57415151888259075,0.56586982846462
bmi,alt_log_adj,REACTOME_DNA_DAMAGE_RECOGNITION_IN_GG_NER,bmi,0.2884244832473034,0.005761490072985038,50.06074463265892,0
bmi,alt_log_adj,REACTOME_DNA_DAMAGE_REVERSAL,ppgs,0.006404276236080619,0.005799207428438148,1.1043364658203698,0.2694565830473378
bmi,alt_log_adj,REACTOME_DNA_DAMAGE_REVERSAL,bmi,0.2883350422551025,0.005761824689598633,50.04231433413984,0
bmi,alt_log_adj,REACTOME_DNA_DAMAGE_TELOMERE_STRESS_INDUCED_SENESCENCE,ppgs,-0.002964304899457671,0.00573709571205626,-0.5166908568787361,0.6053760101724517
bmi,alt_log_adj,REACTOME_DNA_DAMAGE_TELOMERE_STRESS_INDUCED_SENESCENCE,bmi,0.2884216463078059,0.005761486881216358,50.06027996837419,0
bmi,alt_log_adj,REACTOME_DNA_DOUBLE_STRAND_BREAK_REPAIR,ppgs,0.00347618495302683,0.007201569742033802,0.4826982279623272,0.6293137488529186
bmi,alt_log_adj,REACTOME_DNA_DOUBLE_STRAND_BREAK_REPAIR,bmi,0.28839375620740304,0.00576163646086724,50.054139681696284,0
bmi,alt_log_adj,REACTOME_DNA_DOUBLE_STRAND_BREAK_RESPONSE,ppgs,0.012604985259903258,0.00642277036384064,1.9625464629512026,0.049708662150017416
bmi,alt_log_adj,REACTOME_DNA_DOUBLE_STRAND_BREAK_RESPONSE,bmi,0.28835324448999156,0.005761191510865537,50.050973647753395,0
bmi,alt_log_adj,REACTOME_DNA_METHYLATION,ppgs,0.001172836729827022,0.005868634219446178,0.19984832687999804,0.8416006376803511
bmi,alt_log_adj,REACTOME_DNA_METHYLATION,bmi,0.2884143959076219,0.0057614940244815295,50.05895947858351,0
bmi,alt_log_adj,REACTOME_DNA_REPAIR,ppgs,0.008276899994739564,0.007302252581573623,1.1334721583892275,0.25702561199194474
bmi,alt_log_adj,REACTOME_DNA_REPAIR,bmi,0.2883736183599153,0.0057614809936256525,50.051995082334585,0
bmi,alt_log_adj,REACTOME_DNA_REPLICATION,ppgs,-1.5846948199814442e-5,0.006225814191823704,-0.0025453615722464172,0.997969115402658
bmi,alt_log_adj,REACTOME_DNA_REPLICATION,bmi,0.28841452036113474,0.005761637007603822,50.05773879550284,0
bmi,alt_log_adj,REACTOME_DNA_REPLICATION_INITIATION,ppgs,8.529101869559116e-4,0.005780213799164252,0.14755685803165824,0.8826935539604679
bmi,alt_log_adj,REACTOME_DNA_REPLICATION_INITIATION,bmi,0.2884230671377306,0.00576178000472593,50.057979808524465,0
bmi,alt_log_adj,REACTOME_DNA_REPLICATION_PRE_INITIATION,ppgs,-0.006168741592862969,0.006119767566286185,-1.00800259585782,0.3134618194169064
bmi,alt_log_adj,REACTOME_DNA_REPLICATION_PRE_INITIATION,bmi,0.28835750058528536,0.0057616734070642965,50.04752616344668,0
bmi,alt_log_adj,REACTOME_DNA_STRAND_ELONGATION,ppgs,-0.004516529597825183,0.005784094490603873,-0.7808533565905917,0.434895268285026
bmi,alt_log_adj,REACTOME_DNA_STRAND_ELONGATION,bmi,0.288419692469766,0.0057614396723114445,50.0603510361941,0
bmi,alt_log_adj,REACTOME_DOPAMINE_CLEARANCE_FROM_THE_SYNAPTIC_CLEFT,ppgs,0.004231637376013411,0.005697769111347687,0.7426831964085162,0.4576796592863337
bmi,alt_log_adj,REACTOME_DOPAMINE_CLEARANCE_FROM_THE_SYNAPTIC_CLEFT,bmi,0.2884199087871102,0.005761446319797848,50.06033082283929,0
bmi,alt_log_adj,REACTOME_DOPAMINE_NEUROTRANSMITTER_RELEASE_CYCLE,ppgs,0.0030727025543241197,0.005770030819693171,0.5325279275523029,0.5943645782568159
bmi,alt_log_adj,REACTOME_DOPAMINE_NEUROTRANSMITTER_RELEASE_CYCLE,bmi,0.28844222689453747,0.005761702343483048,50.06197989744975,0
bmi,alt_log_adj,REACTOME_DOPAMINE_RECEPTORS,ppgs,0.00384209022820255,0.005774320216806176,0.6653753314580884,0.5058158721989129
bmi,alt_log_adj,REACTOME_DOPAMINE_RECEPTORS,bmi,0.28840525434533126,0.005761470186137896,50.05757992799037,0
bmi,alt_log_adj,REACTOME_DOWNREGULATION_OF_ERBB2_ERBB3_SIGNALING,ppgs,0.005968860826069962,0.005751707064633176,1.0377546629194745,0.2993931400770007
bmi,alt_log_adj,REACTOME_DOWNREGULATION_OF_ERBB2_ERBB3_SIGNALING,bmi,0.28836927099193294,0.005761554279006323,50.05060388698917,0
bmi,alt_log_adj,REACTOME_DOWNREGULATION_OF_ERBB2_SIGNALING,ppgs,-0.0030458996080136623,0.005876568798375502,-0.5183125923507711,0.6042442337032253
bmi,alt_log_adj,REACTOME_DOWNREGULATION_OF_ERBB2_SIGNALING,bmi,0.2884110188687557,0.005761474867028334,50.058539788009696,0
bmi,alt_log_adj,REACTOME_DOWNREGULATION_OF_ERBB4_SIGNALING,ppgs,6.748366060134193e-4,0.006035041763494097,0.11181970771030927,0.9109671526921951
bmi,alt_log_adj,REACTOME_DOWNREGULATION_OF_ERBB4_SIGNALING,bmi,0.288412346927153,0.005761532633012374,50.05826839799722,0
bmi,alt_log_adj,REACTOME_DOWNREGULATION_OF_SMAD2_3_SMAD4_TRANSCRIPTIONAL_ACTIVITY,ppgs,0.018750831072233638,0.005787842101983223,3.2396929186801082,0.0011979634836303864
bmi,alt_log_adj,REACTOME_DOWNREGULATION_OF_SMAD2_3_SMAD4_TRANSCRIPTIONAL_ACTIVITY,bmi,0.2881994639950749,0.00576081456466552,50.02755439530593,0
bmi,alt_log_adj,REACTOME_DOWNREGULATION_OF_TGF_BETA_RECEPTOR_SIGNALING,ppgs,0.010824957441821792,0.005821963955511928,1.8593308932414971,0.06299060332616005
bmi,alt_log_adj,REACTOME_DOWNREGULATION_OF_TGF_BETA_RECEPTOR_SIGNALING,bmi,0.28838728988584966,0.005761165455795017,50.05710946832257,0
bmi,alt_log_adj,REACTOME_DOWNSTREAM_SIGNALING_EVENTS_OF_B_CELL_RECEPTOR_BCR,ppgs,0.020838835310673282,0.006195103769093019,3.3637588791711472,7.699049426275281e-4
bmi,alt_log_adj,REACTOME_DOWNSTREAM_SIGNALING_EVENTS_OF_B_CELL_RECEPTOR_BCR,bmi,0.28826824766171333,0.005760512888982862,50.04211486325015,0
bmi,alt_log_adj,REACTOME_DOWNSTREAM_SIGNALING_OF_ACTIVATED_FGFR1,ppgs,0.01132919883231219,0.005713546404659697,1.9828663372844286,0.047391997170795695
bmi,alt_log_adj,REACTOME_DOWNSTREAM_SIGNALING_OF_ACTIVATED_FGFR1,bmi,0.2884114818293655,0.005761098696200438,50.061888719174135,0
bmi,alt_log_adj,REACTOME_DOWNSTREAM_SIGNALING_OF_ACTIVATED_FGFR2,ppgs,0.005398258573368276,0.0057711220961413606,0.935391503322658,0.34959454170533877
bmi,alt_log_adj,REACTOME_DOWNSTREAM_SIGNALING_OF_ACTIVATED_FGFR2,bmi,0.28841401453702825,0.00576140909958411,50.059631168674954,0
bmi,alt_log_adj,REACTOME_DOWNSTREAM_SIGNALING_OF_ACTIVATED_FGFR3,ppgs,-0.006217737337703346,0.005729542123175286,-1.0852066716733562,0.27783935812485516
bmi,alt_log_adj,REACTOME_DOWNSTREAM_SIGNALING_OF_ACTIVATED_FGFR3,bmi,0.2884311775328843,0.005761398500628936,50.06270222436411,0
bmi,alt_log_adj,REACTOME_DOWNSTREAM_SIGNALING_OF_ACTIVATED_FGFR4,ppgs,0.0030747769147722636,0.005725833445352419,0.537000760521251,0.5912713031312472
bmi,alt_log_adj,REACTOME_DOWNSTREAM_SIGNALING_OF_ACTIVATED_FGFR4,bmi,0.2884056797701654,0.005761492734416018,50.05745786111767,0
bmi,alt_log_adj,REACTOME_DOWNSTREAM_SIGNAL_TRANSDUCTION,ppgs,0.012587096915398903,0.0056981162892016605,2.2089926348559006,0.027183120335806037
bmi,alt_log_adj,REACTOME_DOWNSTREAM_SIGNAL_TRANSDUCTION,bmi,0.28831290488192957,0.005761186199666857,50.04401782719701,0
bmi,alt_log_adj,REACTOME_DOWNSTREAM_TCR_SIGNALING,ppgs,0.03024412155689549,0.005931342008282156,5.099035178660156,3.4358426263679176e-7
bmi,alt_log_adj,REACTOME_DOWNSTREAM_TCR_SIGNALING,bmi,0.2882537821012177,0.005758944107489976,50.05323488490193,0
bmi,alt_log_adj,REACTOME_DRUG_ADME,ppgs,0.02043360603436951,0.005851901378591417,3.4917892001946185,4.8052677750741706e-4
bmi,alt_log_adj,REACTOME_DRUG_ADME,bmi,0.2884582544550316,0.00576027294620618,50.07718508287275,0
bmi,alt_log_adj,REACTOME_DRUG_MEDIATED_INHIBITION_OF_CDK4_CDK6_ACTIVITY,ppgs,1.5634700295724782e-4,0.006127729842739005,0.025514669701457174,0.9796446271527407
bmi,alt_log_adj,REACTOME_DRUG_MEDIATED_INHIBITION_OF_CDK4_CDK6_ACTIVITY,bmi,0.28841523854714235,0.005761548539532547,50.058632079240006,0
bmi,alt_log_adj,REACTOME_DUAL_INCISION_IN_GG_NER,ppgs,0.008605197313902871,0.005725072276671247,1.5030722579639164,0.13283155084211096
bmi,alt_log_adj,REACTOME_DUAL_INCISION_IN_GG_NER,bmi,0.2884236944458076,0.00576127157061328,50.062506325336315,0
bmi,alt_log_adj,REACTOME_DUAL_INCISION_IN_TC_NER,ppgs,0.007898051908210033,0.005707459486517366,1.3838121719247356,0.16642686988421646
bmi,alt_log_adj,REACTOME_DUAL_INCISION_IN_TC_NER,bmi,0.28844172045987304,0.0057613366702757305,50.065069439184256,0
bmi,alt_log_adj,REACTOME_E2F_ENABLED_INHIBITION_OF_PRE_REPLICATION_COMPLEX_FORMATION,ppgs,-0.004506434107178135,0.005848797169263961,-0.7704890384744263,0.4410162756184296
bmi,alt_log_adj,REACTOME_E2F_ENABLED_INHIBITION_OF_PRE_REPLICATION_COMPLEX_FORMATION,bmi,0.2883688996690318,0.00576174324908404,50.048897912081486,0
bmi,alt_log_adj,REACTOME_E2F_MEDIATED_REGULATION_OF_DNA_REPLICATION,ppgs,8.947693130683179e-4,0.0057689715639055,0.1551003160886745,0.8767433372122626
bmi,alt_log_adj,REACTOME_E2F_MEDIATED_REGULATION_OF_DNA_REPLICATION,bmi,0.2884277910809365,0.0057621211040755765,50.05583636153189,0
bmi,alt_log_adj,REACTOME_E3_UBIQUITIN_LIGASES_UBIQUITINATE_TARGET_PROTEINS,ppgs,0.009440831078260286,0.005903933573224378,1.5990747458739216,0.10981513936308006
bmi,alt_log_adj,REACTOME_E3_UBIQUITIN_LIGASES_UBIQUITINATE_TARGET_PROTEINS,bmi,0.28835561862478676,0.005761356309483261,50.04995406205827,0
bmi,alt_log_adj,REACTOME_EARLY_PHASE_OF_HIV_LIFE_CYCLE,ppgs,0.004987705831894451,0.006042443153529994,0.8254452222658701,0.40912581566279405
bmi,alt_log_adj,REACTOME_EARLY_PHASE_OF_HIV_LIFE_CYCLE,bmi,0.28843102240731044,0.005761462992708089,50.06211491288913,0
bmi,alt_log_adj,REACTOME_EARLY_SARS_COV_2_INFECTION_EVENTS,ppgs,-4.2696013883588565e-4,0.0058811333441988805,-0.072598275510457,0.9421263112035996
bmi,alt_log_adj,REACTOME_EARLY_SARS_COV_2_INFECTION_EVENTS,bmi,0.28841532156135063,0.005761505488622289,50.0590205339399,0
bmi,alt_log_adj,REACTOME_ECM_PROTEOGLYCANS,ppgs,0.005559637598842303,0.0059339360951015455,0.936922391771589,0.3488064615938331
bmi,alt_log_adj,REACTOME_ECM_PROTEOGLYCANS,bmi,0.2884175005048017,0.005761409590721015,50.06023195596262,0
bmi,alt_log_adj,REACTOME_EFFECTS_OF_PIP2_HYDROLYSIS,ppgs,0.006390798786422527,0.006288511859441467,1.0162656808585784,0.309511559681179
bmi,alt_log_adj,REACTOME_EFFECTS_OF_PIP2_HYDROLYSIS,bmi,0.2884113158040869,0.005761393943270788,50.05929444226714,0
bmi,alt_log_adj,REACTOME_EGFR_DOWNREGULATION,ppgs,0.007218386949351224,0.0059636915135813946,1.2103890573334406,0.22613973037143073
bmi,alt_log_adj,REACTOME_EGFR_DOWNREGULATION,bmi,0.28844045821549225,0.0057613886445418904,50.064398708590716,0
bmi,alt_log_adj,REACTOME_EGFR_INTERACTS_WITH_PHOSPHOLIPASE_C_GAMMA,ppgs,-0.0024471990829713283,0.006046474823586474,-0.4047315426544304,0.6856779074299619
bmi,alt_log_adj,REACTOME_EGFR_INTERACTS_WITH_PHOSPHOLIPASE_C_GAMMA,bmi,0.28840703253447775,0.005761511843711468,50.05752662806136,0
bmi,alt_log_adj,REACTOME_EGFR_TRANSACTIVATION_BY_GASTRIN,ppgs,0.010178672917431122,0.005690040134664306,1.788857842218301,0.07364838594889132
bmi,alt_log_adj,REACTOME_EGFR_TRANSACTIVATION_BY_GASTRIN,bmi,0.2884873239557932,0.005761316170481324,50.073163044563785,0
bmi,alt_log_adj,REACTOME_EGR2_AND_SOX10_MEDIATED_INITIATION_OF_SCHWANN_CELL_MYELINATION,ppgs,8.268897678894807e-4,0.005908724893442878,0.13994385976695406,0.8887053413353136
bmi,alt_log_adj,REACTOME_EGR2_AND_SOX10_MEDIATED_INITIATION_OF_SCHWANN_CELL_MYELINATION,bmi,0.288413383868141,0.00576150277725075,50.05870777446105,0
bmi,alt_log_adj,REACTOME_EICOSANOIDS,ppgs,-0.0032028264258427857,0.005711696527085511,-0.5607487041117504,0.5749732917067986
bmi,alt_log_adj,REACTOME_EICOSANOIDS,bmi,0.2883784481481183,0.005761827164992456,50.0498261905945,0
bmi,alt_log_adj,REACTOME_EICOSANOID_LIGAND_BINDING_RECEPTORS,ppgs,-0.015073227708359747,0.00571699063220238,-2.6365668020262305,0.008379535230133664
bmi,alt_log_adj,REACTOME_EICOSANOID_LIGAND_BINDING_RECEPTORS,bmi,0.28851159273506977,0.0057609091150376355,50.08091378875797,0
bmi,alt_log_adj,REACTOME_ELASTIC_FIBRE_FORMATION,ppgs,0.020643465654374284,0.006107117975364502,3.3802303701431575,7.25227498963481e-4
bmi,alt_log_adj,REACTOME_ELASTIC_FIBRE_FORMATION,bmi,0.28825042064119716,0.005760542069534182,50.03876669275087,0
bmi,alt_log_adj,REACTOME_ELECTRIC_TRANSMISSION_ACROSS_GAP_JUNCTIONS,ppgs,0.029907695666245834,0.005704223137584653,5.243079547359659,1.590496209616356e-7
bmi,alt_log_adj,REACTOME_ELECTRIC_TRANSMISSION_ACROSS_GAP_JUNCTIONS,bmi,0.28862897590118675,0.0057588516742100235,50.11918907266868,0
bmi,alt_log_adj,REACTOME_ELEVATION_OF_CYTOSOLIC_CA2_LEVELS,ppgs,7.832055532163234e-5,0.005918585696406776,0.013232984929014617,0.9894420068923332
bmi,alt_log_adj,REACTOME_ELEVATION_OF_CYTOSOLIC_CA2_LEVELS,bmi,0.28841492734241614,0.005761544085480882,50.05861676372886,0
bmi,alt_log_adj,REACTOME_ENDOGENOUS_STEROLS,ppgs,0.003216123449025832,0.005893171865693773,0.5457372570021279,0.5852508518746963
bmi,alt_log_adj,REACTOME_ENDOGENOUS_STEROLS,bmi,0.28845469243616606,0.005761935544688939,50.06211718248897,0
bmi,alt_log_adj,REACTOME_ENDOSOMAL_SORTING_COMPLEX_REQUIRED_FOR_TRANSPORT_ESCRT,ppgs,0.011365883747382573,0.006013251965112919,1.8901392812614564,0.0587495258180976
bmi,alt_log_adj,REACTOME_ENDOSOMAL_SORTING_COMPLEX_REQUIRED_FOR_TRANSPORT_ESCRT,bmi,0.28826159023475734,0.005761703841123287,50.03061562750483,0
bmi,alt_log_adj,REACTOME_ENDOSOMAL_VACUOLAR_PATHWAY,ppgs,0.004888155432508466,0.005812623282371202,0.8409551410863824,0.400380158594575
bmi,alt_log_adj,REACTOME_ENDOSOMAL_VACUOLAR_PATHWAY,bmi,0.28839884606855065,0.005761456650658043,50.05658526227239,0
bmi,alt_log_adj,REACTOME_ENERGY_DEPENDENT_REGULATION_OF_MTOR_BY_LKB1_AMPK,ppgs,-8.522608439433631e-4,0.005714147785057533,-0.14914924779719924,0.8814369272556937
bmi,alt_log_adj,REACTOME_ENERGY_DEPENDENT_REGULATION_OF_MTOR_BY_LKB1_AMPK,bmi,0.2884104292128596,0.0057615642988513086,50.057660429192886,0
bmi,alt_log_adj,REACTOME_ENHANCED_BINDING_OF_GP1BA_VARIANT_TO_VWF_MULTIMER_COLLAGEN,ppgs,0.0026563814475516366,0.005710958612146442,0.4651375763609755,0.6418365109335968
bmi,alt_log_adj,REACTOME_ENHANCED_BINDING_OF_GP1BA_VARIANT_TO_VWF_MULTIMER_COLLAGEN,bmi,0.2884254737677141,0.005761523220438652,50.060628540824474,0
bmi,alt_log_adj,REACTOME_ENOS_ACTIVATION,ppgs,-0.005052577538941272,0.005840431547678121,-0.8651034598547667,0.3869893262972124
bmi,alt_log_adj,REACTOME_ENOS_ACTIVATION,bmi,0.28843788226087763,0.005761484659140636,50.06311729100396,0
bmi,alt_log_adj,REACTOME_EPHA_MEDIATED_GROWTH_CONE_COLLAPSE,ppgs,0.017491242975994064,0.00582515957029521,3.0027062374718145,0.002678238361608979
bmi,alt_log_adj,REACTOME_EPHA_MEDIATED_GROWTH_CONE_COLLAPSE,bmi,0.2882730322111341,0.005760774974235762,50.04066874689496,0
bmi,alt_log_adj,REACTOME_EPHB_MEDIATED_FORWARD_SIGNALING,ppgs,0.01506879894116914,0.005877874730081825,2.5636475143047783,0.010362976336799024
bmi,alt_log_adj,REACTOME_EPHB_MEDIATED_FORWARD_SIGNALING,bmi,0.28829068246590367,0.00576103308284529,50.04149053133386,0
bmi,alt_log_adj,REACTOME_EPHRIN_SIGNALING,ppgs,0.004303598420554511,0.005918589411812621,0.7271324501688141,0.46715082613140746
bmi,alt_log_adj,REACTOME_EPHRIN_SIGNALING,bmi,0.2884251599799674,0.00576146247177806,50.06110191514547,0
bmi,alt_log_adj,REACTOME_EPH_EPHRIN_MEDIATED_REPULSION_OF_CELLS,ppgs,0.013387160940739247,0.006040746219167427,2.2161435781330256,0.026689580364283188
bmi,alt_log_adj,REACTOME_EPH_EPHRIN_MEDIATED_REPULSION_OF_CELLS,bmi,0.2883120655994334,0.005761184828980459,50.043884054741426,0
bmi,alt_log_adj,REACTOME_EPH_EPHRIN_SIGNALING,ppgs,0.0220193811922815,0.006066585548621616,3.629616860391016,2.8434135465077237e-4
bmi,alt_log_adj,REACTOME_EPH_EPHRIN_SIGNALING,bmi,0.28821668643932424,0.005760417858247219,50.03398946600427,0
bmi,alt_log_adj,REACTOME_EPIGENETIC_REGULATION_BY_WDR5_CONTAINING_HISTONE_MODIFYING_COMPLEXES,ppgs,0.01007785096678897,0.005968474055207447,1.6885138267454012,0.09132363531923879
bmi,alt_log_adj,REACTOME_EPIGENETIC_REGULATION_BY_WDR5_CONTAINING_HISTONE_MODIFYING_COMPLEXES,bmi,0.28854664546539055,0.005761738826448712,50.0797856613779,0
bmi,alt_log_adj,REACTOME_EPIGENETIC_REGULATION_OF_GENE_EXPRESSION,ppgs,0.018826126912574754,0.006310671454437761,2.9832208899634494,0.0028547484040697332
bmi,alt_log_adj,REACTOME_EPIGENETIC_REGULATION_OF_GENE_EXPRESSION,bmi,0.28867283916903513,0.005761244075208351,50.10599019945106,0
bmi,alt_log_adj,REACTOME_EPIGENETIC_REGULATION_OF_GENE_EXPRESSION_BY_MLL3_AND_MLL4_COMPLEXES,ppgs,0.010907527561346492,0.005839518615356799,1.8678812895059218,0.06178892850502624
bmi,alt_log_adj,REACTOME_EPIGENETIC_REGULATION_OF_GENE_EXPRESSION_BY_MLL3_AND_MLL4_COMPLEXES,bmi,0.28853995385611475,0.005761534186909271,50.080402978724614,0
bmi,alt_log_adj,REACTOME_EPITHELIAL_MESENCHYMAL_TRANSITION_EMT_DURING_GASTRULATION,ppgs,-0.004475960278416039,0.0057032489679859095,-0.7848088525577228,0.4325722070669258
bmi,alt_log_adj,REACTOME_EPITHELIAL_MESENCHYMAL_TRANSITION_EMT_DURING_GASTRULATION,bmi,0.28840647248393053,0.005761444742464802,50.058012421472505,0
bmi,alt_log_adj,REACTOME_ERBB2_ACTIVATES_PTK6_SIGNALING,ppgs,-0.0029318000851672925,0.005933130854174025,-0.4941404727496846,0.6212108050527594
bmi,alt_log_adj,REACTOME_ERBB2_ACTIVATES_PTK6_SIGNALING,bmi,0.28840686432712337,0.0057614945501695365,50.05764768425178,0
bmi,alt_log_adj,REACTOME_ERBB2_REGULATES_CELL_MOTILITY,ppgs,-0.0021680413933051483,0.005876694524789181,-0.36892191420872333,0.7121886836785187
bmi,alt_log_adj,REACTOME_ERBB2_REGULATES_CELL_MOTILITY,bmi,0.288409008040884,0.005761504238791192,50.05793558200946,0
bmi,alt_log_adj,REACTOME_ERCC6_CSB_AND_EHMT2_G9A_POSITIVELY_REGULATE_RRNA_EXPRESSION,ppgs,0.022477946430114033,0.005702653679916899,3.9416643008280294,8.111230210437238e-5
bmi,alt_log_adj,REACTOME_ERCC6_CSB_AND_EHMT2_G9A_POSITIVELY_REGULATE_RRNA_EXPRESSION,bmi,0.2884655851148168,0.005759934332125998,50.081401710762876,0
bmi,alt_log_adj,REACTOME_ERKS_ARE_INACTIVATED,ppgs,0.005851872413089329,0.005732649835917826,1.0207971148742623,0.30735928257786493
bmi,alt_log_adj,REACTOME_ERKS_ARE_INACTIVATED,bmi,0.28833376029477603,0.00576193662892303,50.04111965540115,0
bmi,alt_log_adj,REACTOME_ERK_MAPK_TARGETS,ppgs,-0.0053371387314273344,0.005904709242693246,-0.9038783303397625,0.36606760133252736
bmi,alt_log_adj,REACTOME_ERK_MAPK_TARGETS,bmi,0.28839381739461295,0.005761460930365943,50.05567526712282,0
bmi,alt_log_adj,REACTOME_ERYTHROCYTES_TAKE_UP_CARBON_DIOXIDE_AND_RELEASE_OXYGEN,ppgs,0.00277193979140138,0.0056843072791432185,0.4876477739991543,0.6258031212442128
bmi,alt_log_adj,REACTOME_ERYTHROCYTES_TAKE_UP_CARBON_DIOXIDE_AND_RELEASE_OXYGEN,bmi,0.28841216124509844,0.005761476017492241,50.05872807062966,0
bmi,alt_log_adj,REACTOME_ERYTHROCYTES_TAKE_UP_OXYGEN_AND_RELEASE_CARBON_DIOXIDE,ppgs,-4.247546223543421e-5,0.00568656782121008,-0.007469437377851513,0.9940403592142651
bmi,alt_log_adj,REACTOME_ERYTHROCYTES_TAKE_UP_OXYGEN_AND_RELEASE_CARBON_DIOXIDE,bmi,0.28841463855571836,0.005761498379911639,50.05896375174224,0
bmi,alt_log_adj,REACTOME_ERYTHROPOIETIN_ACTIVATES_PHOSPHOINOSITIDE_3_KINASE_PI3K,ppgs,-1.2532653244195306e-4,0.0056892210473955245,-0.022028768331883757,0.982425162329453
bmi,alt_log_adj,REACTOME_ERYTHROPOIETIN_ACTIVATES_PHOSPHOINOSITIDE_3_KINASE_PI3K,bmi,0.28841635874186244,0.005762037162953501,50.05458149354007,0
bmi,alt_log_adj,REACTOME_ERYTHROPOIETIN_ACTIVATES_PHOSPHOLIPASE_C_GAMMA_PLCG,ppgs,3.9754196521999243e-4,0.005755106366668659,0.06907638884354964,0.9449293022932062
bmi,alt_log_adj,REACTOME_ERYTHROPOIETIN_ACTIVATES_PHOSPHOLIPASE_C_GAMMA_PLCG,bmi,0.28841289826210365,0.0057615515421536425,50.05819980121122,0
bmi,alt_log_adj,REACTOME_ERYTHROPOIETIN_ACTIVATES_RAS,ppgs,6.37460380664636e-4,0.005674194121660769,0.11234377375831811,0.9105516304428932
bmi,alt_log_adj,REACTOME_ERYTHROPOIETIN_ACTIVATES_RAS,bmi,0.288415280427595,0.00576149966790148,50.05906396808749,0
bmi,alt_log_adj,REACTOME_ERYTHROPOIETIN_ACTIVATES_STAT5,ppgs,0.003544820978026981,0.0058851900166995656,0.602329061248379,0.5469599374617329
bmi,alt_log_adj,REACTOME_ERYTHROPOIETIN_ACTIVATES_STAT5,bmi,0.2883970876012736,0.00576153465155274,50.05560237731977,0
bmi,alt_log_adj,REACTOME_ER_QUALITY_CONTROL_COMPARTMENT_ERQC,ppgs,0.01535926775312098,0.005907633135952378,2.5999020927092302,0.009329870886156428
bmi,alt_log_adj,REACTOME_ER_QUALITY_CONTROL_COMPARTMENT_ERQC,bmi,0.28842567371674116,0.00576081278149616,50.06683686079331,0
bmi,alt_log_adj,REACTOME_ER_TO_GOLGI_ANTEROGRADE_TRANSPORT,ppgs,0.003734191292041548,0.005912321153772981,0.6315947992200243,0.5276567785149405
bmi,alt_log_adj,REACTOME_ER_TO_GOLGI_ANTEROGRADE_TRANSPORT,bmi,0.28843032670260654,0.005761511090056716,50.061576241757656,0
bmi,alt_log_adj,REACTOME_ESR_MEDIATED_SIGNALING,ppgs,0.014560046357172986,0.006700768319019931,2.1728920720695157,0.029796695033406775
bmi,alt_log_adj,REACTOME_ESR_MEDIATED_SIGNALING,bmi,0.2883152847240424,0.0057611996399498525,50.044314160679214,0
bmi,alt_log_adj,REACTOME_ESTABLISHMENT_OF_SISTER_CHROMATID_COHESION,ppgs,0.013124287182900679,0.005712992556017679,2.2972701354347898,0.021610614979413283
bmi,alt_log_adj,REACTOME_ESTABLISHMENT_OF_SISTER_CHROMATID_COHESION,bmi,0.2882524764150302,0.0057613941269344555,50.03172323647379,0
bmi,alt_log_adj,REACTOME_ESTROGEN_BIOSYNTHESIS,ppgs,0.009998953752511107,0.005883994244094629,1.6993479833102125,0.08926460778406142
bmi,alt_log_adj,REACTOME_ESTROGEN_BIOSYNTHESIS,bmi,0.2884437244647074,0.0057612299985862,50.0663442590369,0
bmi,alt_log_adj,REACTOME_ESTROGEN_DEPENDENT_GENE_EXPRESSION,ppgs,0.013295900159698608,0.006214135234069882,2.1396219520299367,0.03239384391383779
bmi,alt_log_adj,REACTOME_ESTROGEN_DEPENDENT_GENE_EXPRESSION,bmi,0.2884127282360193,0.005761032893834049,50.06267687599968,0
bmi,alt_log_adj,REACTOME_ESTROGEN_DEPENDENT_NUCLEAR_EVENTS_DOWNSTREAM_OF_ESR_MEMBRANE_SIGNALING,ppgs,0.009405105725210295,0.006032676113808408,1.5590271295491254,0.11900112186672787
bmi,alt_log_adj,REACTOME_ESTROGEN_DEPENDENT_NUCLEAR_EVENTS_DOWNSTREAM_OF_ESR_MEMBRANE_SIGNALING,bmi,0.2883452855694964,0.005761422658586283,50.04758419168809,0
bmi,alt_log_adj,REACTOME_ESTROGEN_STIMULATED_SIGNALING_THROUGH_PRKCZ,ppgs,-0.0020379770963845703,0.005759963802247164,-0.3538176916301946,0.7234781452901373
bmi,alt_log_adj,REACTOME_ESTROGEN_STIMULATED_SIGNALING_THROUGH_PRKCZ,bmi,0.28844080908667846,0.0057619606129865894,50.0594898959525,0
bmi,alt_log_adj,REACTOME_ETHANOL_OXIDATION,ppgs,0.019123181728046994,0.005690851288692499,3.3603376292829887,7.79499624282429e-4
bmi,alt_log_adj,REACTOME_ETHANOL_OXIDATION,bmi,0.28851691352527153,0.005760431297177018,50.08599159348769,0
bmi,alt_log_adj,REACTOME_EUKARYOTIC_TRANSLATION_ELONGATION,ppgs,0.02676042563255932,0.005872066427240222,4.557241639573259,5.204593497297797e-6
bmi,alt_log_adj,REACTOME_EUKARYOTIC_TRANSLATION_ELONGATION,bmi,0.2883869406581252,0.005759391899608969,50.07246349700653,0
bmi,alt_log_adj,REACTOME_EUKARYOTIC_TRANSLATION_INITIATION,ppgs,0.01669353054456631,0.005822001854797893,2.867317970846956,0.004142719509553714
bmi,alt_log_adj,REACTOME_EUKARYOTIC_TRANSLATION_INITIATION,bmi,0.28838224382086874,0.005760673773123601,50.06050597176929,0
bmi,alt_log_adj,REACTOME_EVASION_BY_RSV_OF_HOST_INTERFERON_RESPONSES,ppgs,0.0063086218536153645,0.0058624409675459305,1.0761083802019433,0.2818879459651613
bmi,alt_log_adj,REACTOME_EVASION_BY_RSV_OF_HOST_INTERFERON_RESPONSES,bmi,0.2884193592520881,0.005761381983186791,50.060794457609425,0
bmi,alt_log_adj,REACTOME_EXPORT_OF_VIRAL_RIBONUCLEOPROTEINS_FROM_NUCLEUS,ppgs,0.0034517895955509677,0.005944883132500095,0.5806320357553156,0.5614930917618531
bmi,alt_log_adj,REACTOME_EXPORT_OF_VIRAL_RIBONUCLEOPROTEINS_FROM_NUCLEUS,bmi,0.288441044797478,0.0057616434257772905,50.06228665713812,0
bmi,alt_log_adj,REACTOME_EXPRESSION_OF_BMAL_ARNTL_CLOCK_AND_NPAS2,ppgs,0.011895242722934171,0.005858074236477461,2.0305722056002726,0.042307724250065244
bmi,alt_log_adj,REACTOME_EXPRESSION_OF_BMAL_ARNTL_CLOCK_AND_NPAS2,bmi,0.28848461839485123,0.005761182153855616,50.073858227479526,0
bmi,alt_log_adj,REACTOME_EXPRESSION_OF_NOTCH2NL_GENES,ppgs,-5.138854040867986e-4,0.006558090304847191,-0.07835900089801714,0.9375430387922032
bmi,alt_log_adj,REACTOME_EXPRESSION_OF_NOTCH2NL_GENES,bmi,0.28841544612148595,0.00576150694136485,50.05902953111133,0
bmi,alt_log_adj,REACTOME_EXTENSION_OF_TELOMERES,ppgs,-0.0033756825156074097,0.00577090800834072,-0.5849482457056185,0.5585871722723663
bmi,alt_log_adj,REACTOME_EXTENSION_OF_TELOMERES,bmi,0.28842615749835454,0.005761496950755168,50.06097546585529,0
bmi,alt_log_adj,REACTOME_EXTRACELLULAR_MATRIX_ORGANIZATION,ppgs,0.033648963219557744,0.00770182582592296,4.368959254609652,1.2528301663833229e-5
bmi,alt_log_adj,REACTOME_EXTRACELLULAR_MATRIX_ORGANIZATION,bmi,0.2883160926102052,0.005759603451994969,50.05832346154671,0
bmi,alt_log_adj,REACTOME_EXTRA_NUCLEAR_ESTROGEN_SIGNALING,ppgs,0.007597511000104398,0.0062761686562172155,1.2105332753571323,0.22608442273392507
bmi,alt_log_adj,REACTOME_EXTRA_NUCLEAR_ESTROGEN_SIGNALING,bmi,0.28834028873387696,0.005761676295526706,50.044513774184225,0
bmi,alt_log_adj,REACTOME_EXTRINSIC_PATHWAY_OF_FIBRIN_CLOT_FORMATION,ppgs,0.009974231877035543,0.005722920236174898,1.742857049446167,0.08136943055268274
bmi,alt_log_adj,REACTOME_EXTRINSIC_PATHWAY_OF_FIBRIN_CLOT_FORMATION,bmi,0.28837398054326147,0.005761236521639907,50.054181851429576,0
bmi,alt_log_adj,REACTOME_FACTORS_INVOLVED_IN_MEGAKARYOCYTE_DEVELOPMENT_AND_PLATELET_PRODUCTION,ppgs,0.02479967514455024,0.006567849616589314,3.7759200639902466,1.597433206173945e-4
bmi,alt_log_adj,REACTOME_FACTORS_INVOLVED_IN_MEGAKARYOCYTE_DEVELOPMENT_AND_PLATELET_PRODUCTION,bmi,0.2884834890951859,0.0057600785765822725,50.08325585488051,0
bmi,alt_log_adj,REACTOME_FANCONI_ANEMIA_PATHWAY,ppgs,0.0016962136902714667,0.005907470298536863,0.28713029512676136,0.7740146547846285
bmi,alt_log_adj,REACTOME_FANCONI_ANEMIA_PATHWAY,bmi,0.2884090120730859,0.005761522724501019,50.05777567215337,0
bmi,alt_log_adj,REACTOME_FASL_CD95L_SIGNALING,ppgs,0.003297115650870659,0.005706838800220563,0.577748166067566,0.5634387437271565
bmi,alt_log_adj,REACTOME_FASL_CD95L_SIGNALING,bmi,0.28840004378655704,0.005761519309057765,50.05624876291906,0
bmi,alt_log_adj,REACTOME_FASTK_FAMILY_PROTEINS_REGULATE_PROCESSING_AND_STABILITY_OF_MITOCHONDRIAL_RNAS,ppgs,0.003911520995535759,0.005895862389004901,0.6634349205351691,0.507057441760544
bmi,alt_log_adj,REACTOME_FASTK_FAMILY_PROTEINS_REGULATE_PROCESSING_AND_STABILITY_OF_MITOCHONDRIAL_RNAS,bmi,0.2883990439228298,0.0057615010956489346,50.056233459823126,0
bmi,alt_log_adj,REACTOME_FATTY_ACIDS,ppgs,0.0019063729803584354,0.005729361926264128,0.33273739814190784,0.7393349772903779
bmi,alt_log_adj,REACTOME_FATTY_ACIDS,bmi,0.28840920057773217,0.005761509762013383,50.05792101217345,0
bmi,alt_log_adj,REACTOME_FATTY_ACIDS_BOUND_TO_GPR40_FFAR1_REGULATE_INSULIN_SECRETION,ppgs,-0.0045263719272121,0.005735972746860695,-0.7891201940750833,0.430048359560393
bmi,alt_log_adj,REACTOME_FATTY_ACIDS_BOUND_TO_GPR40_FFAR1_REGULATE_INSULIN_SECRETION,bmi,0.28842187819758824,0.005761442031949702,50.060709905291674,0
bmi,alt_log_adj,REACTOME_FATTY_ACID_METABOLISM,ppgs,0.011383499367580058,0.006142955691969701,1.8530980749968604,0.06387868656416151
bmi,alt_log_adj,REACTOME_FATTY_ACID_METABOLISM,bmi,0.28845402889414745,0.005761188298929289,50.0684952352202,0
bmi,alt_log_adj,REACTOME_FATTY_ACYL_COA_BIOSYNTHESIS,ppgs,0.012315302397934805,0.005923433262128718,2.07908181842316,0.037618799218199994
bmi,alt_log_adj,REACTOME_FATTY_ACYL_COA_BIOSYNTHESIS,bmi,0.28848327768937954,0.005761153412043013,50.073875326135074,0
bmi,alt_log_adj,REACTOME_FBXL7_DOWN_REGULATES_AURKA_DURING_MITOTIC_ENTRY_AND_IN_EARLY_MITOSIS,ppgs,-0.007807269638457966,0.00604430597488538,-1.2916734643973773,0.19648078130174823
bmi,alt_log_adj,REACTOME_FBXL7_DOWN_REGULATES_AURKA_DURING_MITOTIC_ENTRY_AND_IN_EARLY_MITOSIS,bmi,0.2884741343066536,0.005761512662271554,50.06916607086285,0
bmi,alt_log_adj,REACTOME_FBXW7_MUTANTS_AND_NOTCH1_IN_CANCER,ppgs,0.007922261467307942,0.005764208523418545,1.3743884238611015,0.16933199250036882
bmi,alt_log_adj,REACTOME_FBXW7_MUTANTS_AND_NOTCH1_IN_CANCER,bmi,0.2883970136297644,0.005761320277506382,50.05745206628029,0
bmi,alt_log_adj,REACTOME_FCERI_MEDIATED_CA_2_MOBILIZATION,ppgs,-0.006015644031189361,0.006085199741378034,-0.9885696915229076,0.32288215840596113
bmi,alt_log_adj,REACTOME_FCERI_MEDIATED_CA_2_MOBILIZATION,bmi,0.28842596458851794,0.00576141009109835,50.06169670757331,0
bmi,alt_log_adj,REACTOME_FCERI_MEDIATED_MAPK_ACTIVATION,ppgs,0.0029283022868397996,0.005828132102769057,0.5024426754926347,0.6153600690943171
bmi,alt_log_adj,REACTOME_FCERI_MEDIATED_MAPK_ACTIVATION,bmi,0.2884031813427958,0.005761517315577616,50.05681065351136,0
bmi,alt_log_adj,REACTOME_FCERI_MEDIATED_NF_KB_ACTIVATION,ppgs,0.03024412155689549,0.005931342008282156,5.099035178660156,3.4358426263679176e-7
bmi,alt_log_adj,REACTOME_FCERI_MEDIATED_NF_KB_ACTIVATION,bmi,0.2882537821012177,0.005758944107489976,50.05323488490193,0
bmi,alt_log_adj,REACTOME_FCGAMMA_RECEPTOR_FCGR_DEPENDENT_PHAGOCYTOSIS,ppgs,0.026086262056713834,0.0066326250009585445,3.9330223030766636,8.40840286737325e-5
bmi,alt_log_adj,REACTOME_FCGAMMA_RECEPTOR_FCGR_DEPENDENT_PHAGOCYTOSIS,bmi,0.2884205142368858,0.005759926925498453,50.073641205426654,0
bmi,alt_log_adj,REACTOME_FCGR3A_MEDIATED_IL10_SYNTHESIS,ppgs,0.009650589878995405,0.006499795843830894,1.4847527692973623,0.13762044615947092
bmi,alt_log_adj,REACTOME_FCGR3A_MEDIATED_IL10_SYNTHESIS,bmi,0.2884134525680179,0.005761274024207023,50.060707294288946,0
bmi,alt_log_adj,REACTOME_FCGR_ACTIVATION,ppgs,0.01495862111148305,0.005846273071534783,2.5586593250862406,0.010512812749340347
bmi,alt_log_adj,REACTOME_FCGR_ACTIVATION,bmi,0.28829172345226656,0.005761033063520338,50.04167139358561,0
bmi,alt_log_adj,REACTOME_FC_EPSILON_RECEPTOR_FCERI_SIGNALING,ppgs,0.0038698538530567007,0.0064177759934560775,0.6029898608182367,0.5465202580142845
bmi,alt_log_adj,REACTOME_FC_EPSILON_RECEPTOR_FCERI_SIGNALING,bmi,0.28842875357442077,0.005761508687360791,50.06132407769449,0
bmi,alt_log_adj,REACTOME_FERTILIZATION,ppgs,-0.00801794526014912,0.005706808631848511,-1.4049788204571354,0.1600385336556245
bmi,alt_log_adj,REACTOME_FERTILIZATION,bmi,0.2884292605085608,0.005761306813943078,50.06316619183103,0
bmi,alt_log_adj,REACTOME_FGFR1B_LIGAND_BINDING_AND_ACTIVATION,ppgs,-0.014793110147180691,0.006170311777765663,-2.397465586826058,0.01651536089875659
bmi,alt_log_adj,REACTOME_FGFR1B_LIGAND_BINDING_AND_ACTIVATION,bmi,0.2883898210813313,0.005760923268261061,50.059653227837906,0
bmi,alt_log_adj,REACTOME_FGFR1C_LIGAND_BINDING_AND_ACTIVATION,ppgs,-0.015378010077443929,0.006131207854767937,-2.508153440840407,0.012141934848220074
bmi,alt_log_adj,REACTOME_FGFR1C_LIGAND_BINDING_AND_ACTIVATION,bmi,0.288416786711041,0.0057608588851368785,50.064893527449804,0
bmi,alt_log_adj,REACTOME_FGFR1_LIGAND_BINDING_AND_ACTIVATION,ppgs,-0.014413282862415088,0.006105257293501167,-2.3607985985713533,0.018242360481584903
bmi,alt_log_adj,REACTOME_FGFR1_LIGAND_BINDING_AND_ACTIVATION,bmi,0.2884120698306927,0.005760931805798521,50.0634410461861,0
bmi,alt_log_adj,REACTOME_FGFR1_MUTANT_RECEPTOR_ACTIVATION,ppgs,-0.010345683464407007,0.00589432345728187,-1.7551943898881066,0.07923686350132908
bmi,alt_log_adj,REACTOME_FGFR1_MUTANT_RECEPTOR_ACTIVATION,bmi,0.2884103807155796,0.005761185450847193,50.06094373739841,0
bmi,alt_log_adj,REACTOME_FGFR2B_LIGAND_BINDING_AND_ACTIVATION,ppgs,0.004857212732406572,0.00601729423271154,0.8072087793216973,0.4195529808185612
bmi,alt_log_adj,REACTOME_FGFR2B_LIGAND_BINDING_AND_ACTIVATION,bmi,0.28841389921452987,0.005761431830048851,50.059413653096094,0
bmi,alt_log_adj,REACTOME_FGFR2C_LIGAND_BINDING_AND_ACTIVATION,ppgs,-0.01142117837508849,0.006166243376536412,-1.8522101184893196,0.06400604461542767
bmi,alt_log_adj,REACTOME_FGFR2C_LIGAND_BINDING_AND_ACTIVATION,bmi,0.2884163782218832,0.005761149464644546,50.06229746196631,0
bmi,alt_log_adj,REACTOME_FGFR2_ALTERNATIVE_SPLICING,ppgs,0.00896923660335263,0.005777588778333369,1.5524186555104635,0.12057324543022586
bmi,alt_log_adj,REACTOME_FGFR2_ALTERNATIVE_SPLICING,bmi,0.2884755085806204,0.005761386585767949,50.07050026693683,0
bmi,alt_log_adj,REACTOME_FGFR2_LIGAND_BINDING_AND_ACTIVATION,ppgs,-0.005419600243361579,0.006124989039073263,-0.8848342762392254,0.37625352437777904
bmi,alt_log_adj,REACTOME_FGFR2_LIGAND_BINDING_AND_ACTIVATION,bmi,0.28842994681893913,0.0057614444450403285,50.06208938927297,0
bmi,alt_log_adj,REACTOME_FGFR2_MUTANT_RECEPTOR_ACTIVATION,ppgs,-0.009444062396908287,0.006109928241325098,-1.5456912133652319,0.1221903226445712
bmi,alt_log_adj,REACTOME_FGFR2_MUTANT_RECEPTOR_ACTIVATION,bmi,0.28839410639943425,0.00576127049613389,50.05737998119713,0
bmi,alt_log_adj,REACTOME_FGFR3B_LIGAND_BINDING_AND_ACTIVATION,ppgs,-0.00513508526224646,0.006212841762417907,-0.8265276114561774,0.4085118179551992
bmi,alt_log_adj,REACTOME_FGFR3B_LIGAND_BINDING_AND_ACTIVATION,bmi,0.28843003452805366,0.005761458729045725,50.0619804970514,0
bmi,alt_log_adj,REACTOME_FGFR3_LIGAND_BINDING_AND_ACTIVATION,ppgs,-0.006733978247366064,0.006105723585517971,-1.1028960209299739,0.2700816847358751
bmi,alt_log_adj,REACTOME_FGFR3_LIGAND_BINDING_AND_ACTIVATION,bmi,0.2884288724440584,0.0057613888587101075,50.06238591377314,0
bmi,alt_log_adj,REACTOME_FGFRL1_MODULATION_OF_FGFR1_SIGNALING,ppgs,-0.006619709490294715,0.005707815018236844,-1.1597624430967557,0.24615530655338505
bmi,alt_log_adj,REACTOME_FGFRL1_MODULATION_OF_FGFR1_SIGNALING,bmi,0.2884183589830941,0.005761362197244272,50.060792762004795,0
bmi,alt_log_adj,REACTOME_FIBRONECTIN_MATRIX_FORMATION,ppgs,0.006132803710594463,0.0059782508052835396,1.025852529501494,0.30496985433936036
bmi,alt_log_adj,REACTOME_FIBRONECTIN_MATRIX_FORMATION,bmi,0.2884268872916564,0.005761403440723586,50.06191464617036,0
bmi,alt_log_adj,REACTOME_FICOLINS_BIND_TO_REPETITIVE_CARBOHYDRATE_STRUCTURES_ON_THE_TARGET_CELL_SURFACE,ppgs,-0.006323577488761263,0.005691679314217733,-1.1110213945056702,0.26656856311279103
bmi,alt_log_adj,REACTOME_FICOLINS_BIND_TO_REPETITIVE_CARBOHYDRATE_STRUCTURES_ON_THE_TARGET_CELL_SURFACE,bmi,0.2884199485446077,0.005761374537162254,50.060961439710184,0
bmi,alt_log_adj,REACTOME_FLT3_SIGNALING,ppgs,0.0010761029203198316,0.005691380493359464,0.18907590549874448,0.850034679020531
bmi,alt_log_adj,REACTOME_FLT3_SIGNALING,bmi,0.28840908288630696,0.005761568825558688,50.05738742665119,0
bmi,alt_log_adj,REACTOME_FLT3_SIGNALING_BY_CBL_MUTANTS,ppgs,-0.0018017711791903533,0.005891703132881192,-0.3058149975572923,0.7597477543331003
bmi,alt_log_adj,REACTOME_FLT3_SIGNALING_BY_CBL_MUTANTS,bmi,0.2884212687939705,0.005761529461097781,50.059844480777116,0
bmi,alt_log_adj,REACTOME_FLT3_SIGNALING_IN_DISEASE,ppgs,0.005982643869633932,0.005735574031542076,1.0430767411828574,0.29692164656391545
bmi,alt_log_adj,REACTOME_FLT3_SIGNALING_IN_DISEASE,bmi,0.2883877401437033,0.0057614450557375565,50.05475837290356,0
bmi,alt_log_adj,REACTOME_FLT3_SIGNALING_THROUGH_SRC_FAMILY_KINASES,ppgs,-6.353390292337023e-4,0.0057764412616133015,-0.10998796671850145,0.9124196967195259
bmi,alt_log_adj,REACTOME_FLT3_SIGNALING_THROUGH_SRC_FAMILY_KINASES,bmi,0.2884178888728707,0.005761573291683365,50.05887702395318,0
bmi,alt_log_adj,REACTOME_FOLDING_OF_ACTIN_BY_CCT_TRIC,ppgs,0.010157517070364325,0.005725429960959435,1.774105550085567,0.07605642401364568
bmi,alt_log_adj,REACTOME_FOLDING_OF_ACTIN_BY_CCT_TRIC,bmi,0.288349247638049,0.005761296008523986,50.04937208770888,0
bmi,alt_log_adj,REACTOME_FORMATION_OF_APOPTOSOME,ppgs,-9.24958489008993e-4,0.005710367278660938,-0.16197880869510248,0.8713236960736713
bmi,alt_log_adj,REACTOME_FORMATION_OF_APOPTOSOME,bmi,0.28842217412611215,0.0057616839403143265,50.058659432536906,0
bmi,alt_log_adj,REACTOME_FORMATION_OF_AXIAL_MESODERM,ppgs,0.008686086565037216,0.005858710153810684,1.48259366601154,0.13819351687931275
bmi,alt_log_adj,REACTOME_FORMATION_OF_AXIAL_MESODERM,bmi,0.28831895545683484,0.005761635961197456,50.041161468471664,0
bmi,alt_log_adj,REACTOME_FORMATION_OF_DEFINITIVE_ENDODERM,ppgs,0.01619566881791603,0.005702250176604578,2.840224177529824,0.004511394203190259
bmi,alt_log_adj,REACTOME_FORMATION_OF_DEFINITIVE_ENDODERM,bmi,0.28829904189119776,0.0057608221447550505,50.044773931040396,0
bmi,alt_log_adj,REACTOME_FORMATION_OF_FIBRIN_CLOT_CLOTTING_CASCADE,ppgs,0.010906221294670261,0.00577311516237937,1.8891397430872137,0.05888330278603601
bmi,alt_log_adj,REACTOME_FORMATION_OF_FIBRIN_CLOT_CLOTTING_CASCADE,bmi,0.28846380411838074,0.005761194171376586,50.070140935634335,0
bmi,alt_log_adj,REACTOME_FORMATION_OF_INCISION_COMPLEX_IN_GG_NER,ppgs,0.0041450709633881954,0.005955220234280841,0.6960399112575824,0.48640954167144
bmi,alt_log_adj,REACTOME_FORMATION_OF_INCISION_COMPLEX_IN_GG_NER,bmi,0.28843818750980255,0.005761548215949282,50.062618014952946,0
bmi,alt_log_adj,REACTOME_FORMATION_OF_INTERMEDIATE_MESODERM,ppgs,0.005158973055145874,0.00573006073541838,0.9003347945786113,0.3679497577023465
bmi,alt_log_adj,REACTOME_FORMATION_OF_INTERMEDIATE_MESODERM,bmi,0.28846672034274723,0.0057617061820723105,50.06619762047542,0
bmi,alt_log_adj,REACTOME_FORMATION_OF_LATERAL_PLATE_MESODERM,ppgs,0.014216848210733742,0.005756960466124221,2.469505964890706,0.013535822673906647
bmi,alt_log_adj,REACTOME_FORMATION_OF_LATERAL_PLATE_MESODERM,bmi,0.28838416794321897,0.005760891562132124,50.05894744467072,0
bmi,alt_log_adj,REACTOME_FORMATION_OF_NEURONAL_PROGENITOR_AND_NEURONAL_BAF_NPBAF_AND_NBAF,ppgs,0.015815994541792115,0.005822318511724472,2.716442686868343,0.006602763716806824
bmi,alt_log_adj,REACTOME_FORMATION_OF_NEURONAL_PROGENITOR_AND_NEURONAL_BAF_NPBAF_AND_NBAF,bmi,0.28843171048008825,0.005760751712431297,50.06841552599341,0
bmi,alt_log_adj,REACTOME_FORMATION_OF_PARAXIAL_MESODERM,ppgs,-0.013334204030183277,0.005969749293914771,-2.2336288131522406,0.025515275437281007
bmi,alt_log_adj,REACTOME_FORMATION_OF_PARAXIAL_MESODERM,bmi,0.2882477728068426,0.005761475323771787,50.03020174668376,0
bmi,alt_log_adj,REACTOME_FORMATION_OF_RNA_POL_II_ELONGATION_COMPLEX,ppgs,0.005104189681766051,0.00575349077258161,0.8871465834429043,0.3750075128593666
bmi,alt_log_adj,REACTOME_FORMATION_OF_RNA_POL_II_ELONGATION_COMPLEX,bmi,0.2883820334221879,0.005761535104558093,50.0529855652605,0
bmi,alt_log_adj,REACTOME_FORMATION_OF_SENESCENCE_ASSOCIATED_HETEROCHROMATIN_FOCI_SAHF,ppgs,0.003500155831520215,0.005750305122236609,0.608690453309165,0.5427345131798101
bmi,alt_log_adj,REACTOME_FORMATION_OF_SENESCENCE_ASSOCIATED_HETEROCHROMATIN_FOCI_SAHF,bmi,0.28842884070761615,0.005761507675497209,50.06134799303642,0
bmi,alt_log_adj,REACTOME_FORMATION_OF_TC_NER_PRE_INCISION_COMPLEX,ppgs,0.0022035419495740074,0.005848407886869151,0.37677637952055315,0.7063426157253677
bmi,alt_log_adj,REACTOME_FORMATION_OF_TC_NER_PRE_INCISION_COMPLEX,bmi,0.28843766379362,0.0057618080945266385,50.060269113721084,0
bmi,alt_log_adj,REACTOME_FORMATION_OF_THE_ACTIVE_COFACTOR_UDP_GLUCURONATE,ppgs,0.0014715283462712553,0.005696623554800017,0.2583158834554435,0.7961650041547644
bmi,alt_log_adj,REACTOME_FORMATION_OF_THE_ACTIVE_COFACTOR_UDP_GLUCURONATE,bmi,0.28840865134267535,0.005761537558278002,50.05758418224638,0
bmi,alt_log_adj,REACTOME_FORMATION_OF_THE_ANTERIOR_NEURAL_PLATE,ppgs,0.0011828624689346743,0.005687899059147924,0.2079612272711241,0.8352607355041015
bmi,alt_log_adj,REACTOME_FORMATION_OF_THE_ANTERIOR_NEURAL_PLATE,bmi,0.28840556731644995,0.005761658102724448,50.056001618713715,0
bmi,alt_log_adj,REACTOME_FORMATION_OF_THE_BETA_CATENIN_TCF_TRANSACTIVATING_COMPLEX,ppgs,0.0135792275094023,0.00585983593660004,2.317339197943682,0.02049234769489539
bmi,alt_log_adj,REACTOME_FORMATION_OF_THE_BETA_CATENIN_TCF_TRANSACTIVATING_COMPLEX,bmi,0.2883934187034259,0.0057609596243800385,50.05996179576786,0
bmi,alt_log_adj,REACTOME_FORMATION_OF_THE_CANONICAL_BAF_CBAF_COMPLEX,ppgs,0.013193753492988758,0.005776188113736849,2.2841627095924317,0.02236932816316059
bmi,alt_log_adj,REACTOME_FORMATION_OF_THE_CANONICAL_BAF_CBAF_COMPLEX,bmi,0.28844026275337864,0.005760978803184014,50.06792640756839,0
bmi,alt_log_adj,REACTOME_FORMATION_OF_THE_CORNIFIED_ENVELOPE,ppgs,4.209289148307197e-4,0.005741740934447227,0.07331032863314717,0.9415596899666239
bmi,alt_log_adj,REACTOME_FORMATION_OF_THE_CORNIFIED_ENVELOPE,bmi,0.2884092737944731,0.005761959319886867,50.0540281148906,0
bmi,alt_log_adj,REACTOME_FORMATION_OF_THE_DYSTROPHIN_GLYCOPROTEIN_COMPLEX_DGC,ppgs,0.004599804349628501,0.006352438208132438,0.7241006049834217,0.4690099485147806
bmi,alt_log_adj,REACTOME_FORMATION_OF_THE_DYSTROPHIN_GLYCOPROTEIN_COMPLEX_DGC,bmi,0.2884366365894094,0.0057615249061219375,50.062551371240204,0
bmi,alt_log_adj,REACTOME_FORMATION_OF_THE_EARLY_ELONGATION_COMPLEX,ppgs,0.007018079098258109,0.005733631173099039,1.2240199772851492,0.22095486382110763
bmi,alt_log_adj,REACTOME_FORMATION_OF_THE_EARLY_ELONGATION_COMPLEX,bmi,0.28840583255581703,0.005761350207386186,50.058722725460086,0
bmi,alt_log_adj,REACTOME_FORMATION_OF_THE_EMBRYONIC_STEM_CELL_BAF_ESBAF_COMPLEX,ppgs,0.01207380888980064,0.005706802556796591,2.1156871592519315,0.034380119003902566
bmi,alt_log_adj,REACTOME_FORMATION_OF_THE_EMBRYONIC_STEM_CELL_BAF_ESBAF_COMPLEX,bmi,0.2884114578143719,0.005761043367222858,50.06236534431821,0
bmi,alt_log_adj,REACTOME_FORMATION_OF_THE_NEPHRIC_DUCT,ppgs,0.005158973055145874,0.00573006073541838,0.9003347945786113,0.3679497577023465
bmi,alt_log_adj,REACTOME_FORMATION_OF_THE_NEPHRIC_DUCT,bmi,0.28846672034274723,0.0057617061820723105,50.06619762047542,0
bmi,alt_log_adj,REACTOME_FORMATION_OF_THE_NON_CANONICAL_BAF_NCBAF_COMPLEX,ppgs,0.01019471970213368,0.005850107182856024,1.7426551998926993,0.08140470471638873
bmi,alt_log_adj,REACTOME_FORMATION_OF_THE_NON_CANONICAL_BAF_NCBAF_COMPLEX,bmi,0.2884374460723659,0.005761204287405881,50.065477924970736,0
bmi,alt_log_adj,REACTOME_FORMATION_OF_THE_POLYBROMO_BAF_PBAF_COMPLEX,ppgs,0.009122033377022153,0.006014748239560923,1.5166110057647337,0.12937607516002086
bmi,alt_log_adj,REACTOME_FORMATION_OF_THE_POLYBROMO_BAF_PBAF_COMPLEX,bmi,0.28837869927617954,0.005761312945784453,50.05433691762673,0
bmi,alt_log_adj,REACTOME_FORMATION_OF_THE_POSTERIOR_NEURAL_PLATE,ppgs,0.0011828624689346743,0.005687899059147924,0.2079612272711241,0.8352607355041015
bmi,alt_log_adj,REACTOME_FORMATION_OF_THE_POSTERIOR_NEURAL_PLATE,bmi,0.28840556731644995,0.005761658102724448,50.056001618713715,0
bmi,alt_log_adj,REACTOME_FORMATION_OF_THE_URETERIC_BUD,ppgs,0.004429802336176137,0.006023170064467891,0.7354602790162929,0.46206530673250834
bmi,alt_log_adj,REACTOME_FORMATION_OF_THE_URETERIC_BUD,bmi,0.2884677907463391,0.005761896543801317,50.06472930456804,0
bmi,alt_log_adj,REACTOME_FORMATION_OF_TUBULIN_FOLDING_INTERMEDIATES_BY_CCT_TRIC,ppgs,0.012693889601962823,0.005701802175561745,2.2262942857557513,0.026002304148757253
bmi,alt_log_adj,REACTOME_FORMATION_OF_TUBULIN_FOLDING_INTERMEDIATES_BY_CCT_TRIC,bmi,0.28850102564431146,0.005761125109770204,50.077201960958455,0
bmi,alt_log_adj,REACTOME_FORMATION_OF_WDR5_CONTAINING_HISTONE_MODIFYING_COMPLEXES,ppgs,0.007815679110465887,0.0058289229377844354,1.3408444739941294,0.17998169661900257
bmi,alt_log_adj,REACTOME_FORMATION_OF_WDR5_CONTAINING_HISTONE_MODIFYING_COMPLEXES,bmi,0.2884986147882103,0.005761655820073426,50.07217088238598,0
bmi,alt_log_adj,REACTOME_FORMATION_OF_XYLULOSE_5_PHOSPHATE,ppgs,9.778134515030159e-4,0.0057044957585137114,0.17141102262082883,0.8639018116696423
bmi,alt_log_adj,REACTOME_FORMATION_OF_XYLULOSE_5_PHOSPHATE,bmi,0.28841355449143075,0.005761498353430543,50.05877582516395,0
bmi,alt_log_adj,REACTOME_FORMYL_PEPTIDE_RECEPTORS_BIND_FORMYL_PEPTIDES_AND_MANY_OTHER_LIGANDS,ppgs,-0.0057739885654341195,0.005724424766206194,-1.0086583021442648,0.3131471449014564
bmi,alt_log_adj,REACTOME_FORMYL_PEPTIDE_RECEPTORS_BIND_FORMYL_PEPTIDES_AND_MANY_OTHER_LIGANDS,bmi,0.2884295215852268,0.005761413525863814,50.062284245077215,0
bmi,alt_log_adj,REACTOME_FOXO_MEDIATED_TRANSCRIPTION,ppgs,0.00282755764354068,0.005691411786249859,0.49681129212472475,0.6193259838978054
bmi,alt_log_adj,REACTOME_FOXO_MEDIATED_TRANSCRIPTION,bmi,0.288427204986205,0.0057615285580753595,50.06088264232334,0
bmi,alt_log_adj,REACTOME_FOXO_MEDIATED_TRANSCRIPTION_OF_CELL_CYCLE_GENES,ppgs,0.001326481779198924,0.005679370158074125,0.23356142358728277,0.8153271653668264
bmi,alt_log_adj,REACTOME_FOXO_MEDIATED_TRANSCRIPTION_OF_CELL_CYCLE_GENES,bmi,0.2884106930769041,0.005761516988632299,50.05811727118913,0
bmi,alt_log_adj,REACTOME_FOXO_MEDIATED_TRANSCRIPTION_OF_CELL_DEATH_GENES,ppgs,0.008266425808448807,0.0057128750081976544,1.44698173801929,0.14791309530362803
bmi,alt_log_adj,REACTOME_FOXO_MEDIATED_TRANSCRIPTION_OF_CELL_DEATH_GENES,bmi,0.28838654621056165,0.005761317895056166,50.05565592171689,0
bmi,alt_log_adj,REACTOME_FOXO_MEDIATED_TRANSCRIPTION_OF_OXIDATIVE_STRESS_METABOLIC_AND_NEURONAL_GENES,ppgs,-0.0026665219389193,0.005771443425829717,-0.4620199388917954,0.644070567428495
bmi,alt_log_adj,REACTOME_FOXO_MEDIATED_TRANSCRIPTION_OF_OXIDATIVE_STRESS_METABOLIC_AND_NEURONAL_GENES,bmi,0.28841796988511326,0.005761480836433523,50.05969438642618,0
bmi,alt_log_adj,REACTOME_FREE_FATTY_ACIDS_REGULATE_INSULIN_SECRETION,ppgs,-0.0045263719272121,0.005735972746860695,-0.7891201940750833,0.430048359560393
bmi,alt_log_adj,REACTOME_FREE_FATTY_ACIDS_REGULATE_INSULIN_SECRETION,bmi,0.28842187819758824,0.005761442031949702,50.060709905291674,0
bmi,alt_log_adj,REACTOME_FREE_FATTY_ACID_RECEPTORS,ppgs,-4.5001458074402376e-5,0.005902942535346259,-0.007623563638801821,0.9939173888365637
bmi,alt_log_adj,REACTOME_FREE_FATTY_ACID_RECEPTORS,bmi,0.2884144634701127,0.00576153560780941,50.05860990934161,0
bmi,alt_log_adj,REACTOME_FRS_MEDIATED_FGFR1_SIGNALING,ppgs,-0.004353887635327726,0.0057811351157934995,-0.7531198541672773,0.4513841487246669
bmi,alt_log_adj,REACTOME_FRS_MEDIATED_FGFR1_SIGNALING,bmi,0.2884128218289042,0.005761440832260277,50.05914843627001,0
bmi,alt_log_adj,REACTOME_FRS_MEDIATED_FGFR2_SIGNALING,ppgs,-0.005633022880061605,0.005866064531521611,-0.9602729137724714,0.33692606840288586
bmi,alt_log_adj,REACTOME_FRS_MEDIATED_FGFR2_SIGNALING,bmi,0.28840429669324663,0.005761414304315841,50.05789923443011,0
bmi,alt_log_adj,REACTOME_FRS_MEDIATED_FGFR3_SIGNALING,ppgs,-0.003002336425472544,0.005810816303685264,-0.5166806638799507,0.6053831266633477
bmi,alt_log_adj,REACTOME_FRS_MEDIATED_FGFR3_SIGNALING,bmi,0.2884125963808791,0.005761472178414816,50.05883695167501,0
bmi,alt_log_adj,REACTOME_FRS_MEDIATED_FGFR4_SIGNALING,ppgs,0.0027250601852619924,0.005784831893463566,0.4710699006380997,0.6375944434014493
bmi,alt_log_adj,REACTOME_FRS_MEDIATED_FGFR4_SIGNALING,bmi,0.2884172503809798,0.005761478123481454,50.05959307655926,0
bmi,alt_log_adj,REACTOME_FRUCTOSE_CATABOLISM,ppgs,0.020559550125987282,0.005717671598371044,3.595790659233501,3.239569228246664e-4
bmi,alt_log_adj,REACTOME_FRUCTOSE_CATABOLISM,bmi,0.2882035163598343,0.005760483719760741,50.03113113073857,0
bmi,alt_log_adj,REACTOME_FRUCTOSE_METABOLISM,ppgs,0.009200914942262555,0.005696025650632699,1.6153218940017489,0.1062521329222704
bmi,alt_log_adj,REACTOME_FRUCTOSE_METABOLISM,bmi,0.2883330057260291,0.005761454399879603,50.04517708793363,0
bmi,alt_log_adj,REACTOME_G0_AND_EARLY_G1,ppgs,0.0038266826554138626,0.005763265021620532,0.6639782555649097,0.5067096281711554
bmi,alt_log_adj,REACTOME_G0_AND_EARLY_G1,bmi,0.28842351607714434,0.005761468743171455,50.06076209629472,0
bmi,alt_log_adj,REACTOME_G1_S_DNA_DAMAGE_CHECKPOINTS,ppgs,-0.0028258209862216392,0.0059204339698005724,-0.4772996372623722,0.6331524487815183
bmi,alt_log_adj,REACTOME_G1_S_DNA_DAMAGE_CHECKPOINTS,bmi,0.28840586117915573,0.005761504061180509,50.05739093761265,0
bmi,alt_log_adj,REACTOME_G1_S_SPECIFIC_TRANSCRIPTION,ppgs,0.008626811819201167,0.005773514967544511,1.4942044608347433,0.1351333170150049
bmi,alt_log_adj,REACTOME_G1_S_SPECIFIC_TRANSCRIPTION,bmi,0.28846414754031363,0.005761366451077515,50.068703317138215,0
bmi,alt_log_adj,REACTOME_G2_M_CHECKPOINTS,ppgs,-0.005723460254859522,0.006339687689646887,-0.9027984555463665,0.3666405416509616
bmi,alt_log_adj,REACTOME_G2_M_CHECKPOINTS,bmi,0.28841056377554036,0.0057614169046126115,50.058964409369125,0
bmi,alt_log_adj,REACTOME_G2_M_DNA_DAMAGE_CHECKPOINT,ppgs,0.004241117849374612,0.0061632925118215425,0.6881253552772174,0.4913794751323838
bmi,alt_log_adj,REACTOME_G2_M_DNA_DAMAGE_CHECKPOINT,bmi,0.2884020645958603,0.005761478756207813,50.05695183465115,0
bmi,alt_log_adj,REACTOME_G2_M_DNA_REPLICATION_CHECKPOINT,ppgs,4.0488847352638786e-4,0.0057103783375464425,0.07090396635616876,0.9434746867738308
bmi,alt_log_adj,REACTOME_G2_M_DNA_REPLICATION_CHECKPOINT,bmi,0.28841374188093716,0.005761510839599426,50.058699863695715,0
bmi,alt_log_adj,REACTOME_G2_PHASE,ppgs,0.004816502649218293,0.00568027807192969,0.8479343067762953,0.3964817161937252
bmi,alt_log_adj,REACTOME_G2_PHASE,bmi,0.28845363273740776,0.005761608595134777,50.064774094683216,0
bmi,alt_log_adj,REACTOME_GAB1_SIGNALOSOME,ppgs,0.004655668238360396,0.005742234012018388,0.8107764728181,0.41750085415393023
bmi,alt_log_adj,REACTOME_GAB1_SIGNALOSOME,bmi,0.288440326678003,0.005761518400704271,50.06324836917034,0
bmi,alt_log_adj,REACTOME_GABA_B_RECEPTOR_ACTIVATION,ppgs,-0.009666562258920281,0.005743197614097504,-1.6831324478879701,0.09236046529814326
bmi,alt_log_adj,REACTOME_GABA_B_RECEPTOR_ACTIVATION,bmi,0.28854448498267704,0.005761726735847224,50.079515779091956,0
bmi,alt_log_adj,REACTOME_GABA_RECEPTOR_ACTIVATION,ppgs,0.003969896406704641,0.0062082397620446235,0.6394560388880977,0.5225314704045977
bmi,alt_log_adj,REACTOME_GABA_RECEPTOR_ACTIVATION,bmi,0.28841037131349906,0.005761460255584857,50.05855434547678,0
bmi,alt_log_adj,REACTOME_GABA_SYNTHESIS_RELEASE_REUPTAKE_AND_DEGRADATION,ppgs,0.007672988583753491,0.005803561047665275,1.3221173208542834,0.18613975414451914
bmi,alt_log_adj,REACTOME_GABA_SYNTHESIS_RELEASE_REUPTAKE_AND_DEGRADATION,bmi,0.28846499138718995,0.005761446313367847,50.06815575420472,0
bmi,alt_log_adj,REACTOME_GALACTOSE_CATABOLISM,ppgs,-0.00785166277012463,0.005794610021306745,-1.3549941654838056,0.17543021284367544
bmi,alt_log_adj,REACTOME_GALACTOSE_CATABOLISM,bmi,0.2884200762783728,0.005761312816529258,50.06151991103365,0
bmi,alt_log_adj,REACTOME_GAMMA_CARBOXYLATION_HYPUSINYLATION_HYDROXYLATION_AND_ARYLSULFATASE_ACTIVATION,ppgs,0.009911556344238417,0.006036969356521025,1.641809947822931,0.10064048888423968
bmi,alt_log_adj,REACTOME_GAMMA_CARBOXYLATION_HYPUSINYLATION_HYDROXYLATION_AND_ARYLSULFATASE_ACTIVATION,bmi,0.28851760648626873,0.005761565536409227,50.0762517866075,0
bmi,alt_log_adj,REACTOME_GAMMA_CARBOXYLATION_TRANSPORT_AND_AMINO_TERMINAL_CLEAVAGE_OF_PROTEINS,ppgs,0.001620763450773729,0.0057534849903082925,0.2817011695526962,0.7781747138033271
bmi,alt_log_adj,REACTOME_GAMMA_CARBOXYLATION_TRANSPORT_AND_AMINO_TERMINAL_CLEAVAGE_OF_PROTEINS,bmi,0.2884204266957593,0.005761526752850993,50.059721852899386,0
bmi,alt_log_adj,REACTOME_GAP_FILLING_DNA_REPAIR_SYNTHESIS_AND_LIGATION_IN_GG_NER,ppgs,0.005134719057491424,0.0057240606607099525,0.8970413421255685,0.3697044745786032
bmi,alt_log_adj,REACTOME_GAP_FILLING_DNA_REPAIR_SYNTHESIS_AND_LIGATION_IN_GG_NER,bmi,0.288379169074909,0.005761551760354746,50.05234372087861,0
bmi,alt_log_adj,REACTOME_GAP_JUNCTION_ASSEMBLY,ppgs,0.004035327879025386,0.0056977625727452985,0.7082302618799862,0.47880809938222824
bmi,alt_log_adj,REACTOME_GAP_JUNCTION_ASSEMBLY,bmi,0.2884314865647753,0.005761496208962362,50.06190685608755,0
bmi,alt_log_adj,REACTOME_GAP_JUNCTION_DEGRADATION,ppgs,0.016992719439124296,0.0057253256397316364,2.9679917804502027,0.0030000277201528967
bmi,alt_log_adj,REACTOME_GAP_JUNCTION_DEGRADATION,bmi,0.28833719111159184,0.005760662111193917,50.0527865627295,0
bmi,alt_log_adj,REACTOME_GAP_JUNCTION_TRAFFICKING_AND_REGULATION,ppgs,0.005259671596840983,0.0057746248404759335,0.910824814102987,0.3623954301472636
bmi,alt_log_adj,REACTOME_GAP_JUNCTION_TRAFFICKING_AND_REGULATION,bmi,0.2883774672158096,0.005761558082874359,50.051993413549376,0
bmi,alt_log_adj,REACTOME_GASTRIN_CREB_SIGNALLING_PATHWAY_VIA_PKC_AND_MAPK,ppgs,-0.007520301090729885,0.005962668056088136,-1.2612308818786817,0.20723605378883733
bmi,alt_log_adj,REACTOME_GASTRIN_CREB_SIGNALLING_PATHWAY_VIA_PKC_AND_MAPK,bmi,0.28837873153612653,0.005761406613442344,50.05352874474955,0
bmi,alt_log_adj,REACTOME_GASTRULATION,ppgs,0.0022009432124917593,0.0059204971617419005,0.3717497285049299,0.7100819745870965
bmi,alt_log_adj,REACTOME_GASTRULATION,bmi,0.2884321952221083,0.0057616778462980245,50.06045164559675,0
bmi,alt_log_adj,REACTOME_GDP_FUCOSE_BIOSYNTHESIS,ppgs,-5.253391079821106e-4,0.005718198986836011,-0.09187142825765683,0.9268008415207258
bmi,alt_log_adj,REACTOME_GDP_FUCOSE_BIOSYNTHESIS,bmi,0.2884104961857824,0.005761672154182242,50.0567350012154,0
bmi,alt_log_adj,REACTOME_GENERATION_OF_SECOND_MESSENGER_MOLECULES,ppgs,0.012587096915398903,0.0056981162892016605,2.2089926348559006,0.027183120335806037
bmi,alt_log_adj,REACTOME_GENERATION_OF_SECOND_MESSENGER_MOLECULES,bmi,0.28831290488192957,0.005761186199666857,50.04401782719701,0
bmi,alt_log_adj,REACTOME_GENE_AND_PROTEIN_EXPRESSION_BY_JAK_STAT_SIGNALING_AFTER_INTERLEUKIN_12_STIMULATION,ppgs,-1.0308129364929508e-4,0.005731649792430339,-0.01798457641034388,0.9856512842281556
bmi,alt_log_adj,REACTOME_GENE_AND_PROTEIN_EXPRESSION_BY_JAK_STAT_SIGNALING_AFTER_INTERLEUKIN_12_STIMULATION,bmi,0.2884148923283401,0.005761517510754758,50.058841579491755,0
bmi,alt_log_adj,REACTOME_GENE_SILENCING_BY_RNA,ppgs,0.011720212113865636,0.006114442797823765,1.916807876269128,0.05527238541351956
bmi,alt_log_adj,REACTOME_GENE_SILENCING_BY_RNA,bmi,0.28841627324734775,0.005761124714900756,50.062494307991415,0
bmi,alt_log_adj,REACTOME_GERM_LAYER_FORMATION_AT_GASTRULATION,ppgs,0.003223938345780761,0.00572668007417814,0.5629681253397838,0.5734610410928483
bmi,alt_log_adj,REACTOME_GERM_LAYER_FORMATION_AT_GASTRULATION,bmi,0.28839267407072267,0.0057615976710521915,50.05428885110889,0
bmi,alt_log_adj,REACTOME_GLI_PROTEINS_BIND_PROMOTERS_OF_HH_RESPONSIVE_GENES_TO_PROMOTE_TRANSCRIPTION,ppgs,-7.43874696462016e-4,0.005721799682525751,-0.1300071197413277,0.8965617161555415
bmi,alt_log_adj,REACTOME_GLI_PROTEINS_BIND_PROMOTERS_OF_HH_RESPONSIVE_GENES_TO_PROMOTE_TRANSCRIPTION,bmi,0.2884181178874854,0.005761558995322344,50.05904098554652,0
bmi,alt_log_adj,REACTOME_GLOBAL_GENOME_NUCLEOTIDE_EXCISION_REPAIR_GG_NER,ppgs,0.002463778513871594,0.005762210179557862,0.42757525968284643,0.6689636290315182
bmi,alt_log_adj,REACTOME_GLOBAL_GENOME_NUCLEOTIDE_EXCISION_REPAIR_GG_NER,bmi,0.2884117139509797,0.005761483409060361,50.058586213653044,0
bmi,alt_log_adj,REACTOME_GLUCAGON_LIKE_PEPTIDE_1_GLP1_REGULATES_INSULIN_SECRETION,ppgs,-0.0011699361440369476,0.00597324000298948,-0.19586290580177917,0.8447188755778987
bmi,alt_log_adj,REACTOME_GLUCAGON_LIKE_PEPTIDE_1_GLP1_REGULATES_INSULIN_SECRETION,bmi,0.2884224271945563,0.00576163187864616,50.05915568183235,0
bmi,alt_log_adj,REACTOME_GLUCAGON_SIGNALING_IN_METABOLIC_REGULATION,ppgs,0.003178079479083685,0.006268991463942066,0.5069522741199022,0.6121922490768881
bmi,alt_log_adj,REACTOME_GLUCAGON_SIGNALING_IN_METABOLIC_REGULATION,bmi,0.2884243968877977,0.005761504119041658,50.06060759976908,0
bmi,alt_log_adj,REACTOME_GLUCAGON_TYPE_LIGAND_RECEPTORS,ppgs,0.001407850806873686,0.0060138427929771684,0.2341016975897246,0.8149077185658113
bmi,alt_log_adj,REACTOME_GLUCAGON_TYPE_LIGAND_RECEPTORS,bmi,0.2884095337059785,0.005761533405206289,50.05777341243275,0
bmi,alt_log_adj,REACTOME_GLUCOCORTICOID_BIOSYNTHESIS,ppgs,0.002699382326733655,0.005688558202576362,0.474528383222149,0.6351268178851606
bmi,alt_log_adj,REACTOME_GLUCOCORTICOID_BIOSYNTHESIS,bmi,0.28842718797319644,0.005761535943361487,50.06081552012633,0
bmi,alt_log_adj,REACTOME_GLUCONEOGENESIS,ppgs,0.0013506922577873808,0.005700200718234011,0.23695520992212377,0.8126932501904952
bmi,alt_log_adj,REACTOME_GLUCONEOGENESIS,bmi,0.28840785142031833,0.0057615631231214435,50.057223232168205,0
bmi,alt_log_adj,REACTOME_GLUCOSE_METABOLISM,ppgs,0.005895511851359856,0.005963372565611681,0.9886204134480628,0.32285733246304515
bmi,alt_log_adj,REACTOME_GLUCOSE_METABOLISM,bmi,0.2884333805736052,0.005761429900774217,50.062811756999025,0
bmi,alt_log_adj,REACTOME_GLUCURONIDATION,ppgs,0.004491656053955996,0.005810223511152904,0.7730608031402103,0.4394928425585558
bmi,alt_log_adj,REACTOME_GLUCURONIDATION,bmi,0.2884241765707407,0.0057614504997878435,50.06103525168905,0
bmi,alt_log_adj,REACTOME_GLUTAMATE_AND_GLUTAMINE_METABOLISM,ppgs,-0.0039800633458966115,0.005678545814812679,-0.7008948198523787,0.4833744101320817
bmi,alt_log_adj,REACTOME_GLUTAMATE_AND_GLUTAMINE_METABOLISM,bmi,0.28844523349724116,0.00576161358702991,50.063272925238564,0
bmi,alt_log_adj,REACTOME_GLUTAMATE_NEUROTRANSMITTER_RELEASE_CYCLE,ppgs,-0.0030340835827152965,0.005895954951667553,-0.5146042681104893,0.6068335937625154
bmi,alt_log_adj,REACTOME_GLUTAMATE_NEUROTRANSMITTER_RELEASE_CYCLE,bmi,0.288370138960331,0.005762119485839395,50.04584505215666,0
bmi,alt_log_adj,REACTOME_GLUTATHIONE_CONJUGATION,ppgs,0.0020767212826498516,0.005708639227937471,0.3637856938807062,0.7160207592383894
bmi,alt_log_adj,REACTOME_GLUTATHIONE_CONJUGATION,bmi,0.28844128264874747,0.005761950603522219,50.05965904539799,0
bmi,alt_log_adj,REACTOME_GLUTATHIONE_SYNTHESIS_AND_RECYCLING,ppgs,0.011617154960473452,0.0057126164841259115,2.033596162591159,0.04200162267168976
bmi,alt_log_adj,REACTOME_GLUTATHIONE_SYNTHESIS_AND_RECYCLING,bmi,0.28852612597057564,0.005761338696984692,50.079702156997186,0
bmi,alt_log_adj,REACTOME_GLYCEROPHOSPHOLIPID_BIOSYNTHESIS,ppgs,0.035024019967787735,0.005963692404394666,5.872874989658825,4.330747310651673e-9
bmi,alt_log_adj,REACTOME_GLYCEROPHOSPHOLIPID_BIOSYNTHESIS,bmi,0.28844844020626315,0.00575799919791483,50.09525536417585,0
bmi,alt_log_adj,REACTOME_GLYCEROPHOSPHOLIPID_CATABOLISM,ppgs,0.0030551553503740878,0.0056814507718862825,0.5377421143015122,0.5907593211807705
bmi,alt_log_adj,REACTOME_GLYCEROPHOSPHOLIPID_CATABOLISM,bmi,0.2883799041161309,0.005761830320197721,50.05005147500334,0
bmi,alt_log_adj,REACTOME_GLYCINE_DEGRADATION,ppgs,0.004684776274710591,0.005700229837080286,0.8218574353328495,0.4111649524060855
bmi,alt_log_adj,REACTOME_GLYCINE_DEGRADATION,bmi,0.28841010343393064,0.005761431959131717,50.05875370563186,0
bmi,alt_log_adj,REACTOME_GLYCOGEN_BREAKDOWN_GLYCOGENOLYSIS,ppgs,0.0031887074395817233,0.005820939683173645,0.54779942984106,0.5838339430534416
bmi,alt_log_adj,REACTOME_GLYCOGEN_BREAKDOWN_GLYCOGENOLYSIS,bmi,0.2883899685591667,0.005761643250626232,50.053423305551185,0
bmi,alt_log_adj,REACTOME_GLYCOGEN_METABOLISM,ppgs,0.00395557065152039,0.005880045766381514,0.6727108612208277,0.5011367395420077
bmi,alt_log_adj,REACTOME_GLYCOGEN_METABOLISM,bmi,0.2883813215278754,0.005761664643661436,50.05173667043109,0
bmi,alt_log_adj,REACTOME_GLYCOGEN_STORAGE_DISEASES,ppgs,0.00347689116279508,0.0058032325875233565,0.599130072827033,0.5490909366558598
bmi,alt_log_adj,REACTOME_GLYCOGEN_STORAGE_DISEASES,bmi,0.2884034705744227,0.005761491561680528,50.05708460853849,0
bmi,alt_log_adj,REACTOME_GLYCOGEN_SYNTHESIS,ppgs,-7.72850359358071e-4,0.005911296190035678,-0.13074126799141264,0.8959809130688868
bmi,alt_log_adj,REACTOME_GLYCOGEN_SYNTHESIS,bmi,0.2884184977505521,0.005761572488877221,50.058989678138595,0
bmi,alt_log_adj,REACTOME_GLYCOSAMINOGLYCAN_METABOLISM,ppgs,0.013010005125579349,0.006093763353238485,2.1349705217327286,0.03277196668028547
bmi,alt_log_adj,REACTOME_GLYCOSAMINOGLYCAN_METABOLISM,bmi,0.2885232977530497,0.005761259720508843,50.07989775673,0
bmi,alt_log_adj,REACTOME_GLYCOSPHINGOLIPID_BIOSYNTHESIS,ppgs,-0.001521624516588465,0.0058675708612739635,-0.2593278466615895,0.7953841786030007
bmi,alt_log_adj,REACTOME_GLYCOSPHINGOLIPID_BIOSYNTHESIS,bmi,0.28842222291836767,0.005761565686242462,50.05969533716605,0
bmi,alt_log_adj,REACTOME_GLYCOSPHINGOLIPID_CATABOLISM,ppgs,0.007124307612974301,0.005797905994620135,1.2287725291829381,0.21916730383187477
bmi,alt_log_adj,REACTOME_GLYCOSPHINGOLIPID_CATABOLISM,bmi,0.28843385747226197,0.005761365814242423,50.06345140578249,0
bmi,alt_log_adj,REACTOME_GLYCOSPHINGOLIPID_METABOLISM,ppgs,0.005057191475229755,0.005952467409532218,0.8495958276279214,0.3955570070625105
bmi,alt_log_adj,REACTOME_GLYCOSPHINGOLIPID_METABOLISM,bmi,0.28841088940534904,0.005761426299700701,50.05893929777972,0
bmi,alt_log_adj,REACTOME_GLYCOSPHINGOLIPID_TRANSPORT,ppgs,0.003524962894689683,0.0057900856718795645,0.6087928736200232,0.5426666158751275
bmi,alt_log_adj,REACTOME_GLYCOSPHINGOLIPID_TRANSPORT,bmi,0.2884157036353558,0.005761460583587724,50.05947701125402,0
bmi,alt_log_adj,REACTOME_GLYOXYLATE_METABOLISM_AND_GLYCINE_DEGRADATION,ppgs,-4.564861383069011e-4,0.0059860357792587485,-0.07625850481692709,0.939213976156837
bmi,alt_log_adj,REACTOME_GLYOXYLATE_METABOLISM_AND_GLYCINE_DEGRADATION,bmi,0.2884136910524155,0.005761510320783364,50.05869554932973,0
bmi,alt_log_adj,REACTOME_GOLGI_ASSOCIATED_VESICLE_BIOGENESIS,ppgs,0.001975485504035208,0.0059642459231989235,0.3312213361879043,0.7404797532046824
bmi,alt_log_adj,REACTOME_GOLGI_ASSOCIATED_VESICLE_BIOGENESIS,bmi,0.2884146859227619,0.005761486826747083,50.05907235330779,0
bmi,alt_log_adj,REACTOME_GOLGI_CISTERNAE_PERICENTRIOLAR_STACK_REORGANIZATION,ppgs,-0.00574062898401067,0.0057085336244167605,-1.005622347472323,0.3146058529267922
bmi,alt_log_adj,REACTOME_GOLGI_CISTERNAE_PERICENTRIOLAR_STACK_REORGANIZATION,bmi,0.2884682011574297,0.005761641560400323,50.067016167765,0
bmi,alt_log_adj,REACTOME_GOLGI_TO_ER_RETROGRADE_TRANSPORT,ppgs,0.019200314983018385,0.006054719393247608,3.1711320931620897,0.0015200775158356879
bmi,alt_log_adj,REACTOME_GOLGI_TO_ER_RETROGRADE_TRANSPORT,bmi,0.2884772060494678,0.005760510178772694,50.078412692073286,0
bmi,alt_log_adj,REACTOME_GP1B_IX_V_ACTIVATION_SIGNALLING,ppgs,0.011374546635164491,0.005786118518318527,1.965833675745375,0.04932757110146145
bmi,alt_log_adj,REACTOME_GP1B_IX_V_ACTIVATION_SIGNALLING,bmi,0.2883843461179162,0.00576112589748539,50.056942210513036,0
bmi,alt_log_adj,REACTOME_GPCR_LIGAND_BINDING,ppgs,-0.008095207227102736,0.00686563217977869,-1.1790913080000858,0.2383717148905096
bmi,alt_log_adj,REACTOME_GPCR_LIGAND_BINDING,bmi,0.28842570851413263,0.005761364375010417,50.062049497366,0
bmi,alt_log_adj,REACTOME_GPER1_SIGNALING,ppgs,0.0037450345358180244,0.006613435370105616,0.5662767270315392,0.5712101612073922
bmi,alt_log_adj,REACTOME_GPER1_SIGNALING,bmi,0.2884138180307684,0.005761465561451777,50.05910648159697,0
bmi,alt_log_adj,REACTOME_GPVI_MEDIATED_ACTIVATION_CASCADE,ppgs,0.009435896202839144,0.00579551374054093,1.628138009031523,0.10350673797914264
bmi,alt_log_adj,REACTOME_GPVI_MEDIATED_ACTIVATION_CASCADE,bmi,0.2883779372767331,0.005761272680301298,50.05455448459207,0
bmi,alt_log_adj,REACTOME_GRB2_EVENTS_IN_ERBB2_SIGNALING,ppgs,-0.0025637253698710867,0.005894861277528458,-0.43490851593813606,0.6636321435528394
bmi,alt_log_adj,REACTOME_GRB2_EVENTS_IN_ERBB2_SIGNALING,bmi,0.28840734077847474,0.005761503077687635,50.05765629031414,0
bmi,alt_log_adj,REACTOME_GRB2_SOS_PROVIDES_LINKAGE_TO_MAPK_SIGNALING_FOR_INTEGRINS,ppgs,0.014969177976387955,0.00568561582669021,2.632815588087671,0.008472622896305728
bmi,alt_log_adj,REACTOME_GRB2_SOS_PROVIDES_LINKAGE_TO_MAPK_SIGNALING_FOR_INTEGRINS,bmi,0.288484848629533,0.005760855469504788,50.07673776171503,0
bmi,alt_log_adj,REACTOME_GRB7_EVENTS_IN_ERBB2_SIGNALING,ppgs,0.004386725081627844,0.005778701369989786,0.7591195323588071,0.4477873675650509
bmi,alt_log_adj,REACTOME_GRB7_EVENTS_IN_ERBB2_SIGNALING,bmi,0.2884187633677168,0.005761441996936694,50.060169575787874,0
bmi,alt_log_adj,REACTOME_GROWTH_HORMONE_RECEPTOR_SIGNALING,ppgs,0.008364894394942512,0.005806622707067029,1.44057825295966,0.14971491172574927
bmi,alt_log_adj,REACTOME_GROWTH_HORMONE_RECEPTOR_SIGNALING,bmi,0.28833544805633926,0.005761549240865148,50.04477719486489,0
bmi,alt_log_adj,REACTOME_G_ALPHA_12_13_SIGNALLING_EVENTS,ppgs,0.0045844244538805114,0.006298752146519298,0.7278305840965457,0.4667233111918958
bmi,alt_log_adj,REACTOME_G_ALPHA_12_13_SIGNALLING_EVENTS,bmi,0.288439418778052,0.005761544871362012,50.062860780925554,0
bmi,alt_log_adj,REACTOME_G_ALPHA_I_SIGNALLING_EVENTS,ppgs,-0.004844770017906691,0.007347117262850711,-0.6594110104112998,0.5096372300803227
bmi,alt_log_adj,REACTOME_G_ALPHA_I_SIGNALLING_EVENTS,bmi,0.28842543966650724,0.005761477141265246,50.061022997162794,0
bmi,alt_log_adj,REACTOME_G_ALPHA_Q_SIGNALLING_EVENTS,ppgs,-0.005838364438154455,0.007172255651738009,-0.8140206821461642,0.4156399400548608
bmi,alt_log_adj,REACTOME_G_ALPHA_Q_SIGNALLING_EVENTS,bmi,0.2884106045691479,0.005761432752298156,50.058833795136266,0
bmi,alt_log_adj,REACTOME_G_ALPHA_S_SIGNALLING_EVENTS,ppgs,0.006437475391837551,0.00690547670508447,0.9322275154585155,0.35122689745336444
bmi,alt_log_adj,REACTOME_G_ALPHA_S_SIGNALLING_EVENTS,bmi,0.28837956639634515,0.005761532382936385,50.05258102001182,0
bmi,alt_log_adj,REACTOME_G_ALPHA_Z_SIGNALLING_EVENTS,ppgs,-9.816790087051879e-4,0.00628340029871887,-0.15623372092103438,0.8758499101040056
bmi,alt_log_adj,REACTOME_G_ALPHA_Z_SIGNALLING_EVENTS,bmi,0.28841906302926595,0.005761565604913817,50.059147601007005,0
bmi,alt_log_adj,REACTOME_G_BETA_GAMMA_SIGNALLING_THROUGH_CDC42,ppgs,9.296364103288868e-4,0.005970326840270766,0.155709467035933,0.8762631432307127
bmi,alt_log_adj,REACTOME_G_BETA_GAMMA_SIGNALLING_THROUGH_CDC42,bmi,0.2884123062491341,0.005761514706959659,50.058417086177805,0
bmi,alt_log_adj,REACTOME_G_BETA_GAMMA_SIGNALLING_THROUGH_PI3KGAMMA,ppgs,0.0030840152571022486,0.005938252681712733,0.5193472596071385,0.6035226570572738
bmi,alt_log_adj,REACTOME_G_BETA_GAMMA_SIGNALLING_THROUGH_PI3KGAMMA,bmi,0.28839769068858045,0.005761562801788121,50.05546248651065,0
bmi,alt_log_adj,REACTOME_G_PROTEIN_ACTIVATION,ppgs,-0.007026781469513276,0.005733375736240138,-1.2255923547967804,0.22036229780470737
bmi,alt_log_adj,REACTOME_G_PROTEIN_ACTIVATION,bmi,0.2884748049947778,0.0057615546026979735,50.06891800690271,0
bmi,alt_log_adj,REACTOME_G_PROTEIN_BETA_GAMMA_SIGNALLING,ppgs,8.443251865656127e-4,0.006122610046210688,0.1379028192540483,0.8903182016688751
bmi,alt_log_adj,REACTOME_G_PROTEIN_BETA_GAMMA_SIGNALLING,bmi,0.28840607907808175,0.00576182909236097,50.054604962242,0
bmi,alt_log_adj,REACTOME_G_PROTEIN_MEDIATED_EVENTS,ppgs,-6.081505861579156e-4,0.0068294245208023645,-0.08904858444595068,0.9290439276859255
bmi,alt_log_adj,REACTOME_G_PROTEIN_MEDIATED_EVENTS,bmi,0.2884156027317152,0.005761507687096492,50.0590502339609,0
bmi,alt_log_adj,REACTOME_HATS_ACETYLATE_HISTONES,ppgs,0.005412872358152737,0.00579527297390146,0.9340150813480516,0.3503040687811133
bmi,alt_log_adj,REACTOME_HATS_ACETYLATE_HISTONES,bmi,0.28842613250151694,0.005761422504039022,50.061617994395824,0
bmi,alt_log_adj,REACTOME_HCMV_EARLY_EVENTS,ppgs,0.002263034124464745,0.006080056710277138,0.37220608824906715,0.709742195664472
bmi,alt_log_adj,REACTOME_HCMV_EARLY_EVENTS,bmi,0.2884324772241094,0.005761683594815513,50.06045064391373,0
bmi,alt_log_adj,REACTOME_HCMV_INFECTION,ppgs,0.008853790120844508,0.006215281776743004,1.4245195051292048,0.15430715056988142
bmi,alt_log_adj,REACTOME_HCMV_INFECTION,bmi,0.2884239116949477,0.005761295465825658,50.06233639739449,0
bmi,alt_log_adj,REACTOME_HCMV_LATE_EVENTS,ppgs,0.0109228102510324,0.00609140725763755,1.793150546179148,0.07295951098608434
bmi,alt_log_adj,REACTOME_HCMV_LATE_EVENTS,bmi,0.28840855114454844,0.005761172255189706,50.06074083008851,0
bmi,alt_log_adj,REACTOME_HDACS_DEACETYLATE_HISTONES,ppgs,0.021041517361656617,0.005696862161270829,3.6935275535897425,2.2157978039587538e-4
bmi,alt_log_adj,REACTOME_HDACS_DEACETYLATE_HISTONES,bmi,0.28852491371654504,0.0057601895930850765,50.08948213491271,0
bmi,alt_log_adj,REACTOME_HDL_ASSEMBLY,ppgs,0.01944837631120069,0.00575544784675771,3.3791247577991332,7.281492805938793e-4
bmi,alt_log_adj,REACTOME_HDL_ASSEMBLY,bmi,0.28850695381612396,0.005760402811967885,50.084510273607656,0
bmi,alt_log_adj,REACTOME_HDL_CLEARANCE,ppgs,2.4224682227614474e-4,0.00593868144977249,0.040791348100583026,0.9674625240912271
bmi,alt_log_adj,REACTOME_HDL_CLEARANCE,bmi,0.2884126431377905,0.005761702084000032,50.05684760041628,0
bmi,alt_log_adj,REACTOME_HDL_REMODELING,ppgs,0.011719292620629079,0.006042322092080099,1.9395345766141796,0.05244618571800826
bmi,alt_log_adj,REACTOME_HDL_REMODELING,bmi,0.2883874608872603,0.005761132766760685,50.05742317745822,0
bmi,alt_log_adj,REACTOME_HDMS_DEMETHYLATE_HISTONES,ppgs,0.008590356776405158,0.005825212276907717,1.4746856196913227,0.14030818879709267
bmi,alt_log_adj,REACTOME_HDMS_DEMETHYLATE_HISTONES,bmi,0.28835336134575984,0.00576142676355864,50.048950230455354,0
bmi,alt_log_adj,REACTOME_HDR_THROUGH_HOMOLOGOUS_RECOMBINATION_HRR,ppgs,-0.007771595730976422,0.006268690062373285,-1.2397479622774885,0.2150788931989641
bmi,alt_log_adj,REACTOME_HDR_THROUGH_HOMOLOGOUS_RECOMBINATION_HRR,bmi,0.2885157816254614,0.005761919584911376,50.072858076845066,0
bmi,alt_log_adj,REACTOME_HDR_THROUGH_MMEJ_ALT_NHEJ,ppgs,0.0017695459457259647,0.005787496288320818,0.3057532752628996,0.7597947516958528
bmi,alt_log_adj,REACTOME_HDR_THROUGH_MMEJ_ALT_NHEJ,bmi,0.2884038763171161,0.005761595667568659,50.05625055234394,0
bmi,alt_log_adj,REACTOME_HDR_THROUGH_SINGLE_STRAND_ANNEALING_SSA,ppgs,0.011784154980189455,0.006004312797525406,1.96261510310491,0.049700679433660966
bmi,alt_log_adj,REACTOME_HDR_THROUGH_SINGLE_STRAND_ANNEALING_SSA,bmi,0.28847207239893713,0.005761180961973562,50.07169090903153,0
bmi,alt_log_adj,REACTOME_HEDGEHOG_LIGAND_BIOGENESIS,ppgs,-0.00481458497464406,0.005969572518654781,-0.8065208956920432,0.41994933028966086
bmi,alt_log_adj,REACTOME_HEDGEHOG_LIGAND_BIOGENESIS,bmi,0.28837283474540637,0.005761664839081394,50.050261998818875,0
bmi,alt_log_adj,REACTOME_HEDGEHOG_OFF_STATE,ppgs,8.054935412655499e-4,0.006196682015240261,0.1299878772679477,0.8965769401055972
bmi,alt_log_adj,REACTOME_HEDGEHOG_OFF_STATE,bmi,0.2884234358743923,0.005761895209480383,50.05704293265041,0
bmi,alt_log_adj,REACTOME_HEDGEHOG_ON_STATE,ppgs,0.0030917298247862264,0.0058323810780165665,0.5300973621973342,0.5960485795761599
bmi,alt_log_adj,REACTOME_HEDGEHOG_ON_STATE,bmi,0.2884481807794736,0.005761817208134019,50.062015221910926,0
bmi,alt_log_adj,REACTOME_HEME_BIOSYNTHESIS,ppgs,9.093652220961693e-4,0.0056908549793596415,0.15979413030104922,0.8730443864398088
bmi,alt_log_adj,REACTOME_HEME_BIOSYNTHESIS,bmi,0.2884055318408343,0.005761776223347988,50.054969277035,0
bmi,alt_log_adj,REACTOME_HEME_DEGRADATION,ppgs,0.029239048472957538,0.005697761225760602,5.1316731808210125,2.89070595086517e-7
bmi,alt_log_adj,REACTOME_HEME_DEGRADATION,bmi,0.288495772658988,0.0057588455493636555,50.096112178397696,0
bmi,alt_log_adj,REACTOME_HEME_SIGNALING,ppgs,0.019560788306181326,0.005875742629249335,3.329075070240159,8.724593753734031e-4
bmi,alt_log_adj,REACTOME_HEME_SIGNALING,bmi,0.28855113507914026,0.005760518056784291,50.09117795218212,0
bmi,alt_log_adj,REACTOME_HEMOSTASIS,ppgs,0.044758815462069744,0.008617470019897822,5.193962422697289,2.0728650272609262e-7
bmi,alt_log_adj,REACTOME_HEMOSTASIS,bmi,0.28830537148991336,0.005758796985795458,50.06347197184447,0
bmi,alt_log_adj,REACTOME_HEPARAN_SULFATE_HEPARIN_HS_GAG_METABOLISM,ppgs,0.011132534047825693,0.00597032177970548,1.864645568295461,0.06224142679493175
bmi,alt_log_adj,REACTOME_HEPARAN_SULFATE_HEPARIN_HS_GAG_METABOLISM,bmi,0.28843196532299786,0.005761152198607848,50.06497925756864,0
bmi,alt_log_adj,REACTOME_HH_MUTANTS_ABROGATE_LIGAND_SECRETION,ppgs,-0.007807269638457966,0.00604430597488538,-1.2916734643973773,0.19648078130174823
bmi,alt_log_adj,REACTOME_HH_MUTANTS_ABROGATE_LIGAND_SECRETION,bmi,0.2884741343066536,0.005761512662271554,50.06916607086285,0
bmi,alt_log_adj,REACTOME_HIGHLY_CALCIUM_PERMEABLE_NICOTINIC_ACETYLCHOLINE_RECEPTORS,ppgs,0.0024965089680889403,0.005708492273281717,0.4373324598815195,0.6618735893476337
bmi,alt_log_adj,REACTOME_HIGHLY_CALCIUM_PERMEABLE_NICOTINIC_ACETYLCHOLINE_RECEPTORS,bmi,0.2884233317725312,0.005761512955691782,50.060345952637086,0
bmi,alt_log_adj,REACTOME_HIGHLY_CALCIUM_PERMEABLE_POSTSYNAPTIC_NICOTINIC_ACETYLCHOLINE_RECEPTORS,ppgs,-0.0061610796146593216,0.0058092577586581415,-1.0605622732915962,0.288897910718084
bmi,alt_log_adj,REACTOME_HIGHLY_CALCIUM_PERMEABLE_POSTSYNAPTIC_NICOTINIC_ACETYLCHOLINE_RECEPTORS,bmi,0.2884233087196922,0.005761389498538322,50.061414662706945,0
bmi,alt_log_adj,REACTOME_HIGHLY_SODIUM_PERMEABLE_POSTSYNAPTIC_ACETYLCHOLINE_NICOTINIC_RECEPTORS,ppgs,0.0024965089680889403,0.005708492273281717,0.4373324598815195,0.6618735893476337
bmi,alt_log_adj,REACTOME_HIGHLY_SODIUM_PERMEABLE_POSTSYNAPTIC_ACETYLCHOLINE_NICOTINIC_RECEPTORS,bmi,0.2884233317725312,0.005761512955691782,50.060345952637086,0
bmi,alt_log_adj,REACTOME_HIGH_LAMINAR_FLOW_SHEAR_STRESS_ACTIVATES_SIGNALING_BY_PIEZO1_AND_PECAM1_CDH5_KDR_IN_ENDOTHELIAL_CELLS,ppgs,0.013494435565242295,0.0059808484678138644,2.256274446320292,0.024061034114619892
bmi,alt_log_adj,REACTOME_HIGH_LAMINAR_FLOW_SHEAR_STRESS_ACTIVATES_SIGNALING_BY_PIEZO1_AND_PECAM1_CDH5_KDR_IN_ENDOTHELIAL_CELLS,bmi,0.28841809759494147,0.005760980936497573,50.0640604046656,0
bmi,alt_log_adj,REACTOME_HISTIDINE_CATABOLISM,ppgs,0.005770040062278207,0.005689488526942456,1.014157957249461,0.3105160417077649
bmi,alt_log_adj,REACTOME_HISTIDINE_CATABOLISM,bmi,0.28844999132497406,0.0057614990135144185,50.06509428334075,0
bmi,alt_log_adj,REACTOME_HIV_ELONGATION_ARREST_AND_RECOVERY,ppgs,0.010339662730187212,0.005746860682849685,1.7991845114748986,0.0720001294329854
bmi,alt_log_adj,REACTOME_HIV_ELONGATION_ARREST_AND_RECOVERY,bmi,0.28836802346143714,0.005761227275733021,50.05322818561208,0
bmi,alt_log_adj,REACTOME_HIV_INFECTION,ppgs,0.016195563539386514,0.006891941751805893,2.349927512829428,0.018783885926808668
bmi,alt_log_adj,REACTOME_HIV_INFECTION,bmi,0.288471305440315,0.005760987404776271,50.07324008400915,0
bmi,alt_log_adj,REACTOME_HIV_LIFE_CYCLE,ppgs,0.01566349008923258,0.00651932430110912,2.4026247760934027,0.016284267401850783
bmi,alt_log_adj,REACTOME_HIV_LIFE_CYCLE,bmi,0.28839634403383535,0.0057609164877432,50.06084442421985,0
bmi,alt_log_adj,REACTOME_HIV_TRANSCRIPTION_ELONGATION,ppgs,0.008695529434235003,0.005751877852478305,1.5117722693795332,0.13060295282752268
bmi,alt_log_adj,REACTOME_HIV_TRANSCRIPTION_ELONGATION,bmi,0.28838301395587584,0.00576130368239173,50.05516630502585,0
bmi,alt_log_adj,REACTOME_HIV_TRANSCRIPTION_INITIATION,ppgs,0.001574272139205167,0.005844082487868763,0.26937883619422986,0.7876401312087592
bmi,alt_log_adj,REACTOME_HIV_TRANSCRIPTION_INITIATION,bmi,0.2884177144284483,0.00576150203291972,50.05946587895044,0
bmi,alt_log_adj,REACTOME_HOMOLOGOUS_DNA_PAIRING_AND_STRAND_EXCHANGE,ppgs,-0.0047957655962908245,0.0061601106028442805,-0.7785193976998558,0.4362693735102394
bmi,alt_log_adj,REACTOME_HOMOLOGOUS_DNA_PAIRING_AND_STRAND_EXCHANGE,bmi,0.2884691511665537,0.005761862117020993,50.06526454605589,0
bmi,alt_log_adj,REACTOME_HOMOLOGY_DIRECTED_REPAIR,ppgs,-0.0026033886765378404,0.006567141300856501,-0.396426474971431,0.6917934221221671
bmi,alt_log_adj,REACTOME_HOMOLOGY_DIRECTED_REPAIR,bmi,0.288433651290673,0.005761681959397075,50.06066862476661,0
bmi,alt_log_adj,REACTOME_HORMONE_LIGAND_BINDING_RECEPTORS,ppgs,0.0016681268869880323,0.005832923937301629,0.2859846802253563,0.7748919447723313
bmi,alt_log_adj,REACTOME_HORMONE_LIGAND_BINDING_RECEPTORS,bmi,0.2884115652253796,0.005761499576916064,50.05841992611176,0
bmi,alt_log_adj,REACTOME_HOST_INTERACTIONS_OF_HIV_FACTORS,ppgs,9.126965867554539e-4,0.006316766953874608,0.14448793083867367,0.885116213341822
bmi,alt_log_adj,REACTOME_HOST_INTERACTIONS_OF_HIV_FACTORS,bmi,0.2884114234273927,0.005761538385465036,50.058058131658854,0
bmi,alt_log_adj,REACTOME_HSF1_ACTIVATION,ppgs,0.004696444270328878,0.0058877383783873805,0.7976652440211192,0.4250714593377829
bmi,alt_log_adj,REACTOME_HSF1_ACTIVATION,bmi,0.28841336083898317,0.005761433533780243,50.05930540515094,0
bmi,alt_log_adj,REACTOME_HSF1_DEPENDENT_TRANSACTIVATION,ppgs,0.010223200027239226,0.005784682407268292,1.7672880389066927,0.07719075865435172
bmi,alt_log_adj,REACTOME_HSF1_DEPENDENT_TRANSACTIVATION,bmi,0.28842590812392255,0.005761184155153187,50.0636501726707,0
bmi,alt_log_adj,REACTOME_HSP90_CHAPERONE_CYCLE_FOR_STEROID_HORMONE_RECEPTORS_SHR_IN_THE_PRESENCE_OF_LIGAND,ppgs,0.013488178617435636,0.00598258151057049,2.2545749846623355,0.02416761831276347
bmi,alt_log_adj,REACTOME_HSP90_CHAPERONE_CYCLE_FOR_STEROID_HORMONE_RECEPTORS_SHR_IN_THE_PRESENCE_OF_LIGAND,bmi,0.28855052727661534,0.005761296867007764,50.08430114563414,0
bmi,alt_log_adj,REACTOME_HS_GAG_BIOSYNTHESIS,ppgs,0.009409325828272802,0.006026983959029729,1.5611997463798772,0.11848779126409198
bmi,alt_log_adj,REACTOME_HS_GAG_BIOSYNTHESIS,bmi,0.28842568361421195,0.0057612546679332915,50.06299846794962,0
bmi,alt_log_adj,REACTOME_HS_GAG_DEGRADATION,ppgs,0.0031679459294495517,0.005844770446605384,0.5420137468853855,0.5878132958957076
bmi,alt_log_adj,REACTOME_HS_GAG_DEGRADATION,bmi,0.28841782490391804,0.0057614711488736484,50.05975339480836,0
bmi,alt_log_adj,REACTOME_HUR_ELAVL1_BINDS_AND_STABILIZES_MRNA,ppgs,0.005323859204146325,0.005739851624724554,0.9275255794441913,0.3536616136356112
bmi,alt_log_adj,REACTOME_HUR_ELAVL1_BINDS_AND_STABILIZES_MRNA,bmi,0.28844952373848387,0.005761533429568303,50.06471406694531,0
bmi,alt_log_adj,REACTOME_HYALURONAN_BIOSYNTHESIS_AND_EXPORT,ppgs,-0.005888194028625816,0.005686714144692644,-1.0354299299748013,0.30047700626363627
bmi,alt_log_adj,REACTOME_HYALURONAN_BIOSYNTHESIS_AND_EXPORT,bmi,0.2884199727158309,0.005761391346650991,50.06081957676509,0
bmi,alt_log_adj,REACTOME_HYALURONAN_METABOLISM,ppgs,0.009722611083005607,0.0056848391380795,1.7102702199397997,0.08722685777078794
bmi,alt_log_adj,REACTOME_HYALURONAN_METABOLISM,bmi,0.2883303013565625,0.0057614117166565285,50.045078452384374,0
bmi,alt_log_adj,REACTOME_HYALURONAN_UPTAKE_AND_DEGRADATION,ppgs,0.009722611083005607,0.0056848391380795,1.7102702199397997,0.08722685777078794
bmi,alt_log_adj,REACTOME_HYALURONAN_UPTAKE_AND_DEGRADATION,bmi,0.2883303013565625,0.0057614117166565285,50.045078452384374,0
bmi,alt_log_adj,REACTOME_HYDROLYSIS_OF_LPC,ppgs,-0.001143510244506835,0.005796825843008231,-0.1972648955610881,0.8436216630672175
bmi,alt_log_adj,REACTOME_HYDROLYSIS_OF_LPC,bmi,0.2884212821001819,0.005761592932226426,50.059295318652204,0
bmi,alt_log_adj,REACTOME_IFNG_SIGNALING_ACTIVATES_MAPKS,ppgs,0.015153765054837865,0.00582120521090817,2.6032006269838606,0.009240599079175004
bmi,alt_log_adj,REACTOME_IFNG_SIGNALING_ACTIVATES_MAPKS,bmi,0.2883093250356165,0.0057609514735322935,50.0454354389556,0
bmi,alt_log_adj,REACTOME_IKBA_VARIANT_LEADS_TO_EDA_ID,ppgs,0.028253797153636576,0.005811603178028711,4.861618436105996,1.170525527760952e-6
bmi,alt_log_adj,REACTOME_IKBA_VARIANT_LEADS_TO_EDA_ID,bmi,0.2884582118847286,0.00575910469296351,50.087336011996385,0
bmi,alt_log_adj,REACTOME_IKK_COMPLEX_RECRUITMENT_MEDIATED_BY_RIP1,ppgs,0.036662118039220384,0.005795916514784685,6.325508303251045,2.5616439244991793e-10
bmi,alt_log_adj,REACTOME_IKK_COMPLEX_RECRUITMENT_MEDIATED_BY_RIP1,bmi,0.2883634269510078,0.00575744204206809,50.08533735016581,0
bmi,alt_log_adj,REACTOME_IL_6_TYPE_CYTOKINE_RECEPTOR_LIGAND_INTERACTIONS,ppgs,0.006975240066805089,0.005959930898552649,1.1703558624310568,0.24186762831307912
bmi,alt_log_adj,REACTOME_IL_6_TYPE_CYTOKINE_RECEPTOR_LIGAND_INTERACTIONS,bmi,0.2883621872609097,0.005761532986876154,50.049559365146806,0
bmi,alt_log_adj,REACTOME_IMMUNOREGULATORY_INTERACTIONS_BETWEEN_A_LYMPHOID_AND_A_NON_LYMPHOID_CELL,ppgs,0.02071574301114229,0.006131398032886472,3.3786328827505527,7.294526613071498e-4
bmi,alt_log_adj,REACTOME_IMMUNOREGULATORY_INTERACTIONS_BETWEEN_A_LYMPHOID_AND_A_NON_LYMPHOID_CELL,bmi,0.288386778531063,0.005760344239215024,50.064157028636565,0
bmi,alt_log_adj,REACTOME_INACTIVATION_OF_CDC42_AND_RAC1,ppgs,0.016494967817516252,0.005718865065621369,2.8843079226811645,0.003925703360465699
bmi,alt_log_adj,REACTOME_INACTIVATION_OF_CDC42_AND_RAC1,bmi,0.28850113791258863,0.005760730870875473,50.080648511313704,0
bmi,alt_log_adj,REACTOME_INACTIVATION_OF_CSF3_G_CSF_SIGNALING,ppgs,0.008376328708467034,0.006070702171692944,1.3797956927495123,0.16766044129971014
bmi,alt_log_adj,REACTOME_INACTIVATION_OF_CSF3_G_CSF_SIGNALING,bmi,0.28837832144721187,0.005761364587634508,50.05382267703593,0
bmi,alt_log_adj,REACTOME_INCRETIN_SYNTHESIS_SECRETION_AND_INACTIVATION,ppgs,0.01807745340671022,0.005861695365040819,3.083997424111162,0.002044356641959554
bmi,alt_log_adj,REACTOME_INCRETIN_SYNTHESIS_SECRETION_AND_INACTIVATION,bmi,0.2881938618676089,0.005760976467232775,50.02517602819507,0
bmi,alt_log_adj,REACTOME_INDUCTION_OF_CELL_CELL_FUSION,ppgs,-3.7305222963059017e-4,0.005750787065277981,-0.06486976919785459,0.9482781479611754
bmi,alt_log_adj,REACTOME_INDUCTION_OF_CELL_CELL_FUSION,bmi,0.28841614152176503,0.005761545145810016,50.05881828965806,0
bmi,alt_log_adj,REACTOME_INFECTION_WITH_MYCOBACTERIUM_TUBERCULOSIS,ppgs,0.0055737568650378565,0.005687015761140293,0.9800846523274401,0.32705269811037085
bmi,alt_log_adj,REACTOME_INFECTION_WITH_MYCOBACTERIUM_TUBERCULOSIS,bmi,0.2884301143124076,0.005761422047724698,50.062313075348214,0
bmi,alt_log_adj,REACTOME_INFECTIOUS_DISEASE,ppgs,0.05488945815660184,0.009034700943148039,6.075403989794513,1.2525006522755575e-9
bmi,alt_log_adj,REACTOME_INFECTIOUS_DISEASE,bmi,0.28835093534826173,0.005757760423980035,50.080398299889666,0
bmi,alt_log_adj,REACTOME_INFLAMMASOMES,ppgs,0.021630395781660035,0.005713226483031491,3.7860210593616705,1.5339413898755855e-4
bmi,alt_log_adj,REACTOME_INFLAMMASOMES,bmi,0.2885843308788644,0.005760216359202629,50.09956447518099,0
bmi,alt_log_adj,REACTOME_INFLUENZA_INFECTION,ppgs,0.02530315338597642,0.006151824194113117,4.113113864695587,3.914582616804658e-5
bmi,alt_log_adj,REACTOME_INFLUENZA_INFECTION,bmi,0.2885302971588354,0.005759848268248026,50.09338505484585,0
bmi,alt_log_adj,REACTOME_INHIBITION_OF_DNA_RECOMBINATION_AT_TELOMERE,ppgs,-0.0042097329884535255,0.005713129954683537,-0.7368523072020181,0.46121826762221085
bmi,alt_log_adj,REACTOME_INHIBITION_OF_DNA_RECOMBINATION_AT_TELOMERE,bmi,0.28839281423424923,0.005761518815591628,50.0549982504284,0
bmi,alt_log_adj,REACTOME_INHIBITION_OF_REPLICATION_INITIATION_OF_DAMAGED_DNA_BY_RB1_E2F1,ppgs,0.003753784051887615,0.005698984544266061,0.6586759487994089,0.510109230080747
bmi,alt_log_adj,REACTOME_INHIBITION_OF_REPLICATION_INITIATION_OF_DAMAGED_DNA_BY_RB1_E2F1,bmi,0.2884559377998326,0.005761795320601884,50.06355167953105,0
bmi,alt_log_adj,REACTOME_INHIBITION_OF_THE_PROTEOLYTIC_ACTIVITY_OF_APC_C_REQUIRED_FOR_THE_ONSET_OF_ANAPHASE_BY_MITOTIC_SPINDLE_CHECKPOINT_COMPONENTS,ppgs,0.0035674695941278188,0.00568686700070833,0.627317219425647,0.5304563705698409
bmi,alt_log_adj,REACTOME_INHIBITION_OF_THE_PROTEOLYTIC_ACTIVITY_OF_APC_C_REQUIRED_FOR_THE_ONSET_OF_ANAPHASE_BY_MITOTIC_SPINDLE_CHECKPOINT_COMPONENTS,bmi,0.2883854121670572,0.005761646140447783,50.05260738637526,0
bmi,alt_log_adj,REACTOME_INITIAL_TRIGGERING_OF_COMPLEMENT,ppgs,0.009750085650760382,0.0058522059555745866,1.6660530618326623,0.095713894414026
bmi,alt_log_adj,REACTOME_INITIAL_TRIGGERING_OF_COMPLEMENT,bmi,0.2884303190313237,0.005761223633620818,50.064072734154706,0
bmi,alt_log_adj,REACTOME_INITIATION_OF_NUCLEAR_ENVELOPE_NE_REFORMATION,ppgs,0.0029237459229871127,0.005777103251924645,0.5060920318523068,0.6127959793747705
bmi,alt_log_adj,REACTOME_INITIATION_OF_NUCLEAR_ENVELOPE_NE_REFORMATION,bmi,0.28840795842506856,0.005761486990795785,50.057903261052616,0
bmi,alt_log_adj,REACTOME_INLA_MEDIATED_ENTRY_OF_LISTERIA_MONOCYTOGENES_INTO_HOST_CELLS,ppgs,0.001768477625116374,0.006281972883915328,0.2815162780540602,0.7783164993819452
bmi,alt_log_adj,REACTOME_INLA_MEDIATED_ENTRY_OF_LISTERIA_MONOCYTOGENES_INTO_HOST_CELLS,bmi,0.28840303883188995,0.005761636843369874,50.05574746762561,0
bmi,alt_log_adj,REACTOME_INLB_MEDIATED_ENTRY_OF_LISTERIA_MONOCYTOGENES_INTO_HOST_CELL,ppgs,0.006614736661578939,0.0058497519467070125,1.1307721629636889,0.2581605653784536
bmi,alt_log_adj,REACTOME_INLB_MEDIATED_ENTRY_OF_LISTERIA_MONOCYTOGENES_INTO_HOST_CELL,bmi,0.28842415668157245,0.005761374213546731,50.06169465670189,0
bmi,alt_log_adj,REACTOME_INNATE_IMMUNE_SYSTEM,ppgs,0.06957966551926137,0.009297483101931212,7.483709812261852,7.43499714844696e-14
bmi,alt_log_adj,REACTOME_INNATE_IMMUNE_SYSTEM,bmi,0.28855644961699733,0.00575584642001881,50.132756950115834,0
bmi,alt_log_adj,REACTOME_INOSITOL_PHOSPHATE_METABOLISM,ppgs,0.006651552422545527,0.00640147988900286,1.039064800308483,0.2987834620627845
bmi,alt_log_adj,REACTOME_INOSITOL_PHOSPHATE_METABOLISM,bmi,0.2884101142396847,0.005761389896656167,50.05912104769615,0
bmi,alt_log_adj,REACTOME_INSERTION_OF_TAIL_ANCHORED_PROTEINS_INTO_THE_ENDOPLASMIC_RETICULUM_MEMBRANE,ppgs,-0.001146932488984276,0.005743187059218385,-0.1997031399392321,0.8417141902757171
bmi,alt_log_adj,REACTOME_INSERTION_OF_TAIL_ANCHORED_PROTEINS_INTO_THE_ENDOPLASMIC_RETICULUM_MEMBRANE,bmi,0.2884145418659304,0.005761493933122952,50.05898560576955,0
bmi,alt_log_adj,REACTOME_INSULIN_PROCESSING,ppgs,7.026125124721958e-4,0.005868766664312426,0.11972064194419843,0.9047052964160588
bmi,alt_log_adj,REACTOME_INSULIN_PROCESSING,bmi,0.28841551599465676,0.00576150135169382,50.05909022478414,0
bmi,alt_log_adj,REACTOME_INSULIN_RECEPTOR_RECYCLING,ppgs,0.004387125993685733,0.0060793234486539085,0.7216470764780801,0.4705174396973826
bmi,alt_log_adj,REACTOME_INSULIN_RECEPTOR_RECYCLING,bmi,0.2884020151792055,0.005761471538687968,50.057005964986836,0
bmi,alt_log_adj,REACTOME_INSULIN_RECEPTOR_SIGNALLING_CASCADE,ppgs,4.5166084589988334e-4,0.006100559388446798,0.07403597230038214,0.9409822843915199
bmi,alt_log_adj,REACTOME_INSULIN_RECEPTOR_SIGNALLING_CASCADE,bmi,0.2884154333396968,0.005761507830514193,50.059019587231354,0
bmi,alt_log_adj,REACTOME_INTEGRATION_OF_ENERGY_METABOLISM,ppgs,0.008158114894011791,0.00687731993066466,1.1862346053782244,0.2355396051860706
bmi,alt_log_adj,REACTOME_INTEGRATION_OF_ENERGY_METABOLISM,bmi,0.28841648975702755,0.005761355201064644,50.06052911018763,0
bmi,alt_log_adj,REACTOME_INTEGRATION_OF_PROVIRUS,ppgs,0.0032848273358418306,0.006021373552552102,0.5455279110610216,0.5853947817212286
bmi,alt_log_adj,REACTOME_INTEGRATION_OF_PROVIRUS,bmi,0.28841210869478084,0.005761469572924467,50.058774943488174,0
bmi,alt_log_adj,REACTOME_INTEGRIN_CELL_SURFACE_INTERACTIONS,ppgs,-0.004692596221199656,0.0060743830964100414,-0.7725222704463568,0.43981160217457194
bmi,alt_log_adj,REACTOME_INTEGRIN_CELL_SURFACE_INTERACTIONS,bmi,0.28839280402782524,0.005761506551805856,50.05510302464777,0
bmi,alt_log_adj,REACTOME_INTEGRIN_SIGNALING,ppgs,0.01807651754299549,0.005687919840836262,3.178054200626323,0.0014842616698706379
bmi,alt_log_adj,REACTOME_INTEGRIN_SIGNALING,bmi,0.28841432351701446,0.005760471908944951,50.067829177182546,0
bmi,alt_log_adj,REACTOME_INTERACTIONS_OF_REV_WITH_HOST_CELLULAR_PROTEINS,ppgs,0.005316515941628134,0.005877482572939631,0.9045566491520997,0.3657079971017584
bmi,alt_log_adj,REACTOME_INTERACTIONS_OF_REV_WITH_HOST_CELLULAR_PROTEINS,bmi,0.28846165945527386,0.005761649490362023,50.065811871723014,0
bmi,alt_log_adj,REACTOME_INTERACTIONS_OF_VPR_WITH_HOST_CELLULAR_PROTEINS,ppgs,0.0057917279778942074,0.0061127095580865145,0.947489476288354,0.34339749247392226
bmi,alt_log_adj,REACTOME_INTERACTIONS_OF_VPR_WITH_HOST_CELLULAR_PROTEINS,bmi,0.2884652682385399,0.005761654703703626,50.066392915408954,0
bmi,alt_log_adj,REACTOME_INTERACTION_BETWEEN_L1_AND_ANKYRINS,ppgs,0.013948075054738374,0.005749459147395225,2.4259803743553006,0.015273293046601565
bmi,alt_log_adj,REACTOME_INTERACTION_BETWEEN_L1_AND_ANKYRINS,bmi,0.2885495143483148,0.005761168337533349,50.08524268739865,0
bmi,alt_log_adj,REACTOME_INTERACTION_WITH_CUMULUS_CELLS_AND_THE_ZONA_PELLUCIDA,ppgs,-0.0039937707558893925,0.005700124855631734,-0.7006461888187484,0.4835295960157433
bmi,alt_log_adj,REACTOME_INTERACTION_WITH_CUMULUS_CELLS_AND_THE_ZONA_PELLUCIDA,bmi,0.28841027951642045,0.005761451421892789,50.058615164313935,0
bmi,alt_log_adj,REACTOME_INTERCONVERSION_OF_NUCLEOTIDE_DI_AND_TRIPHOSPHATES,ppgs,-0.003207370480174055,0.005887496385378516,-0.5447766368297903,0.5859114342661281
bmi,alt_log_adj,REACTOME_INTERCONVERSION_OF_NUCLEOTIDE_DI_AND_TRIPHOSPHATES,bmi,0.2884319465348845,0.005761555575999582,50.06147085283369,0
bmi,alt_log_adj,REACTOME_INTERFERON_ALPHA_BETA_SIGNALING,ppgs,0.014110522560971901,0.0061310341852063134,2.301491418041583,0.021371085960946324
bmi,alt_log_adj,REACTOME_INTERFERON_ALPHA_BETA_SIGNALING,bmi,0.28847013916121605,0.005761010295802551,50.0728386775136,0
bmi,alt_log_adj,REACTOME_INTERFERON_GAMMA_SIGNALING,ppgs,0.014834651075518733,0.005886989736895598,2.5199043549448294,0.011744119935258944
bmi,alt_log_adj,REACTOME_INTERFERON_GAMMA_SIGNALING,bmi,0.2884705681427399,0.005760895599432626,50.07391006550276,0
bmi,alt_log_adj,REACTOME_INTERFERON_SIGNALING,ppgs,0.047010319656601074,0.006598855750492056,7.124010803402644,1.0733146209795822e-12
bmi,alt_log_adj,REACTOME_INTERFERON_SIGNALING,bmi,0.28847391923272403,0.005756353670006265,50.11400198285767,0
bmi,alt_log_adj,REACTOME_INTERLEUKIN_10_SIGNALING,ppgs,0.011508152122092642,0.005729306932671755,2.0086464658520278,0.04458410455627934
bmi,alt_log_adj,REACTOME_INTERLEUKIN_10_SIGNALING,bmi,0.28845218083722163,0.005761118368332827,50.06878220429534,0
bmi,alt_log_adj,REACTOME_INTERLEUKIN_12_FAMILY_SIGNALING,ppgs,0.007971584762942017,0.005875945219051576,1.3566472228324644,0.17490413235814622
bmi,alt_log_adj,REACTOME_INTERLEUKIN_12_FAMILY_SIGNALING,bmi,0.28832483085151017,0.005761691118050658,50.0417021572407,0
bmi,alt_log_adj,REACTOME_INTERLEUKIN_12_SIGNALING,ppgs,0.008302595708597512,0.0059327907670690344,1.3994418536858713,0.16169146518896893
bmi,alt_log_adj,REACTOME_INTERLEUKIN_12_SIGNALING,bmi,0.28836752802392135,0.005761397252274787,50.05166548966303,0
bmi,alt_log_adj,REACTOME_INTERLEUKIN_15_SIGNALING,ppgs,-0.006049826332322905,0.005683448985095514,-1.0644639105916482,0.2871276612326713
bmi,alt_log_adj,REACTOME_INTERLEUKIN_15_SIGNALING,bmi,0.2884239222010345,0.0057613894586098285,50.06152149114193,0
bmi,alt_log_adj,REACTOME_INTERLEUKIN_17_SIGNALING,ppgs,0.01634843961952321,0.006448180555516748,2.535356986171283,0.011238605379155223
bmi,alt_log_adj,REACTOME_INTERLEUKIN_17_SIGNALING,bmi,0.2883890237972513,0.005760853730899988,50.06011908450204,0
bmi,alt_log_adj,REACTOME_INTERLEUKIN_18_SIGNALING,ppgs,0.013431204756132256,0.005823329518687096,2.3064476624637926,0.021092806790468245
bmi,alt_log_adj,REACTOME_INTERLEUKIN_18_SIGNALING,bmi,0.2883924220772129,0.005760965514919299,50.059737613488,0
bmi,alt_log_adj,REACTOME_INTERLEUKIN_1_FAMILY_SIGNALING,ppgs,0.03638292758718444,0.005782565129669463,6.291831872417514,3.183228292683605e-10
bmi,alt_log_adj,REACTOME_INTERLEUKIN_1_FAMILY_SIGNALING,bmi,0.288398718315535,0.005757479995415797,50.09113684201473,0
bmi,alt_log_adj,REACTOME_INTERLEUKIN_1_PROCESSING,ppgs,0.0055737568650378565,0.005687015761140293,0.9800846523274401,0.32705269811037085
bmi,alt_log_adj,REACTOME_INTERLEUKIN_1_PROCESSING,bmi,0.2884301143124076,0.005761422047724698,50.062313075348214,0
bmi,alt_log_adj,REACTOME_INTERLEUKIN_1_SIGNALING,ppgs,0.02611420514426677,0.006087127852771429,4.29007009149268,1.792079133424876e-5
bmi,alt_log_adj,REACTOME_INTERLEUKIN_1_SIGNALING,bmi,0.28853626438242896,0.005759698438743315,50.09572418610574,0
bmi,alt_log_adj,REACTOME_INTERLEUKIN_20_FAMILY_SIGNALING,ppgs,0.009885197936172496,0.005803681071502146,1.7032634657875756,0.0885297352053949
bmi,alt_log_adj,REACTOME_INTERLEUKIN_20_FAMILY_SIGNALING,bmi,0.2884638168319295,0.005761275589453873,50.06943555346808,0
bmi,alt_log_adj,REACTOME_INTERLEUKIN_21_SIGNALING,ppgs,-8.18644374286037e-4,0.005800693752789399,-0.14112870100966332,0.8877692731928534
bmi,alt_log_adj,REACTOME_INTERLEUKIN_21_SIGNALING,bmi,0.28840985585220114,0.005761594935108689,50.05729474225186,0
bmi,alt_log_adj,REACTOME_INTERLEUKIN_23_SIGNALING,ppgs,0.010650712662016719,0.006019974030680813,1.769229004599577,0.07686641518800023
bmi,alt_log_adj,REACTOME_INTERLEUKIN_23_SIGNALING,bmi,0.28839667891160614,0.005761188845274313,50.058535947518386,0
bmi,alt_log_adj,REACTOME_INTERLEUKIN_27_SIGNALING,ppgs,0.009208907721157941,0.005744967880715692,1.6029519942260706,0.10895639384357349
bmi,alt_log_adj,REACTOME_INTERLEUKIN_27_SIGNALING,bmi,0.28829738780010683,0.005761701089472352,50.03685254114921,0
bmi,alt_log_adj,REACTOME_INTERLEUKIN_2_FAMILY_SIGNALING,ppgs,-0.00904807784812357,0.005682391470102675,-1.5923010401041728,0.11132822864134302
bmi,alt_log_adj,REACTOME_INTERLEUKIN_2_FAMILY_SIGNALING,bmi,0.28849935230961393,0.005761486082557278,50.073774053370855,0
bmi,alt_log_adj,REACTOME_INTERLEUKIN_2_SIGNALING,ppgs,-0.0055639782192463865,0.0056979562112800695,-0.9764866581865879,0.32883168866399093
bmi,alt_log_adj,REACTOME_INTERLEUKIN_2_SIGNALING,bmi,0.2884375814176709,0.005761449054929101,50.0633744510686,0
bmi,alt_log_adj,REACTOME_INTERLEUKIN_35_SIGNALLING,ppgs,-6.955263021782652e-4,0.005778370806633297,-0.12036719785788648,0.9041931277641402
bmi,alt_log_adj,REACTOME_INTERLEUKIN_35_SIGNALLING,bmi,0.28841708641071967,0.005761532870614533,50.05908894171712,0
bmi,alt_log_adj,REACTOME_INTERLEUKIN_36_PATHWAY,ppgs,0.005864592235274508,0.0060496720526684805,0.9694066362965353,0.33235061292158163
bmi,alt_log_adj,REACTOME_INTERLEUKIN_36_PATHWAY,bmi,0.2883953871584531,0.005761436647064169,50.05615870225867,0
bmi,alt_log_adj,REACTOME_INTERLEUKIN_37_SIGNALING,ppgs,0.006724488926009183,0.005783337176714148,1.1627350646413044,0.24494679786114681
bmi,alt_log_adj,REACTOME_INTERLEUKIN_37_SIGNALING,bmi,0.2883964087078553,0.005761381889485618,50.0568117579867,0
bmi,alt_log_adj,REACTOME_INTERLEUKIN_3_INTERLEUKIN_5_AND_GM_CSF_SIGNALING,ppgs,0.0056368624293111295,0.006005882903578287,0.9385568316612872,0.34796632139194184
bmi,alt_log_adj,REACTOME_INTERLEUKIN_3_INTERLEUKIN_5_AND_GM_CSF_SIGNALING,bmi,0.288387903907848,0.005761478789529866,50.0544937233693,0
bmi,alt_log_adj,REACTOME_INTERLEUKIN_4_AND_INTERLEUKIN_13_SIGNALING,ppgs,0.017975276487852444,0.006485592450204509,2.7715704657460605,0.005582296237707828
bmi,alt_log_adj,REACTOME_INTERLEUKIN_4_AND_INTERLEUKIN_13_SIGNALING,bmi,0.2883756877728756,0.005760734674622974,50.05883868306243,0
bmi,alt_log_adj,REACTOME_INTERLEUKIN_6_FAMILY_SIGNALING,ppgs,0.011782998907260043,0.005830651064930024,2.020871901961682,0.04330240880402177
bmi,alt_log_adj,REACTOME_INTERLEUKIN_6_FAMILY_SIGNALING,bmi,0.2883612095458479,0.0057611436475040485,50.05277201702429,0
bmi,alt_log_adj,REACTOME_INTERLEUKIN_6_SIGNALING,ppgs,0.011699198413631156,0.0057381076604383725,2.0388600399207872,0.04147325485971321
bmi,alt_log_adj,REACTOME_INTERLEUKIN_6_SIGNALING,bmi,0.28843054107621213,0.0057610808907701426,50.06535171868671,0
bmi,alt_log_adj,REACTOME_INTERLEUKIN_7_SIGNALING,ppgs,0.005638539758983098,0.005744349654455189,0.9815801784645845,0.3263150932505616
bmi,alt_log_adj,REACTOME_INTERLEUKIN_7_SIGNALING,bmi,0.2883656824911064,0.005761615793605373,50.04944668666626,0
bmi,alt_log_adj,REACTOME_INTERLEUKIN_9_SIGNALING,ppgs,-9.983288785742688e-4,0.0057299903986583935,-0.17422871752246133,0.8616869614616196
bmi,alt_log_adj,REACTOME_INTERLEUKIN_9_SIGNALING,bmi,0.2884085283016594,0.005761601053651582,50.05701117033643,0
bmi,alt_log_adj,REACTOME_INTERLEUKIN_RECEPTOR_SHC_SIGNALING,ppgs,-0.00904807784812357,0.005682391470102675,-1.5923010401041728,0.11132822864134302
bmi,alt_log_adj,REACTOME_INTERLEUKIN_RECEPTOR_SHC_SIGNALING,bmi,0.28849935230961393,0.005761486082557278,50.073774053370855,0
bmi,alt_log_adj,REACTOME_INTESTINAL_ABSORPTION,ppgs,-7.864575900269555e-4,0.005729423970704893,-0.1372664327248586,0.8908211768593739
bmi,alt_log_adj,REACTOME_INTESTINAL_ABSORPTION,bmi,0.2884114187602211,0.005761543323053543,50.058014422317456,0
bmi,alt_log_adj,REACTOME_INTRACELLULAR_SIGNALING_BY_SECOND_MESSENGERS,ppgs,0.021597277813600196,0.007411055017156266,2.9141974743951367,0.003568829915898437
bmi,alt_log_adj,REACTOME_INTRACELLULAR_SIGNALING_BY_SECOND_MESSENGERS,bmi,0.2883514758067179,0.0057606759286457036,50.055146197836436,0
bmi,alt_log_adj,REACTOME_INTRAFLAGELLAR_TRANSPORT,ppgs,0.0064838047483855975,0.005775479976577109,1.1226434468963882,0.26159846303953277
bmi,alt_log_adj,REACTOME_INTRAFLAGELLAR_TRANSPORT,bmi,0.2885103565485494,0.005762000966678146,50.071209327630264,0
bmi,alt_log_adj,REACTOME_INTRA_GOLGI_AND_RETROGRADE_GOLGI_TO_ER_TRAFFIC,ppgs,0.011592206994394134,0.006536381391223653,1.7734899940139504,0.07615828188663343
bmi,alt_log_adj,REACTOME_INTRA_GOLGI_AND_RETROGRADE_GOLGI_TO_ER_TRAFFIC,bmi,0.28842452825567805,0.0057611810924448285,50.06343727572041,0
bmi,alt_log_adj,REACTOME_INTRA_GOLGI_TRAFFIC,ppgs,-0.0079609068662633,0.005872113958710949,-1.355713959613087,0.17520099562024652
bmi,alt_log_adj,REACTOME_INTRA_GOLGI_TRAFFIC,bmi,0.28845498179154094,0.005761388125636634,50.06692406435761,0
bmi,alt_log_adj,REACTOME_INTRINSIC_PATHWAY_FOR_APOPTOSIS,ppgs,0.024535975866146063,0.005789270361966444,4.238181036998921,2.2605003292540548e-5
bmi,alt_log_adj,REACTOME_INTRINSIC_PATHWAY_FOR_APOPTOSIS,bmi,0.2882659446540803,0.005759780402136929,50.04807901133368,0
bmi,alt_log_adj,REACTOME_INTRINSIC_PATHWAY_OF_FIBRIN_CLOT_FORMATION,ppgs,0.006759969771477812,0.005780175521859279,1.169509428548178,0.24220827748105578
bmi,alt_log_adj,REACTOME_INTRINSIC_PATHWAY_OF_FIBRIN_CLOT_FORMATION,bmi,0.28848159828635245,0.005761643609708554,50.06932358680633,0
bmi,alt_log_adj,REACTOME_INWARDLY_RECTIFYING_K_CHANNELS,ppgs,-0.003767991281919463,0.0058374867585612045,-0.6454817694264336,0.518620252775706
bmi,alt_log_adj,REACTOME_INWARDLY_RECTIFYING_K_CHANNELS,bmi,0.2884521547441946,0.005761749042869651,50.06329720333159,0
bmi,alt_log_adj,REACTOME_IONOTROPIC_ACTIVITY_OF_KAINATE_RECEPTORS,ppgs,-0.006972910978718749,0.005775248203896222,-1.2073785805456003,0.22729645392446357
bmi,alt_log_adj,REACTOME_IONOTROPIC_ACTIVITY_OF_KAINATE_RECEPTORS,bmi,0.2884655020537178,0.005761503958125531,50.0677434486339,0
bmi,alt_log_adj,REACTOME_ION_CHANNEL_TRANSPORT,ppgs,0.02009191109298791,0.006455530557756327,3.112356283225622,0.0018578483545533462
bmi,alt_log_adj,REACTOME_ION_CHANNEL_TRANSPORT,bmi,0.28819297118124937,0.005760954084479041,50.02521578113054,0
bmi,alt_log_adj,REACTOME_ION_HOMEOSTASIS,ppgs,0.015290077436126571,0.006353969306438586,2.4063820107901486,0.016117764015024846
bmi,alt_log_adj,REACTOME_ION_HOMEOSTASIS,bmi,0.2882637307877995,0.005761250874049213,50.03492072984446,0
bmi,alt_log_adj,REACTOME_ION_TRANSPORT_BY_P_TYPE_ATPASES,ppgs,0.021723215433426035,0.006188165188466105,3.5104453051633366,4.480511730175074e-4
bmi,alt_log_adj,REACTOME_ION_TRANSPORT_BY_P_TYPE_ATPASES,bmi,0.28812198048314785,0.0057608493171460865,50.013802587338446,0
bmi,alt_log_adj,REACTOME_IRAK1_RECRUITS_IKK_COMPLEX,ppgs,0.033672279973284334,0.005893297352927939,5.713657050845245,1.1168051183762967e-8
bmi,alt_log_adj,REACTOME_IRAK1_RECRUITS_IKK_COMPLEX,bmi,0.2885446004315025,0.005758228384170313,50.109961116639184,0
bmi,alt_log_adj,REACTOME_IRAK2_MEDIATED_ACTIVATION_OF_TAK1_COMPLEX,ppgs,-0.013465637683955025,0.005839986816848754,-2.3057650823980897,0.021130943298449542
bmi,alt_log_adj,REACTOME_IRAK2_MEDIATED_ACTIVATION_OF_TAK1_COMPLEX,bmi,0.2884573620783498,0.005760987614067248,50.07081795732232,0
bmi,alt_log_adj,REACTOME_IRAK4_DEFICIENCY_TLR2_4,ppgs,0.00825180351773703,0.005745480980555838,1.4362250167850565,0.15094935714544586
bmi,alt_log_adj,REACTOME_IRAK4_DEFICIENCY_TLR2_4,bmi,0.28846935562848863,0.0057614144119156035,50.06919048070627,0
bmi,alt_log_adj,REACTOME_IRE1ALPHA_ACTIVATES_CHAPERONES,ppgs,0.007240514669189974,0.005976539187974816,1.2114895328986313,0.22571794201599737
bmi,alt_log_adj,REACTOME_IRE1ALPHA_ACTIVATES_CHAPERONES,bmi,0.28842163004110283,0.005761351736885731,50.061451411575796,0
bmi,alt_log_adj,REACTOME_IRF3_MEDIATED_ACTIVATION_OF_TYPE_1_IFN,ppgs,0.001641247808789162,0.005713580004117784,0.28725384218061406,0.773920062030564
bmi,alt_log_adj,REACTOME_IRF3_MEDIATED_ACTIVATION_OF_TYPE_1_IFN,bmi,0.2884016220481318,0.00576166733145806,50.05523669745582,0
bmi,alt_log_adj,REACTOME_IRF3_MEDIATED_INDUCTION_OF_TYPE_I_IFN,ppgs,0.0016221424661674907,0.0057428195744281835,0.28246446630338523,0.7775894515854063
bmi,alt_log_adj,REACTOME_IRF3_MEDIATED_INDUCTION_OF_TYPE_I_IFN,bmi,0.2884011826440002,0.005761686323455611,50.05499543943059,0
bmi,alt_log_adj,REACTOME_IRON_UPTAKE_AND_TRANSPORT,ppgs,0.001847248451097354,0.0061587941014806975,0.2999367117425209,0.7642276299273789
bmi,alt_log_adj,REACTOME_IRON_UPTAKE_AND_TRANSPORT,bmi,0.28839444634596584,0.005761881499327551,50.052130780479146,0
bmi,alt_log_adj,REACTOME_IRS_ACTIVATION,ppgs,0.008546245577499166,0.0062919824558715,1.3582754938428112,0.17438709212249537
bmi,alt_log_adj,REACTOME_IRS_ACTIVATION,bmi,0.2884919459198847,0.00576159175249101,50.07157020369517,0
bmi,alt_log_adj,REACTOME_IRS_MEDIATED_SIGNALLING,ppgs,0.003996134298327674,0.005734955797527607,0.6968029814720533,0.48593181346151904
bmi,alt_log_adj,REACTOME_IRS_MEDIATED_SIGNALLING,bmi,0.2884078471628422,0.005761456838034289,50.05814592915392,0
bmi,alt_log_adj,REACTOME_ISG15_ANTIVIRAL_MECHANISM,ppgs,0.01895621746754799,0.006155019241056772,3.0797982467871776,0.0020733895729873595
bmi,alt_log_adj,REACTOME_ISG15_ANTIVIRAL_MECHANISM,bmi,0.28854236866382527,0.005760683689950888,50.08821594686189,0
bmi,alt_log_adj,REACTOME_JNK_C_JUN_KINASES_PHOSPHORYLATION_AND_ACTIVATION_MEDIATED_BY_ACTIVATED_HUMAN_TAK1,ppgs,0.003382415065885683,0.005762674970352832,0.5869522545149874,0.5572404476562467
bmi,alt_log_adj,REACTOME_JNK_C_JUN_KINASES_PHOSPHORYLATION_AND_ACTIVATION_MEDIATED_BY_ACTIVATED_HUMAN_TAK1,bmi,0.2884095147391832,0.005761469534800818,50.05832505007837,0
bmi,alt_log_adj,REACTOME_JOSEPHIN_DOMAIN_DUBS,ppgs,0.005133557457080726,0.005998992710372403,0.8557365719422665,0.39215073869088746
bmi,alt_log_adj,REACTOME_JOSEPHIN_DOMAIN_DUBS,bmi,0.2883947178590626,0.005761470512478834,50.055748308426686,0
bmi,alt_log_adj,REACTOME_KEAP1_NFE2L2_PATHWAY,ppgs,0.013551567170974542,0.005793712962704452,2.339012522403042,0.01934169356200712
bmi,alt_log_adj,REACTOME_KEAP1_NFE2L2_PATHWAY,bmi,0.2884453545488304,0.0057609570890283625,50.06899896862091,0
bmi,alt_log_adj,REACTOME_KERATAN_SULFATE_BIOSYNTHESIS,ppgs,0.0058688567341712156,0.005878307562394083,0.998392253531726,0.3180977100906587
bmi,alt_log_adj,REACTOME_KERATAN_SULFATE_BIOSYNTHESIS,bmi,0.2884349422651269,0.005761432632546284,50.06305907939639,0
bmi,alt_log_adj,REACTOME_KERATAN_SULFATE_DEGRADATION,ppgs,0.004001519747520198,0.005710932726237334,0.7006770941524664,0.4835103046290917
bmi,alt_log_adj,REACTOME_KERATAN_SULFATE_DEGRADATION,bmi,0.28840130693430677,0.005761479423840853,50.05681452942618,0
bmi,alt_log_adj,REACTOME_KERATAN_SULFATE_KERATIN_METABOLISM,ppgs,0.006020128426096371,0.005777123294209493,1.042063345286476,0.29739119768494376
bmi,alt_log_adj,REACTOME_KERATAN_SULFATE_KERATIN_METABOLISM,bmi,0.2884266289695411,0.005761399150389747,50.06190708901493,0
bmi,alt_log_adj,REACTOME_KERATINIZATION,ppgs,-5.77778603106093e-4,0.005735090595233764,-0.10074445965792848,0.9197540296162467
bmi,alt_log_adj,REACTOME_KERATINIZATION,bmi,0.28842299513065434,0.005762096345117163,50.05521911744253,0
bmi,alt_log_adj,REACTOME_KETONE_BODY_METABOLISM,ppgs,0.001698751539576473,0.005692551806087128,0.29841652697125626,0.7653874638164097
bmi,alt_log_adj,REACTOME_KETONE_BODY_METABOLISM,bmi,0.28841362922310104,0.0057614898834103204,50.05886238793225,0
bmi,alt_log_adj,REACTOME_KIDNEY_DEVELOPMENT,ppgs,0.009025935057235791,0.00601391496258183,1.500841816586125,0.13340761698169468
bmi,alt_log_adj,REACTOME_KIDNEY_DEVELOPMENT,bmi,0.28853593527370003,0.005761836079870191,50.07708155421882,0
bmi,alt_log_adj,REACTOME_KILLING_MECHANISMS,ppgs,0.020977125762246474,0.00571375051480195,3.6713408658469544,2.417241748278773e-4
bmi,alt_log_adj,REACTOME_KILLING_MECHANISMS,bmi,0.2884065155029785,0.005760129209534093,50.069452439645225,0
bmi,alt_log_adj,REACTOME_KINESINS,ppgs,0.010669362462363613,0.005919206198460791,1.8024988663409014,0.07147756970984638
bmi,alt_log_adj,REACTOME_KINESINS,bmi,0.288433927840893,0.005761177801013187,50.06509741639421,0
bmi,alt_log_adj,REACTOME_KSRP_KHSRP_BINDS_AND_DESTABILIZES_MRNA,ppgs,0.013351549654250183,0.005795328243610557,2.3038470114217398,0.021238429816908263
bmi,alt_log_adj,REACTOME_KSRP_KHSRP_BINDS_AND_DESTABILIZES_MRNA,bmi,0.28833454265291203,0.005761063551607662,50.04883908500722,0
bmi,alt_log_adj,REACTOME_L1CAM_INTERACTIONS,ppgs,0.010179605945062922,0.006751023206045437,1.5078611988694162,0.13160119847014418
bmi,alt_log_adj,REACTOME_L1CAM_INTERACTIONS,bmi,0.28848460440900736,0.00576145388161078,50.071494163961475,0
bmi,alt_log_adj,REACTOME_LAGGING_STRAND_SYNTHESIS,ppgs,0.003933941890828243,0.005735238517045027,0.6859247229451116,0.492766188415397
bmi,alt_log_adj,REACTOME_LAGGING_STRAND_SYNTHESIS,bmi,0.28840958052379567,0.0057614548506799874,50.05846405092571,0
bmi,alt_log_adj,REACTOME_LAMININ_INTERACTIONS,ppgs,-0.0047088815935024,0.005892047111061111,-0.7991927940736319,0.42418532537149434
bmi,alt_log_adj,REACTOME_LAMININ_INTERACTIONS,bmi,0.2883806682023666,0.00576158971276165,50.05227421237874,0
bmi,alt_log_adj,REACTOME_LATE_ENDOSOMAL_MICROAUTOPHAGY,ppgs,0.014765118025078818,0.00614673523123634,2.4021073740163357,0.016307314288785128
bmi,alt_log_adj,REACTOME_LATE_ENDOSOMAL_MICROAUTOPHAGY,bmi,0.28833974679318625,0.005760996044745094,50.05032889342044,0
bmi,alt_log_adj,REACTOME_LATE_SARS_COV_2_INFECTION_EVENTS,ppgs,7.120580513222839e-4,0.006130303378849352,0.11615380305304498,0.9075314714151165
bmi,alt_log_adj,REACTOME_LATE_SARS_COV_2_INFECTION_EVENTS,bmi,0.28841467021183476,0.005761496615505179,50.05898457627507,0
bmi,alt_log_adj,REACTOME_LDL_CLEARANCE,ppgs,0.013257546337150174,0.005901760221694562,2.2463715635915076,0.024687884017490093
bmi,alt_log_adj,REACTOME_LDL_CLEARANCE,bmi,0.28840236065382413,0.005760987846251066,50.0612687182634,0
bmi,alt_log_adj,REACTOME_LDL_REMODELING,ppgs,0.003901553483113337,0.005742555969308425,0.6794106150580889,0.4968832729528345
bmi,alt_log_adj,REACTOME_LDL_REMODELING,bmi,0.2884417225773192,0.005761589141636087,50.06287596817638,0
bmi,alt_log_adj,REACTOME_LECTIN_PATHWAY_OF_COMPLEMENT_ACTIVATION,ppgs,0.0035994848835627356,0.005739813025171403,0.6271083862449068,0.5305932406367295
bmi,alt_log_adj,REACTOME_LECTIN_PATHWAY_OF_COMPLEMENT_ACTIVATION,bmi,0.2883723963679287,0.005761851464423008,50.04856479701119,0
bmi,alt_log_adj,REACTOME_LEISHMANIA_INFECTION,ppgs,0.027937074730415616,0.0069066537624734746,4.044950809928907,5.247258756421659e-5
bmi,alt_log_adj,REACTOME_LEISHMANIA_INFECTION,bmi,0.28839420311959646,0.005759838278700566,50.069843833299245,0
bmi,alt_log_adj,REACTOME_LEUKOTRIENE_RECEPTORS,ppgs,-0.0037155229722727764,0.00567458849864149,-0.6547651822087683,0.5126242631774476
bmi,alt_log_adj,REACTOME_LEUKOTRIENE_RECEPTORS,bmi,0.28839702172672843,0.005761517113958655,50.055743309000604,0
bmi,alt_log_adj,REACTOME_LGI_ADAM_INTERACTIONS,ppgs,-0.001208390049970054,0.00590660232029845,-0.20458293693098953,0.8378994564722266
bmi,alt_log_adj,REACTOME_LGI_ADAM_INTERACTIONS,bmi,0.288413793235443,0.005761495143586864,50.05884515176189,0
bmi,alt_log_adj,REACTOME_LIGAND_RECEPTOR_INTERACTIONS,ppgs,0.01430455142837009,0.00574338492902694,2.4906133935190735,0.01275795779690817
bmi,alt_log_adj,REACTOME_LIGAND_RECEPTOR_INTERACTIONS,bmi,0.28845382257239566,0.005760889227695928,50.07105868059938,0
bmi,alt_log_adj,REACTOME_LINOLEIC_ACID_LA_METABOLISM,ppgs,-0.0041514354906710994,0.005711417149094327,-0.7268660968546838,0.4673139896163354
bmi,alt_log_adj,REACTOME_LINOLEIC_ACID_LA_METABOLISM,bmi,0.28836514570622324,0.005761846365259867,50.04735069731725,0
bmi,alt_log_adj,REACTOME_LIPID_PARTICLE_ORGANIZATION,ppgs,0.02179218128330386,0.005708825156200118,3.8172795079625583,1.3521806705155424e-4
bmi,alt_log_adj,REACTOME_LIPID_PARTICLE_ORGANIZATION,bmi,0.2883913840200845,0.005760021030182562,50.067765813511976,0
bmi,alt_log_adj,REACTOME_LIPOPHAGY,ppgs,-0.008132467311331607,0.005695279356167969,-1.4279312396720576,0.15332266657589058
bmi,alt_log_adj,REACTOME_LIPOPHAGY,bmi,0.28838977952292977,0.005761317054802162,50.05622443266712,0
bmi,alt_log_adj,REACTOME_LISTERIA_MONOCYTOGENES_ENTRY_INTO_HOST_CELLS,ppgs,0.006761985204281187,0.005960963810033489,1.1343778321383902,0.25664568544609867
bmi,alt_log_adj,REACTOME_LISTERIA_MONOCYTOGENES_ENTRY_INTO_HOST_CELLS,bmi,0.2884149880648882,0.005761367222695796,50.06016400564313,0
bmi,alt_log_adj,REACTOME_LONG_TERM_POTENTIATION,ppgs,-0.003284634663823231,0.00624749521412677,-0.5257522497009761,0.5990644677738172
bmi,alt_log_adj,REACTOME_LONG_TERM_POTENTIATION,bmi,0.2884114969759973,0.005761472949850131,50.0586394289154,0
bmi,alt_log_adj,REACTOME_LOSS_OF_FUNCTION_OF_MECP2_IN_RETT_SYNDROME,ppgs,6.613947898751743e-4,0.0057405994343316365,0.11521354127579515,0.9082766817631107
bmi,alt_log_adj,REACTOME_LOSS_OF_FUNCTION_OF_MECP2_IN_RETT_SYNDROME,bmi,0.2884172453168169,0.005761541605641862,50.05904062801363,0
bmi,alt_log_adj,REACTOME_LOSS_OF_FUNCTION_OF_SMAD2_3_IN_CANCER,ppgs,0.0037697431487098312,0.005705386482650003,0.6607340554708371,0.5087882488102446
bmi,alt_log_adj,REACTOME_LOSS_OF_FUNCTION_OF_SMAD2_3_IN_CANCER,bmi,0.28838186094606794,0.0057616669621643685,50.05181015143877,0
bmi,alt_log_adj,REACTOME_LOSS_OF_MECP2_BINDING_ABILITY_TO_THE_NCOR_SMRT_COMPLEX,ppgs,0.008743883450145264,0.005770627289227378,1.5152396805228383,0.1297228667614849
bmi,alt_log_adj,REACTOME_LOSS_OF_MECP2_BINDING_ABILITY_TO_THE_NCOR_SMRT_COMPLEX,bmi,0.2884507670829457,0.005761314060798072,50.06683614865959,0
bmi,alt_log_adj,REACTOME_LRR_FLII_INTERACTING_PROTEIN_1_LRRFIP1_ACTIVATES_TYPE_I_IFN_PRODUCTION,ppgs,-2.839607339720839e-4,0.0057367378358983735,-0.04949864227630608,0.960522267891796
bmi,alt_log_adj,REACTOME_LRR_FLII_INTERACTING_PROTEIN_1_LRRFIP1_ACTIVATES_TYPE_I_IFN_PRODUCTION,bmi,0.2884125679847053,0.005761647192276734,50.05731145275803,0
bmi,alt_log_adj,REACTOME_LTC4_CYSLTR_MEDIATED_IL4_PRODUCTION,ppgs,-7.790234175450786e-4,0.005714189739411944,-0.13633138783824303,0.8915602796683082
bmi,alt_log_adj,REACTOME_LTC4_CYSLTR_MEDIATED_IL4_PRODUCTION,bmi,0.2884182557019098,0.005761557725628573,50.05907593687157,0
bmi,alt_log_adj,REACTOME_LYSINE_CATABOLISM,ppgs,-0.0017124568036784248,0.005703774177132417,-0.30023222352385726,0.7640022287849586
bmi,alt_log_adj,REACTOME_LYSINE_CATABOLISM,bmi,0.28840764889911935,0.005761535628732819,50.05742695763754,0
bmi,alt_log_adj,REACTOME_LYSOSOME_VESICLE_BIOGENESIS,ppgs,0.001883034903621825,0.005839128299236972,0.3224856189352597,0.7470872088841656
bmi,alt_log_adj,REACTOME_LYSOSOME_VESICLE_BIOGENESIS,bmi,0.2884134873886217,0.005761488478551871,50.058849976406336,0
bmi,alt_log_adj,REACTOME_LYSOSPHINGOLIPID_AND_LPA_RECEPTORS,ppgs,0.007755950646792196,0.0057711515682767455,1.3439173369532742,0.1789858744308372
bmi,alt_log_adj,REACTOME_LYSOSPHINGOLIPID_AND_LPA_RECEPTORS,bmi,0.288434260061205,0.00576133297862798,50.063806610582944,0
bmi,alt_log_adj,REACTOME_MALATE_ASPARTATE_SHUTTLE,ppgs,5.206135220779574e-4,0.005706862310640997,0.09122587750316372,0.9273137579478138
bmi,alt_log_adj,REACTOME_MALATE_ASPARTATE_SHUTTLE,bmi,0.2884204186496903,0.0057618474766986715,50.056933963643324,0
bmi,alt_log_adj,REACTOME_MAP2K_AND_MAPK_ACTIVATION,ppgs,0.020145270389522636,0.0058387845328366295,3.450250694511509,5.608811863618237e-4
bmi,alt_log_adj,REACTOME_MAP2K_AND_MAPK_ACTIVATION,bmi,0.2881841720223601,0.005760675902422086,50.02610403775581,0
bmi,alt_log_adj,REACTOME_MAP3K8_TPL2_DEPENDENT_MAPK1_3_ACTIVATION,ppgs,0.027898517719664496,0.006085275748229114,4.584593841582822,4.5681081126098994e-6
bmi,alt_log_adj,REACTOME_MAP3K8_TPL2_DEPENDENT_MAPK1_3_ACTIVATION,bmi,0.2884486925876835,0.005759368109765153,50.08339232538576,0
bmi,alt_log_adj,REACTOME_MAPK1_ERK2_ACTIVATION,ppgs,0.011344628471208854,0.005747714810808437,1.9737632858672038,0.048418359529972865
bmi,alt_log_adj,REACTOME_MAPK1_ERK2_ACTIVATION,bmi,0.2884169430828235,0.005761102257732794,50.06280572362661,0
bmi,alt_log_adj,REACTOME_MAPK1_MAPK3_SIGNALING,ppgs,0.005796390437236393,0.007031843844193418,0.8243059097540673,0.40977269665741733
bmi,alt_log_adj,REACTOME_MAPK1_MAPK3_SIGNALING,bmi,0.2884178645104406,0.005761430268628609,50.06011546835793,0
bmi,alt_log_adj,REACTOME_MAPK3_ERK1_ACTIVATION,ppgs,0.011677487831508421,0.005748547893858464,2.031380454181171,0.04222572464486776
bmi,alt_log_adj,REACTOME_MAPK3_ERK1_ACTIVATION,bmi,0.28838661984678576,0.005761095184996411,50.057603734413114,0
bmi,alt_log_adj,REACTOME_MAPK6_MAPK4_SIGNALING,ppgs,0.007281872804369188,0.00594883765219337,1.2240832966225461,0.2209309792482
bmi,alt_log_adj,REACTOME_MAPK6_MAPK4_SIGNALING,bmi,0.2884566107225876,0.005761447829289818,50.066687969670305,0
bmi,alt_log_adj,REACTOME_MAPK_FAMILY_SIGNALING_CASCADES,ppgs,0.011003996584710641,0.0071599019096528676,1.5368920864509645,0.12433089802162497
bmi,alt_log_adj,REACTOME_MAPK_FAMILY_SIGNALING_CASCADES,bmi,0.2884189194975233,0.005761258641326273,50.06178987151455,0
bmi,alt_log_adj,REACTOME_MAPK_TARGETS_NUCLEAR_EVENTS_MEDIATED_BY_MAP_KINASES,ppgs,-0.002617942813333137,0.006037644157730505,-0.43360336332196125,0.6645797913472525
bmi,alt_log_adj,REACTOME_MAPK_TARGETS_NUCLEAR_EVENTS_MEDIATED_BY_MAP_KINASES,bmi,0.2884119618512399,0.005761482133476116,50.05864032372349,0
bmi,alt_log_adj,REACTOME_MAPLE_SYRUP_URINE_DISEASE,ppgs,-0.002769161071571097,0.005756304406367719,-0.48106578041769393,0.6304734605534018
bmi,alt_log_adj,REACTOME_MAPLE_SYRUP_URINE_DISEASE,bmi,0.2884313252399422,0.005761579074536002,50.0611588435364,0
bmi,alt_log_adj,REACTOME_MASTL_FACILITATES_MITOTIC_PROGRESSION,ppgs,0.007615159785754052,0.005755774316016395,1.3230469729439545,0.18583042848430179
bmi,alt_log_adj,REACTOME_MASTL_FACILITATES_MITOTIC_PROGRESSION,bmi,0.2883466210094505,0.00576154936048794,50.04671538300085,0
bmi,alt_log_adj,REACTOME_MATERNAL_TO_ZYGOTIC_TRANSITION_MZT,ppgs,0.016681451200878182,0.0061282418017242594,2.7220615211665833,0.006491570050513114
bmi,alt_log_adj,REACTOME_MATERNAL_TO_ZYGOTIC_TRANSITION_MZT,bmi,0.28829143218119624,0.005760922936240289,50.042577443214654,0
bmi,alt_log_adj,REACTOME_MATURATION_OF_PROTEIN_3A,ppgs,3.6847371350850827e-4,0.005707687021575128,0.06455744894835211,0.948526820003055
bmi,alt_log_adj,REACTOME_MATURATION_OF_PROTEIN_3A,bmi,0.2884165292921736,0.00576157327724894,50.058641175503354,0
bmi,alt_log_adj,REACTOME_MATURATION_OF_SARS_COV_1_NUCLEOPROTEIN,ppgs,0.0029078477193049744,0.0057300203194633635,0.5074759873761329,0.6118248285312946
bmi,alt_log_adj,REACTOME_MATURATION_OF_SARS_COV_1_NUCLEOPROTEIN,bmi,0.28840320739758835,0.005761515710215381,50.056829123322316,0
bmi,alt_log_adj,REACTOME_MATURATION_OF_SARS_COV_1_SPIKE_PROTEIN,ppgs,5.005973936473998e-4,0.005732623216476915,0.08732431467125984,0.9304143442925614
bmi,alt_log_adj,REACTOME_MATURATION_OF_SARS_COV_1_SPIKE_PROTEIN,bmi,0.2884141731447015,0.0057614994921545174,50.05887330849157,0
bmi,alt_log_adj,REACTOME_MATURATION_OF_SARS_COV_2_NUCLEOPROTEIN,ppgs,0.0029078477193049744,0.0057300203194633635,0.5074759873761329,0.6118248285312946
bmi,alt_log_adj,REACTOME_MATURATION_OF_SARS_COV_2_NUCLEOPROTEIN,bmi,0.28840320739758835,0.005761515710215381,50.056829123322316,0
bmi,alt_log_adj,REACTOME_MATURATION_OF_SARS_COV_2_SPIKE_PROTEIN,ppgs,9.062071187185987e-4,0.005832829314574406,0.1553632156617839,0.8765360877781821
bmi,alt_log_adj,REACTOME_MATURATION_OF_SARS_COV_2_SPIKE_PROTEIN,bmi,0.2884188360057572,0.005761559356406047,50.05916248785597,0
bmi,alt_log_adj,REACTOME_MATURATION_OF_TCA_ENZYMES_AND_REGULATION_OF_TCA_CYCLE,ppgs,0.0036496169005332526,0.005910792418720331,0.6174496822074804,0.5369431200516028
bmi,alt_log_adj,REACTOME_MATURATION_OF_TCA_ENZYMES_AND_REGULATION_OF_TCA_CYCLE,bmi,0.28839666974838313,0.005761532594789277,50.05554772166155,0
bmi,alt_log_adj,REACTOME_MECHANICAL_LOAD_ACTIVATES_SIGNALING_BY_PIEZO1_AND_INTEGRINS_IN_OSTEOCYTES,ppgs,0.012452586284010948,0.006088056121495165,2.0454125316033913,0.0408234151917607
bmi,alt_log_adj,REACTOME_MECHANICAL_LOAD_ACTIVATES_SIGNALING_BY_PIEZO1_AND_INTEGRINS_IN_OSTEOCYTES,bmi,0.2885291056911875,0.005761344762853258,50.08016662212311,0
bmi,alt_log_adj,REACTOME_MECP2_REGULATES_NEURONAL_RECEPTORS_AND_CHANNELS,ppgs,-0.0012287988504755642,0.0058070090323839,-0.2116061544975962,0.8324158286072991
bmi,alt_log_adj,REACTOME_MECP2_REGULATES_NEURONAL_RECEPTORS_AND_CHANNELS,bmi,0.2884103144934782,0.005761529386393777,50.05794384639915,0
bmi,alt_log_adj,REACTOME_MECP2_REGULATES_TRANSCRIPTION_FACTORS,ppgs,-0.0027844954173320132,0.005920868561984495,-0.4702849570433185,0.638155061304999
bmi,alt_log_adj,REACTOME_MECP2_REGULATES_TRANSCRIPTION_FACTORS,bmi,0.2884232770475464,0.00576150488922371,50.06040654187621,0
bmi,alt_log_adj,REACTOME_MECP2_REGULATES_TRANSCRIPTION_OF_NEURONAL_LIGANDS,ppgs,-0.005670932446112339,0.006013382984601485,-0.9430519327696137,0.34566237667477884
bmi,alt_log_adj,REACTOME_MECP2_REGULATES_TRANSCRIPTION_OF_NEURONAL_LIGANDS,bmi,0.28846687897092926,0.0057616740684710566,50.0665042039558,0
bmi,alt_log_adj,REACTOME_MEIOSIS,ppgs,0.007533989835025975,0.005837646126086647,1.2905869373203163,0.19685747338154674
bmi,alt_log_adj,REACTOME_MEIOSIS,bmi,0.2883931907985489,0.005761352655651719,50.05650721895033,0
bmi,alt_log_adj,REACTOME_MEIOTIC_RECOMBINATION,ppgs,0.01713608989077838,0.0058740777727299695,2.917239191202333,0.0035342192911750523
bmi,alt_log_adj,REACTOME_MEIOTIC_RECOMBINATION,bmi,0.2884390665784734,0.005760639468307628,50.0706680508877,0
bmi,alt_log_adj,REACTOME_MEIOTIC_SYNAPSIS,ppgs,0.008290115658360265,0.005731591747463042,1.4463897680831324,0.14807896583868368
bmi,alt_log_adj,REACTOME_MEIOTIC_SYNAPSIS,bmi,0.2883154288719442,0.005761693555100078,50.040049182542184,0
bmi,alt_log_adj,REACTOME_MELANIN_BIOSYNTHESIS,ppgs,0.0014051235025374024,0.006561230287510488,0.21415549233382342,0.8304273430552556
bmi,alt_log_adj,REACTOME_MELANIN_BIOSYNTHESIS,bmi,0.2884132878769229,0.005761496680468962,50.05874408547732,0
bmi,alt_log_adj,REACTOME_MEMBRANE_TRAFFICKING,ppgs,0.014985108506098728,0.007372482284316259,2.032573009768647,0.04210498136487133
bmi,alt_log_adj,REACTOME_MEMBRANE_TRAFFICKING,bmi,0.28844649984811865,0.005761099547987035,50.06795967427845,0
bmi,alt_log_adj,REACTOME_METABOLIC_DISORDERS_OF_BIOLOGICAL_OXIDATION_ENZYMES,ppgs,0.010320459164645468,0.005801171436012832,1.779030197345583,0.07524552347317649
bmi,alt_log_adj,REACTOME_METABOLIC_DISORDERS_OF_BIOLOGICAL_OXIDATION_ENZYMES,bmi,0.2884753722921824,0.005761277585352049,50.07142391917136,0
bmi,alt_log_adj,REACTOME_METABOLISM_OF_AMINE_DERIVED_HORMONES,ppgs,0.002192222003330103,0.005707550373835848,0.38409157339715005,0.700913457566831
bmi,alt_log_adj,REACTOME_METABOLISM_OF_AMINE_DERIVED_HORMONES,bmi,0.28842832915935385,0.005761593500679784,50.06051348907616,0
bmi,alt_log_adj,REACTOME_METABOLISM_OF_AMINO_ACIDS_AND_DERIVATIVES,ppgs,0.017771946317512794,0.007095131876254711,2.504808455638463,0.012257338233328316
bmi,alt_log_adj,REACTOME_METABOLISM_OF_AMINO_ACIDS_AND_DERIVATIVES,bmi,0.28838922621299967,0.005760869445938111,50.060017662149576,0
bmi,alt_log_adj,REACTOME_METABOLISM_OF_ANGIOTENSINOGEN_TO_ANGIOTENSINS,ppgs,0.0055737568650378565,0.005687015761140293,0.9800846523274401,0.32705269811037085
bmi,alt_log_adj,REACTOME_METABOLISM_OF_ANGIOTENSINOGEN_TO_ANGIOTENSINS,bmi,0.2884301143124076,0.005761422047724698,50.062313075348214,0
bmi,alt_log_adj,REACTOME_METABOLISM_OF_CARBOHYDRATES_AND_CARBOHYDRATE_DERIVATIVES,ppgs,0.020204051334584635,0.0066630967851991,3.0322314061930467,0.0024297232330475174
bmi,alt_log_adj,REACTOME_METABOLISM_OF_CARBOHYDRATES_AND_CARBOHYDRATE_DERIVATIVES,bmi,0.28851094281270456,0.005760651468026585,50.083040852936584,0
bmi,alt_log_adj,REACTOME_METABOLISM_OF_COFACTORS,ppgs,0.005656179717224603,0.005800088691128556,0.9751884873546732,0.32947509279986464
bmi,alt_log_adj,REACTOME_METABOLISM_OF_COFACTORS,bmi,0.2883969197391817,0.005761429934652954,50.05648302769017,0
bmi,alt_log_adj,REACTOME_METABOLISM_OF_FAT_SOLUBLE_VITAMINS,ppgs,0.006698926628152022,0.00601039681724681,1.1145564647128587,0.2650499838627274
bmi,alt_log_adj,REACTOME_METABOLISM_OF_FAT_SOLUBLE_VITAMINS,bmi,0.28840260005271906,0.005761381840493254,50.05788681210336,0
bmi,alt_log_adj,REACTOME_METABOLISM_OF_FOLATE_AND_PTERINES,ppgs,7.930270675139412e-4,0.005713367103317794,0.13880205020493513,0.8896075597574357
bmi,alt_log_adj,REACTOME_METABOLISM_OF_FOLATE_AND_PTERINES,bmi,0.288409852112735,0.005761598508232045,50.057263049596635,0
bmi,alt_log_adj,REACTOME_METABOLISM_OF_INGESTED_SEMET_SEC_MESEC_INTO_H2SE,ppgs,0.007892099461476416,0.00578547696786631,1.3641225270294404,0.1725398354639782
bmi,alt_log_adj,REACTOME_METABOLISM_OF_INGESTED_SEMET_SEC_MESEC_INTO_H2SE,bmi,0.2884249078224413,0.0057613138224487425,50.062349788793746,0
bmi,alt_log_adj,REACTOME_METABOLISM_OF_LIPIDS,ppgs,0.047952877078114776,0.007702640569258467,6.225511452461711,4.867110040733368e-10
bmi,alt_log_adj,REACTOME_METABOLISM_OF_LIPIDS,bmi,0.2883616520660379,0.00575756991116599,50.083916741818705,0
bmi,alt_log_adj,REACTOME_METABOLISM_OF_NITRIC_OXIDE_NOS3_ACTIVATION_AND_REGULATION,ppgs,-0.002566155204426849,0.005898048964496675,-0.43508543585748927,0.6635037265480324
bmi,alt_log_adj,REACTOME_METABOLISM_OF_NITRIC_OXIDE_NOS3_ACTIVATION_AND_REGULATION,bmi,0.28842124762142907,0.005761498859387154,50.06010669454653,0
bmi,alt_log_adj,REACTOME_METABOLISM_OF_NUCLEOTIDES,ppgs,0.0063736413145964845,0.005993622455560333,1.0634038700057933,0.28760789643240336
bmi,alt_log_adj,REACTOME_METABOLISM_OF_NUCLEOTIDES,bmi,0.2884035397026806,0.005761392489409441,50.057957383188594,0
bmi,alt_log_adj,REACTOME_METABOLISM_OF_POLYAMINES,ppgs,-0.010347812583772263,0.00635740313886669,-1.627679157313426,0.1036040477068055
bmi,alt_log_adj,REACTOME_METABOLISM_OF_POLYAMINES,bmi,0.28842942281051553,0.005761235947684812,50.06381016670957,0
bmi,alt_log_adj,REACTOME_METABOLISM_OF_PORPHYRINS,ppgs,0.02735689476939364,0.005710088106909311,4.790975945938785,1.6681094674632752e-6
bmi,alt_log_adj,REACTOME_METABOLISM_OF_PORPHYRINS,bmi,0.28830679170859574,0.005759210898242573,50.060120527375155,0
bmi,alt_log_adj,REACTOME_METABOLISM_OF_RNA,ppgs,0.02979850104054055,0.007525836260248112,3.959493670881188,7.5292126730589e-5
bmi,alt_log_adj,REACTOME_METABOLISM_OF_RNA,bmi,0.28846533791859735,0.005759919759312821,50.08148550198073,0
bmi,alt_log_adj,REACTOME_METABOLISM_OF_STEROIDS,ppgs,0.012714826915106482,0.006079779535171261,2.0913302598477066,0.03650734711287358
bmi,alt_log_adj,REACTOME_METABOLISM_OF_STEROIDS,bmi,0.2885368121504914,0.005761349849706239,50.08146001847177,0
bmi,alt_log_adj,REACTOME_METABOLISM_OF_STEROID_HORMONES,ppgs,-0.0025231449508089565,0.005886427697856057,-0.4286377205869582,0.6681901470503283
bmi,alt_log_adj,REACTOME_METABOLISM_OF_STEROID_HORMONES,bmi,0.28840079536807006,0.005761569604139936,50.05594224893884,0
bmi,alt_log_adj,REACTOME_METABOLISM_OF_VITAMINS_AND_COFACTORS,ppgs,0.018947884536377396,0.006148928302637347,3.0814938154751985,0.0020616212542058357
bmi,alt_log_adj,REACTOME_METABOLISM_OF_VITAMINS_AND_COFACTORS,bmi,0.2884568792510519,0.005760549618633983,50.07454120661747,0
bmi,alt_log_adj,REACTOME_METABOLISM_OF_WATER_SOLUBLE_VITAMINS_AND_COFACTORS,ppgs,0.010839489338267654,0.005709722986480056,1.8984264847759293,0.05765006900815759
bmi,alt_log_adj,REACTOME_METABOLISM_OF_WATER_SOLUBLE_VITAMINS_AND_COFACTORS,bmi,0.2883285728360341,0.005761310080556623,50.0456612826813,0
bmi,alt_log_adj,REACTOME_METALLOPROTEASE_DUBS,ppgs,0.01012119084019125,0.005762099197814184,1.7565110375105413,0.07901198412566898
bmi,alt_log_adj,REACTOME_METALLOPROTEASE_DUBS,bmi,0.28841758849358934,0.005761184721757801,50.062201165733484,0
bmi,alt_log_adj,REACTOME_METALLOTHIONEINS_BIND_METALS,ppgs,0.004670085066850154,0.005875567731538245,0.7948312878400788,0.42671830229802243
bmi,alt_log_adj,REACTOME_METALLOTHIONEINS_BIND_METALS,bmi,0.28844189907914203,0.005761535980699362,50.06336852627442,0
bmi,alt_log_adj,REACTOME_METAL_ION_SLC_TRANSPORTERS,ppgs,-0.013755624050927895,0.006055821585000334,-2.271471155127688,0.023125932814094405
bmi,alt_log_adj,REACTOME_METAL_ION_SLC_TRANSPORTERS,bmi,0.28843590150737675,0.005760981357314114,50.0671471781765,0
bmi,alt_log_adj,REACTOME_METAL_SEQUESTRATION_BY_ANTIMICROBIAL_PROTEINS,ppgs,0.007391928460056964,0.005775996099305979,1.2797668718898805,0.2006376110033499
bmi,alt_log_adj,REACTOME_METAL_SEQUESTRATION_BY_ANTIMICROBIAL_PROTEINS,bmi,0.28834505158804036,0.005761588014652139,50.046107228555364,0
bmi,alt_log_adj,REACTOME_METHIONINE_SALVAGE_PATHWAY,ppgs,-0.0019271087621765609,0.005687228052404044,-0.338848511861935,0.7347263633322642
bmi,alt_log_adj,REACTOME_METHIONINE_SALVAGE_PATHWAY,bmi,0.288415973364208,0.005761487683991259,50.059288361510205,0
bmi,alt_log_adj,REACTOME_METHYLATION,ppgs,0.010038418255172928,0.006055845782113621,1.6576409995152326,0.0974010136190385
bmi,alt_log_adj,REACTOME_METHYLATION,bmi,0.28839171833109023,0.005761235339523909,50.05727093851404,0
bmi,alt_log_adj,REACTOME_MET_ACTIVATES_PI3K_AKT_SIGNALING,ppgs,0.010920363190978413,0.005729606616981911,1.9059533962788444,0.05666635576546695
bmi,alt_log_adj,REACTOME_MET_ACTIVATES_PI3K_AKT_SIGNALING,bmi,0.28836724299086075,0.005761182496765601,50.05348175530869,0
bmi,alt_log_adj,REACTOME_MET_ACTIVATES_PTK2_SIGNALING,ppgs,0.01456864594951378,0.005975096646310216,2.438227665909021,0.01476557318385814
bmi,alt_log_adj,REACTOME_MET_ACTIVATES_PTK2_SIGNALING,bmi,0.2884699261414203,0.005760938608523248,50.07342479134079,0
bmi,alt_log_adj,REACTOME_MET_ACTIVATES_PTPN11,ppgs,0.01927186304606865,0.0057899982109842,3.32847478424225,8.743409745248628e-4
bmi,alt_log_adj,REACTOME_MET_ACTIVATES_PTPN11,bmi,0.2884347669922036,0.005760375688859295,50.0722144824761,0
bmi,alt_log_adj,REACTOME_MET_ACTIVATES_RAP1_AND_RAC1,ppgs,0.021057759849312446,0.005702044639977915,3.693019114875608,2.2202322180993079e-4
bmi,alt_log_adj,REACTOME_MET_ACTIVATES_RAP1_AND_RAC1,bmi,0.2885332772926836,0.005760202182721167,50.090824616919626,0
bmi,alt_log_adj,REACTOME_MET_ACTIVATES_RAS_SIGNALING,ppgs,0.003947498381929977,0.005714526193689054,0.6907831459919586,0.48970748448566936
bmi,alt_log_adj,REACTOME_MET_ACTIVATES_RAS_SIGNALING,bmi,0.288420858184724,0.005761456554688842,50.060406677890974,0
bmi,alt_log_adj,REACTOME_MET_INTERACTS_WITH_TNS_PROTEINS,ppgs,0.005553378144825378,0.005703978290492561,0.9735973494292213,0.3302648100445603
bmi,alt_log_adj,REACTOME_MET_INTERACTS_WITH_TNS_PROTEINS,bmi,0.28838507933154944,0.005761481559240672,50.053979408997165,0
bmi,alt_log_adj,REACTOME_MET_PROMOTES_CELL_MOTILITY,ppgs,0.004062995302130754,0.005754875817524783,0.7060092052304754,0.48018821462363004
bmi,alt_log_adj,REACTOME_MET_PROMOTES_CELL_MOTILITY,bmi,0.28842292011824394,0.005761459309435958,50.06074062622866,0
bmi,alt_log_adj,REACTOME_MET_RECEPTOR_ACTIVATION,ppgs,0.005567396477465684,0.005690657913411367,0.9783396862329066,0.3279146963151308
bmi,alt_log_adj,REACTOME_MET_RECEPTOR_ACTIVATION,bmi,0.2883990184929331,0.005761422787270124,50.05690940268285,0
bmi,alt_log_adj,REACTOME_MET_RECEPTOR_RECYCLING,ppgs,6.37460380664636e-4,0.005674194121660769,0.11234377375831811,0.9105516304428932
bmi,alt_log_adj,REACTOME_MET_RECEPTOR_RECYCLING,bmi,0.288415280427595,0.00576149966790148,50.05906396808749,0
bmi,alt_log_adj,REACTOME_MHC_CLASS_II_ANTIGEN_PRESENTATION,ppgs,0.0035679002874216856,0.006274793779420368,0.5686083738916546,0.5696264448482189
bmi,alt_log_adj,REACTOME_MHC_CLASS_II_ANTIGEN_PRESENTATION,bmi,0.2884263854794508,0.005761502259313305,50.06096891018618,0
bmi,alt_log_adj,REACTOME_MICRORNA_MIRNA_BIOGENESIS,ppgs,-0.006884052074795674,0.0061827911052963844,-1.1134214236833209,0.2655369185150234
bmi,alt_log_adj,REACTOME_MICRORNA_MIRNA_BIOGENESIS,bmi,0.28844808173600217,0.005761450372070339,50.06518551896339,0
bmi,alt_log_adj,REACTOME_MINERALOCORTICOID_BIOSYNTHESIS,ppgs,0.002130539683623888,0.005699391271300834,0.37381881366035985,0.7085419168710066
bmi,alt_log_adj,REACTOME_MINERALOCORTICOID_BIOSYNTHESIS,bmi,0.2884191393380745,0.005761496443287238,50.05976176104626,0
bmi,alt_log_adj,REACTOME_MIRO_GTPASE_CYCLE,ppgs,-5.708848009099151e-6,0.005685540091649544,-0.0010040995080632428,0.9991988517047143
bmi,alt_log_adj,REACTOME_MIRO_GTPASE_CYCLE,bmi,0.28841460311268446,0.005761529474477681,50.058687435393374,0
bmi,alt_log_adj,REACTOME_MISCELLANEOUS_SUBSTRATES,ppgs,-0.001122929089559274,0.005691842354883351,-0.19728745449104895,0.8436040106768516
bmi,alt_log_adj,REACTOME_MISCELLANEOUS_SUBSTRATES,bmi,0.28841009409734425,0.0057615397332410395,50.057815696969065,0
bmi,alt_log_adj,REACTOME_MISCELLANEOUS_TRANSPORT_AND_BINDING_EVENTS,ppgs,0.018982874375349117,0.005903041867825966,3.215778373318624,0.0013023709071492181
bmi,alt_log_adj,REACTOME_MISCELLANEOUS_TRANSPORT_AND_BINDING_EVENTS,bmi,0.2885626616857449,0.005760631356771839,50.092193687507645,0
bmi,alt_log_adj,REACTOME_MISMATCH_REPAIR,ppgs,-0.0028611443002068684,0.005750779641416903,-0.49752285404939056,0.6188242495005514
bmi,alt_log_adj,REACTOME_MISMATCH_REPAIR,bmi,0.28843352545412965,0.005761598097215574,50.06137543566634,0
bmi,alt_log_adj,REACTOME_MITF_M_DEPENDENT_GENE_EXPRESSION,ppgs,0.021023769550940322,0.006116974725649572,3.4369554385738894,5.891362277707341e-4
bmi,alt_log_adj,REACTOME_MITF_M_DEPENDENT_GENE_EXPRESSION,bmi,0.28841084425007923,0.005760298080631053,50.06873606417313,0
bmi,alt_log_adj,REACTOME_MITF_M_REGULATED_MELANOCYTE_DEVELOPMENT,ppgs,0.022038126993224553,0.006141236625900689,3.5885487460747996,3.3308418065976274e-4
bmi,alt_log_adj,REACTOME_MITF_M_REGULATED_MELANOCYTE_DEVELOPMENT,bmi,0.28843731596565886,0.005760193293418141,50.07424252502784,0
bmi,alt_log_adj,REACTOME_MITOCHONDRIAL_BIOGENESIS,ppgs,0.03896867103898435,0.005734461911289435,6.795523562946111,1.1005506807926308e-11
bmi,alt_log_adj,REACTOME_MITOCHONDRIAL_BIOGENESIS,bmi,0.288778410758866,0.005757060000482081,50.16074363211161,0
bmi,alt_log_adj,REACTOME_MITOCHONDRIAL_CALCIUM_ION_TRANSPORT,ppgs,0.006027125372460251,0.0057595960649238125,1.0464493177161682,0.2953625551325824
bmi,alt_log_adj,REACTOME_MITOCHONDRIAL_CALCIUM_ION_TRANSPORT,bmi,0.2883486324695778,0.005761731799768024,50.04547981236946,0
bmi,alt_log_adj,REACTOME_MITOCHONDRIAL_FATTY_ACID_BETA_OXIDATION,ppgs,0.009675580386834887,0.005711024190652436,1.6941935568529842,0.09023949309261282
bmi,alt_log_adj,REACTOME_MITOCHONDRIAL_FATTY_ACID_BETA_OXIDATION,bmi,0.2883581950474829,0.005761302595374563,50.05086788515327,0
bmi,alt_log_adj,REACTOME_MITOCHONDRIAL_FATTY_ACID_BETA_OXIDATION_OF_SATURATED_FATTY_ACIDS,ppgs,0.003972400684844144,0.005690622452593593,0.6980608392028641,0.4851448726743738
bmi,alt_log_adj,REACTOME_MITOCHONDRIAL_FATTY_ACID_BETA_OXIDATION_OF_SATURATED_FATTY_ACIDS,bmi,0.2883802233164063,0.005761659188867626,50.05159344960898,0
bmi,alt_log_adj,REACTOME_MITOCHONDRIAL_FATTY_ACID_BETA_OXIDATION_OF_UNSATURATED_FATTY_ACIDS,ppgs,2.9077275791440166e-4,0.005726512780138589,0.050776584123394655,0.9595039077002611
bmi,alt_log_adj,REACTOME_MITOCHONDRIAL_FATTY_ACID_BETA_OXIDATION_OF_UNSATURATED_FATTY_ACIDS,bmi,0.28841299241112756,0.005761587120543812,50.05790702751805,0
bmi,alt_log_adj,REACTOME_MITOCHONDRIAL_IRON_SULFUR_CLUSTER_BIOGENESIS,ppgs,0.0060743590192791,0.006041056369838356,1.0055127195314741,0.31465861012678586
bmi,alt_log_adj,REACTOME_MITOCHONDRIAL_IRON_SULFUR_CLUSTER_BIOGENESIS,bmi,0.28838250849775804,0.005761483754568536,50.05351412630241,0
bmi,alt_log_adj,REACTOME_MITOCHONDRIAL_PROTEIN_DEGRADATION,ppgs,0.006032849630270451,0.00571120016910649,1.056319066332827,0.29083146952018246
bmi,alt_log_adj,REACTOME_MITOCHONDRIAL_PROTEIN_DEGRADATION,bmi,0.28832514228109035,0.005762007292525264,50.03901030377361,0
bmi,alt_log_adj,REACTOME_MITOCHONDRIAL_PROTEIN_IMPORT,ppgs,0.03531193258425342,0.005773251044917151,6.116472730792216,9.69195066865926e-10
bmi,alt_log_adj,REACTOME_MITOCHONDRIAL_PROTEIN_IMPORT,bmi,0.28836637657233594,0.005757705503971956,50.08355782931347,0
bmi,alt_log_adj,REACTOME_MITOCHONDRIAL_RNA_DEGRADATION,ppgs,9.379967656483232e-5,0.005800274619503507,0.016171592332788788,0.9870976123364281
bmi,alt_log_adj,REACTOME_MITOCHONDRIAL_RNA_DEGRADATION,bmi,0.2884139583110824,0.0057616442205396905,50.0575785785098,0
bmi,alt_log_adj,REACTOME_MITOCHONDRIAL_TRANSLATION,ppgs,0.013932972589237114,0.005866353159466098,2.3750654300030525,0.017552452069041227
bmi,alt_log_adj,REACTOME_MITOCHONDRIAL_TRANSLATION,bmi,0.2885078596399179,0.005761058593019658,50.078966388136756,0
bmi,alt_log_adj,REACTOME_MITOCHONDRIAL_TRNA_AMINOACYLATION,ppgs,-0.011718036352474728,0.00572833080103354,-2.045628431647224,0.04080215111870652
bmi,alt_log_adj,REACTOME_MITOCHONDRIAL_TRNA_AMINOACYLATION,bmi,0.2884754501750383,0.0057611495304651875,50.072550391127436,0
bmi,alt_log_adj,REACTOME_MITOCHONDRIAL_UNCOUPLING,ppgs,-0.004256091520886376,0.005737748895701481,-0.741770265351781,0.45823268410357854
bmi,alt_log_adj,REACTOME_MITOCHONDRIAL_UNCOUPLING,bmi,0.2884223493359249,0.005761451477734809,50.06070960599706,0
bmi,alt_log_adj,REACTOME_MITOCHONDRIAL_UNFOLDED_PROTEIN_RESPONSE_UPRMT,ppgs,0.013150913914975694,0.005800660367882387,2.267140822067578,0.023389121442853975
bmi,alt_log_adj,REACTOME_MITOCHONDRIAL_UNFOLDED_PROTEIN_RESPONSE_UPRMT,bmi,0.2882861244083381,0.005761254540534042,50.038775822186686,0
bmi,alt_log_adj,REACTOME_MITOPHAGY,ppgs,0.014897156273733596,0.006090222132199799,2.446077655356836,0.014448023690961957
bmi,alt_log_adj,REACTOME_MITOPHAGY,bmi,0.2882478919104868,0.005761293292572105,50.03180315123303,0
bmi,alt_log_adj,REACTOME_MITOTIC_G1_PHASE_AND_G1_S_TRANSITION,ppgs,1.2839865285623543e-4,0.006727837943659608,0.019084682766064513,0.9847736848967491
bmi,alt_log_adj,REACTOME_MITOTIC_G1_PHASE_AND_G1_S_TRANSITION,bmi,0.2884155194757411,0.005761689742873749,50.05745403637242,0
bmi,alt_log_adj,REACTOME_MITOTIC_G2_G2_M_PHASES,ppgs,0.00802285454926753,0.006283868520204786,1.276738130893622,0.201705172516425
bmi,alt_log_adj,REACTOME_MITOTIC_G2_G2_M_PHASES,bmi,0.28849616510764997,0.005761686335477798,50.071480519726336,0
bmi,alt_log_adj,REACTOME_MITOTIC_METAPHASE_AND_ANAPHASE,ppgs,0.011648912422698166,0.006497352631882847,1.7928705863271677,0.07300427645402224
bmi,alt_log_adj,REACTOME_MITOTIC_METAPHASE_AND_ANAPHASE,bmi,0.28844743701122216,0.0057612004359397905,50.06724557122086,0
bmi,alt_log_adj,REACTOME_MITOTIC_PROMETAPHASE,ppgs,0.01484947729963213,0.006492707450033509,2.2871009380771485,0.02219726604462483
bmi,alt_log_adj,REACTOME_MITOTIC_PROMETAPHASE,bmi,0.2884151687739417,0.005760966507278242,50.06367740717918,0
bmi,alt_log_adj,REACTOME_MITOTIC_PROPHASE,ppgs,0.0037219765421793332,0.006166755529226704,0.603555066280706,0.546144323466869
bmi,alt_log_adj,REACTOME_MITOTIC_PROPHASE,bmi,0.28843902980404923,0.0057616028761341255,50.06228926308503,0
bmi,alt_log_adj,REACTOME_MITOTIC_SPINDLE_CHECKPOINT,ppgs,0.006874054076747805,0.006573137572715621,1.0457797361919299,0.2956716555548423
bmi,alt_log_adj,REACTOME_MITOTIC_SPINDLE_CHECKPOINT,bmi,0.28842046457848985,0.005761389549150817,50.06092056750454,0
bmi,alt_log_adj,REACTOME_MITOTIC_TELOPHASE_CYTOKINESIS,ppgs,0.023517115858878605,0.005710935571182449,4.117909502874919,3.834074392096741e-5
bmi,alt_log_adj,REACTOME_MITOTIC_TELOPHASE_CYTOKINESIS,bmi,0.2882838472651314,0.005759863151685042,50.05046815752806,0
bmi,alt_log_adj,REACTOME_MODULATION_BY_MTB_OF_HOST_IMMUNE_SYSTEM,ppgs,0.0031647741352551677,0.005916753754355912,0.534883530166396,0.592734592894913
bmi,alt_log_adj,REACTOME_MODULATION_BY_MTB_OF_HOST_IMMUNE_SYSTEM,bmi,0.2884125153792566,0.005761470245618005,50.05883968568859,0
bmi,alt_log_adj,REACTOME_MODULATION_OF_HOST_RESPONSES_BY_IFN_STIMULATED_GENES,ppgs,0.036662118039220384,0.005795916514784685,6.325508303251045,2.5616439244991793e-10
bmi,alt_log_adj,REACTOME_MODULATION_OF_HOST_RESPONSES_BY_IFN_STIMULATED_GENES,bmi,0.2883634269510078,0.00575744204206809,50.08533735016581,0
bmi,alt_log_adj,REACTOME_MOLECULES_ASSOCIATED_WITH_ELASTIC_FIBRES,ppgs,0.013316564094942966,0.005922130181235409,2.2486104978133077,0.0245449356007196
bmi,alt_log_adj,REACTOME_MOLECULES_ASSOCIATED_WITH_ELASTIC_FIBRES,bmi,0.28831732018243755,0.005761146749015265,50.04512690667335,0
bmi,alt_log_adj,REACTOME_MOLYBDENUM_COFACTOR_BIOSYNTHESIS,ppgs,0.003717672648908263,0.005699997542050078,0.6522235529896657,0.5142622560051904
bmi,alt_log_adj,REACTOME_MOLYBDENUM_COFACTOR_BIOSYNTHESIS,bmi,0.28842272699731414,0.005761468145224308,50.06063033367429,0
bmi,alt_log_adj,REACTOME_MRNA_CAPPING,ppgs,0.0011789314316500866,0.005724858350070637,0.2059319828647883,0.8368455208770256
bmi,alt_log_adj,REACTOME_MRNA_CAPPING,bmi,0.28842060888741716,0.005761567004086091,50.05940374951292,0
bmi,alt_log_adj,REACTOME_MRNA_DECAY_BY_3_TO_5_EXORIBONUCLEASE,ppgs,0.015387775475609891,0.005707837028975656,2.695903088594564,0.007023951484783335
bmi,alt_log_adj,REACTOME_MRNA_DECAY_BY_3_TO_5_EXORIBONUCLEASE,bmi,0.28841492039597405,0.005760759570984391,50.06543266423634,0
bmi,alt_log_adj,REACTOME_MRNA_DECAY_BY_5_TO_3_EXORIBONUCLEASE,ppgs,6.734652972766792e-4,0.005741747375721476,0.11729274264562281,0.9066289067830985
bmi,alt_log_adj,REACTOME_MRNA_DECAY_BY_5_TO_3_EXORIBONUCLEASE,bmi,0.2884166224496214,0.005761521810872929,50.0591045069607,0
bmi,alt_log_adj,REACTOME_MRNA_EDITING,ppgs,-0.0015235054931376853,0.005691840009888057,-0.2676648483602842,0.7889592569784051
bmi,alt_log_adj,REACTOME_MRNA_EDITING,bmi,0.28840329656902897,0.005761646064107023,50.05571209340287,0
bmi,alt_log_adj,REACTOME_MRNA_EDITING_C_TO_U_CONVERSION,ppgs,0.0019746646345338093,0.005716583204791336,0.34542742820199845,0.7297756229421698
bmi,alt_log_adj,REACTOME_MRNA_EDITING_C_TO_U_CONVERSION,bmi,0.28842529868400774,0.005761568750023809,50.060202559036696,0
bmi,alt_log_adj,REACTOME_MRNA_SPLICING,ppgs,0.013500697622737593,0.006124796319690028,2.2042688308402156,0.027513448536203158
bmi,alt_log_adj,REACTOME_MRNA_SPLICING,bmi,0.28840256273702036,0.005761006894656711,50.061138271594764,0
bmi,alt_log_adj,REACTOME_MRNA_SPLICING_MINOR_PATHWAY,ppgs,0.007424790253928458,0.0057189205774982954,1.29828525388901,0.1941998932660355
bmi,alt_log_adj,REACTOME_MRNA_SPLICING_MINOR_PATHWAY,bmi,0.28841270567442095,0.005761326887960536,50.06011831703526,0
bmi,alt_log_adj,REACTOME_MTORC1_MEDIATED_SIGNALLING,ppgs,-0.0016372230339370968,0.005693151599050176,-0.28757762821742616,0.7736721739285188
bmi,alt_log_adj,REACTOME_MTORC1_MEDIATED_SIGNALLING,bmi,0.2884108410992778,0.005761504570624826,50.05825085512344,0
bmi,alt_log_adj,REACTOME_MTOR_SIGNALLING,ppgs,0.004375187488652087,0.005714475885585474,0.7656323302874222,0.4439014760272272
bmi,alt_log_adj,REACTOME_MTOR_SIGNALLING,bmi,0.2884367438237995,0.005761510853565652,50.06269208801253,0
bmi,alt_log_adj,REACTOME_MUCOPOLYSACCHARIDOSES,ppgs,0.003796082931470187,0.00571807648312276,0.6638741091824409,0.5067762873139161
bmi,alt_log_adj,REACTOME_MUCOPOLYSACCHARIDOSES,bmi,0.28843599737092857,0.00576154315298068,50.06228187698445,0
bmi,alt_log_adj,REACTOME_MULTIFUNCTIONAL_ANION_EXCHANGERS,ppgs,-0.0068429014431018965,0.005897976841643466,-1.1602116499994815,0.24597241549220236
bmi,alt_log_adj,REACTOME_MULTIFUNCTIONAL_ANION_EXCHANGERS,bmi,0.2884678474840862,0.0057615438316552465,50.06780403182521,0
bmi,alt_log_adj,REACTOME_MUSCARINIC_ACETYLCHOLINE_RECEPTORS,ppgs,-0.00651510167569904,0.0057106220465946165,-1.140874255473474,0.25393189172679237
bmi,alt_log_adj,REACTOME_MUSCARINIC_ACETYLCHOLINE_RECEPTORS,bmi,0.288337792080601,0.005761759277861235,50.04335970586261,0
bmi,alt_log_adj,REACTOME_MUSCLE_CONTRACTION,ppgs,0.013851880678094874,0.0073828317791298365,1.876228673833809,0.060634151907498476
bmi,alt_log_adj,REACTOME_MUSCLE_CONTRACTION,bmi,0.2883016079439946,0.005761455168212719,50.03972078696737,0
bmi,alt_log_adj,REACTOME_MYD88_INDEPENDENT_TLR4_CASCADE,ppgs,0.026087030885320446,0.006270353537310291,4.160376401441416,3.1865905203219565e-5
bmi,alt_log_adj,REACTOME_MYD88_INDEPENDENT_TLR4_CASCADE,bmi,0.28841229510760624,0.005759739937182545,50.07383983532545,0
bmi,alt_log_adj,REACTOME_MYOCLONIC_EPILEPSY_OF_LAFORA,ppgs,-0.004975067587927969,0.0059164019153545334,-0.8408941209718076,0.4004143446630233
bmi,alt_log_adj,REACTOME_MYOCLONIC_EPILEPSY_OF_LAFORA,bmi,0.2884386872735198,0.005761497195887065,50.06314807884073,0
bmi,alt_log_adj,REACTOME_MYOGENESIS,ppgs,0.0031815696513647447,0.00591048056199836,0.5382928880302487,0.5903790867039538
bmi,alt_log_adj,REACTOME_MYOGENESIS,bmi,0.2884380738668761,0.005761633244639084,50.061859479732334,0
bmi,alt_log_adj,REACTOME_M_DECAY_DEGRADATION_OF_MATERNAL_MRNAS_BY_MATERNALLY_STORED_FACTORS,ppgs,0.013885073989641459,0.005722052243074861,2.4265898666769306,0.01524766728228771
bmi,alt_log_adj,REACTOME_M_DECAY_DEGRADATION_OF_MATERNAL_MRNAS_BY_MATERNALLY_STORED_FACTORS,bmi,0.2884453680153794,0.005760913641216574,50.069378917901346,0
bmi,alt_log_adj,REACTOME_M_PHASE,ppgs,0.01857125517657172,0.0068030274530479365,2.729851570457989,0.006340195865333001
bmi,alt_log_adj,REACTOME_M_PHASE,bmi,0.28847297142990014,0.005760780513211774,50.07532759984801,0
bmi,alt_log_adj,REACTOME_NADE_MODULATES_DEATH_SIGNALLING,ppgs,0.0066439324839927105,0.0057547484861934835,1.154513094696061,0.24829960505341897
bmi,alt_log_adj,REACTOME_NADE_MODULATES_DEATH_SIGNALLING,bmi,0.2884631818464114,0.005761516060111028,50.06723557425136,0
bmi,alt_log_adj,REACTOME_NA_CL_DEPENDENT_NEUROTRANSMITTER_TRANSPORTERS,ppgs,9.377271103753751e-4,0.00607409139410704,0.15438146210396816,0.8773100685017031
bmi,alt_log_adj,REACTOME_NA_CL_DEPENDENT_NEUROTRANSMITTER_TRANSPORTERS,bmi,0.28840827236121974,0.0057616423647423145,50.05660783912932,0
bmi,alt_log_adj,REACTOME_NCAM1_INTERACTIONS,ppgs,0.005098309343112645,0.0060376843970307995,0.8444146808368919,0.3984448472072799
bmi,alt_log_adj,REACTOME_NCAM1_INTERACTIONS,bmi,0.28842927222469983,0.005761451637962076,50.061909801385085,0
bmi,alt_log_adj,REACTOME_NCAM_SIGNALING_FOR_NEURITE_OUT_GROWTH,ppgs,0.0035747320009205706,0.006209938033850334,0.5756469680429545,0.5648583966818119
bmi,alt_log_adj,REACTOME_NCAM_SIGNALING_FOR_NEURITE_OUT_GROWTH,bmi,0.2884327442122895,0.005761550305804228,50.06165509337308,0
bmi,alt_log_adj,REACTOME_NECTIN_NECL_TRANS_HETERODIMERIZATION,ppgs,0.0020874811251036115,0.005708410162239014,0.36568520231994633,0.7146027177712675
bmi,alt_log_adj,REACTOME_NECTIN_NECL_TRANS_HETERODIMERIZATION,bmi,0.2884187950271407,0.005761495682737019,50.0597086085338,0
bmi,alt_log_adj,REACTOME_NEDDYLATION,ppgs,0.02220450271550939,0.005767304544417453,3.850065926725261,1.1834524641425014e-4
bmi,alt_log_adj,REACTOME_NEDDYLATION,bmi,0.28823609418667306,0.005760178933613265,50.03943410588937,0
bmi,alt_log_adj,REACTOME_NEF_AND_SIGNAL_TRANSDUCTION,ppgs,0.002613112371515437,0.005894793503356801,0.4432915877421991,0.6575582224597032
bmi,alt_log_adj,REACTOME_NEF_AND_SIGNAL_TRANSDUCTION,bmi,0.2884122817416446,0.005761480422461292,50.05871071213942,0
bmi,alt_log_adj,REACTOME_NEF_MEDIATED_CD4_DOWN_REGULATION,ppgs,0.0013540545361597012,0.005675744381642944,0.2385686255602206,0.8114418202638283
bmi,alt_log_adj,REACTOME_NEF_MEDIATED_CD4_DOWN_REGULATION,bmi,0.2884208881752823,0.005761552053768138,50.059582120177296,0
bmi,alt_log_adj,REACTOME_NEF_MEDIATED_CD8_DOWN_REGULATION,ppgs,0.0015952282895588747,0.005685341873946946,0.28058616789062435,0.779029873931075
bmi,alt_log_adj,REACTOME_NEF_MEDIATED_CD8_DOWN_REGULATION,bmi,0.2884156692196704,0.0057614911798275995,50.059205198384184,0
bmi,alt_log_adj,REACTOME_NEF_MEDIATED_DOWNREGULATION_OF_MHC_CLASS_I_COMPLEX_CELL_SURFACE_EXPRESSION,ppgs,-0.0028072941963305127,0.00653894614603159,-0.4293190574805738,0.6676943123900789
bmi,alt_log_adj,REACTOME_NEF_MEDIATED_DOWNREGULATION_OF_MHC_CLASS_I_COMPLEX_CELL_SURFACE_EXPRESSION,bmi,0.2884264216482441,0.005761544795331076,50.06060560042392,0
bmi,alt_log_adj,REACTOME_NEF_MEDIATES_DOWN_MODULATION_OF_CELL_SURFACE_RECEPTORS_BY_RECRUITING_THEM_TO_CLATHRIN_ADAPTERS,ppgs,-0.008895401350511596,0.0061256690571424134,-1.452151800486141,0.14647046825262044
bmi,alt_log_adj,REACTOME_NEF_MEDIATES_DOWN_MODULATION_OF_CELL_SURFACE_RECEPTORS_BY_RECRUITING_THEM_TO_CLATHRIN_ADAPTERS,bmi,0.2884402072376636,0.005761310638601761,50.06503299875295,0
bmi,alt_log_adj,REACTOME_NEGATIVE_EPIGENETIC_REGULATION_OF_RRNA_EXPRESSION,ppgs,0.0012350839120097976,0.005913369434385898,0.20886297156200945,0.834556711653792
bmi,alt_log_adj,REACTOME_NEGATIVE_EPIGENETIC_REGULATION_OF_RRNA_EXPRESSION,bmi,0.2884223748608063,0.005761613103808947,50.059309721809164,0
bmi,alt_log_adj,REACTOME_NEGATIVE_FEEDBACK_REGULATION_OF_MAPK_PATHWAY,ppgs,0.013401849359972217,0.005770821366059018,2.3223469433302775,0.020221306720182738
bmi,alt_log_adj,REACTOME_NEGATIVE_FEEDBACK_REGULATION_OF_MAPK_PATHWAY,bmi,0.28835665842394625,0.0057610040649157005,50.053194751246146,0
bmi,alt_log_adj,REACTOME_NEGATIVE_REGULATION_OF_ACTIVITY_OF_TFAP2_AP_2_FAMILY_TRANSCRIPTION_FACTORS,ppgs,-0.0018313537443579015,0.006003198074331145,-0.305063021689809,0.7603203936056548
bmi,alt_log_adj,REACTOME_NEGATIVE_REGULATION_OF_ACTIVITY_OF_TFAP2_AP_2_FAMILY_TRANSCRIPTION_FACTORS,bmi,0.28841079816026816,0.005761502151594812,50.05826441988477,0
bmi,alt_log_adj,REACTOME_NEGATIVE_REGULATION_OF_FGFR1_SIGNALING,ppgs,0.006336402972274615,0.006076622477678912,1.0427508036824644,0.2970726136977431
bmi,alt_log_adj,REACTOME_NEGATIVE_REGULATION_OF_FGFR1_SIGNALING,bmi,0.28838915146530486,0.005761439263678729,50.0550536535841,0
bmi,alt_log_adj,REACTOME_NEGATIVE_REGULATION_OF_FGFR2_SIGNALING,ppgs,0.004495975811308331,0.006176386359168834,0.7279298201016948,0.4666625598561964
bmi,alt_log_adj,REACTOME_NEGATIVE_REGULATION_OF_FGFR2_SIGNALING,bmi,0.2884035339042176,0.005761464264153206,50.05733276844438,0
bmi,alt_log_adj,REACTOME_NEGATIVE_REGULATION_OF_FGFR3_SIGNALING,ppgs,0.007652676847667739,0.006116869513401014,1.2510773412612504,0.21091658589628928
bmi,alt_log_adj,REACTOME_NEGATIVE_REGULATION_OF_FGFR3_SIGNALING,bmi,0.28838554575782194,0.005761385804487955,50.05489226796404,0
bmi,alt_log_adj,REACTOME_NEGATIVE_REGULATION_OF_FGFR4_SIGNALING,ppgs,0.012372984671915386,0.006068650849340593,2.0388361398744514,0.04147564107492742
bmi,alt_log_adj,REACTOME_NEGATIVE_REGULATION_OF_FGFR4_SIGNALING,bmi,0.28837196077927435,0.00576111360893645,50.05489916601562,0
bmi,alt_log_adj,REACTOME_NEGATIVE_REGULATION_OF_FLT3,ppgs,0.0010761029203198316,0.005691380493359464,0.18907590549874448,0.850034679020531
bmi,alt_log_adj,REACTOME_NEGATIVE_REGULATION_OF_FLT3,bmi,0.28840908288630696,0.005761568825558688,50.05738742665119,0
bmi,alt_log_adj,REACTOME_NEGATIVE_REGULATION_OF_MAPK_PATHWAY,ppgs,0.014211796952242022,0.006257867562453054,2.271028718714377,0.02315270469585837
bmi,alt_log_adj,REACTOME_NEGATIVE_REGULATION_OF_MAPK_PATHWAY,bmi,0.2881813410651626,0.005761889645768342,50.0150747032806,0
bmi,alt_log_adj,REACTOME_NEGATIVE_REGULATION_OF_MET_ACTIVITY,ppgs,0.0107176624772982,0.0059963558976398506,1.7873626349491103,0.07388957589841197
bmi,alt_log_adj,REACTOME_NEGATIVE_REGULATION_OF_MET_ACTIVITY,bmi,0.28844985641117615,0.005761207091523248,50.06760767818724,0
bmi,alt_log_adj,REACTOME_NEGATIVE_REGULATION_OF_NMDA_RECEPTOR_MEDIATED_NEURONAL_TRANSMISSION,ppgs,-0.004399723621416802,0.0059726880102654875,-0.7366404563330328,0.4613471213433238
bmi,alt_log_adj,REACTOME_NEGATIVE_REGULATION_OF_NMDA_RECEPTOR_MEDIATED_NEURONAL_TRANSMISSION,bmi,0.288393345554672,0.0057615152300247875,50.05512162005189,0
bmi,alt_log_adj,REACTOME_NEGATIVE_REGULATION_OF_NOTCH4_SIGNALING,ppgs,-0.0060515242797859305,0.005992895240723286,-1.0097830909281118,0.31260784147474496
bmi,alt_log_adj,REACTOME_NEGATIVE_REGULATION_OF_NOTCH4_SIGNALING,bmi,0.28837447985150916,0.005761531506584446,50.05170578724535,0
bmi,alt_log_adj,REACTOME_NEGATIVE_REGULATION_OF_TCF_DEPENDENT_SIGNALING_BY_DVL_INTERACTING_PROTEINS,ppgs,0.00855924579493836,0.005700268122690486,1.5015514377064876,0.13322413060347088
bmi,alt_log_adj,REACTOME_NEGATIVE_REGULATION_OF_TCF_DEPENDENT_SIGNALING_BY_DVL_INTERACTING_PROTEINS,bmi,0.28841325485612795,0.005761268945190849,50.06071710935791,0
bmi,alt_log_adj,REACTOME_NEGATIVE_REGULATION_OF_TCF_DEPENDENT_SIGNALING_BY_WNT_LIGAND_ANTAGONISTS,ppgs,0.012334147232402408,0.005693270821922953,2.166443090131525,0.03028564857847585
bmi,alt_log_adj,REACTOME_NEGATIVE_REGULATION_OF_TCF_DEPENDENT_SIGNALING_BY_WNT_LIGAND_ANTAGONISTS,bmi,0.2883041848298136,0.005761246620276466,50.041979424234185,0
bmi,alt_log_adj,REACTOME_NEGATIVE_REGULATION_OF_THE_PI3K_AKT_NETWORK,ppgs,0.005183935226893873,0.006788001432814867,0.763690944706266,0.445057793879469
bmi,alt_log_adj,REACTOME_NEGATIVE_REGULATION_OF_THE_PI3K_AKT_NETWORK,bmi,0.2883860088344096,0.0057615605325265565,50.053454651104175,0
bmi,alt_log_adj,REACTOME_NEGATIVE_REGULATORS_OF_DDX58_IFIH1_SIGNALING,ppgs,0.01805461739508289,0.005965731574216679,3.0263878236012527,0.0024771664271213195
bmi,alt_log_adj,REACTOME_NEGATIVE_REGULATORS_OF_DDX58_IFIH1_SIGNALING,bmi,0.28831858762390955,0.005760654881187806,50.04961997731416,0
bmi,alt_log_adj,REACTOME_NEPHRIN_FAMILY_INTERACTIONS,ppgs,0.0025287973434966428,0.005788993063198598,0.4368285323353633,0.6622390320831899
bmi,alt_log_adj,REACTOME_NEPHRIN_FAMILY_INTERACTIONS,bmi,0.28841912741248393,0.005761487811989539,50.05983468580626,0
bmi,alt_log_adj,REACTOME_NEPHRON_DEVELOPMENT,ppgs,0.008715702132161909,0.005828482274545738,1.4953639252237747,0.13483062129777432
bmi,alt_log_adj,REACTOME_NEPHRON_DEVELOPMENT,bmi,0.28844300616668644,0.005761302025438687,50.065593661481984,0
bmi,alt_log_adj,REACTOME_NERVOUS_SYSTEM_DEVELOPMENT,ppgs,0.029934412980158604,0.008076032606310537,3.7065740617203713,2.1048151887988518e-4
bmi,alt_log_adj,REACTOME_NERVOUS_SYSTEM_DEVELOPMENT,bmi,0.2885169179417049,0.005760168506159602,50.088277388618245,0
bmi,alt_log_adj,REACTOME_NETRIN_1_SIGNALING,ppgs,0.010110613544592327,0.0059396923381765275,1.7022116582718934,0.08872666173473202
bmi,alt_log_adj,REACTOME_NETRIN_1_SIGNALING,bmi,0.28833924123821014,0.005761373750747568,50.046959928749054,0
bmi,alt_log_adj,REACTOME_NETRIN_MEDIATED_REPULSION_SIGNALS,ppgs,0.001571513868194244,0.005735197896123806,0.2740121433745762,0.784077286028282
bmi,alt_log_adj,REACTOME_NETRIN_MEDIATED_REPULSION_SIGNALS,bmi,0.2884067437611826,0.005761562084756501,50.057040003825875,0
bmi,alt_log_adj,REACTOME_NEUREXINS_AND_NEUROLIGINS,ppgs,-0.006964516546991164,0.00600365024342699,-1.1600470154996396,0.24603943407228532
bmi,alt_log_adj,REACTOME_NEUREXINS_AND_NEUROLIGINS,bmi,0.2884051178564394,0.00576136705484752,50.05845229280784,0
bmi,alt_log_adj,REACTOME_NEUROFASCIN_INTERACTIONS,ppgs,0.007132062041081983,0.005806351885456026,1.2283206704965035,0.21933681171237845
bmi,alt_log_adj,REACTOME_NEUROFASCIN_INTERACTIONS,bmi,0.2883934868137995,0.005761370355219495,50.05640481912959,0
bmi,alt_log_adj,REACTOME_NEURONAL_SYSTEM,ppgs,-0.005973108596145199,0.0088295246095309015,-0.6764926607370927,0.4987334234352846
bmi,alt_log_adj,REACTOME_NEURONAL_SYSTEM,bmi,0.28843929642419197,0.005761566917641683,50.06264798227069,0
bmi,alt_log_adj,REACTOME_NEUROTOXICITY_OF_CLOSTRIDIUM_TOXINS,ppgs,3.066672416780229e-4,0.006093084264898255,0.05033037922103048,0.9598594699067456
bmi,alt_log_adj,REACTOME_NEUROTOXICITY_OF_CLOSTRIDIUM_TOXINS,bmi,0.2884136846213645,0.00576152783247166,50.05854228385057,0
bmi,alt_log_adj,REACTOME_NEUROTRANSMITTER_CLEARANCE,ppgs,0.014412690872877765,0.005733024172319433,2.5139769935850045,0.01194331588736139
bmi,alt_log_adj,REACTOME_NEUROTRANSMITTER_CLEARANCE,bmi,0.2885221783002682,0.005761014713036555,50.081833265826184,0
bmi,alt_log_adj,REACTOME_NEUROTRANSMITTER_RECEPTORS_AND_POSTSYNAPTIC_SIGNAL_TRANSMISSION,ppgs,4.0226472613264473e-4,0.006162064609072906,0.06528083550768972,0.9479508611486631
bmi,alt_log_adj,REACTOME_NEUROTRANSMITTER_RECEPTORS_AND_POSTSYNAPTIC_SIGNAL_TRANSMISSION,bmi,0.2884111719977137,0.005761739950672926,50.05626329317927,0
bmi,alt_log_adj,REACTOME_NEUROTRANSMITTER_RELEASE_CYCLE,ppgs,0.0023505762351744945,0.0058941745040690975,0.3987965123108847,0.6900461508047794
bmi,alt_log_adj,REACTOME_NEUROTRANSMITTER_RELEASE_CYCLE,bmi,0.2884407894170782,0.00576185543286552,50.06040029602567,0
bmi,alt_log_adj,REACTOME_NEUTROPHIL_DEGRANULATION,ppgs,0.03378304331220005,0.007231738175188479,4.671497016873066,3.003838466386855e-6
bmi,alt_log_adj,REACTOME_NEUTROPHIL_DEGRANULATION,bmi,0.2886085562395221,0.005759431289217713,50.11059977047195,0
bmi,alt_log_adj,REACTOME_NFE2L2_REGULATES_PENTOSE_PHOSPHATE_PATHWAY_GENES,ppgs,0.011724132467915548,0.005691187612198629,2.060050250809824,0.03940284350640769
bmi,alt_log_adj,REACTOME_NFE2L2_REGULATES_PENTOSE_PHOSPHATE_PATHWAY_GENES,bmi,0.28849412964907184,0.0057611960530180775,50.07538833849274,0
bmi,alt_log_adj,REACTOME_NFE2L2_REGULATING_ANTI_OXIDANT_DETOXIFICATION_ENZYMES,ppgs,0.013674997206187894,0.005740322360291935,2.3822699053947254,0.017212834511470657
bmi,alt_log_adj,REACTOME_NFE2L2_REGULATING_ANTI_OXIDANT_DETOXIFICATION_ENZYMES,bmi,0.28843774259109495,0.0057609295336705,50.06791714866206,0
bmi,alt_log_adj,REACTOME_NFE2L2_REGULATING_ER_STRESS_ASSOCIATED_GENES,ppgs,0.008580308775222121,0.005689826203778312,1.508008938748321,0.13156338276912205
bmi,alt_log_adj,REACTOME_NFE2L2_REGULATING_ER_STRESS_ASSOCIATED_GENES,bmi,0.2884378921386496,0.005761287563451521,50.064831682494564,0
bmi,alt_log_adj,REACTOME_NFE2L2_REGULATING_INFLAMMATION_ASSOCIATED_GENES,ppgs,0.008580308775222121,0.005689826203778312,1.508008938748321,0.13156338276912205
bmi,alt_log_adj,REACTOME_NFE2L2_REGULATING_INFLAMMATION_ASSOCIATED_GENES,bmi,0.2884378921386496,0.005761287563451521,50.064831682494564,0
bmi,alt_log_adj,REACTOME_NFE2L2_REGULATING_MDR_ASSOCIATED_ENZYMES,ppgs,0.012903535375981604,0.005823712080403025,2.215689099638426,0.026720715403633376
bmi,alt_log_adj,REACTOME_NFE2L2_REGULATING_MDR_ASSOCIATED_ENZYMES,bmi,0.2884979176164926,0.005761121825672617,50.07669102411494,0
bmi,alt_log_adj,REACTOME_NFE2L2_REGULATING_TUMORIGENIC_GENES,ppgs,0.02240326024186382,0.005734074846349601,3.907040079207559,9.36504557472252e-5
bmi,alt_log_adj,REACTOME_NFE2L2_REGULATING_TUMORIGENIC_GENES,bmi,0.2886805919403804,0.00576034967173659,50.11511598971231,0
bmi,alt_log_adj,REACTOME_NF_KB_ACTIVATION_THROUGH_FADD_RIP_1_PATHWAY_MEDIATED_BY_CASPASE_8_AND_10,ppgs,0.036662118039220384,0.005795916514784685,6.325508303251045,2.5616439244991793e-10
bmi,alt_log_adj,REACTOME_NF_KB_ACTIVATION_THROUGH_FADD_RIP_1_PATHWAY_MEDIATED_BY_CASPASE_8_AND_10,bmi,0.2883634269510078,0.00575744204206809,50.08533735016581,0
bmi,alt_log_adj,REACTOME_NF_KB_IS_ACTIVATED_AND_SIGNALS_SURVIVAL,ppgs,-0.0022559666247094655,0.005849214864423281,-0.3856870839932631,0.6997313236263489
bmi,alt_log_adj,REACTOME_NF_KB_IS_ACTIVATED_AND_SIGNALS_SURVIVAL,bmi,0.28842561246950316,0.005761553321153328,50.060391077274126,0
bmi,alt_log_adj,REACTOME_NGF_INDEPENDANT_TRKA_ACTIVATION,ppgs,7.39342595589811e-4,0.005804233578936503,0.12737988324123908,0.8986406408388091
bmi,alt_log_adj,REACTOME_NGF_INDEPENDANT_TRKA_ACTIVATION,bmi,0.2884173512789416,0.005761536156517224,50.059106363967736,0
bmi,alt_log_adj,REACTOME_NGF_STIMULATED_TRANSCRIPTION,ppgs,-0.007276370147771761,0.006155629653904876,-1.1820675636579165,0.2371888082781958
bmi,alt_log_adj,REACTOME_NGF_STIMULATED_TRANSCRIPTION,bmi,0.2884357368939389,0.005761383679022611,50.063622380183254,0
bmi,alt_log_adj,REACTOME_NICOTINAMIDE_SALVAGE,ppgs,0.0019925969907137325,0.005743323581542032,0.3469414464331361,0.728637883757582
bmi,alt_log_adj,REACTOME_NICOTINAMIDE_SALVAGE,bmi,0.2883989278673438,0.005761663324525335,50.0548039035417,0
bmi,alt_log_adj,REACTOME_NICOTINATE_METABOLISM,ppgs,0.0019925969907137325,0.005743323581542032,0.3469414464331361,0.728637883757582
bmi,alt_log_adj,REACTOME_NICOTINATE_METABOLISM,bmi,0.2883989278673438,0.005761663324525335,50.0548039035417,0
bmi,alt_log_adj,REACTOME_NITRIC_OXIDE_STIMULATES_GUANYLATE_CYCLASE,ppgs,-0.005836226244083265,0.006134756604773683,-0.9513378639246876,0.3414410022979585
bmi,alt_log_adj,REACTOME_NITRIC_OXIDE_STIMULATES_GUANYLATE_CYCLASE,bmi,0.2884317518107326,0.005761434141877514,50.06249220384902,0
bmi,alt_log_adj,REACTOME_NOD1_2_SIGNALING_PATHWAY,ppgs,0.036662118039220384,0.005795916514784685,6.325508303251045,2.5616439244991793e-10
bmi,alt_log_adj,REACTOME_NOD1_2_SIGNALING_PATHWAY,bmi,0.2883634269510078,0.00575744204206809,50.08533735016581,0
bmi,alt_log_adj,REACTOME_NONCANONICAL_ACTIVATION_OF_NOTCH3,ppgs,0.006065596982950438,0.005728462416547004,1.0588525405053897,0.2896759629330673
bmi,alt_log_adj,REACTOME_NONCANONICAL_ACTIVATION_OF_NOTCH3,bmi,0.2884172134497515,0.005761384564660016,50.06039958153205,0
bmi,alt_log_adj,REACTOME_NONHOMOLOGOUS_END_JOINING_NHEJ,ppgs,-0.0020514042063026054,0.0061006843879550425,-0.3362580451388076,0.7366787735908356
bmi,alt_log_adj,REACTOME_NONHOMOLOGOUS_END_JOINING_NHEJ,bmi,0.2884027395205905,0.005761594854129371,50.056060313558916,0
bmi,alt_log_adj,REACTOME_NONSENSE_MEDIATED_DECAY_NMD,ppgs,0.02727521938393632,0.0059108216512158245,4.614454807366071,3.958528164286261e-6
bmi,alt_log_adj,REACTOME_NONSENSE_MEDIATED_DECAY_NMD,bmi,0.28831412675519785,0.0057593766093401045,50.05995376090403,0
bmi,alt_log_adj,REACTOME_NON_INTEGRIN_MEMBRANE_ECM_INTERACTIONS,ppgs,0.006812160961251412,0.0060614733469056496,1.1238457337652048,0.2610879923753389
bmi,alt_log_adj,REACTOME_NON_INTEGRIN_MEMBRANE_ECM_INTERACTIONS,bmi,0.2884574730740389,0.005761495797012775,50.06642081099817,0
bmi,alt_log_adj,REACTOME_NOREPINEPHRINE_NEUROTRANSMITTER_RELEASE_CYCLE,ppgs,0.003928525464693716,0.005768505542952599,0.681030023364233,0.4958580557500155
bmi,alt_log_adj,REACTOME_NOREPINEPHRINE_NEUROTRANSMITTER_RELEASE_CYCLE,bmi,0.288450914759271,0.0057616972929183,50.063531646101204,0
bmi,alt_log_adj,REACTOME_NOSTRIN_MEDIATED_ENOS_TRAFFICKING,ppgs,-7.55080682637587e-4,0.005868668625120357,-0.12866302919294603,0.8976252033275336
bmi,alt_log_adj,REACTOME_NOSTRIN_MEDIATED_ENOS_TRAFFICKING,bmi,0.28841040971382964,0.005761589316636418,50.057439686138885,0
bmi,alt_log_adj,REACTOME_NOTCH1_INTRACELLULAR_DOMAIN_REGULATES_TRANSCRIPTION,ppgs,9.077782325788388e-4,0.006150985374468794,0.14758257048485268,0.8826732607479154
bmi,alt_log_adj,REACTOME_NOTCH1_INTRACELLULAR_DOMAIN_REGULATES_TRANSCRIPTION,bmi,0.28840937527739724,0.00576160545092843,50.057119970081025,0
bmi,alt_log_adj,REACTOME_NOTCH2_ACTIVATION_AND_TRANSMISSION_OF_SIGNAL_TO_THE_NUCLEUS,ppgs,-0.0043604390031647365,0.005803746793592788,-0.7513144798078661,0.4524696536546068
bmi,alt_log_adj,REACTOME_NOTCH2_ACTIVATION_AND_TRANSMISSION_OF_SIGNAL_TO_THE_NUCLEUS,bmi,0.288424320809505,0.0057614550736662575,50.061020544584125,0
bmi,alt_log_adj,REACTOME_NOTCH2_INTRACELLULAR_DOMAIN_REGULATES_TRANSCRIPTION,ppgs,-0.00845133078924874,0.0059265145959325645,-1.4260204125792562,0.15387346124757798
bmi,alt_log_adj,REACTOME_NOTCH2_INTRACELLULAR_DOMAIN_REGULATES_TRANSCRIPTION,bmi,0.28838218200859356,0.005761336252810758,50.05473892760586,0
bmi,alt_log_adj,REACTOME_NOTCH3_ACTIVATION_AND_TRANSMISSION_OF_SIGNAL_TO_THE_NUCLEUS,ppgs,0.0011724744248667782,0.00593849529221876,0.19743628093855312,0.8434875557684206
bmi,alt_log_adj,REACTOME_NOTCH3_ACTIVATION_AND_TRANSMISSION_OF_SIGNAL_TO_THE_NUCLEUS,bmi,0.28841087541758176,0.005761525264634669,50.058077014415296,0
bmi,alt_log_adj,REACTOME_NOTCH3_INTRACELLULAR_DOMAIN_REGULATES_TRANSCRIPTION,ppgs,-8.642099982556381e-4,0.006029080208633131,-0.14334027220572762,0.886022470363085
bmi,alt_log_adj,REACTOME_NOTCH3_INTRACELLULAR_DOMAIN_REGULATES_TRANSCRIPTION,bmi,0.28841315998482697,0.005761504915042757,50.05865034182421,0
bmi,alt_log_adj,REACTOME_NOTCH4_ACTIVATION_AND_TRANSMISSION_OF_SIGNAL_TO_THE_NUCLEUS,ppgs,0.007527746075169975,0.005733577952151538,1.3129229493330898,0.18921954050074327
bmi,alt_log_adj,REACTOME_NOTCH4_ACTIVATION_AND_TRANSMISSION_OF_SIGNAL_TO_THE_NUCLEUS,bmi,0.2883906125911721,0.005761351838002798,50.05606682252966,0
bmi,alt_log_adj,REACTOME_NOTCH4_INTRACELLULAR_DOMAIN_REGULATES_TRANSCRIPTION,ppgs,-0.0028880217374627998,0.005910342062233101,-0.4886386789551771,0.625101304155001
bmi,alt_log_adj,REACTOME_NOTCH4_INTRACELLULAR_DOMAIN_REGULATES_TRANSCRIPTION,bmi,0.2884122591412892,0.005761475738583312,50.05874748545011,0
bmi,alt_log_adj,REACTOME_NOTCH_HLH_TRANSCRIPTION_PATHWAY,ppgs,-0.004425743760354521,0.0059751758479352195,-0.7406884538609655,0.4588884963367593
bmi,alt_log_adj,REACTOME_NOTCH_HLH_TRANSCRIPTION_PATHWAY,bmi,0.2884262140981605,0.005761463478847468,50.06127612490875,0
bmi,alt_log_adj,REACTOME_NPAS4_REGULATES_EXPRESSION_OF_TARGET_GENES,ppgs,0.0029181549244312816,0.0057065326151741124,0.5113709359465819,0.6090953250407511
bmi,alt_log_adj,REACTOME_NPAS4_REGULATES_EXPRESSION_OF_TARGET_GENES,bmi,0.28840014954106163,0.005761540911150367,50.056079439255214,0
bmi,alt_log_adj,REACTOME_NR1H2_AND_NR1H3_MEDIATED_SIGNALING,ppgs,0.021197725685170577,0.005949155669107166,3.563148598589601,3.670344142205393e-4
bmi,alt_log_adj,REACTOME_NR1H2_AND_NR1H3_MEDIATED_SIGNALING,bmi,0.28833856449329553,0.005760247818991559,50.05662491510212,0
bmi,alt_log_adj,REACTOME_NR1H2_NR1H3_REGULATE_GENE_EXPRESSION_LINKED_TO_GLUCONEOGENESIS,ppgs,0.0023991284473030496,0.0057523070314018186,0.4170723909913393,0.6766286167407791
bmi,alt_log_adj,REACTOME_NR1H2_NR1H3_REGULATE_GENE_EXPRESSION_LINKED_TO_GLUCONEOGENESIS,bmi,0.28841278185627395,0.0057614819852941125,50.058783936569235,0
bmi,alt_log_adj,REACTOME_NR1H2_NR1H3_REGULATE_GENE_EXPRESSION_LINKED_TO_LIPOGENESIS,ppgs,0.004076381155614954,0.005718640049572827,0.7128235245230118,0.47596083379392173
bmi,alt_log_adj,REACTOME_NR1H2_NR1H3_REGULATE_GENE_EXPRESSION_LINKED_TO_LIPOGENESIS,bmi,0.2884480798936147,0.005761637525755879,50.06355894555736,0
bmi,alt_log_adj,REACTOME_NR1H2_NR1H3_REGULATE_GENE_EXPRESSION_LINKED_TO_TRIGLYCERIDE_LIPOLYSIS_IN_ADIPOSE,ppgs,0.006396798367660791,0.005825241856773673,1.0981172155491714,0.27216263529869067
bmi,alt_log_adj,REACTOME_NR1H2_NR1H3_REGULATE_GENE_EXPRESSION_LINKED_TO_TRIGLYCERIDE_LIPOLYSIS_IN_ADIPOSE,bmi,0.2884478293445426,0.005761454799892689,50.06510323571664,0
bmi,alt_log_adj,REACTOME_NR1H2_NR1H3_REGULATE_GENE_EXPRESSION_TO_CONTROL_BILE_ACID_HOMEOSTASIS,ppgs,0.007932880145061152,0.00579036798125652,1.3700131271000333,0.17069365373904608
bmi,alt_log_adj,REACTOME_NR1H2_NR1H3_REGULATE_GENE_EXPRESSION_TO_CONTROL_BILE_ACID_HOMEOSTASIS,bmi,0.288428436079241,0.00576131607522317,50.06294261820524,0
bmi,alt_log_adj,REACTOME_NR1H2_NR1H3_REGULATE_GENE_EXPRESSION_TO_LIMIT_CHOLESTEROL_UPTAKE,ppgs,0.007211042368705286,0.005699723084273032,1.2651566158718066,0.2058255899186353
bmi,alt_log_adj,REACTOME_NR1H2_NR1H3_REGULATE_GENE_EXPRESSION_TO_LIMIT_CHOLESTEROL_UPTAKE,bmi,0.2885052498797392,0.005761780638114346,50.07223773346534,0
bmi,alt_log_adj,REACTOME_NR1H3_NR1H2_REGULATE_GENE_EXPRESSION_LINKED_TO_CHOLESTEROL_TRANSPORT_AND_EFFLUX,ppgs,0.01972958530717556,0.005865839197734093,3.3634718992632586,7.707055271595763e-4
bmi,alt_log_adj,REACTOME_NR1H3_NR1H2_REGULATE_GENE_EXPRESSION_LINKED_TO_CHOLESTEROL_TRANSPORT_AND_EFFLUX,bmi,0.28832045542107804,0.0057604167608614814,50.052013142528104,0
bmi,alt_log_adj,REACTOME_NRAGE_SIGNALS_DEATH_THROUGH_JNK,ppgs,0.010001932367302194,0.006097110910035294,1.6404379902028543,0.10092522601428396
bmi,alt_log_adj,REACTOME_NRAGE_SIGNALS_DEATH_THROUGH_JNK,bmi,0.28850943197052825,0.005761514423383327,50.0752772221834,0
bmi,alt_log_adj,REACTOME_NRCAM_INTERACTIONS,ppgs,0.018388154275609168,0.006104545961971535,3.0122067046687446,0.0025958461515019652
bmi,alt_log_adj,REACTOME_NRCAM_INTERACTIONS,bmi,0.28839015688435304,0.005760581905415611,50.06267797585397,0
bmi,alt_log_adj,REACTOME_NRIF_SIGNALS_CELL_DEATH_FROM_THE_NUCLEUS,ppgs,0.0023516411911518073,0.005930304373293702,0.39654645750428846,0.691704927420042
bmi,alt_log_adj,REACTOME_NRIF_SIGNALS_CELL_DEATH_FROM_THE_NUCLEUS,bmi,0.2883830276099119,0.005762032868127909,50.04883418924472,0
bmi,alt_log_adj,REACTOME_NS1_MEDIATED_EFFECTS_ON_HOST_PATHWAYS,ppgs,0.012606936871848504,0.005926322600235934,2.12727819969615,0.033405582492665085
bmi,alt_log_adj,REACTOME_NS1_MEDIATED_EFFECTS_ON_HOST_PATHWAYS,bmi,0.2885762750395046,0.005761539327240894,50.086662374254594,0
bmi,alt_log_adj,REACTOME_NTRK2_ACTIVATES_RAC1,ppgs,0.010871257904444851,0.005880740566980799,1.8486205573299432,0.0645230280835979
bmi,alt_log_adj,REACTOME_NTRK2_ACTIVATES_RAC1,bmi,0.28842357551253073,0.005761152772084893,50.06351800112977,0
bmi,alt_log_adj,REACTOME_NUCLEAR_ENVELOPE_BREAKDOWN,ppgs,0.0022069421865797225,0.005971442307109808,0.36958276963541287,0.711696151880526
bmi,alt_log_adj,REACTOME_NUCLEAR_ENVELOPE_BREAKDOWN,bmi,0.2884351189425071,0.005761751004854734,50.0603234501938,0
bmi,alt_log_adj,REACTOME_NUCLEAR_ENVELOPE_NE_REASSEMBLY,ppgs,0.014828891243883188,0.005847385422156713,2.5359866287749835,0.011218423449260866
bmi,alt_log_adj,REACTOME_NUCLEAR_ENVELOPE_NE_REASSEMBLY,bmi,0.2884989748423446,0.005760940583553144,50.07844997845971,0
bmi,alt_log_adj,REACTOME_NUCLEAR_EVENTS_KINASE_AND_TRANSCRIPTION_FACTOR_ACTIVATION,ppgs,-0.009348758554633125,0.0063101511248949416,-1.4815427348087125,0.1384731203782841
bmi,alt_log_adj,REACTOME_NUCLEAR_EVENTS_KINASE_AND_TRANSCRIPTION_FACTOR_ACTIVATION,bmi,0.2884149200406066,0.005761274941330789,50.06095403841047,0
bmi,alt_log_adj,REACTOME_NUCLEAR_EVENTS_MEDIATED_BY_NFE2L2,ppgs,0.013249987991447002,0.005838582666578346,2.2693843263183684,0.02325244312211125
bmi,alt_log_adj,REACTOME_NUCLEAR_EVENTS_MEDIATED_BY_NFE2L2,bmi,0.2884330075935866,0.005760980399589361,50.06665317141955,0
bmi,alt_log_adj,REACTOME_NUCLEAR_EVENTS_STIMULATED_BY_ALK_SIGNALING_IN_CANCER,ppgs,0.008628672950178735,0.005891630165814311,1.4645645954231623,0.14305083635116445
bmi,alt_log_adj,REACTOME_NUCLEAR_EVENTS_STIMULATED_BY_ALK_SIGNALING_IN_CANCER,bmi,0.28840158388541925,0.005761286898354211,50.05853535393369,0
bmi,alt_log_adj,REACTOME_NUCLEAR_IMPORT_OF_REV_PROTEIN,ppgs,0.004868158388247785,0.005918666067274768,0.8225093852083657,0.4107939654767496
bmi,alt_log_adj,REACTOME_NUCLEAR_IMPORT_OF_REV_PROTEIN,bmi,0.2884563729785748,0.005761652829741148,50.06486532641957,0
bmi,alt_log_adj,REACTOME_NUCLEAR_PORE_COMPLEX_NPC_DISASSEMBLY,ppgs,-0.0031330923774301306,0.00600713259790932,-0.52156204751008,0.6019793683400303
bmi,alt_log_adj,REACTOME_NUCLEAR_PORE_COMPLEX_NPC_DISASSEMBLY,bmi,0.2883859623576358,0.005761732366929428,50.05195382084779,0
bmi,alt_log_adj,REACTOME_NUCLEAR_RECEPTOR_TRANSCRIPTION_PATHWAY,ppgs,0.0019321186700929488,0.0063663124755293145,0.3034910205114157,0.7615179167397265
bmi,alt_log_adj,REACTOME_NUCLEAR_RECEPTOR_TRANSCRIPTION_PATHWAY,bmi,0.2884139682635363,0.005761489015042921,50.058928778741716,0
bmi,alt_log_adj,REACTOME_NUCLEAR_RNA_DECAY,ppgs,0.0076612487086202274,0.005807094820809191,1.319291133522884,0.18708245609193272
bmi,alt_log_adj,REACTOME_NUCLEAR_RNA_DECAY,bmi,0.2884101221057676,0.005761322121722736,50.05971129757416,0
bmi,alt_log_adj,REACTOME_NUCLEAR_SIGNALING_BY_ERBB4,ppgs,-0.0012753368846017687,0.005815604741080899,-0.21929566079223126,0.826421320627793
bmi,alt_log_adj,REACTOME_NUCLEAR_SIGNALING_BY_ERBB4,bmi,0.28841421153868146,0.005761493389258366,50.05893299754473,0
bmi,alt_log_adj,REACTOME_NUCLEOTIDE_BINDING_DOMAIN_LEUCINE_RICH_REPEAT_CONTAINING_RECEPTOR_NLR_SIGNALING_PATHWAYS,ppgs,0.036662118039220384,0.005795916514784685,6.325508303251045,2.5616439244991793e-10
bmi,alt_log_adj,REACTOME_NUCLEOTIDE_BINDING_DOMAIN_LEUCINE_RICH_REPEAT_CONTAINING_RECEPTOR_NLR_SIGNALING_PATHWAYS,bmi,0.2883634269510078,0.00575744204206809,50.08533735016581,0
bmi,alt_log_adj,REACTOME_NUCLEOTIDE_BIOSYNTHESIS,ppgs,0.012947442687059649,0.005698887421479565,2.2719246283510874,0.023098520995656797
bmi,alt_log_adj,REACTOME_NUCLEOTIDE_BIOSYNTHESIS,bmi,0.2885044476169267,0.005761109199773804,50.07793423326434,0
bmi,alt_log_adj,REACTOME_NUCLEOTIDE_CATABOLISM,ppgs,0.012519640873147548,0.005730214729828178,2.1848467227550046,0.028908246353879574
bmi,alt_log_adj,REACTOME_NUCLEOTIDE_CATABOLISM,bmi,0.2884273507596336,0.005761015902803923,50.06536271133259,0
bmi,alt_log_adj,REACTOME_NUCLEOTIDE_EXCISION_REPAIR,ppgs,0.0014694584242373097,0.005755563672155838,0.2553109491857816,0.7984847960494488
bmi,alt_log_adj,REACTOME_NUCLEOTIDE_EXCISION_REPAIR,bmi,0.2884168685442209,0.0057614980657884046,50.05935353112956,0
bmi,alt_log_adj,REACTOME_NUCLEOTIDE_LIKE_PURINERGIC_RECEPTORS,ppgs,0.003687834966093887,0.005704458917486,0.6464828688290641,0.5179719217036771
bmi,alt_log_adj,REACTOME_NUCLEOTIDE_LIKE_PURINERGIC_RECEPTORS,bmi,0.2884184050484111,0.005761458473552192,50.059964221279635,0
bmi,alt_log_adj,REACTOME_NUCLEOTIDE_SALVAGE,ppgs,-7.177982566889462e-4,0.005793196807993314,-0.12390365466240424,0.9013924376776536
bmi,alt_log_adj,REACTOME_NUCLEOTIDE_SALVAGE,bmi,0.2884139912373502,0.005761498662438276,50.05884894457181,0
bmi,alt_log_adj,REACTOME_N_GLYCAN_ANTENNAE_ELONGATION,ppgs,-0.014339465448619729,0.005729613431397783,-2.5026933527558257,0.012330810734136818
bmi,alt_log_adj,REACTOME_N_GLYCAN_ANTENNAE_ELONGATION,bmi,0.2883181978500973,0.005760990435503525,50.046637132612695,0
bmi,alt_log_adj,REACTOME_N_GLYCAN_ANTENNAE_ELONGATION_IN_THE_MEDIAL_TRANS_GOLGI,ppgs,-0.00806277193464276,0.005929180990233377,-1.3598458114069822,0.17388953635618176
bmi,alt_log_adj,REACTOME_N_GLYCAN_ANTENNAE_ELONGATION_IN_THE_MEDIAL_TRANS_GOLGI,bmi,0.28847956867244123,0.005761508029885297,50.070149546972765,0
bmi,alt_log_adj,REACTOME_N_GLYCAN_TRIMMING_AND_ELONGATION_IN_THE_CIS_GOLGI,ppgs,0.003337222843951105,0.0057627937301847456,0.5790980903014412,0.5625275897038304
bmi,alt_log_adj,REACTOME_N_GLYCAN_TRIMMING_AND_ELONGATION_IN_THE_CIS_GOLGI,bmi,0.28841640027769877,0.005761464712279344,50.05956205251074,0
bmi,alt_log_adj,REACTOME_N_GLYCAN_TRIMMING_IN_THE_ER_AND_CALNEXIN_CALRETICULIN_CYCLE,ppgs,0.019318266230049005,0.005951216409749932,3.2461038046607937,0.001171319494185258
bmi,alt_log_adj,REACTOME_N_GLYCAN_TRIMMING_IN_THE_ER_AND_CALNEXIN_CALRETICULIN_CYCLE,bmi,0.2884537572772224,0.005760440125249509,50.07495104633663,0
bmi,alt_log_adj,REACTOME_OAS_ANTIVIRAL_RESPONSE,ppgs,1.8322109222741097e-4,0.005711057153868574,0.03208181730475242,0.974407029486361
bmi,alt_log_adj,REACTOME_OAS_ANTIVIRAL_RESPONSE,bmi,0.28841353565441236,0.005761597417656554,50.057911851071395,0
bmi,alt_log_adj,REACTOME_OLFACTORY_SIGNALING_PATHWAY,ppgs,-0.0036782601310488233,0.005966212451191373,-0.6165151109083157,0.5375595524433131
bmi,alt_log_adj,REACTOME_OLFACTORY_SIGNALING_PATHWAY,bmi,0.2883712791707241,0.005761888265293446,50.048051245234916,0
bmi,alt_log_adj,REACTOME_ONCOGENE_INDUCED_SENESCENCE,ppgs,0.002006765942305353,0.006170650699653168,0.3252113982757356,0.7450234825386457
bmi,alt_log_adj,REACTOME_ONCOGENE_INDUCED_SENESCENCE,bmi,0.2884161794078193,0.005761489214061103,50.05931082955604,0
bmi,alt_log_adj,REACTOME_ONCOGENIC_MAPK_SIGNALING,ppgs,0.016992719439124296,0.0057253256397316364,2.9679917804502027,0.0030000277201528967
bmi,alt_log_adj,REACTOME_ONCOGENIC_MAPK_SIGNALING,bmi,0.28833719111159184,0.005760662111193917,50.0527865627295,0
bmi,alt_log_adj,REACTOME_OPIOID_SIGNALLING,ppgs,0.0013478092984622867,0.007175650000026985,0.18783096980165115,0.8510105017699501
bmi,alt_log_adj,REACTOME_OPIOID_SIGNALLING,bmi,0.2884036451646166,0.005761790776126572,50.05451540510451,0
bmi,alt_log_adj,REACTOME_OPSINS,ppgs,-8.666172589550113e-5,0.005720626820619892,-0.015148991292900031,0.9879134226409557
bmi,alt_log_adj,REACTOME_OPSINS,bmi,0.28841449193882024,0.005761504369149251,50.05888626643666,0
bmi,alt_log_adj,REACTOME_ORC1_REMOVAL_FROM_CHROMATIN,ppgs,-0.010096166101748402,0.006105244021630517,-1.6536875620332758,0.0982020829522787
bmi,alt_log_adj,REACTOME_ORC1_REMOVAL_FROM_CHROMATIN,bmi,0.288324711165419,0.005761476646792418,50.04354418861314,0
bmi,alt_log_adj,REACTOME_OREXIN_AND_NEUROPEPTIDES_FF_AND_QRFP_BIND_TO_THEIR_RESPECTIVE_RECEPTORS,ppgs,-0.00522148312915076,0.005785206536592085,-0.90255777319691,0.3667683146743471
bmi,alt_log_adj,REACTOME_OREXIN_AND_NEUROPEPTIDES_FF_AND_QRFP_BIND_TO_THEIR_RESPECTIVE_RECEPTORS,bmi,0.2883619157897579,0.00576171113739098,50.04796473020236,0
bmi,alt_log_adj,REACTOME_ORGANELLE_BIOGENESIS_AND_MAINTENANCE,ppgs,0.023813640113802693,0.006294254847286993,3.783393061065372,1.550227602882053e-4
bmi,alt_log_adj,REACTOME_ORGANELLE_BIOGENESIS_AND_MAINTENANCE,bmi,0.28865717136015645,0.005760400718442664,50.1106060965487,0
bmi,alt_log_adj,REACTOME_ORGANIC_ANION_TRANSPORT,ppgs,8.282092008638031e-4,0.005686369095832331,0.1456481608748923,0.8842001819734038
bmi,alt_log_adj,REACTOME_ORGANIC_ANION_TRANSPORT,bmi,0.2884206806463843,0.005761645969519637,50.05873012194651,0
bmi,alt_log_adj,REACTOME_ORGANIC_ANION_TRANSPORTERS,ppgs,0.010230988937480407,0.005672784510968616,1.80352151887636,0.07131696149347318
bmi,alt_log_adj,REACTOME_ORGANIC_ANION_TRANSPORTERS,bmi,0.2883429966088637,0.005761304353285173,50.04821459301081,0
bmi,alt_log_adj,REACTOME_ORGANIC_CATION_ANION_ZWITTERION_TRANSPORT,ppgs,0.0054623512105454256,0.005830630404503957,0.9368371568065695,0.34885030967783004
bmi,alt_log_adj,REACTOME_ORGANIC_CATION_ANION_ZWITTERION_TRANSPORT,bmi,0.28842144818689164,0.005761413395142511,50.06088409313969,0
bmi,alt_log_adj,REACTOME_ORGANIC_CATION_TRANSPORT,ppgs,0.005419750763717695,0.005831975012389053,0.9293165269405893,0.3527329854572532
bmi,alt_log_adj,REACTOME_ORGANIC_CATION_TRANSPORT,bmi,0.288411976718569,0.00576141091732246,50.05926167345909,0
bmi,alt_log_adj,REACTOME_OTHER_INTERLEUKIN_SIGNALING,ppgs,-0.010067654883779007,0.0061032192444334145,-1.6495646773563721,0.0990430836606285
bmi,alt_log_adj,REACTOME_OTHER_INTERLEUKIN_SIGNALING,bmi,0.2884565062629513,0.005761277435893896,50.06815059205625,0
bmi,alt_log_adj,REACTOME_OTHER_SEMAPHORIN_INTERACTIONS,ppgs,0.002797564693532533,0.005964485516884804,0.4690370503227703,0.6390467600899825
bmi,alt_log_adj,REACTOME_OTHER_SEMAPHORIN_INTERACTIONS,bmi,0.2884614294550611,0.005762339817806779,50.059774080601386,0
bmi,alt_log_adj,REACTOME_OVARIAN_TUMOR_DOMAIN_PROTEASES,ppgs,0.0035298549801574064,0.006031883123478036,0.5851994987134401,0.5584182397202004
bmi,alt_log_adj,REACTOME_OVARIAN_TUMOR_DOMAIN_PROTEASES,bmi,0.2883807445617565,0.005761754006676859,50.05086024630242,0
bmi,alt_log_adj,REACTOME_OXIDATIVE_STRESS_INDUCED_SENESCENCE,ppgs,0.0036922175291886072,0.0061806154297711835,0.5973867119128133,0.5502539947479824
bmi,alt_log_adj,REACTOME_OXIDATIVE_STRESS_INDUCED_SENESCENCE,bmi,0.2884141244875169,0.005761461768030194,50.059192631963576,0
bmi,alt_log_adj,REACTOME_O_GLYCOSYLATION_OF_TSR_DOMAIN_CONTAINING_PROTEINS,ppgs,0.004621596886602146,0.006188562808392432,0.7467964743501848,0.4551926174231483
bmi,alt_log_adj,REACTOME_O_GLYCOSYLATION_OF_TSR_DOMAIN_CONTAINING_PROTEINS,bmi,0.28837653672723396,0.005761667007317316,50.0508856830837,0
bmi,alt_log_adj,REACTOME_O_LINKED_GLYCOSYLATION,ppgs,0.004654586991952784,0.006687433513929919,0.6960199278628016,0.4864220558989424
bmi,alt_log_adj,REACTOME_O_LINKED_GLYCOSYLATION,bmi,0.2883841153519742,0.005761615463263145,50.05264880843769,0
bmi,alt_log_adj,REACTOME_O_LINKED_GLYCOSYLATION_OF_MUCINS,ppgs,-0.0020955065658367304,0.006202361636763966,-0.33785623743959,0.7354740293878514
bmi,alt_log_adj,REACTOME_O_LINKED_GLYCOSYLATION_OF_MUCINS,bmi,0.2884134169916188,0.005761487476838151,50.05884646127832,0
bmi,alt_log_adj,REACTOME_P130CAS_LINKAGE_TO_MAPK_SIGNALING_FOR_INTEGRINS,ppgs,0.015919755672385367,0.005687428553306179,2.7991130830348627,0.0051277804697924334
bmi,alt_log_adj,REACTOME_P130CAS_LINKAGE_TO_MAPK_SIGNALING_FOR_INTEGRINS,bmi,0.2884887490967289,0.005760762831537697,50.078220113033844,0
bmi,alt_log_adj,REACTOME_P2Y_RECEPTORS,ppgs,6.094908763291896e-4,0.005732460055643531,0.10632274283867953,0.9153270399919329
bmi,alt_log_adj,REACTOME_P2Y_RECEPTORS,bmi,0.2884134883568894,0.005761506693053615,50.05869188776893,0
bmi,alt_log_adj,REACTOME_P38MAPK_EVENTS,ppgs,0.009802273993034374,0.005712772309024592,1.7158523852857754,0.08619998938729333
bmi,alt_log_adj,REACTOME_P38MAPK_EVENTS,bmi,0.2883567263203835,0.005761297625882167,50.05065612735646,0
bmi,alt_log_adj,REACTOME_P75NTR_NEGATIVELY_REGULATES_CELL_CYCLE_VIA_SC1,ppgs,-0.0026989544381188805,0.005748214882806209,-0.4695291482912141,0.6386950663042064
bmi,alt_log_adj,REACTOME_P75NTR_NEGATIVELY_REGULATES_CELL_CYCLE_VIA_SC1,bmi,0.28840535656530575,0.005761509365440071,50.05725726929839,0
bmi,alt_log_adj,REACTOME_P75NTR_RECRUITS_SIGNALLING_COMPLEXES,ppgs,2.3940999023377884e-4,0.005855274830396458,0.04088791682175719,0.9673855383094508
bmi,alt_log_adj,REACTOME_P75NTR_RECRUITS_SIGNALLING_COMPLEXES,bmi,0.28841456609501576,0.0057614979654611945,50.05895477599615,0
bmi,alt_log_adj,REACTOME_P75NTR_REGULATES_AXONOGENESIS,ppgs,-0.005957701402120766,0.005801465027228936,-1.0269305036156455,0.3044619515835577
bmi,alt_log_adj,REACTOME_P75NTR_REGULATES_AXONOGENESIS,bmi,0.2883820400821111,0.005761478171361199,50.053481329771024,0
bmi,alt_log_adj,REACTOME_P75NTR_SIGNALS_VIA_NF_KB,ppgs,2.2672534388156302e-6,0.005813816847459384,3.899767568024458e-4,0.9996888463185309
bmi,alt_log_adj,REACTOME_P75NTR_SIGNALS_VIA_NF_KB,bmi,0.28841461439371174,0.005761533134171109,50.058657596387306,0
bmi,alt_log_adj,REACTOME_P75_NTR_RECEPTOR_MEDIATED_SIGNALLING,ppgs,0.008057676758144592,0.0063261703897808455,1.2737053006287633,0.2027783198456214
bmi,alt_log_adj,REACTOME_P75_NTR_RECEPTOR_MEDIATED_SIGNALLING,bmi,0.28847113405385816,0.005761503959129138,50.068720962479574,0
bmi,alt_log_adj,REACTOME_PARACETAMOL_ADME,ppgs,0.023311945753458276,0.005703243956052071,4.087488792886109,4.372683030725319e-5
bmi,alt_log_adj,REACTOME_PARACETAMOL_ADME,bmi,0.28837848350282347,0.0057598077297822915,50.06738020293666,0
bmi,alt_log_adj,REACTOME_PARASITE_INFECTION,ppgs,0.027918814635290203,0.006324752077488353,4.414214864589151,1.0175140163560188e-5
bmi,alt_log_adj,REACTOME_PARASITE_INFECTION,bmi,0.2884261241273538,0.0057595195382803095,50.07815707722605,0
bmi,alt_log_adj,REACTOME_PASSIVE_TRANSPORT_BY_AQUAPORINS,ppgs,-0.0022295795449224975,0.005693376537528216,-0.39160936049567363,0.6953498140192996
bmi,alt_log_adj,REACTOME_PASSIVE_TRANSPORT_BY_AQUAPORINS,bmi,0.2884378252318595,0.00576178704131992,50.06048004956874,0
bmi,alt_log_adj,REACTOME_PCNA_DEPENDENT_LONG_PATCH_BASE_EXCISION_REPAIR,ppgs,0.002647906181489928,0.0057104644625633715,0.4636936625469006,0.6428707984359288
bmi,alt_log_adj,REACTOME_PCNA_DEPENDENT_LONG_PATCH_BASE_EXCISION_REPAIR,bmi,0.2883986547823086,0.005761579029155261,50.05548883785639,0
bmi,alt_log_adj,REACTOME_PCP_CE_PATHWAY,ppgs,-0.005402654206696905,0.00603597477587497,-0.8950756766397754,0.37075423477365854
bmi,alt_log_adj,REACTOME_PCP_CE_PATHWAY,bmi,0.28846871605069346,0.005761733521586227,50.06630642843005,0
bmi,alt_log_adj,REACTOME_PDH_COMPLEX_SYNTHESIZES_ACETYL_COA_FROM_PYR,ppgs,1.8633976419273617e-5,0.00571511425980744,0.0032604731195525483,0.9973985463878243
bmi,alt_log_adj,REACTOME_PDH_COMPLEX_SYNTHESIZES_ACETYL_COA_FROM_PYR,bmi,0.28841458430137595,0.005761509722779437,50.05885578237652,0
bmi,alt_log_adj,REACTOME_PECAM1_INTERACTIONS,ppgs,0.01801592492874111,0.00574326889916784,3.136876445285627,0.001709327594722665
bmi,alt_log_adj,REACTOME_PECAM1_INTERACTIONS,bmi,0.2883910432292461,0.005760503222445084,50.063515650085264,0
bmi,alt_log_adj,REACTOME_PENTOSE_PHOSPHATE_PATHWAY,ppgs,0.016035165810257483,0.005717604403391546,2.8045252310121014,0.005042502245424928
bmi,alt_log_adj,REACTOME_PENTOSE_PHOSPHATE_PATHWAY,bmi,0.2885517293894276,0.005760906319184523,50.08790516667751,0
bmi,alt_log_adj,REACTOME_PEPTIDE_HORMONE_BIOSYNTHESIS,ppgs,-0.003301720476305969,0.005705840247303214,-0.5786563123400592,0.5628256968289805
bmi,alt_log_adj,REACTOME_PEPTIDE_HORMONE_BIOSYNTHESIS,bmi,0.2884332276813631,0.0057615536626088445,50.061709839349106,0
bmi,alt_log_adj,REACTOME_PEPTIDE_HORMONE_METABOLISM,ppgs,0.010619349838807192,0.006008095679137194,1.7675067785092609,0.07715415068433885
bmi,alt_log_adj,REACTOME_PEPTIDE_HORMONE_METABOLISM,bmi,0.2883727456199687,0.005761229254014177,50.0540306426867,0
bmi,alt_log_adj,REACTOME_PEPTIDE_LIGAND_BINDING_RECEPTORS,ppgs,-0.00232107515506249,0.006111367155104186,-0.3797963853511793,0.7040994107670531
bmi,alt_log_adj,REACTOME_PEPTIDE_LIGAND_BINDING_RECEPTORS,bmi,0.2883916388020679,0.00576180111268225,50.052341821950705,0
bmi,alt_log_adj,REACTOME_PERK_REGULATES_GENE_EXPRESSION,ppgs,0.010732269919622502,0.005714423412163751,1.8781019790689184,0.060377471344513475
bmi,alt_log_adj,REACTOME_PERK_REGULATES_GENE_EXPRESSION,bmi,0.2883299129135855,0.005761316128395339,50.04584134734716,0
bmi,alt_log_adj,REACTOME_PEROXISOMAL_LIPID_METABOLISM,ppgs,0.009448378347244143,0.005718653773850162,1.6522032493816974,0.09850419877252688
bmi,alt_log_adj,REACTOME_PEROXISOMAL_LIPID_METABOLISM,bmi,0.2883924902986571,0.005761236172103542,50.057397697924834,0
bmi,alt_log_adj,REACTOME_PEROXISOMAL_PROTEIN_IMPORT,ppgs,0.011284631470252411,0.006057380078376306,1.8629558198826583,0.06247881663385269
bmi,alt_log_adj,REACTOME_PEROXISOMAL_PROTEIN_IMPORT,bmi,0.28841299334066584,0.005761145396959116,50.06174527254559,0
bmi,alt_log_adj,REACTOME_PEXOPHAGY,ppgs,0.0034573376049664996,0.005676354128334366,0.6090771517775264,0.5424781820733506
bmi,alt_log_adj,REACTOME_PEXOPHAGY,bmi,0.28840012157753914,0.005761509463459507,50.05634780375226,0
bmi,alt_log_adj,REACTOME_PHASE_0_RAPID_DEPOLARISATION,ppgs,-0.0038444184991997775,0.006043972617219812,-0.6360747711276338,0.5247328234491042
bmi,alt_log_adj,REACTOME_PHASE_0_RAPID_DEPOLARISATION,bmi,0.28841643562139535,0.005761457564015351,50.059630296120474,0
bmi,alt_log_adj,REACTOME_PHASE_1_INACTIVATION_OF_FAST_NA_CHANNELS,ppgs,-0.003686945790241598,0.005745618155862477,-0.6416969750208104,0.5210751419412545
bmi,alt_log_adj,REACTOME_PHASE_1_INACTIVATION_OF_FAST_NA_CHANNELS,bmi,0.2884408986820614,0.005761601642851308,50.06262434681573,0
bmi,alt_log_adj,REACTOME_PHASE_2_PLATEAU_PHASE,ppgs,-3.699348349683547e-4,0.005851058263527213,-0.06322528648780633,0.9495875551067605
bmi,alt_log_adj,REACTOME_PHASE_2_PLATEAU_PHASE,bmi,0.28841586557723026,0.005761531125885955,50.05889220686634,0
bmi,alt_log_adj,REACTOME_PHASE_3_RAPID_REPOLARISATION,ppgs,0.0016557744406303224,0.005719940252358557,0.2894740797244484,0.7722207295088886
bmi,alt_log_adj,REACTOME_PHASE_3_RAPID_REPOLARISATION,bmi,0.28840638642150024,0.005761559703562072,50.05699867054985,0
bmi,alt_log_adj,REACTOME_PHASE_4_RESTING_MEMBRANE_POTENTIAL,ppgs,0.0015334537531720652,0.005824882006373248,0.26325919589345315,0.7923527208924169
bmi,alt_log_adj,REACTOME_PHASE_4_RESTING_MEMBRANE_POTENTIAL,bmi,0.28840386449686606,0.005761635841359183,50.05589947677619,0
bmi,alt_log_adj,REACTOME_PHASE_II_CONJUGATION_OF_COMPOUNDS,ppgs,0.007466085543881393,0.005736426816897148,1.3015219721603322,0.19309042513167587
bmi,alt_log_adj,REACTOME_PHASE_II_CONJUGATION_OF_COMPOUNDS,bmi,0.28848248450292757,0.005761561778773181,50.07018853217168,0
bmi,alt_log_adj,REACTOME_PHASE_I_FUNCTIONALIZATION_OF_COMPOUNDS,ppgs,0.005073268660281768,0.0060523037066930055,0.838237620936213,0.4019043292058391
bmi,alt_log_adj,REACTOME_PHASE_I_FUNCTIONALIZATION_OF_COMPOUNDS,bmi,0.2884948150798123,0.005762220803506515,50.06660190880797,0
bmi,alt_log_adj,REACTOME_PHENYLALANINE_AND_TYROSINE_METABOLISM,ppgs,-2.6122754779476343e-4,0.005767949543817336,-0.045289499467756816,0.963876876056386
bmi,alt_log_adj,REACTOME_PHENYLALANINE_AND_TYROSINE_METABOLISM,bmi,0.28841457725104935,0.005761497848912444,50.05895772494149,0
bmi,alt_log_adj,REACTOME_PHENYLALANINE_METABOLISM,ppgs,-0.009852618824974665,0.005685575234340386,-1.732915038300029,0.08312164554478242
bmi,alt_log_adj,REACTOME_PHENYLALANINE_METABOLISM,bmi,0.2884282629341595,0.005761198217164811,50.063936712821565,0
bmi,alt_log_adj,REACTOME_PHOSPHATE_BOND_HYDROLYSIS_BY_NTPDASE_PROTEINS,ppgs,0.012664461259030885,0.0057318205073722496,2.2095006713385206,0.02714779884012447
bmi,alt_log_adj,REACTOME_PHOSPHATE_BOND_HYDROLYSIS_BY_NTPDASE_PROTEINS,bmi,0.28838545951295086,0.0057610170704970815,50.058081061729595,0
bmi,alt_log_adj,REACTOME_PHOSPHATE_BOND_HYDROLYSIS_BY_NUDT_PROTEINS,ppgs,0.00626483733319249,0.005702201964758059,1.0986698422665047,0.27192143203971764
bmi,alt_log_adj,REACTOME_PHOSPHATE_BOND_HYDROLYSIS_BY_NUDT_PROTEINS,bmi,0.2884440412407169,0.005761437540560455,50.064595721132804,0
bmi,alt_log_adj,REACTOME_PHOSPHOLIPASE_C_MEDIATED_CASCADE_FGFR1,ppgs,-0.008552507786030892,0.006044665844804595,-1.4148851244410465,0.15711316387615284
bmi,alt_log_adj,REACTOME_PHOSPHOLIPASE_C_MEDIATED_CASCADE_FGFR1,bmi,0.2884355917187446,0.005761313617386239,50.06420599085534,0
bmi,alt_log_adj,REACTOME_PHOSPHOLIPASE_C_MEDIATED_CASCADE_FGFR2,ppgs,-0.009517040157686967,0.006153968422249822,-1.5464882990425945,0.12199784625402531
bmi,alt_log_adj,REACTOME_PHOSPHOLIPASE_C_MEDIATED_CASCADE_FGFR2,bmi,0.28841737431257974,0.005761255231314838,50.06155129960401,0
bmi,alt_log_adj,REACTOME_PHOSPHOLIPASE_C_MEDIATED_CASCADE_FGFR4,ppgs,0.001450244924246026,0.006023778826152551,0.2407533487035931,0.8097480294948495
bmi,alt_log_adj,REACTOME_PHOSPHOLIPASE_C_MEDIATED_CASCADE_FGFR4,bmi,0.2884123158879484,0.0057615000459522725,50.058546140353116,0
bmi,alt_log_adj,REACTOME_PHOSPHOLIPID_METABOLISM,ppgs,0.040260917675348944,0.006176564111175078,6.518335590900131,7.228508021472056e-11
bmi,alt_log_adj,REACTOME_PHOSPHOLIPID_METABOLISM,bmi,0.28840919645829155,0.005757185292043621,50.095520958283295,0
bmi,alt_log_adj,REACTOME_PHOSPHORYLATED_BMAL1_CLOCK_ARNTL_CLOCK_ACTIVATES_EXPRESSION_OF_CORE_CLOCK_GENES,ppgs,0.0011995669158500844,0.006247310687271368,0.19201332795792458,0.8477331407555221
bmi,alt_log_adj,REACTOME_PHOSPHORYLATED_BMAL1_CLOCK_ARNTL_CLOCK_ACTIVATES_EXPRESSION_OF_CORE_CLOCK_GENES,bmi,0.28841457987837266,0.0057614942293829,50.05898962937329,0
bmi,alt_log_adj,REACTOME_PHOSPHORYLATION_AND_NUCLEAR_TRANSLOCATION_OF_BMAL1_ARNTL_AND_CLOCK,ppgs,0.0024555616552448542,0.005717674244784635,0.4294686178536124,0.6675854910466692
bmi,alt_log_adj,REACTOME_PHOSPHORYLATION_AND_NUCLEAR_TRANSLOCATION_OF_BMAL1_ARNTL_AND_CLOCK,bmi,0.2884384722686178,0.005761746862811916,50.060941436057924,0
bmi,alt_log_adj,REACTOME_PHOSPHORYLATION_AND_NUCLEAR_TRANSLOCATION_OF_THE_CRY_PER_KINASE_COMPLEX,ppgs,0.003045445956485195,0.005748719135367464,0.5297607840586435,0.5962819468485101
bmi,alt_log_adj,REACTOME_PHOSPHORYLATION_AND_NUCLEAR_TRANSLOCATION_OF_THE_CRY_PER_KINASE_COMPLEX,bmi,0.2884293017339653,0.0057615360874728435,50.06118114248899,0
bmi,alt_log_adj,REACTOME_PHOSPHORYLATION_OF_CLOCK_ACETYLATION_OF_BMAL1_ARNTL_AT_TARGET_GENE_PROMOTERS,ppgs,-0.004978047735671383,0.0060791943318098405,-0.8188663602384572,0.41286954800241915
bmi,alt_log_adj,REACTOME_PHOSPHORYLATION_OF_CLOCK_ACETYLATION_OF_BMAL1_ARNTL_AT_TARGET_GENE_PROMOTERS,bmi,0.28840942643567025,0.0057614333281951775,50.05862430521559,0
bmi,alt_log_adj,REACTOME_PHOSPHORYLATION_OF_EMI1,ppgs,-7.328138340067001e-4,0.0058361270803972175,-0.1255650920399121,0.9000770871000807
bmi,alt_log_adj,REACTOME_PHOSPHORYLATION_OF_EMI1,bmi,0.28841482510287764,0.005761496596046703,50.05901162916173,0
bmi,alt_log_adj,REACTOME_PHOSPHORYLATION_OF_THE_APC_C,ppgs,0.0035674695941278188,0.00568686700070833,0.627317219425647,0.5304563705698409
bmi,alt_log_adj,REACTOME_PHOSPHORYLATION_OF_THE_APC_C,bmi,0.2883854121670572,0.005761646140447783,50.05260738637526,0
bmi,alt_log_adj,REACTOME_PHYSIOLOGICAL_FACTORS,ppgs,0.007650343917912257,0.005714811177482029,1.3386870852455761,0.1806832973070773
bmi,alt_log_adj,REACTOME_PHYSIOLOGICAL_FACTORS,bmi,0.28845024807405367,0.005761377337251209,50.06619618698246,0
bmi,alt_log_adj,REACTOME_PI3K_AKT_ACTIVATION,ppgs,0.003363666031119115,0.005714661043341302,0.5886028944863569,0.5561323812175691
bmi,alt_log_adj,REACTOME_PI3K_AKT_ACTIVATION,bmi,0.2884195612337451,0.005761468876744783,50.06007450598284,0
bmi,alt_log_adj,REACTOME_PI3K_AKT_SIGNALING_IN_CANCER,ppgs,0.014651452658442268,0.0064126411115841145,2.284776647171967,0.022333280558468477
bmi,alt_log_adj,REACTOME_PI3K_AKT_SIGNALING_IN_CANCER,bmi,0.28832102466264953,0.005761113231961328,50.0460610742922,0
bmi,alt_log_adj,REACTOME_PI3K_EVENTS_IN_ERBB2_SIGNALING,ppgs,-0.0031152342337154083,0.005871068223402577,-0.5306077386901791,0.5956947882311624
bmi,alt_log_adj,REACTOME_PI3K_EVENTS_IN_ERBB2_SIGNALING,bmi,0.28840907611544175,0.005761478843432264,50.05816804208361,0
bmi,alt_log_adj,REACTOME_PI3K_EVENTS_IN_ERBB4_SIGNALING,ppgs,-0.0034870819062169426,0.005903211392032766,-0.5907093062808596,0.5547199204449764
bmi,alt_log_adj,REACTOME_PI3K_EVENTS_IN_ERBB4_SIGNALING,bmi,0.2884092356735884,0.005761469730225495,50.05827491560917,0
bmi,alt_log_adj,REACTOME_PI5P_REGULATES_TP53_ACETYLATION,ppgs,0.008878790390248461,0.006052514677034824,1.4669589193955086,0.14239832381326828
bmi,alt_log_adj,REACTOME_PI5P_REGULATES_TP53_ACETYLATION,bmi,0.2884331504983383,0.005761293151611064,50.063960105498545,0
bmi,alt_log_adj,REACTOME_PINK1_PRKN_MEDIATED_MITOPHAGY,ppgs,0.013975008001082942,0.0058496311544409514,2.3890408868725554,0.016898920366689954
bmi,alt_log_adj,REACTOME_PINK1_PRKN_MEDIATED_MITOPHAGY,bmi,0.28820079793064307,0.005761613291780334,50.02085064296102,0
bmi,alt_log_adj,REACTOME_PIWI_INTERACTING_RNA_PIRNA_BIOGENESIS,ppgs,0.004302549528951567,0.005926518947400954,0.7259825822101571,0.4678554417510382
bmi,alt_log_adj,REACTOME_PIWI_INTERACTING_RNA_PIRNA_BIOGENESIS,bmi,0.28840021902459895,0.005761478573883778,50.05663308927141,0
bmi,alt_log_adj,REACTOME_PI_3K_CASCADE_FGFR1,ppgs,0.0120242501586402,0.005750077532472864,2.0911457438155763,0.03652388062758423
bmi,alt_log_adj,REACTOME_PI_3K_CASCADE_FGFR1,bmi,0.2883912065333224,0.0057610645438710105,50.05866612623381,0
bmi,alt_log_adj,REACTOME_PI_3K_CASCADE_FGFR2,ppgs,0.005398258573368276,0.0057711220961413606,0.935391503322658,0.34959454170533877
bmi,alt_log_adj,REACTOME_PI_3K_CASCADE_FGFR2,bmi,0.28841401453702825,0.00576140909958411,50.059631168674954,0
bmi,alt_log_adj,REACTOME_PI_3K_CASCADE_FGFR3,ppgs,0.003327578297213994,0.005738802462817233,0.5798384451763224,0.5620281770174389
bmi,alt_log_adj,REACTOME_PI_3K_CASCADE_FGFR3,bmi,0.28841374802957115,0.005761464004247129,50.05910786164136,0
bmi,alt_log_adj,REACTOME_PI_3K_CASCADE_FGFR4,ppgs,0.008680592999474603,0.0057253046466469795,1.516180104854051,0.12948496713420266
bmi,alt_log_adj,REACTOME_PI_3K_CASCADE_FGFR4,bmi,0.2884152139478925,0.005761264401042928,50.06109663977275,0
bmi,alt_log_adj,REACTOME_PI_METABOLISM,ppgs,0.008596741647270454,0.006305613090178026,1.3633474690448764,0.1727838551306255
bmi,alt_log_adj,REACTOME_PI_METABOLISM,bmi,0.28829546681957535,0.005761971988502068,50.034166669824984,0
bmi,alt_log_adj,REACTOME_PKA_ACTIVATION_IN_GLUCAGON_SIGNALLING,ppgs,0.0024926133003365437,0.006075951145583193,0.41024248559807885,0.681631178042336
bmi,alt_log_adj,REACTOME_PKA_ACTIVATION_IN_GLUCAGON_SIGNALLING,bmi,0.2884205277257491,0.005761498852794903,50.059981802449954,0
bmi,alt_log_adj,REACTOME_PKA_MEDIATED_PHOSPHORYLATION_OF_CREB,ppgs,-9.884317005286738e-4,0.006046444114321436,-0.16347322192021962,0.8701470206346943
bmi,alt_log_adj,REACTOME_PKA_MEDIATED_PHOSPHORYLATION_OF_CREB,bmi,0.288411011163736,0.005761537602297297,50.05799338161708,0
bmi,alt_log_adj,REACTOME_PKA_MEDIATED_PHOSPHORYLATION_OF_KEY_METABOLIC_FACTORS,ppgs,0.00831989050323713,0.005684641588761002,1.4635734502041835,0.14332161849411826
bmi,alt_log_adj,REACTOME_PKA_MEDIATED_PHOSPHORYLATION_OF_KEY_METABOLIC_FACTORS,bmi,0.28839000209162374,0.005761304873497547,50.056368899733165,0
bmi,alt_log_adj,REACTOME_PKMTS_METHYLATE_HISTONE_LYSINES,ppgs,0.004941373753155834,0.00573203820587095,0.8620622500552614,0.38866055516544884
bmi,alt_log_adj,REACTOME_PKMTS_METHYLATE_HISTONE_LYSINES,bmi,0.2884115027746302,0.005761423592526825,50.05906928085106,0
bmi,alt_log_adj,REACTOME_PKR_MEDIATED_SIGNALING,ppgs,0.037344284245564456,0.005907465517972641,6.321540791385015,2.628204784162105e-10
bmi,alt_log_adj,REACTOME_PKR_MEDIATED_SIGNALING,bmi,0.28831579921596706,0.005757462664686778,50.076885601767465,0
bmi,alt_log_adj,REACTOME_PLASMA_LIPOPROTEIN_ASSEMBLY,ppgs,0.01819931395487202,0.005779553586895834,3.148913437905638,0.0016404875896089655
bmi,alt_log_adj,REACTOME_PLASMA_LIPOPROTEIN_ASSEMBLY,bmi,0.2883775952443853,0.005760502634941936,50.061186240094834,0
bmi,alt_log_adj,REACTOME_PLASMA_LIPOPROTEIN_ASSEMBLY_REMODELING_AND_CLEARANCE,ppgs,0.0188615081338253,0.006517758825568167,2.893864077915019,0.0038082282318319016
bmi,alt_log_adj,REACTOME_PLASMA_LIPOPROTEIN_ASSEMBLY_REMODELING_AND_CLEARANCE,bmi,0.28819313833086757,0.005761155573721764,50.02349522470748,0
bmi,alt_log_adj,REACTOME_PLASMA_LIPOPROTEIN_CLEARANCE,ppgs,0.021233107897127464,0.006180188634785655,3.43567310836037,5.919303777015566e-4
bmi,alt_log_adj,REACTOME_PLASMA_LIPOPROTEIN_CLEARANCE,bmi,0.2882576615049017,0.005760480036682366,50.04056253459702,0
bmi,alt_log_adj,REACTOME_PLASMA_LIPOPROTEIN_REMODELING,ppgs,0.016575207095272108,0.005701724432291085,2.9070515932689167,0.0036513567026200022
bmi,alt_log_adj,REACTOME_PLASMA_LIPOPROTEIN_REMODELING,bmi,0.2881431399913621,0.0057613963178672345,50.012726792943056,0
bmi,alt_log_adj,REACTOME_PLATELET_ACTIVATION_SIGNALING_AND_AGGREGATION,ppgs,0.03025104982022509,0.007118410205822072,4.249691847694177,2.1474820637392226e-5
bmi,alt_log_adj,REACTOME_PLATELET_ACTIVATION_SIGNALING_AND_AGGREGATION,bmi,0.2882360048531127,0.005759817007273074,50.04256289551377,0
bmi,alt_log_adj,REACTOME_PLATELET_ADHESION_TO_EXPOSED_COLLAGEN,ppgs,-8.310137690412185e-4,0.005696028418597912,-0.14589354335520927,0.8840064660018411
bmi,alt_log_adj,REACTOME_PLATELET_ADHESION_TO_EXPOSED_COLLAGEN,bmi,0.2884115032952591,0.005761535471040542,50.058097315362275,0
bmi,alt_log_adj,REACTOME_PLATELET_AGGREGATION_PLUG_FORMATION,ppgs,0.01807651754299549,0.005687919840836262,3.178054200626323,0.0014842616698706379
bmi,alt_log_adj,REACTOME_PLATELET_AGGREGATION_PLUG_FORMATION,bmi,0.28841432351701446,0.005760471908944951,50.067829177182546,0
bmi,alt_log_adj,REACTOME_PLATELET_CALCIUM_HOMEOSTASIS,ppgs,0.007910646869862863,0.006194141467858763,1.2771175651881703,0.20157120416343546
bmi,alt_log_adj,REACTOME_PLATELET_CALCIUM_HOMEOSTASIS,bmi,0.28833350066679514,0.0057616823806029465,50.043282780995945,0
bmi,alt_log_adj,REACTOME_PLATELET_HOMEOSTASIS,ppgs,0.0034957715294463326,0.006739601838657114,0.5186911056666926,0.6039802136949034
bmi,alt_log_adj,REACTOME_PLATELET_HOMEOSTASIS,bmi,0.28837585791352005,0.005761955324160506,50.04826342618949,0
bmi,alt_log_adj,REACTOME_PLATELET_SENSITIZATION_BY_LDL,ppgs,0.008791344793405058,0.0058648580499041526,1.4989867987595595,0.13388819187506065
bmi,alt_log_adj,REACTOME_PLATELET_SENSITIZATION_BY_LDL,bmi,0.28835176254089134,0.005761422269349581,50.04871176947146,0
bmi,alt_log_adj,REACTOME_POLB_DEPENDENT_LONG_PATCH_BASE_EXCISION_REPAIR,ppgs,-0.0018137272473853416,0.005710521542435632,-0.31761148853170373,0.7507819976955528
bmi,alt_log_adj,REACTOME_POLB_DEPENDENT_LONG_PATCH_BASE_EXCISION_REPAIR,bmi,0.28839667295306315,0.005761764878654503,50.05353030309873,0
bmi,alt_log_adj,REACTOME_POLO_LIKE_KINASE_MEDIATED_EVENTS,ppgs,0.0068002492512864,0.005822173156549794,1.1679915846604967,0.24281998206802302
bmi,alt_log_adj,REACTOME_POLO_LIKE_KINASE_MEDIATED_EVENTS,bmi,0.28842495407260704,0.005761366140710879,50.061903206349434,0
bmi,alt_log_adj,REACTOME_POLYMERASE_SWITCHING,ppgs,-0.0032158174919483342,0.005704573388532021,-0.5637262022806359,0.5729449413869587
bmi,alt_log_adj,REACTOME_POLYMERASE_SWITCHING,bmi,0.28841038905040267,0.005761470572975772,50.058467781332446,0
bmi,alt_log_adj,REACTOME_POLYMERASE_SWITCHING_ON_THE_C_STRAND_OF_THE_TELOMERE,ppgs,-0.0032158174919483342,0.005704573388532021,-0.5637262022806359,0.5729449413869587
bmi,alt_log_adj,REACTOME_POLYMERASE_SWITCHING_ON_THE_C_STRAND_OF_THE_TELOMERE,bmi,0.28841038905040267,0.005761470572975772,50.058467781332446,0
bmi,alt_log_adj,REACTOME_POSITIVE_EPIGENETIC_REGULATION_OF_RRNA_EXPRESSION,ppgs,0.013299728284817193,0.0057169750251152215,2.326357597573928,0.02000649374002692
bmi,alt_log_adj,REACTOME_POSITIVE_EPIGENETIC_REGULATION_OF_RRNA_EXPRESSION,bmi,0.28850792585056284,0.00576108771310959,50.07872475089231,0
bmi,alt_log_adj,REACTOME_POSTMITOTIC_NUCLEAR_PORE_COMPLEX_NPC_REFORMATION,ppgs,0.006654505746532914,0.005833128038547644,1.140812562754885,0.25395756873272646
bmi,alt_log_adj,REACTOME_POSTMITOTIC_NUCLEAR_PORE_COMPLEX_NPC_REFORMATION,bmi,0.28848682802881026,0.005761713379771916,50.06962495594155,0
bmi,alt_log_adj,REACTOME_POST_CHAPERONIN_TUBULIN_FOLDING_PATHWAY,ppgs,0.0044237236428328105,0.005732578333357765,0.7716813248047996,0.44030962647207805
bmi,alt_log_adj,REACTOME_POST_CHAPERONIN_TUBULIN_FOLDING_PATHWAY,bmi,0.28847159344591294,0.005761910454875977,50.0652684044744,0
bmi,alt_log_adj,REACTOME_POST_TRANSCRIPTIONAL_SILENCING_BY_SMALL_RNAS,ppgs,-0.002931203182258879,0.006003615136601696,-0.4882396881819553,0.6253838520261592
bmi,alt_log_adj,REACTOME_POST_TRANSCRIPTIONAL_SILENCING_BY_SMALL_RNAS,bmi,0.288413414499613,0.0057614742795496126,50.05896069402551,0
bmi,alt_log_adj,REACTOME_POST_TRANSLATIONAL_MODIFICATION_SYNTHESIS_OF_GPI_ANCHORED_PROTEINS,ppgs,0.0060087836710805255,0.006120736183665346,0.9817093060008709,0.32625145731144745
bmi,alt_log_adj,REACTOME_POST_TRANSLATIONAL_MODIFICATION_SYNTHESIS_OF_GPI_ANCHORED_PROTEINS,bmi,0.2883881775480998,0.005761463012691249,50.05467828446411,0
bmi,alt_log_adj,REACTOME_POST_TRANSLATIONAL_PROTEIN_MODIFICATION,ppgs,0.03138296148359211,0.009859307841190964,3.1830795821668127,0.0014587486975573894
bmi,alt_log_adj,REACTOME_POST_TRANSLATIONAL_PROTEIN_MODIFICATION,bmi,0.2883033853113198,0.005760574662805759,50.047677911859246,0
bmi,alt_log_adj,REACTOME_POTASSIUM_CHANNELS,ppgs,-0.01175846355825281,0.006248966071494774,-1.8816654505279056,0.05989169027085577
bmi,alt_log_adj,REACTOME_POTASSIUM_CHANNELS,bmi,0.28855567437601876,0.005761625873341808,50.082334521427924,0
bmi,alt_log_adj,REACTOME_POTENTIAL_THERAPEUTICS_FOR_SARS,ppgs,0.020426578200831713,0.005850594732011777,3.491367824379772,4.812850291815587e-4
bmi,alt_log_adj,REACTOME_POTENTIAL_THERAPEUTICS_FOR_SARS,bmi,0.2883586889182946,0.005760281969749962,50.059821799107425,0
bmi,alt_log_adj,REACTOME_POU5F1_OCT4_SOX2_NANOG_ACTIVATE_GENES_RELATED_TO_PROLIFERATION,ppgs,0.002969420036708104,0.00572774330243317,0.5184275690998026,0.6041640298241622
bmi,alt_log_adj,REACTOME_POU5F1_OCT4_SOX2_NANOG_ACTIVATE_GENES_RELATED_TO_PROLIFERATION,bmi,0.2884104071807719,0.005761476397278371,50.05842032382747,0
bmi,alt_log_adj,REACTOME_POU5F1_OCT4_SOX2_NANOG_REPRESS_GENES_RELATED_TO_DIFFERENTIATION,ppgs,0.004691928845388711,0.005870846830603785,0.7991911526171039,0.424186277002642
bmi,alt_log_adj,REACTOME_POU5F1_OCT4_SOX2_NANOG_REPRESS_GENES_RELATED_TO_DIFFERENTIATION,bmi,0.28838187758927447,0.005761578753701919,50.05257932194086,0
bmi,alt_log_adj,REACTOME_PP2A_MEDIATED_DEPHOSPHORYLATION_OF_KEY_METABOLIC_FACTORS,ppgs,0.006448921181431253,0.005735727779614962,1.1243422681862643,0.2608773733840872
bmi,alt_log_adj,REACTOME_PP2A_MEDIATED_DEPHOSPHORYLATION_OF_KEY_METABOLIC_FACTORS,bmi,0.28837294118158135,0.005761488783917177,50.05180987014255,0
bmi,alt_log_adj,REACTOME_PRC2_METHYLATES_HISTONES_AND_DNA,ppgs,0.0021404356494455295,0.005691812119681108,0.37605521834502337,0.7068786594416766
bmi,alt_log_adj,REACTOME_PRC2_METHYLATES_HISTONES_AND_DNA,bmi,0.28842105430170895,0.005761508989450894,50.059985123653725,0
bmi,alt_log_adj,REACTOME_PREDNISONE_ADME,ppgs,0.003372877102135978,0.005678425177908723,0.5939810768763456,0.552529509158304
bmi,alt_log_adj,REACTOME_PREDNISONE_ADME,bmi,0.2884555965524845,0.005761875072271947,50.06279951133069,0
bmi,alt_log_adj,REACTOME_PREGNENOLONE_BIOSYNTHESIS,ppgs,-0.004647452553637435,0.00574103597015655,-0.8095146203222109,0.4182259909204814
bmi,alt_log_adj,REACTOME_PREGNENOLONE_BIOSYNTHESIS,bmi,0.2883656826621146,0.005761748556480439,50.04829347122059,0
bmi,alt_log_adj,REACTOME_PRESYNAPTIC_DEPOLARIZATION_AND_CALCIUM_CHANNEL_OPENING,ppgs,0.0031831081852417686,0.005965473280991509,0.5335885411446701,0.5936304213059336
bmi,alt_log_adj,REACTOME_PRESYNAPTIC_DEPOLARIZATION_AND_CALCIUM_CHANNEL_OPENING,bmi,0.2884154046802082,0.0057614692263704805,50.05935002830859,0
bmi,alt_log_adj,REACTOME_PRESYNAPTIC_FUNCTION_OF_KAINATE_RECEPTORS,ppgs,-0.004473557296156383,0.0059288366406161554,-0.754542175358616,0.450529998166468
bmi,alt_log_adj,REACTOME_PRESYNAPTIC_FUNCTION_OF_KAINATE_RECEPTORS,bmi,0.28850524360568475,0.005762691777058984,50.06431972541219,0
bmi,alt_log_adj,REACTOME_PRESYNAPTIC_NICOTINIC_ACETYLCHOLINE_RECEPTORS,ppgs,0.0024965089680889403,0.005708492273281717,0.4373324598815195,0.6618735893476337
bmi,alt_log_adj,REACTOME_PRESYNAPTIC_NICOTINIC_ACETYLCHOLINE_RECEPTORS,bmi,0.2884233317725312,0.005761512955691782,50.060345952637086,0
bmi,alt_log_adj,REACTOME_PREVENTION_OF_PHAGOSOMAL_LYSOSOMAL_FUSION,ppgs,0.0015515995823830234,0.005824194758279219,0.26640585467671574,0.7899285942686358
bmi,alt_log_adj,REACTOME_PREVENTION_OF_PHAGOSOMAL_LYSOSOMAL_FUSION,bmi,0.2884151499589801,0.005761491100240642,50.059115763787915,0
bmi,alt_log_adj,REACTOME_PRE_NOTCH_EXPRESSION_AND_PROCESSING,ppgs,0.002677273690037433,0.006065032669860135,0.44142774421348224,0.6589067271348842
bmi,alt_log_adj,REACTOME_PRE_NOTCH_EXPRESSION_AND_PROCESSING,bmi,0.2884215068637125,0.00576149928021168,50.06014803374509,0
bmi,alt_log_adj,REACTOME_PRE_NOTCH_PROCESSING_IN_GOLGI,ppgs,0.0060434143760475225,0.005757371231621612,1.0496829425997156,0.29387285686438497
bmi,alt_log_adj,REACTOME_PRE_NOTCH_PROCESSING_IN_GOLGI,bmi,0.2883618864527817,0.005761605052549402,50.04888114036678,0
bmi,alt_log_adj,REACTOME_PRE_NOTCH_PROCESSING_IN_THE_ENDOPLASMIC_RETICULUM,ppgs,0.00912173827002798,0.005737737079669505,1.5897797587046971,0.11189560897583227
bmi,alt_log_adj,REACTOME_PRE_NOTCH_PROCESSING_IN_THE_ENDOPLASMIC_RETICULUM,bmi,0.2883596898329918,0.005761344778898643,50.05076087255371,0
bmi,alt_log_adj,REACTOME_PROCESSING_AND_ACTIVATION_OF_SUMO,ppgs,-9.500605088300717e-4,0.005770648697562618,-0.16463669140548345,0.8692311235120584
bmi,alt_log_adj,REACTOME_PROCESSING_AND_ACTIVATION_OF_SUMO,bmi,0.2884181890581263,0.005761535949835326,50.05925356872411,0
bmi,alt_log_adj,REACTOME_PROCESSING_OF_CAPPED_INTRONLESS_PRE_MRNA,ppgs,1.8674783533728715e-4,0.0056861198950171376,0.0328427537205007,0.9738002152631784
bmi,alt_log_adj,REACTOME_PROCESSING_OF_CAPPED_INTRONLESS_PRE_MRNA,bmi,0.28841357968660386,0.005761585310466441,50.058024683358326,0
bmi,alt_log_adj,REACTOME_PROCESSING_OF_CAPPED_INTRON_CONTAINING_PRE_MRNA,ppgs,0.014662871612746623,0.006389766100575636,2.2947430910539413,0.021755123074036688
bmi,alt_log_adj,REACTOME_PROCESSING_OF_CAPPED_INTRON_CONTAINING_PRE_MRNA,bmi,0.28846609260136313,0.0057610066087615194,50.072168319101536,0
bmi,alt_log_adj,REACTOME_PROCESSING_OF_DNA_DOUBLE_STRAND_BREAK_ENDS,ppgs,0.002250515685464951,0.006424080058351113,0.3503249749416413,0.7260974268726308
bmi,alt_log_adj,REACTOME_PROCESSING_OF_DNA_DOUBLE_STRAND_BREAK_ENDS,bmi,0.28840042985397146,0.005761627929681493,50.05537208819981,0
bmi,alt_log_adj,REACTOME_PROCESSING_OF_INTRONLESS_PRE_MRNAS,ppgs,-9.77158747764877e-4,0.005697331806497305,-0.17151164456500737,0.8638226992250446
bmi,alt_log_adj,REACTOME_PROCESSING_OF_INTRONLESS_PRE_MRNAS,bmi,0.2884179045004306,0.005761526765251698,50.059283980056414,0
bmi,alt_log_adj,REACTOME_PROCESSING_OF_SMDT1,ppgs,0.0074602006933724655,0.005703057664159197,1.3081054291728478,0.19084815854396373
bmi,alt_log_adj,REACTOME_PROCESSING_OF_SMDT1,bmi,0.28829885399432587,0.005762003795402818,50.034478322340476,0
bmi,alt_log_adj,REACTOME_PROCESSIVE_SYNTHESIS_ON_THE_C_STRAND_OF_THE_TELOMERE,ppgs,-0.008730275702326982,0.00573561208281099,-1.5221175310113242,0.12799078770335637
bmi,alt_log_adj,REACTOME_PROCESSIVE_SYNTHESIS_ON_THE_C_STRAND_OF_THE_TELOMERE,bmi,0.2884676875460931,0.005761368035672249,50.069303984749524,0
bmi,alt_log_adj,REACTOME_PROCESSIVE_SYNTHESIS_ON_THE_LAGGING_STRAND,ppgs,-0.0046043742188805,0.0057396443016067234,-0.8022054986215048,0.4224408207253342
bmi,alt_log_adj,REACTOME_PROCESSIVE_SYNTHESIS_ON_THE_LAGGING_STRAND,bmi,0.28840218823271224,0.0057614534278784026,50.05719335284351,0
bmi,alt_log_adj,REACTOME_PROGRAMMED_CELL_DEATH,ppgs,0.02209969724651734,0.006278351613378477,3.5199840033529366,4.322494917853474e-4
bmi,alt_log_adj,REACTOME_PROGRAMMED_CELL_DEATH,bmi,0.28829245848264246,0.005760343867829867,50.04778622552143,0
bmi,alt_log_adj,REACTOME_PROLACTIN_RECEPTOR_SIGNALING,ppgs,0.015067241840184119,0.00584213549835793,2.579064084429251,0.009911832096197292
bmi,alt_log_adj,REACTOME_PROLACTIN_RECEPTOR_SIGNALING,bmi,0.2883688691413409,0.005760849490846288,50.0566573731088,0
bmi,alt_log_adj,REACTOME_PROLONGED_ERK_ACTIVATION_EVENTS,ppgs,0.005998990334577666,0.005694162017773788,1.0535334814591482,0.29210553671273237
bmi,alt_log_adj,REACTOME_PROLONGED_ERK_ACTIVATION_EVENTS,bmi,0.2884027137746483,0.0057613962747452615,50.05778113872231,0
bmi,alt_log_adj,REACTOME_PROPIONYL_COA_CATABOLISM,ppgs,0.016272644191360763,0.005697554766800094,2.856075080871918,0.004292253281723007
bmi,alt_log_adj,REACTOME_PROPIONYL_COA_CATABOLISM,bmi,0.2882407555729057,0.005760990887586903,50.03319067800863,0
bmi,alt_log_adj,REACTOME_PROSTACYCLIN_SIGNALLING_THROUGH_PROSTACYCLIN_RECEPTOR,ppgs,0.001559082389521509,0.005947700066904935,0.26213197908159225,0.7932215973887924
bmi,alt_log_adj,REACTOME_PROSTACYCLIN_SIGNALLING_THROUGH_PROSTACYCLIN_RECEPTOR,bmi,0.2884117316578402,0.0057615015420287,50.05843173935637,0
bmi,alt_log_adj,REACTOME_PROSTANOID_LIGAND_RECEPTORS,ppgs,-0.015073227708359747,0.00571699063220238,-2.6365668020262305,0.008379535230133664
bmi,alt_log_adj,REACTOME_PROSTANOID_LIGAND_RECEPTORS,bmi,0.28851159273506977,0.0057609091150376355,50.08091378875797,0
bmi,alt_log_adj,REACTOME_PROTEASOME_ASSEMBLY,ppgs,-0.004129632917985865,0.005921321973189524,-0.6974173903537009,0.48554734080805406
bmi,alt_log_adj,REACTOME_PROTEASOME_ASSEMBLY,bmi,0.28839389672155213,0.00576152518752956,50.05513077435844,0
bmi,alt_log_adj,REACTOME_PROTEIN_FOLDING,ppgs,0.003617225216634873,0.0061231421421099426,0.5907465697649854,0.5546949491024412
bmi,alt_log_adj,REACTOME_PROTEIN_FOLDING,bmi,0.2884249207385192,0.005761488883788043,50.06083089912804,0
bmi,alt_log_adj,REACTOME_PROTEIN_HYDROXYLATION,ppgs,0.0260793033830826,0.005771038766803554,4.518996395085269,6.238433302289588e-6
bmi,alt_log_adj,REACTOME_PROTEIN_HYDROXYLATION,bmi,0.28872145539749067,0.005759824149640765,50.126783022620224,0
bmi,alt_log_adj,REACTOME_PROTEIN_LIPOYLATION,ppgs,0.004099059646016719,0.005833396280784287,0.7026883566130038,0.48225575519898944
bmi,alt_log_adj,REACTOME_PROTEIN_LIPOYLATION,bmi,0.2884301991269043,0.00576149044209844,50.0617335089864,0
bmi,alt_log_adj,REACTOME_PROTEIN_LOCALIZATION,ppgs,0.03358577276614564,0.006081167842300863,5.522914946126231,3.363446021691054e-8
bmi,alt_log_adj,REACTOME_PROTEIN_LOCALIZATION,bmi,0.28833032345345255,0.005758421108749,50.07107295702649,0
bmi,alt_log_adj,REACTOME_PROTEIN_METHYLATION,ppgs,-0.0014754927000641836,0.005956973226477628,-0.2476916789731227,0.8043747643717765
bmi,alt_log_adj,REACTOME_PROTEIN_METHYLATION,bmi,0.2884206056194435,0.005761542378436692,50.0596171433008,0
bmi,alt_log_adj,REACTOME_PROTEIN_PROTEIN_INTERACTIONS_AT_SYNAPSES,ppgs,-1.1941613337980911e-5,0.006766129516841744,-0.0017649105457199334,0.998591818273785
bmi,alt_log_adj,REACTOME_PROTEIN_PROTEIN_INTERACTIONS_AT_SYNAPSES,bmi,0.2884146733012942,0.005761570600253719,50.058342301419245,0
bmi,alt_log_adj,REACTOME_PROTEIN_REPAIR,ppgs,0.0024562078871614274,0.005850080064714355,0.41985884979188876,0.6745917523774255
bmi,alt_log_adj,REACTOME_PROTEIN_REPAIR,bmi,0.28841336240385923,0.005761480839907937,50.058894651894356,0
bmi,alt_log_adj,REACTOME_PROTEIN_UBIQUITINATION,ppgs,0.014932679030713684,0.0059026840365044,2.5298116820016836,0.011417746062281926
bmi,alt_log_adj,REACTOME_PROTEIN_UBIQUITINATION,bmi,0.2884501300235118,0.005760864834732928,50.07062972288678,0
bmi,alt_log_adj,REACTOME_PROTON_COUPLED_MONOCARBOXYLATE_TRANSPORT,ppgs,0.003343470432124339,0.0057252542534088,0.5839863670916705,0.5592341307095331
bmi,alt_log_adj,REACTOME_PROTON_COUPLED_MONOCARBOXYLATE_TRANSPORT,bmi,0.2884487492980982,0.0057617596755078744,50.06261377478794,0
bmi,alt_log_adj,REACTOME_PTEN_REGULATION,ppgs,0.012928256179762275,0.005848493803482638,2.2105274647061792,0.02707653143243696
bmi,alt_log_adj,REACTOME_PTEN_REGULATION,bmi,0.2883853426964831,0.005761016716646897,50.05806385931352,0
bmi,alt_log_adj,REACTOME_PTK6_EXPRESSION,ppgs,0.0029091221250625923,0.005735196606295321,0.5072401740978422,0.6119902555393204
bmi,alt_log_adj,REACTOME_PTK6_EXPRESSION,bmi,0.28838130021348946,0.005761846331876791,50.05015469052882,0
bmi,alt_log_adj,REACTOME_PTK6_PROMOTES_HIF1A_STABILIZATION,ppgs,0.0025036719420562224,0.005734487655294856,0.4365990638665851,0.6624054667668836
bmi,alt_log_adj,REACTOME_PTK6_PROMOTES_HIF1A_STABILIZATION,bmi,0.2884244588844015,0.005761522653303953,50.06045732008084,0
bmi,alt_log_adj,REACTOME_PTK6_REGULATES_CELL_CYCLE,ppgs,0.001707373046357459,0.005927050927489585,0.2880645142491834,0.7732994611809445
bmi,alt_log_adj,REACTOME_PTK6_REGULATES_CELL_CYCLE,bmi,0.2883974469457941,0.005761798037585358,50.053376578720744,0
bmi,alt_log_adj,REACTOME_PTK6_REGULATES_PROTEINS_INVOLVED_IN_RNA_PROCESSING,ppgs,0.0029006722780756285,0.00568902622758192,0.509871489783681,0.6101454661700698
bmi,alt_log_adj,REACTOME_PTK6_REGULATES_PROTEINS_INVOLVED_IN_RNA_PROCESSING,bmi,0.28840416006675446,0.005761508093635111,50.0570606479512,0
bmi,alt_log_adj,REACTOME_PTK6_REGULATES_RHO_GTPASES_RAS_GTPASE_AND_MAP_KINASES,ppgs,0.009482747130264403,0.006061002682197904,1.5645508882740948,0.11769941392044173
bmi,alt_log_adj,REACTOME_PTK6_REGULATES_RHO_GTPASES_RAS_GTPASE_AND_MAP_KINASES,bmi,0.28834770518121483,0.0057614080072070075,50.04813143254523,0
bmi,alt_log_adj,REACTOME_PTK6_REGULATES_RTKS_AND_THEIR_EFFECTORS_AKT1_AND_DOK1,ppgs,0.0033700617477308856,0.006022320027977315,0.5595952609749918,0.5757599591367959
bmi,alt_log_adj,REACTOME_PTK6_REGULATES_RTKS_AND_THEIR_EFFECTORS_AKT1_AND_DOK1,bmi,0.2883779946362031,0.00576183793595423,50.04965391975126,0
bmi,alt_log_adj,REACTOME_PURINERGIC_SIGNALING_IN_LEISHMANIASIS_INFECTION,ppgs,0.004765482276992897,0.00568596388938069,0.8381133559242404,0.4019741086307266
bmi,alt_log_adj,REACTOME_PURINERGIC_SIGNALING_IN_LEISHMANIASIS_INFECTION,bmi,0.2884059932060331,0.0057614357929570694,50.05800699169262,0
bmi,alt_log_adj,REACTOME_PURINE_CATABOLISM,ppgs,-0.0014705882969120497,0.0056996938907566885,-0.2580118029315457,0.7963996710288523
bmi,alt_log_adj,REACTOME_PURINE_CATABOLISM,bmi,0.2884121440640351,0.00576149921313695,50.058523553456155,0
bmi,alt_log_adj,REACTOME_PURINE_RIBONUCLEOSIDE_MONOPHOSPHATE_BIOSYNTHESIS,ppgs,0.009347446040021655,0.005726870808913301,1.6322082952304933,0.1026467204935561
bmi,alt_log_adj,REACTOME_PURINE_RIBONUCLEOSIDE_MONOPHOSPHATE_BIOSYNTHESIS,bmi,0.28841446908862073,0.005761227272477218,50.061289973135885,0
bmi,alt_log_adj,REACTOME_PURINE_SALVAGE,ppgs,0.01117841820469,0.005702318974180119,1.9603284655427815,0.04996719030724964
bmi,alt_log_adj,REACTOME_PURINE_SALVAGE,bmi,0.2884247796420253,0.005761109837582465,50.06410010801964,0
bmi,alt_log_adj,REACTOME_PYRIMIDINE_CATABOLISM,ppgs,-0.006994040013784084,0.0061544056670829244,-1.1364281771661522,0.2557870150251694
bmi,alt_log_adj,REACTOME_PYRIMIDINE_CATABOLISM,bmi,0.28839338888656924,0.005761397037373331,50.05615600101919,0
bmi,alt_log_adj,REACTOME_PYRIMIDINE_SALVAGE,ppgs,-0.01165706838330521,0.0060871760163558174,-1.915020750506225,0.05549990909378012
bmi,alt_log_adj,REACTOME_PYRIMIDINE_SALVAGE,bmi,0.2883823831112029,0.005761149943211608,50.05639255249819,0
bmi,alt_log_adj,REACTOME_PYROPTOSIS,ppgs,0.005346895648528532,0.005853107483394515,0.9135140032363791,0.3609800411486246
bmi,alt_log_adj,REACTOME_PYROPTOSIS,bmi,0.2884007387784298,0.00576143321810669,50.057117363100055,0
bmi,alt_log_adj,REACTOME_PYRUVATE_METABOLISM,ppgs,0.01766702005357704,0.005877206211075623,3.0060235116956515,0.002649201758308367
bmi,alt_log_adj,REACTOME_PYRUVATE_METABOLISM,bmi,0.28853189706479804,0.005760712065487967,50.086151466130886,0
bmi,alt_log_adj,REACTOME_RAB_GEFS_EXCHANGE_GTP_FOR_GDP_ON_RABS,ppgs,0.008526202687803982,0.005954693904423313,1.4318456707691525,0.15219901827040794
bmi,alt_log_adj,REACTOME_RAB_GEFS_EXCHANGE_GTP_FOR_GDP_ON_RABS,bmi,0.2883950395976369,0.005761305882067151,50.05723450568833,0
bmi,alt_log_adj,REACTOME_RAB_GERANYLGERANYLATION,ppgs,0.0073626865828533795,0.005978500201348036,1.2315273621958291,0.21813590509336997
bmi,alt_log_adj,REACTOME_RAB_GERANYLGERANYLATION,bmi,0.28836453908502663,0.0057614873868326024,50.05036368630428,0
bmi,alt_log_adj,REACTOME_RAB_REGULATION_OF_TRAFFICKING,ppgs,0.007081901110770083,0.005924935098717738,1.1952706641972726,0.23199129615251807
bmi,alt_log_adj,REACTOME_RAB_REGULATION_OF_TRAFFICKING,bmi,0.2883914925610475,0.005761385296975594,50.05592886010192,0
bmi,alt_log_adj,REACTOME_RAC1_GTPASE_CYCLE,ppgs,0.018374178487450175,0.006874402559495535,2.6728400509612475,0.0075255144757123
bmi,alt_log_adj,REACTOME_RAC1_GTPASE_CYCLE,bmi,0.2885085303555172,0.005760879285829324,50.08064152033072,0
bmi,alt_log_adj,REACTOME_RAC2_GTPASE_CYCLE,ppgs,0.029743598449572653,0.006028299809881301,4.933994556942634,8.102083365115484e-7
bmi,alt_log_adj,REACTOME_RAC2_GTPASE_CYCLE,bmi,0.2885109077321715,0.005759058824555601,50.096885015657826,0
bmi,alt_log_adj,REACTOME_RAC3_GTPASE_CYCLE,ppgs,0.01204046500695126,0.006118771125304038,1.9677913686227273,0.04910178000442145
bmi,alt_log_adj,REACTOME_RAC3_GTPASE_CYCLE,bmi,0.28840903624277225,0.005761105228550723,50.06140745589629,0
bmi,alt_log_adj,REACTOME_RAF_ACTIVATION,ppgs,0.018907919368731443,0.006194403332350982,3.0524197980429633,0.0022721449187214806
bmi,alt_log_adj,REACTOME_RAF_ACTIVATION,bmi,0.2882260758933972,0.0057608825720239665,50.03158323224335,0
bmi,alt_log_adj,REACTOME_RAF_INDEPENDENT_MAPK1_3_ACTIVATION,ppgs,0.009467458615845447,0.005817495365022258,1.6274114583345654,0.10366085281539894
bmi,alt_log_adj,REACTOME_RAF_INDEPENDENT_MAPK1_3_ACTIVATION,bmi,0.2883505635505129,0.005761363325971435,50.049015699230104,0
bmi,alt_log_adj,REACTOME_RAP1_SIGNALLING,ppgs,0.015717565456573317,0.006004934787649405,2.617441489772758,0.00886387203829001
bmi,alt_log_adj,REACTOME_RAP1_SIGNALLING,bmi,0.28836777824234294,0.005760829717392923,50.05663982250884,0
bmi,alt_log_adj,REACTOME_RAS_ACTIVATION_UPON_CA2_INFLUX_THROUGH_NMDA_RECEPTOR,ppgs,-0.0074473528629866795,0.006020761568143852,-1.2369453230619516,0.2161176286295458
bmi,alt_log_adj,REACTOME_RAS_ACTIVATION_UPON_CA2_INFLUX_THROUGH_NMDA_RECEPTOR,bmi,0.2883870346175488,0.005761385669118244,50.05515186447936,0
bmi,alt_log_adj,REACTOME_RAS_PROCESSING,ppgs,-0.0036456828321278765,0.00593705751282866,-0.6140555021153774,0.5391835789521107
bmi,alt_log_adj,REACTOME_RAS_PROCESSING,bmi,0.288443065640778,0.005761645855174405,50.06261628901292,0
bmi,alt_log_adj,REACTOME_RAS_SIGNALING_DOWNSTREAM_OF_NF1_LOSS_OF_FUNCTION_VARIANTS,ppgs,-0.005244872291546909,0.005704189810535249,-0.9194771677933977,0.3578538661066192
bmi,alt_log_adj,REACTOME_RAS_SIGNALING_DOWNSTREAM_OF_NF1_LOSS_OF_FUNCTION_VARIANTS,bmi,0.28845851678383594,0.005761609838064308,50.06561098221596,0
bmi,alt_log_adj,REACTOME_RA_BIOSYNTHESIS_PATHWAY,ppgs,0.013686002125215322,0.005752929848259497,2.3789621090818467,0.017368040999035
bmi,alt_log_adj,REACTOME_RA_BIOSYNTHESIS_PATHWAY,bmi,0.2884878395842506,0.005761005169217028,50.075955690117645,0
bmi,alt_log_adj,REACTOME_REACTIONS_SPECIFIC_TO_THE_COMPLEX_N_GLYCAN_SYNTHESIS_PATHWAY,ppgs,-0.0021854693676258315,0.005697161953392043,-0.3836066774132375,0.7012728668268936
bmi,alt_log_adj,REACTOME_REACTIONS_SPECIFIC_TO_THE_COMPLEX_N_GLYCAN_SYNTHESIS_PATHWAY,bmi,0.2883995213498949,0.0057616175001888,50.05530501468458,0
bmi,alt_log_adj,REACTOME_RECEPTOR_MEDIATED_MITOPHAGY,ppgs,0.0045077545665276305,0.00594414780733869,0.7583516952526521,0.4482467717183557
bmi,alt_log_adj,REACTOME_RECEPTOR_MEDIATED_MITOPHAGY,bmi,0.2884240048485262,0.005761452817210845,50.060985310325606,0
bmi,alt_log_adj,REACTOME_RECEPTOR_TYPE_TYROSINE_PROTEIN_PHOSPHATASES,ppgs,0.007994402151190974,0.005880394849912793,1.3595009102678763,0.17399872743506348
bmi,alt_log_adj,REACTOME_RECEPTOR_TYPE_TYROSINE_PROTEIN_PHOSPHATASES,bmi,0.2883831898595098,0.0057613565593840465,50.054737436757634,0
bmi,alt_log_adj,REACTOME_RECOGNITION_AND_ASSOCIATION_OF_DNA_GLYCOSYLASE_WITH_SITE_CONTAINING_AN_AFFECTED_PURINE,ppgs,-0.009042025160017586,0.005699632307576443,-1.5864225395729732,0.11265464390358486
bmi,alt_log_adj,REACTOME_RECOGNITION_AND_ASSOCIATION_OF_DNA_GLYCOSYLASE_WITH_SITE_CONTAINING_AN_AFFECTED_PURINE,bmi,0.28841373873002174,0.005761242271661389,50.06103286936602,0
bmi,alt_log_adj,REACTOME_RECOGNITION_OF_DNA_DAMAGE_BY_PCNA_CONTAINING_REPLICATION_COMPLEX,ppgs,0.009973004187411228,0.005831368176737171,1.7102340111530103,0.08723355065131794
bmi,alt_log_adj,REACTOME_RECOGNITION_OF_DNA_DAMAGE_BY_PCNA_CONTAINING_REPLICATION_COMPLEX,bmi,0.2884159912548413,0.005761200829809242,50.06178395353577,0
bmi,alt_log_adj,REACTOME_RECRUITMENT_OF_MITOTIC_CENTROSOME_PROTEINS_AND_COMPLEXES,ppgs,0.008314473507369875,0.005885731628664166,1.412649103278421,0.15776990150188727
bmi,alt_log_adj,REACTOME_RECRUITMENT_OF_MITOTIC_CENTROSOME_PROTEINS_AND_COMPLEXES,bmi,0.28844512376983306,0.005761335656915938,50.0656689605616,0
bmi,alt_log_adj,REACTOME_RECRUITMENT_OF_NUMA_TO_MITOTIC_CENTROSOMES,ppgs,0.01370392467119811,0.005828897041898913,2.351032206040425,0.01872822285652329
bmi,alt_log_adj,REACTOME_RECRUITMENT_OF_NUMA_TO_MITOTIC_CENTROSOMES,bmi,0.28845305129078813,0.00576095956794897,50.070313441460904,0
bmi,alt_log_adj,REACTOME_RECYCLING_OF_BILE_ACIDS_AND_SALTS,ppgs,0.013982588148412058,0.005720268201880354,2.4443938037408337,0.014515627233710393
bmi,alt_log_adj,REACTOME_RECYCLING_OF_BILE_ACIDS_AND_SALTS,bmi,0.28852777507798805,0.005761076876179978,50.0822643542475,0
bmi,alt_log_adj,REACTOME_RECYCLING_OF_EIF2_GDP,ppgs,-0.006223953966857899,0.005738450994530166,-1.0846052310615721,0.27810576070517723
bmi,alt_log_adj,REACTOME_RECYCLING_OF_EIF2_GDP,bmi,0.2883964863015252,0.005761402700975126,50.05664440930568,0
bmi,alt_log_adj,REACTOME_RECYCLING_PATHWAY_OF_L1,ppgs,0.003305277289098876,0.006012820776443248,0.5497049408238043,0.582526097802808
bmi,alt_log_adj,REACTOME_RECYCLING_PATHWAY_OF_L1,bmi,0.28840724995234696,0.005761482874927001,50.057816054170104,0
bmi,alt_log_adj,REACTOME_REDUCTION_OF_CYTOSOLIC_CA_LEVELS,ppgs,0.010455938596676779,0.005983251953311725,1.7475343973922786,0.0805555103983496
bmi,alt_log_adj,REACTOME_REDUCTION_OF_CYTOSOLIC_CA_LEVELS,bmi,0.2882232504112672,0.005762228364719514,50.0194077999366,0
bmi,alt_log_adj,REACTOME_REELIN_SIGNALLING_PATHWAY,ppgs,-0.0030888665504492413,0.005803574566970427,-0.5322351793373591,0.5945672917019227
bmi,alt_log_adj,REACTOME_REELIN_SIGNALLING_PATHWAY,bmi,0.2884144806068058,0.005761469192487011,50.05918993420983,0
bmi,alt_log_adj,REACTOME_REGULATED_NECROSIS,ppgs,0.017816042562809834,0.006046393963330679,2.946556686656223,0.003215949768304637
bmi,alt_log_adj,REACTOME_REGULATED_NECROSIS,bmi,0.28821733488315454,0.00576100500762618,50.02900266561553,0
bmi,alt_log_adj,REACTOME_REGULATED_PROTEOLYSIS_OF_P75NTR,ppgs,-0.0010540346410412823,0.005698810665194293,-0.18495695031225368,0.853264124692606
bmi,alt_log_adj,REACTOME_REGULATED_PROTEOLYSIS_OF_P75NTR,bmi,0.28842182740623323,0.005761626192547735,50.05910098424763,0
bmi,alt_log_adj,REACTOME_REGULATION_BY_C_FLIP,ppgs,0.010759649151429324,0.0057378034065099105,1.8752209494005674,0.060772604127873865
bmi,alt_log_adj,REACTOME_REGULATION_BY_C_FLIP,bmi,0.2883202288429564,0.005761360575624875,50.043774392941074,0
bmi,alt_log_adj,REACTOME_REGULATION_OF_APOPTOSIS,ppgs,-0.007807269638457966,0.00604430597488538,-1.2916734643973773,0.19648078130174823
bmi,alt_log_adj,REACTOME_REGULATION_OF_APOPTOSIS,bmi,0.2884741343066536,0.005761512662271554,50.06916607086285,0
bmi,alt_log_adj,REACTOME_REGULATION_OF_BACH1_ACTIVITY,ppgs,0.02026009611865911,0.005883679349425687,3.443439880971202,0.00057519394571968615
bmi,alt_log_adj,REACTOME_REGULATION_OF_BACH1_ACTIVITY,bmi,0.288510960279389,0.005760361386106486,50.085565981199295,0
bmi,alt_log_adj,REACTOME_REGULATION_OF_BETA_CELL_DEVELOPMENT,ppgs,0.0021438904172468437,0.006002389868669024,0.3571728035257117,0.7209651031757056
bmi,alt_log_adj,REACTOME_REGULATION_OF_BETA_CELL_DEVELOPMENT,bmi,0.2884225028056591,0.005761527254758296,50.060077832220344,0
bmi,alt_log_adj,REACTOME_REGULATION_OF_CDH11_FUNCTION,ppgs,-0.007771296731655529,0.005725272865980408,-1.3573670484480491,0.1746754184138428
bmi,alt_log_adj,REACTOME_REGULATION_OF_CDH11_FUNCTION,bmi,0.2884481015438111,0.005761363552959665,50.065943399047036,0
bmi,alt_log_adj,REACTOME_REGULATION_OF_CDH11_GENE_TRANSCRIPTION,ppgs,0.015557445842597526,0.005710760142527139,2.724233806764822,0.006449035200745179
bmi,alt_log_adj,REACTOME_REGULATION_OF_CDH11_GENE_TRANSCRIPTION,bmi,0.2882981876839426,0.005760902519905263,50.04392743807156,0
bmi,alt_log_adj,REACTOME_REGULATION_OF_CDH11_MRNA_TRANSLATION_BY_MICRORNAS,ppgs,-0.002931203182258879,0.006003615136601696,-0.4882396881819553,0.6253838520261592
bmi,alt_log_adj,REACTOME_REGULATION_OF_CDH11_MRNA_TRANSLATION_BY_MICRORNAS,bmi,0.288413414499613,0.0057614742795496126,50.05896069402551,0
bmi,alt_log_adj,REACTOME_REGULATION_OF_CDH19_EXPRESSION_AND_FUNCTION,ppgs,0.002877501733996668,0.0057178659468109,0.5032474984135602,0.6147941836846985
bmi,alt_log_adj,REACTOME_REGULATION_OF_CDH19_EXPRESSION_AND_FUNCTION,bmi,0.2884390774450388,0.00576167716765064,50.06165202460514,0
bmi,alt_log_adj,REACTOME_REGULATION_OF_CHOLESTEROL_BIOSYNTHESIS_BY_SREBP_SREBF,ppgs,0.009731576947570004,0.005776453778683478,1.6846974494077827,0.09205796622758865
bmi,alt_log_adj,REACTOME_REGULATION_OF_CHOLESTEROL_BIOSYNTHESIS_BY_SREBP_SREBF,bmi,0.2884635280882421,0.005761282718565333,50.06932347872609,0
bmi,alt_log_adj,REACTOME_REGULATION_OF_COMMISSURAL_AXON_PATHFINDING_BY_SLIT_AND_ROBO,ppgs,0.001015910007462064,0.005855585359969972,0.17349418461338487,0.8622642372830781
bmi,alt_log_adj,REACTOME_REGULATION_OF_COMMISSURAL_AXON_PATHFINDING_BY_SLIT_AND_ROBO,bmi,0.2884160014748805,0.005761500397517502,50.05918277800559,0
bmi,alt_log_adj,REACTOME_REGULATION_OF_CYTOSKELETAL_REMODELING_AND_CELL_SPREADING_BY_IPP_COMPLEX_COMPONENTS,ppgs,0.03356876941012307,0.005840098615831835,5.7479798918329905,9.124138571673022e-9
bmi,alt_log_adj,REACTOME_REGULATION_OF_CYTOSKELETAL_REMODELING_AND_CELL_SPREADING_BY_IPP_COMPLEX_COMPONENTS,bmi,0.28824483489332325,0.005758219305936847,50.05798139645996,0
bmi,alt_log_adj,REACTOME_REGULATION_OF_ENDOGENOUS_RETROELEMENTS,ppgs,0.014027574813562734,0.005884204841513078,2.3839371999081616,0.01713506489083448
bmi,alt_log_adj,REACTOME_REGULATION_OF_ENDOGENOUS_RETROELEMENTS,bmi,0.28849371415856784,0.005761016083500276,50.076880532380834,0
bmi,alt_log_adj,REACTOME_REGULATION_OF_ENDOGENOUS_RETROELEMENTS_BY_KRAB_ZFP_PROTEINS,ppgs,0.022046478170616307,0.005695906722727764,3.870582726126223,1.088186671883085e-4
bmi,alt_log_adj,REACTOME_REGULATION_OF_ENDOGENOUS_RETROELEMENTS_BY_KRAB_ZFP_PROTEINS,bmi,0.28838160998186907,0.005759982518855361,50.06640368054052,0
bmi,alt_log_adj,REACTOME_REGULATION_OF_ENDOGENOUS_RETROELEMENTS_BY_PIWI_INTERACTING_RNAS_PIRNAS,ppgs,0.013175924617514415,0.005828294796715767,2.260682597067503,0.023786468425664443
bmi,alt_log_adj,REACTOME_REGULATION_OF_ENDOGENOUS_RETROELEMENTS_BY_PIWI_INTERACTING_RNAS_PIRNAS,bmi,0.2884421070913486,0.005760991536426922,50.06813588728963,0
bmi,alt_log_adj,REACTOME_REGULATION_OF_ENDOGENOUS_RETROELEMENTS_BY_THE_HUMAN_SILENCING_HUB_HUSH_COMPLEX,ppgs,0.0013879398564856313,0.005723172542672016,0.24251232094387187,0.8083849653975281
bmi,alt_log_adj,REACTOME_REGULATION_OF_ENDOGENOUS_RETROELEMENTS_BY_THE_HUMAN_SILENCING_HUB_HUSH_COMPLEX,bmi,0.2884208034717005,0.005761548374036796,50.059599390227824,0
bmi,alt_log_adj,REACTOME_REGULATION_OF_EXPRESSION_OF_SLITS_AND_ROBOS,ppgs,0.013426740599592436,0.006123474481910241,2.1926670290302104,0.028339475272853236
bmi,alt_log_adj,REACTOME_REGULATION_OF_EXPRESSION_OF_SLITS_AND_ROBOS,bmi,0.2884742584039528,0.005761073680470015,50.07300277756867,0
bmi,alt_log_adj,REACTOME_REGULATION_OF_FOXO_TRANSCRIPTIONAL_ACTIVITY_BY_ACETYLATION,ppgs,0.009039050301274046,0.005689762288252374,1.5886516594791544,0.11215021000384415
bmi,alt_log_adj,REACTOME_REGULATION_OF_FOXO_TRANSCRIPTIONAL_ACTIVITY_BY_ACETYLATION,bmi,0.288403033144262,0.00576124614407531,50.05914101428333,0
bmi,alt_log_adj,REACTOME_REGULATION_OF_FZD_BY_UBIQUITINATION,ppgs,0.008226225669283563,0.0059697032983726875,1.377995732472331,0.16821548201854172
bmi,alt_log_adj,REACTOME_REGULATION_OF_FZD_BY_UBIQUITINATION,bmi,0.2883691413640863,0.005761399561353119,50.05192545548084,0
bmi,alt_log_adj,REACTOME_REGULATION_OF_GENE_EXPRESSION_BY_HYPOXIA_INDUCIBLE_FACTOR,ppgs,0.004412903807521028,0.005789435595522447,0.7622338541832938,0.445926785633022
bmi,alt_log_adj,REACTOME_REGULATION_OF_GENE_EXPRESSION_BY_HYPOXIA_INDUCIBLE_FACTOR,bmi,0.28839946130892014,0.00576147326601944,50.056547690652266,0
bmi,alt_log_adj,REACTOME_REGULATION_OF_GENE_EXPRESSION_IN_BETA_CELLS,ppgs,0.006535415298842835,0.005817947382304843,1.1233197671605204,0.2613112240748871
bmi,alt_log_adj,REACTOME_REGULATION_OF_GENE_EXPRESSION_IN_BETA_CELLS,bmi,0.28840576849172816,0.005761375141733927,50.05849495940485,0
bmi,alt_log_adj,REACTOME_REGULATION_OF_GENE_EXPRESSION_IN_EARLY_PANCREATIC_PRECURSOR_CELLS,ppgs,0.01081156650657831,0.0058632189075984425,1.8439643269274926,0.06519876777633903
bmi,alt_log_adj,REACTOME_REGULATION_OF_GENE_EXPRESSION_IN_EARLY_PANCREATIC_PRECURSOR_CELLS,bmi,0.28839583660034585,0.005761161490726069,50.05862742514441,0
bmi,alt_log_adj,REACTOME_REGULATION_OF_GENE_EXPRESSION_IN_ENDOCRINE_COMMITTED_NEUROG3_PROGENITOR_CELLS,ppgs,-0.0021539293496749766,0.005715793695545955,-0.37683818983064954,0.7062966784991147
bmi,alt_log_adj,REACTOME_REGULATION_OF_GENE_EXPRESSION_IN_ENDOCRINE_COMMITTED_NEUROG3_PROGENITOR_CELLS,bmi,0.288405708178116,0.005761532101041844,50.0571207658401,0
bmi,alt_log_adj,REACTOME_REGULATION_OF_GENE_EXPRESSION_IN_LATE_STAGE_BRANCHING_MORPHOGENESIS_PANCREATIC_BUD_PRECURSOR_CELLS,ppgs,-0.0014860566801364458,0.005825313331443681,-0.2551033044205638,0.7986451626001698
bmi,alt_log_adj,REACTOME_REGULATION_OF_GENE_EXPRESSION_IN_LATE_STAGE_BRANCHING_MORPHOGENESIS_PANCREATIC_BUD_PRECURSOR_CELLS,bmi,0.28840167962894653,0.005761714735731825,50.05483486372485,0
bmi,alt_log_adj,REACTOME_REGULATION_OF_GLUCOKINASE_BY_GLUCOKINASE_REGULATORY_PROTEIN,ppgs,0.003066154851481101,0.005919435979294482,0.517980912743404,0.6044756289242598
bmi,alt_log_adj,REACTOME_REGULATION_OF_GLUCOKINASE_BY_GLUCOKINASE_REGULATORY_PROTEIN,bmi,0.2884533447872224,0.005761955681708888,50.06170833679035,0
bmi,alt_log_adj,REACTOME_REGULATION_OF_GLYCOLYSIS_BY_FRUCTOSE_2_6_BISPHOSPHATE_METABOLISM,ppgs,0.00915580455411635,0.005734082762081499,1.596733938802228,0.11033617297192408
bmi,alt_log_adj,REACTOME_REGULATION_OF_GLYCOLYSIS_BY_FRUCTOSE_2_6_BISPHOSPHATE_METABOLISM,bmi,0.28837891170734686,0.005761282318859445,50.05463987823407,0
bmi,alt_log_adj,REACTOME_REGULATION_OF_HMOX1_EXPRESSION_AND_ACTIVITY,ppgs,0.013674997206187894,0.005740322360291935,2.3822699053947254,0.017212834511470657
bmi,alt_log_adj,REACTOME_REGULATION_OF_HMOX1_EXPRESSION_AND_ACTIVITY,bmi,0.28843774259109495,0.0057609295336705,50.06791714866206,0
bmi,alt_log_adj,REACTOME_REGULATION_OF_HOMOTYPIC_CELL_CELL_ADHESION,ppgs,-0.002931203182258879,0.006003615136601696,-0.4882396881819553,0.6253838520261592
bmi,alt_log_adj,REACTOME_REGULATION_OF_HOMOTYPIC_CELL_CELL_ADHESION,bmi,0.288413414499613,0.0057614742795496126,50.05896069402551,0
bmi,alt_log_adj,REACTOME_REGULATION_OF_HSF1_MEDIATED_HEAT_SHOCK_RESPONSE,ppgs,0.00859810298529675,0.006108371326227179,1.407593370818756,0.1592624759802847
bmi,alt_log_adj,REACTOME_REGULATION_OF_HSF1_MEDIATED_HEAT_SHOCK_RESPONSE,bmi,0.2884410458213743,0.005761327228753675,50.06503438683722,0
bmi,alt_log_adj,REACTOME_REGULATION_OF_IFNA_IFNB_SIGNALING,ppgs,0.014771463976945108,0.005692295072757803,2.5949926678324196,0.009464165177980946
bmi,alt_log_adj,REACTOME_REGULATION_OF_IFNA_IFNB_SIGNALING,bmi,0.2885477773472997,0.005761042322237135,50.086036728723506,0
bmi,alt_log_adj,REACTOME_REGULATION_OF_IFNG_SIGNALING,ppgs,0.007869187616146,0.005743747035641249,1.3700442528746326,0.1706839380235602
bmi,alt_log_adj,REACTOME_REGULATION_OF_IFNG_SIGNALING,bmi,0.28844165281694706,0.005761341025609386,50.065019851248636,0
bmi,alt_log_adj,REACTOME_REGULATION_OF_INNATE_IMMUNE_RESPONSES_TO_CYTOSOLIC_DNA,ppgs,0.001040264433115457,0.005796434259641947,0.1794662695233803,0.857572882953415
bmi,alt_log_adj,REACTOME_REGULATION_OF_INNATE_IMMUNE_RESPONSES_TO_CYTOSOLIC_DNA,bmi,0.2884054982941214,0.005761718997337131,50.05546060601229,0
bmi,alt_log_adj,REACTOME_REGULATION_OF_INSULIN_LIKE_GROWTH_FACTOR_IGF_TRANSPORT_AND_UPTAKE_BY_INSULIN_LIKE_GROWTH_FACTOR_BINDING_PROTEINS_IGFBPS,ppgs,0.005745394859188521,0.0064112241570800504,0.8961463081654631,0.3701822366074632
bmi,alt_log_adj,REACTOME_REGULATION_OF_INSULIN_LIKE_GROWTH_FACTOR_IGF_TRANSPORT_AND_UPTAKE_BY_INSULIN_LIKE_GROWTH_FACTOR_BINDING_PROTEINS_IGFBPS,bmi,0.28841617369144823,0.005761416626895784,50.05994052661404,0
bmi,alt_log_adj,REACTOME_REGULATION_OF_INSULIN_SECRETION,ppgs,0.008736925470722539,0.006821770238679752,1.2807416792174806,0.2002948926541773
bmi,alt_log_adj,REACTOME_REGULATION_OF_INSULIN_SECRETION,bmi,0.28841461541594193,0.005761331296141009,50.0604114901576,0
bmi,alt_log_adj,REACTOME_REGULATION_OF_KIT_SIGNALING,ppgs,0.0010761029203198316,0.005691380493359464,0.18907590549874448,0.850034679020531
bmi,alt_log_adj,REACTOME_REGULATION_OF_KIT_SIGNALING,bmi,0.28840908288630696,0.005761568825558688,50.05738742665119,0
bmi,alt_log_adj,REACTOME_REGULATION_OF_LIPID_METABOLISM_BY_PPARALPHA,ppgs,0.019355486808049393,0.006270061743199316,3.086969092296881,0.0020240365640315262
bmi,alt_log_adj,REACTOME_REGULATION_OF_LIPID_METABOLISM_BY_PPARALPHA,bmi,0.2885890634970409,0.005760807026284722,50.095249186494385,0
bmi,alt_log_adj,REACTOME_REGULATION_OF_LOCALIZATION_OF_FOXO_TRANSCRIPTION_FACTORS,ppgs,0.004381860521541708,0.005671691171838326,0.7725844706247371,0.4397747788687223
bmi,alt_log_adj,REACTOME_REGULATION_OF_LOCALIZATION_OF_FOXO_TRANSCRIPTION_FACTORS,bmi,0.2883962321845191,0.005761486489919037,50.055872332449354,0
bmi,alt_log_adj,REACTOME_REGULATION_OF_MECP2_EXPRESSION_AND_ACTIVITY,ppgs,0.003463350564086321,0.005758417632978314,0.6014413654632826,0.5475508634455342
bmi,alt_log_adj,REACTOME_REGULATION_OF_MECP2_EXPRESSION_AND_ACTIVITY,bmi,0.28842633774444293,0.005761494142291913,50.061031152885526,0
bmi,alt_log_adj,REACTOME_REGULATION_OF_MITF_M_DEPENDENT_GENES_INVOLVED_IN_APOPTOSIS,ppgs,0.008376513058304011,0.0059440252239220705,1.409232421254246,0.1587774227881042
bmi,alt_log_adj,REACTOME_REGULATION_OF_MITF_M_DEPENDENT_GENES_INVOLVED_IN_APOPTOSIS,bmi,0.28849000890125936,0.005761544526832733,50.071644427583664,0
bmi,alt_log_adj,REACTOME_REGULATION_OF_MITF_M_DEPENDENT_GENES_INVOLVED_IN_CELL_CYCLE_AND_PROLIFERATION,ppgs,0.01049121601711432,0.0057459381784861485,1.8258490939556862,0.0678835097793688
bmi,alt_log_adj,REACTOME_REGULATION_OF_MITF_M_DEPENDENT_GENES_INVOLVED_IN_CELL_CYCLE_AND_PROLIFERATION,bmi,0.2883713756943881,0.00576120792649431,50.05397815417189,0
bmi,alt_log_adj,REACTOME_REGULATION_OF_MITF_M_DEPENDENT_GENES_INVOLVED_IN_DNA_REPLICATION_DAMAGE_REPAIR_AND_SENESCENCE,ppgs,0.006759049398067486,0.005688764691626612,1.1881400909438642,0.23478817538312186
bmi,alt_log_adj,REACTOME_REGULATION_OF_MITF_M_DEPENDENT_GENES_INVOLVED_IN_DNA_REPLICATION_DAMAGE_REPAIR_AND_SENESCENCE,bmi,0.28836797162707406,0.005761488315076056,50.05095139610075,0
bmi,alt_log_adj,REACTOME_REGULATION_OF_MITF_M_DEPENDENT_GENES_INVOLVED_IN_EXTRACELLULAR_MATRIX_FOCAL_ADHESION_AND_EPITHELIAL_TO_MESENCHYMAL_TRANSITION,ppgs,0.006570059088623413,0.005778107960036162,1.1370606319689283,0.25552255063613527
bmi,alt_log_adj,REACTOME_REGULATION_OF_MITF_M_DEPENDENT_GENES_INVOLVED_IN_EXTRACELLULAR_MATRIX_FOCAL_ADHESION_AND_EPITHELIAL_TO_MESENCHYMAL_TRANSITION,bmi,0.28844289465746265,0.005761420248339771,50.06454697356632,0
bmi,alt_log_adj,REACTOME_REGULATION_OF_MITF_M_DEPENDENT_GENES_INVOLVED_IN_LYSOSOME_BIOGENESIS_AND_AUTOPHAGY,ppgs,-0.004215857277595255,0.0056879382981163745,-0.7411925124067158,0.45858286217929056
bmi,alt_log_adj,REACTOME_REGULATION_OF_MITF_M_DEPENDENT_GENES_INVOLVED_IN_LYSOSOME_BIOGENESIS_AND_AUTOPHAGY,bmi,0.28840634055193015,0.0057614529820185206,50.057917933556965,0
bmi,alt_log_adj,REACTOME_REGULATION_OF_MITF_M_DEPENDENT_GENES_INVOLVED_IN_PIGMENTATION,ppgs,0.00800859284030186,0.006153307768256624,1.3015102026289318,0.1930944509866376
bmi,alt_log_adj,REACTOME_REGULATION_OF_MITF_M_DEPENDENT_GENES_INVOLVED_IN_PIGMENTATION,bmi,0.28841372576843183,0.005761325888102547,50.06030406369165,0
bmi,alt_log_adj,REACTOME_REGULATION_OF_MRNA_STABILITY_BY_PROTEINS_THAT_BIND_AU_RICH_ELEMENTS,ppgs,0.0015943853876724634,0.00598995148727765,0.26617667790112426,0.7901050794214242
bmi,alt_log_adj,REACTOME_REGULATION_OF_MRNA_STABILITY_BY_PROTEINS_THAT_BIND_AU_RICH_ELEMENTS,bmi,0.28842917060734463,0.00576175001907598,50.05929963160749,0
bmi,alt_log_adj,REACTOME_REGULATION_OF_NFE2L2_GENE_EXPRESSION,ppgs,0.0017890039963319438,0.005716922821786708,0.3129312835069596,0.7543351715054117
bmi,alt_log_adj,REACTOME_REGULATION_OF_NFE2L2_GENE_EXPRESSION,bmi,0.2884063592026392,0.005761548529039403,50.05709103186603,0
bmi,alt_log_adj,REACTOME_REGULATION_OF_NF_KAPPA_B_SIGNALING,ppgs,0.03770261507899612,0.005940284100831706,6.346938031754631,2.229619659699917e-10
bmi,alt_log_adj,REACTOME_REGULATION_OF_NF_KAPPA_B_SIGNALING,bmi,0.28840962839298523,0.005757408869776169,50.09365061894549,0
bmi,alt_log_adj,REACTOME_REGULATION_OF_NPAS4_GENE_EXPRESSION,ppgs,-0.002931203182258879,0.006003615136601696,-0.4882396881819553,0.6253838520261592
bmi,alt_log_adj,REACTOME_REGULATION_OF_NPAS4_GENE_EXPRESSION,bmi,0.288413414499613,0.0057614742795496126,50.05896069402551,0
bmi,alt_log_adj,REACTOME_REGULATION_OF_NPAS4_GENE_TRANSCRIPTION,ppgs,0.0043683269341273515,0.005713794188443753,0.7645229754621488,0.444562013914946
bmi,alt_log_adj,REACTOME_REGULATION_OF_NPAS4_GENE_TRANSCRIPTION,bmi,0.28840053405006977,0.005761468046909999,50.05677922743063,0
bmi,alt_log_adj,REACTOME_REGULATION_OF_NPAS4_MRNA_TRANSLATION,ppgs,-0.002931203182258879,0.006003615136601696,-0.4882396881819553,0.6253838520261592
bmi,alt_log_adj,REACTOME_REGULATION_OF_NPAS4_MRNA_TRANSLATION,bmi,0.288413414499613,0.0057614742795496126,50.05896069402551,0
bmi,alt_log_adj,REACTOME_REGULATION_OF_ORNITHINE_DECARBOXYLASE_ODC,ppgs,-0.010347812583772263,0.00635740313886669,-1.627679157313426,0.1036040477068055
bmi,alt_log_adj,REACTOME_REGULATION_OF_ORNITHINE_DECARBOXYLASE_ODC,bmi,0.28842942281051553,0.005761235947684812,50.06381016670957,0
bmi,alt_log_adj,REACTOME_REGULATION_OF_PLK1_ACTIVITY_AT_G2_M_TRANSITION,ppgs,0.004983170178941805,0.006207659809544646,0.8027453713362136,0.4221286525362796
bmi,alt_log_adj,REACTOME_REGULATION_OF_PLK1_ACTIVITY_AT_G2_M_TRANSITION,bmi,0.2884418237716721,0.0057615321381863285,50.063388844077615,0
bmi,alt_log_adj,REACTOME_REGULATION_OF_PTEN_GENE_TRANSCRIPTION,ppgs,0.018898490835349536,0.005711163731945871,3.30904378202979,9.373183848800322e-4
bmi,alt_log_adj,REACTOME_REGULATION_OF_PTEN_GENE_TRANSCRIPTION,bmi,0.2887262335197453,0.005761155288674719,50.116030388440215,0
bmi,alt_log_adj,REACTOME_REGULATION_OF_PTEN_LOCALIZATION,ppgs,0.007817109108888469,0.0058477658982592235,1.336768476182585,0.18130894947627213
bmi,alt_log_adj,REACTOME_REGULATION_OF_PTEN_LOCALIZATION,bmi,0.2882933011005777,0.0057620311909436115,50.033276729514846,0
bmi,alt_log_adj,REACTOME_REGULATION_OF_PTEN_MRNA_TRANSLATION,ppgs,-0.002931203182258879,0.006003615136601696,-0.4882396881819553,0.6253838520261592
bmi,alt_log_adj,REACTOME_REGULATION_OF_PTEN_MRNA_TRANSLATION,bmi,0.288413414499613,0.0057614742795496126,50.05896069402551,0
bmi,alt_log_adj,REACTOME_REGULATION_OF_PTEN_STABILITY_AND_ACTIVITY,ppgs,2.1841962690868645e-4,0.006027737403137489,0.036235756852147735,0.9710946299868032
bmi,alt_log_adj,REACTOME_REGULATION_OF_PTEN_STABILITY_AND_ACTIVITY,bmi,0.28841398892865083,0.005761524347575332,50.05862537924124,0
bmi,alt_log_adj,REACTOME_REGULATION_OF_PYRUVATE_DEHYDROGENASE_PDH_COMPLEX,ppgs,0.008152602862029993,0.005759673327954797,1.4154627177310595,0.15694385728041632
bmi,alt_log_adj,REACTOME_REGULATION_OF_PYRUVATE_DEHYDROGENASE_PDH_COMPLEX,bmi,0.28838267491900604,0.005761338598675455,50.05480410148188,0
bmi,alt_log_adj,REACTOME_REGULATION_OF_PYRUVATE_METABOLISM,ppgs,0.008822680423529336,0.005878966848485104,1.5007195398291404,0.13343925376569585
bmi,alt_log_adj,REACTOME_REGULATION_OF_PYRUVATE_METABOLISM,bmi,0.28844942931056394,0.005761315812901719,50.06658872346814,0
bmi,alt_log_adj,REACTOME_REGULATION_OF_RAS_BY_GAPS,ppgs,-0.007807269638457966,0.00604430597488538,-1.2916734643973773,0.19648078130174823
bmi,alt_log_adj,REACTOME_REGULATION_OF_RAS_BY_GAPS,bmi,0.2884741343066536,0.005761512662271554,50.06916607086285,0
bmi,alt_log_adj,REACTOME_REGULATION_OF_RUNX1_EXPRESSION_AND_ACTIVITY,ppgs,0.012603678052235502,0.00596366399812717,2.1134118314166535,0.0345742469877313
bmi,alt_log_adj,REACTOME_REGULATION_OF_RUNX1_EXPRESSION_AND_ACTIVITY,bmi,0.28835443416292433,0.005761114541935011,50.05184883306858,0
bmi,alt_log_adj,REACTOME_REGULATION_OF_RUNX2_EXPRESSION_AND_ACTIVITY,ppgs,-0.00829512405939393,0.005988944596488833,-1.385072766286259,0.16604111713819816
bmi,alt_log_adj,REACTOME_REGULATION_OF_RUNX2_EXPRESSION_AND_ACTIVITY,bmi,0.28834225131576846,0.005761539968106122,50.04603854384951,0
bmi,alt_log_adj,REACTOME_REGULATION_OF_RUNX3_EXPRESSION_AND_ACTIVITY,ppgs,-0.005109547261078315,0.005843851796911201,-0.8743457977115356,0.381937372443901
bmi,alt_log_adj,REACTOME_REGULATION_OF_RUNX3_EXPRESSION_AND_ACTIVITY,bmi,0.2883838004377918,0.005761528130351795,50.05335284550339,0
bmi,alt_log_adj,REACTOME_REGULATION_OF_SIGNALING_BY_CBL,ppgs,0.001761334827611677,0.005689876586795838,0.3095558929518969,0.7569009771639245
bmi,alt_log_adj,REACTOME_REGULATION_OF_SIGNALING_BY_CBL,bmi,0.28841235695959455,0.0057614928815736405,50.05861551647362,0
bmi,alt_log_adj,REACTOME_REGULATION_OF_SIGNALING_BY_NODAL,ppgs,0.007366788118455413,0.00570142605868403,1.2920957042378574,0.19633453596987815
bmi,alt_log_adj,REACTOME_REGULATION_OF_SIGNALING_BY_NODAL,bmi,0.28834693337977485,0.005761566495989125,50.04662075505084,0
bmi,alt_log_adj,REACTOME_REGULATION_OF_TBK1_IKK_IKBKE_MEDIATED_ACTIVATION_OF_IRF3_IRF7,ppgs,-4.497144769862265e-4,0.005893405966177321,-0.0763080771233426,0.9391745384456436
bmi,alt_log_adj,REACTOME_REGULATION_OF_TBK1_IKK_IKBKE_MEDIATED_ACTIVATION_OF_IRF3_IRF7,bmi,0.2884199259086323,0.00576191658840326,50.05624803544043,0
bmi,alt_log_adj,REACTOME_REGULATION_OF_TBK1_IKK_MEDIATED_ACTIVATION_OF_IRF3_IRF7_UPON_TLR3_LIGATION,ppgs,-9.183605034167343e-4,0.005924018512528689,-0.1550232332114588,0.8768041049186555
bmi,alt_log_adj,REACTOME_REGULATION_OF_TBK1_IKK_MEDIATED_ACTIVATION_OF_IRF3_IRF7_UPON_TLR3_LIGATION,bmi,0.2884280132502422,0.005762143034783651,50.05568440580575,0
bmi,alt_log_adj,REACTOME_REGULATION_OF_TLR_BY_ENDOGENOUS_LIGAND,ppgs,0.008842559905445618,0.005711809661102253,1.5481187977365478,0.12160485971376701
bmi,alt_log_adj,REACTOME_REGULATION_OF_TLR_BY_ENDOGENOUS_LIGAND,bmi,0.2883611062405261,0.0057613581507428594,50.05089055318411,0
bmi,alt_log_adj,REACTOME_REGULATION_OF_TP53_ACTIVITY,ppgs,0.009191050918193491,0.006586870355170237,1.395359316732134,0.16291844299277844
bmi,alt_log_adj,REACTOME_REGULATION_OF_TP53_ACTIVITY,bmi,0.28833736518905134,0.005761566168175072,50.04496290986445,0
bmi,alt_log_adj,REACTOME_REGULATION_OF_TP53_ACTIVITY_THROUGH_ACETYLATION,ppgs,0.013574651473918769,0.0058398312425790655,2.3244937927219533,0.0201060712074922
bmi,alt_log_adj,REACTOME_REGULATION_OF_TP53_ACTIVITY_THROUGH_ACETYLATION,bmi,0.28842278957662193,0.005760950055761697,50.06514321160652,0
bmi,alt_log_adj,REACTOME_REGULATION_OF_TP53_ACTIVITY_THROUGH_ASSOCIATION_WITH_CO_FACTORS,ppgs,0.0047044733126505095,0.0060080276558817005,0.7830312345591409,0.4336153114153336
bmi,alt_log_adj,REACTOME_REGULATION_OF_TP53_ACTIVITY_THROUGH_ASSOCIATION_WITH_CO_FACTORS,bmi,0.2883648785787596,0.005761785889322141,50.04782963441305,0
bmi,alt_log_adj,REACTOME_REGULATION_OF_TP53_ACTIVITY_THROUGH_METHYLATION,ppgs,0.0011543600599921767,0.005826164065013622,0.19813380589883503,0.8429417965047593
bmi,alt_log_adj,REACTOME_REGULATION_OF_TP53_ACTIVITY_THROUGH_METHYLATION,bmi,0.28840711103262917,0.005761618701601485,50.05661186021634,0
bmi,alt_log_adj,REACTOME_REGULATION_OF_TP53_ACTIVITY_THROUGH_PHOSPHORYLATION,ppgs,0.0028286608468800966,0.006375452957927179,0.44367998094362315,0.6572773571842307
bmi,alt_log_adj,REACTOME_REGULATION_OF_TP53_ACTIVITY_THROUGH_PHOSPHORYLATION,bmi,0.28839494624319206,0.0057616486407737755,50.05424041346286,0
bmi,alt_log_adj,REACTOME_REGULATION_OF_TP53_EXPRESSION_AND_DEGRADATION,ppgs,0.0033270640010299893,0.005810349042018249,0.5726100062095959,0.5669133241961586
bmi,alt_log_adj,REACTOME_REGULATION_OF_TP53_EXPRESSION_AND_DEGRADATION,bmi,0.2883771171665659,0.005761836946868885,50.049510221436705,0
bmi,alt_log_adj,REACTOME_REGULATION_OF_T_CELL_ACTIVATION_BY_CD28_FAMILY,ppgs,0.01607822549727373,0.00582439301072407,2.7604980411984488,0.005775038769263532
bmi,alt_log_adj,REACTOME_REGULATION_OF_T_CELL_ACTIVATION_BY_CD28_FAMILY,bmi,0.2882842270675171,0.005760917425674501,50.041374622508876,0
bmi,alt_log_adj,REACTOME_RELAXIN_RECEPTORS,ppgs,-0.002420668975368786,0.005720202892896357,-0.42317886632568535,0.6721679748501906
bmi,alt_log_adj,REACTOME_RELAXIN_RECEPTORS,bmi,0.2884191592011546,0.005761489749214307,50.059823371288,0
bmi,alt_log_adj,REACTOME_RELEASE_OF_HH_NP_FROM_THE_SECRETING_CELL,ppgs,-0.0012767630387269019,0.005820829541715836,-0.219343828843774,0.8263838017431901
bmi,alt_log_adj,REACTOME_RELEASE_OF_HH_NP_FROM_THE_SECRETING_CELL,bmi,0.2884149280403145,0.005761493251393037,50.05905855579721,0
bmi,alt_log_adj,REACTOME_REMOVAL_OF_AMINOTERMINAL_PROPEPTIDES_FROM_GAMMA_CARBOXYLATED_PROTEINS,ppgs,0.001620763450773729,0.0057534849903082925,0.2817011695526962,0.7781747138033271
bmi,alt_log_adj,REACTOME_REMOVAL_OF_AMINOTERMINAL_PROPEPTIDES_FROM_GAMMA_CARBOXYLATED_PROTEINS,bmi,0.2884204266957593,0.005761526752850993,50.059721852899386,0
bmi,alt_log_adj,REACTOME_REPLACEMENT_OF_PROTAMINES_BY_NUCLEOSOMES_IN_THE_MALE_PRONUCLEUS,ppgs,0.0033938106924727954,0.005878789025764356,0.5772975824781422,0.5637430309886294
bmi,alt_log_adj,REACTOME_REPLACEMENT_OF_PROTAMINES_BY_NUCLEOSOMES_IN_THE_MALE_PRONUCLEUS,bmi,0.2884031727603109,0.005761498241388461,50.056974883465166,0
bmi,alt_log_adj,REACTOME_REPRESSION_OF_WNT_TARGET_GENES,ppgs,0.014085288353216027,0.00576917587463135,2.441473211997732,0.014633545279204878
bmi,alt_log_adj,REACTOME_REPRESSION_OF_WNT_TARGET_GENES,bmi,0.288284786290015,0.005761137794229567,50.03955756426533,0
bmi,alt_log_adj,REACTOME_REPRODUCTION,ppgs,0.005618666002002485,0.005887156773855616,0.9543938131483983,0.3398924745309245
bmi,alt_log_adj,REACTOME_REPRODUCTION,bmi,0.2883900529522075,0.005761462927470993,50.05500453316237,0
bmi,alt_log_adj,REACTOME_RESOLUTION_OF_ABASIC_SITES_AP_SITES,ppgs,0.005419432310553957,0.005738294057316367,0.9444326582818009,0.34495664809179816
bmi,alt_log_adj,REACTOME_RESOLUTION_OF_ABASIC_SITES_AP_SITES,bmi,0.28839861542567996,0.005761432265177918,50.05675709645333,0
bmi,alt_log_adj,REACTOME_RESOLUTION_OF_AP_SITES_VIA_THE_MULTIPLE_NUCLEOTIDE_PATCH_REPLACEMENT_PATHWAY,ppgs,0.0010509847982294546,0.005721216058912364,0.18369954698568974,0.8542504781297464
bmi,alt_log_adj,REACTOME_RESOLUTION_OF_AP_SITES_VIA_THE_MULTIPLE_NUCLEOTIDE_PATCH_REPLACEMENT_PATHWAY,bmi,0.28841569773084363,0.005761497517172627,50.059155084454424,0
bmi,alt_log_adj,REACTOME_RESOLUTION_OF_D_LOOP_STRUCTURES,ppgs,-0.0035063205107170488,0.00597601866176725,-0.5867318542944688,0.5573884825594928
bmi,alt_log_adj,REACTOME_RESOLUTION_OF_D_LOOP_STRUCTURES,bmi,0.2884491028384259,0.005761762696277711,50.062648887774145,0
bmi,alt_log_adj,REACTOME_RESOLUTION_OF_D_LOOP_STRUCTURES_THROUGH_SYNTHESIS_DEPENDENT_STRAND_ANNEALING_SDSA,ppgs,-0.0023241528141552665,0.005978482949931889,-0.3887529384326077,0.6974618369218797
bmi,alt_log_adj,REACTOME_RESOLUTION_OF_D_LOOP_STRUCTURES_THROUGH_SYNTHESIS_DEPENDENT_STRAND_ANNEALING_SDSA,bmi,0.2884360568497532,0.00576174643550554,50.06052593226373,0
bmi,alt_log_adj,REACTOME_RESOLUTION_OF_SISTER_CHROMATID_COHESION,ppgs,0.011752081833740088,0.0064246036556137275,1.8292306364255304,0.0673755630082248
bmi,alt_log_adj,REACTOME_RESOLUTION_OF_SISTER_CHROMATID_COHESION,bmi,0.28841235601855575,0.005761158114887231,50.06152413579455,0
bmi,alt_log_adj,REACTOME_RESPIRATORY_ELECTRON_TRANSPORT,ppgs,0.003216838881674277,0.00591584891257778,0.5437662335890466,0.586606623737266
bmi,alt_log_adj,REACTOME_RESPIRATORY_ELECTRON_TRANSPORT,bmi,0.2884326549277373,0.005761563365355056,50.06152612364138,0
bmi,alt_log_adj,REACTOME_RESPIRATORY_SYNCYTIAL_VIRUS_INFECTION_PATHWAY,ppgs,0.003811647673734224,0.0061952585390816816,0.6152523982153651,0.5383929873337729
bmi,alt_log_adj,REACTOME_RESPIRATORY_SYNCYTIAL_VIRUS_INFECTION_PATHWAY,bmi,0.2884141756541896,0.005761459552045784,50.05922076668563,0
bmi,alt_log_adj,REACTOME_RESPIRATORY_SYNCYTIAL_VIRUS_RSV_ATTACHMENT_AND_ENTRY,ppgs,0.0020549250624558603,0.005923878140618537,0.3468884763793093,0.7286776790876403
bmi,alt_log_adj,REACTOME_RESPIRATORY_SYNCYTIAL_VIRUS_RSV_ATTACHMENT_AND_ENTRY,bmi,0.28841321861385066,0.005761487164850679,50.058814740295524,0
bmi,alt_log_adj,REACTOME_RESPIRATORY_SYNCYTIAL_VIRUS_RSV_GENOME_REPLICATION_TRANSCRIPTION_AND_TRANSLATION,ppgs,0.006737928993485638,0.0058216538439076065,1.1573908676375388,0.24712245495961316
bmi,alt_log_adj,REACTOME_RESPIRATORY_SYNCYTIAL_VIRUS_RSV_GENOME_REPLICATION_TRANSCRIPTION_AND_TRANSLATION,bmi,0.2884320726138662,0.005761381583154934,50.063004585077444,0
bmi,alt_log_adj,REACTOME_RESPONSE_OF_EIF2AK1_HRI_TO_HEME_DEFICIENCY,ppgs,0.00602642293800781,0.005775593961572572,1.0434291222866614,0.29675848906082647
bmi,alt_log_adj,REACTOME_RESPONSE_OF_EIF2AK1_HRI_TO_HEME_DEFICIENCY,bmi,0.28840527803146643,0.005761394299502548,50.05824337632437,0
bmi,alt_log_adj,REACTOME_RESPONSE_OF_EIF2AK4_GCN2_TO_AMINO_ACID_DEFICIENCY,ppgs,0.030010017882039258,0.005806432183840853,5.168409262671894,2.3769455895458882e-7
bmi,alt_log_adj,REACTOME_RESPONSE_OF_EIF2AK4_GCN2_TO_AMINO_ACID_DEFICIENCY,bmi,0.2884191837999514,0.005758785508509179,50.08333499724609,0
bmi,alt_log_adj,REACTOME_RESPONSE_OF_MTB_TO_PHAGOCYTOSIS,ppgs,0.0055737568650378565,0.005687015761140293,0.9800846523274401,0.32705269811037085
bmi,alt_log_adj,REACTOME_RESPONSE_OF_MTB_TO_PHAGOCYTOSIS,bmi,0.2884301143124076,0.005761422047724698,50.062313075348214,0
bmi,alt_log_adj,REACTOME_RESPONSE_TO_ELEVATED_PLATELET_CYTOSOLIC_CA2,ppgs,0.026461056399270204,0.006172513626788669,4.286917453600976,1.8176752289983546e-5
bmi,alt_log_adj,REACTOME_RESPONSE_TO_ELEVATED_PLATELET_CYTOSOLIC_CA2,bmi,0.28834247089757065,0.005759655981582707,50.06244675369248,0
bmi,alt_log_adj,REACTOME_RESPONSE_TO_METAL_IONS,ppgs,0.008017449404727112,0.0062443223474087485,1.283958283808678,0.19916704561435003
bmi,alt_log_adj,REACTOME_RESPONSE_TO_METAL_IONS,bmi,0.28847139963485735,0.005761500161041065,50.0688000645187,0
bmi,alt_log_adj,REACTOME_RETINOID_CYCLE_DISEASE_EVENTS,ppgs,-0.006328913018783155,0.005791154823867386,-1.0928585422547292,0.27446519983370005
bmi,alt_log_adj,REACTOME_RETINOID_CYCLE_DISEASE_EVENTS,bmi,0.2883506316603596,0.005761674144047008,50.04632758662428,0
bmi,alt_log_adj,REACTOME_RETROGRADE_NEUROTROPHIN_SIGNALLING,ppgs,-6.838125988440015e-4,0.005867596493021538,-0.11654049484440093,0.9072250200002576
bmi,alt_log_adj,REACTOME_RETROGRADE_NEUROTROPHIN_SIGNALLING,bmi,0.2884168436157715,0.005761528121451028,50.059088064146145,0
bmi,alt_log_adj,REACTOME_RETROGRADE_TRANSPORT_AT_THE_TRANS_GOLGI_NETWORK,ppgs,-0.007131752024348926,0.0060157295287936235,-1.1855173990475445,0.23582287648642197
bmi,alt_log_adj,REACTOME_RETROGRADE_TRANSPORT_AT_THE_TRANS_GOLGI_NETWORK,bmi,0.28847314725907147,0.0057615666559976105,50.068525538757754,0
bmi,alt_log_adj,REACTOME_RET_SIGNALING,ppgs,0.007728376114609254,0.005831839282054116,1.325203892087906,0.18511421503217843
bmi,alt_log_adj,REACTOME_RET_SIGNALING,bmi,0.28845540839337813,0.0057614017294678604,50.06687989105399,0
bmi,alt_log_adj,REACTOME_REVERSIBLE_HYDRATION_OF_CARBON_DIOXIDE,ppgs,-0.005535386474804311,0.0057386128080271935,-0.9645861569648664,0.3347603637187734
bmi,alt_log_adj,REACTOME_REVERSIBLE_HYDRATION_OF_CARBON_DIOXIDE,bmi,0.2884006357903548,0.005761421672866522,50.05719979646356,0
bmi,alt_log_adj,REACTOME_RHOA_GTPASE_CYCLE,ppgs,0.021698506113435205,0.006896577046709762,3.1462718340523996,0.001655372752476917
bmi,alt_log_adj,REACTOME_RHOA_GTPASE_CYCLE,bmi,0.28843869638325337,0.005760497404482433,50.07183861567401,0
bmi,alt_log_adj,REACTOME_RHOBTB1_GTPASE_CYCLE,ppgs,0.010324957350545033,0.005714788368043351,1.806708610292795,0.07081832331379778
bmi,alt_log_adj,REACTOME_RHOBTB1_GTPASE_CYCLE,bmi,0.28844915433974544,0.005761198006556964,50.067564768899494,0
bmi,alt_log_adj,REACTOME_RHOBTB2_GTPASE_CYCLE,ppgs,0.01009359672564643,0.005900566636735415,1.710614818381388,0.08716318247204528
bmi,alt_log_adj,REACTOME_RHOBTB2_GTPASE_CYCLE,bmi,0.28830697093262264,0.005761544340817698,50.03987713677912,0
bmi,alt_log_adj,REACTOME_RHOBTB3_ATPASE_CYCLE,ppgs,-2.605794353081123e-4,0.005713373466181828,-0.04560868230486149,0.9636224701434671
bmi,alt_log_adj,REACTOME_RHOBTB3_ATPASE_CYCLE,bmi,0.28841624626428575,0.005761607792196897,50.05829217582213,0
bmi,alt_log_adj,REACTOME_RHOBTB_GTPASE_CYCLE,ppgs,0.005016416015671925,0.005810619067086553,0.8633186856262388,0.38796957699803303
bmi,alt_log_adj,REACTOME_RHOBTB_GTPASE_CYCLE,bmi,0.2883833661674425,0.005761535988807912,50.0532092010954,0
bmi,alt_log_adj,REACTOME_RHOB_GTPASE_CYCLE,ppgs,0.015140451138647744,0.006122353906492087,2.4729787545592474,0.013405029449634644
bmi,alt_log_adj,REACTOME_RHOB_GTPASE_CYCLE,bmi,0.2883267578167586,0.005760986181693159,50.04815993709242,0
bmi,alt_log_adj,REACTOME_RHOC_GTPASE_CYCLE,ppgs,0.017479775446574478,0.006028244201470907,2.899646209141522,0.003738708168056954
bmi,alt_log_adj,REACTOME_RHOC_GTPASE_CYCLE,bmi,0.2882784698793068,0.0057608351290898835,50.04109012313463,0
bmi,alt_log_adj,REACTOME_RHOD_GTPASE_CYCLE,ppgs,0.010602194930232452,0.005754606285669943,1.8423840665926912,0.06542942696729472
bmi,alt_log_adj,REACTOME_RHOD_GTPASE_CYCLE,bmi,0.28840462580502824,0.005761155630014211,50.060203946324705,0
bmi,alt_log_adj,REACTOME_RHOF_GTPASE_CYCLE,ppgs,0.007850116902772125,0.005829346571064846,1.346654690551045,0.17810223710930423
bmi,alt_log_adj,REACTOME_RHOF_GTPASE_CYCLE,bmi,0.28846665127731047,0.005761443245288495,50.06847051964077,0
bmi,alt_log_adj,REACTOME_RHOG_GTPASE_CYCLE,ppgs,0.015899241921141553,0.005997276221531772,2.6510771446643,0.00802801069144715
bmi,alt_log_adj,REACTOME_RHOG_GTPASE_CYCLE,bmi,0.28843362903696423,0.005760788377996684,50.06842989383809,0
bmi,alt_log_adj,REACTOME_RHOH_GTPASE_CYCLE,ppgs,-0.008868210948681255,0.005687623841030547,-1.5592119304209144,0.11895739069813291
bmi,alt_log_adj,REACTOME_RHOH_GTPASE_CYCLE,bmi,0.2885036193424745,0.005761533679354491,50.074100994372344,0
bmi,alt_log_adj,REACTOME_RHOJ_GTPASE_CYCLE,ppgs,0.004083667749099528,0.0058407572783161195,0.6991675145036745,0.48445308575634616
bmi,alt_log_adj,REACTOME_RHOJ_GTPASE_CYCLE,bmi,0.28841609260926004,0.00576144868203942,50.059647933402644,0
bmi,alt_log_adj,REACTOME_RHOQ_GTPASE_CYCLE,ppgs,0.010878650236529834,0.006096683930455097,1.7843552922576682,0.07437664213407115
bmi,alt_log_adj,REACTOME_RHOQ_GTPASE_CYCLE,bmi,0.2884558193715412,0.005761220719618883,50.06852426070966,0
bmi,alt_log_adj,REACTOME_RHOT1_GTPASE_CYCLE,ppgs,0.002343521093865287,0.005671784204140826,0.41318939676060695,0.6794709812134521
bmi,alt_log_adj,REACTOME_RHOT1_GTPASE_CYCLE,bmi,0.28841567080207264,0.005761481181995932,50.05929234019605,0
bmi,alt_log_adj,REACTOME_RHOU_GTPASE_CYCLE,ppgs,0.015505437428656892,0.005730087156844515,2.705968862992921,0.0068146165189958054
bmi,alt_log_adj,REACTOME_RHOU_GTPASE_CYCLE,bmi,0.28843200247275996,0.005760757627314201,50.06841480453565,0
bmi,alt_log_adj,REACTOME_RHOV_GTPASE_CYCLE,ppgs,0.010936322670045386,0.005688045715402678,1.922685438415321,0.05452957399290865
bmi,alt_log_adj,REACTOME_RHOV_GTPASE_CYCLE,bmi,0.288365251305047,0.005761179582940059,50.05316136281378,0
bmi,alt_log_adj,REACTOME_RHO_GTPASES_ACTIVATE_CIT,ppgs,0.0016125155680735241,0.005876570387722257,0.2743973885588956,0.7837812490438691
bmi,alt_log_adj,REACTOME_RHO_GTPASES_ACTIVATE_CIT,bmi,0.28840349571159835,0.005761633009211987,50.05586007482331,0
bmi,alt_log_adj,REACTOME_RHO_GTPASES_ACTIVATE_FORMINS,ppgs,0.014900416335041335,0.006488684477559155,2.2963693775793543,0.021662028351786884
bmi,alt_log_adj,REACTOME_RHO_GTPASES_ACTIVATE_FORMINS,bmi,0.288433655974426,0.005760968149301248,50.066872181789506,0
bmi,alt_log_adj,REACTOME_RHO_GTPASES_ACTIVATE_IQGAPS,ppgs,0.018635012227546422,0.005709133522825884,3.264070134818381,0.0010995405701239131
bmi,alt_log_adj,REACTOME_RHO_GTPASES_ACTIVATE_IQGAPS,bmi,0.2884898440473698,0.00576046172845142,50.08102781457491,0
bmi,alt_log_adj,REACTOME_RHO_GTPASES_ACTIVATE_KTN1,ppgs,0.0020692066861546714,0.005766261555687647,0.358847177876223,0.7197120894779301
bmi,alt_log_adj,REACTOME_RHO_GTPASES_ACTIVATE_KTN1,bmi,0.28841571857668535,0.0057614856963782045,50.059261408561646,0
bmi,alt_log_adj,REACTOME_RHO_GTPASES_ACTIVATE_NADPH_OXIDASES,ppgs,0.008383107933348209,0.005735418490680015,1.4616384047599416,0.14385140847905445
bmi,alt_log_adj,REACTOME_RHO_GTPASES_ACTIVATE_NADPH_OXIDASES,bmi,0.28834301466269674,0.005761489186229803,50.046612141848406,0
bmi,alt_log_adj,REACTOME_RHO_GTPASES_ACTIVATE_PAKS,ppgs,4.207354980095359e-4,0.005874225537623253,0.07162399456997492,0.9429016494584097
bmi,alt_log_adj,REACTOME_RHO_GTPASES_ACTIVATE_PAKS,bmi,0.2884122029488805,0.005761596463204368,50.057688835166566,0
bmi,alt_log_adj,REACTOME_RHO_GTPASES_ACTIVATE_PKNS,ppgs,0.006514079533701446,0.005815926808530141,1.1200415253072533,0.2627055557796585
bmi,alt_log_adj,REACTOME_RHO_GTPASES_ACTIVATE_PKNS,bmi,0.28844172240619625,0.005761421304056408,50.06433433415378,0
bmi,alt_log_adj,REACTOME_RHO_GTPASES_ACTIVATE_RHOTEKIN_AND_RHOPHILINS,ppgs,0.003939131359335426,0.005767477120351227,0.6829903746710557,0.4946185060272754
bmi,alt_log_adj,REACTOME_RHO_GTPASES_ACTIVATE_RHOTEKIN_AND_RHOPHILINS,bmi,0.2884104582182223,0.005761453796047375,50.058625553169456,0
bmi,alt_log_adj,REACTOME_RHO_GTPASES_ACTIVATE_ROCKS,ppgs,-2.470036006837551e-4,0.005906863425860789,-0.04181637239187734,0.9666453776343213
bmi,alt_log_adj,REACTOME_RHO_GTPASES_ACTIVATE_ROCKS,bmi,0.2884163206114137,0.005761640946861165,50.058017025260405,0
bmi,alt_log_adj,REACTOME_RHO_GTPASES_ACTIVATE_WASPS_AND_WAVES,ppgs,0.018287580061388534,0.005740357795934314,3.185790975318814,0.0014451519002914052
bmi,alt_log_adj,REACTOME_RHO_GTPASES_ACTIVATE_WASPS_AND_WAVES,bmi,0.2883963211230267,0.005760469772060182,50.06472258943636,0
bmi,alt_log_adj,REACTOME_RHO_GTPASE_CYCLE,ppgs,0.04265259967506806,0.0076728401375043874,5.558906338551834,2.7391157976845618e-8
bmi,alt_log_adj,REACTOME_RHO_GTPASE_CYCLE,bmi,0.28829447804712205,0.005758400975337893,50.06502313434424,0
bmi,alt_log_adj,REACTOME_RHO_GTPASE_EFFECTORS,ppgs,0.014161563407732143,0.00673638890746994,2.102248489844236,0.0355403109344872
bmi,alt_log_adj,REACTOME_RHO_GTPASE_EFFECTORS,bmi,0.28847174602280157,0.005761113013098032,50.072224823042696,0
bmi,alt_log_adj,REACTOME_RIBAVIRIN_ADME,ppgs,8.157151141686977e-4,0.005687974041692952,0.14341048468039608,0.88596702227589
bmi,alt_log_adj,REACTOME_RIBAVIRIN_ADME,bmi,0.2884121890595652,0.005761520863472358,50.058343255871634,0
bmi,alt_log_adj,REACTOME_RIPK1_MEDIATED_REGULATED_NECROSIS,ppgs,0.020498558891086906,0.0058607974408511725,3.497571635594672,4.702334112051575e-4
bmi,alt_log_adj,REACTOME_RIPK1_MEDIATED_REGULATED_NECROSIS,bmi,0.28827061348164634,0.005760402441006969,50.04348505748742,0
bmi,alt_log_adj,REACTOME_RIP_MEDIATED_NFKB_ACTIVATION_VIA_ZBP1,ppgs,0.03451105523353365,0.00579630517922442,5.95397484542928,2.6478454947790994e-9
bmi,alt_log_adj,REACTOME_RIP_MEDIATED_NFKB_ACTIVATION_VIA_ZBP1,bmi,0.28831863533321195,0.005757921600968824,50.073386772876454,0
bmi,alt_log_adj,REACTOME_RMTS_METHYLATE_HISTONE_ARGININES,ppgs,0.0072078328223818605,0.0061144972357489846,1.17881038202791,0.23848358304604025
bmi,alt_log_adj,REACTOME_RMTS_METHYLATE_HISTONE_ARGININES,bmi,0.28835569662799587,0.005761573619091815,50.04807986354408,0
bmi,alt_log_adj,REACTOME_RNA_POLYMERASE_III_CHAIN_ELONGATION,ppgs,0.011469395563749974,0.005915998041590286,1.9387084787923412,0.052546757861284314
bmi,alt_log_adj,REACTOME_RNA_POLYMERASE_III_CHAIN_ELONGATION,bmi,0.2883334048344345,0.005761268382688791,50.04686219805454,0
bmi,alt_log_adj,REACTOME_RNA_POLYMERASE_III_TRANSCRIPTION,ppgs,0.005888413740025568,0.006033608073238528,0.975935736718307,0.32910463880674246
bmi,alt_log_adj,REACTOME_RNA_POLYMERASE_III_TRANSCRIPTION,bmi,0.28837330824747115,0.005761556709298491,50.051283498098655,0
bmi,alt_log_adj,REACTOME_RNA_POLYMERASE_III_TRANSCRIPTION_INITIATION_FROM_TYPE_1_PROMOTER,ppgs,0.005104609810868469,0.006078245214477349,0.8398163665246927,0.4010184377050783
bmi,alt_log_adj,REACTOME_RNA_POLYMERASE_III_TRANSCRIPTION_INITIATION_FROM_TYPE_1_PROMOTER,bmi,0.2883943886692566,0.005761476678159543,50.055637604590956,0
bmi,alt_log_adj,REACTOME_RNA_POLYMERASE_III_TRANSCRIPTION_INITIATION_FROM_TYPE_3_PROMOTER,ppgs,0.009854412382067416,0.005847195316762351,1.6853229365910596,0.09193728868702475
bmi,alt_log_adj,REACTOME_RNA_POLYMERASE_III_TRANSCRIPTION_INITIATION_FROM_TYPE_3_PROMOTER,bmi,0.28835967195789514,0.005761301631163101,50.05113261179499,0
bmi,alt_log_adj,REACTOME_RNA_POLYMERASE_III_TRANSCRIPTION_TERMINATION,ppgs,0.010131576346790856,0.0059725547315665865,1.6963555466880365,0.08982954574343817
bmi,alt_log_adj,REACTOME_RNA_POLYMERASE_III_TRANSCRIPTION_TERMINATION,bmi,0.28832241265696984,0.005761462005691562,50.04327241456169,0
bmi,alt_log_adj,REACTOME_RNA_POLYMERASE_II_PRE_TRANSCRIPTION_EVENTS,ppgs,0.005605565703425811,0.005868951981736844,0.95512209349631,0.33952410162006574
bmi,alt_log_adj,REACTOME_RNA_POLYMERASE_II_PRE_TRANSCRIPTION_EVENTS,bmi,0.2883777255946382,0.005761534779567862,50.05224070109105,0
bmi,alt_log_adj,REACTOME_RNA_POLYMERASE_II_TRANSCRIBES_SNRNA_GENES,ppgs,0.007897250965377507,0.005945995722966437,1.3281629071602485,0.18413498781495147
bmi,alt_log_adj,REACTOME_RNA_POLYMERASE_II_TRANSCRIBES_SNRNA_GENES,bmi,0.2883930106637693,0.0057613417037188286,50.0565711069728,0
bmi,alt_log_adj,REACTOME_RNA_POLYMERASE_II_TRANSCRIPTION,ppgs,0.027090175367982274,0.009563312444790315,2.8327188434316866,0.0046186513459378995
bmi,alt_log_adj,REACTOME_RNA_POLYMERASE_II_TRANSCRIPTION,bmi,0.28833727380650925,0.00576074745015105,50.052059442208126,0
bmi,alt_log_adj,REACTOME_RNA_POLYMERASE_II_TRANSCRIPTION_TERMINATION,ppgs,0.004337124039656789,0.00581252109479788,0.7461691697839085,0.4555714167575412
bmi,alt_log_adj,REACTOME_RNA_POLYMERASE_II_TRANSCRIPTION_TERMINATION,bmi,0.2884291246499652,0.005761474177803175,50.06168833684541,0
bmi,alt_log_adj,REACTOME_RNA_POLYMERASE_I_PROMOTER_ESCAPE,ppgs,0.0027418559816235243,0.005791523164381065,0.47342571268409045,0.6359131344217164
bmi,alt_log_adj,REACTOME_RNA_POLYMERASE_I_PROMOTER_ESCAPE,bmi,0.288427371159472,0.005761538128907825,50.060828325047844,0
bmi,alt_log_adj,REACTOME_RNA_POLYMERASE_I_TRANSCRIPTION,ppgs,0.007047095905487319,0.005778043435814375,1.219633598080434,0.22261395057391647
bmi,alt_log_adj,REACTOME_RNA_POLYMERASE_I_TRANSCRIPTION,bmi,0.28846594514330437,0.005761500496486901,50.06785043569773,0
bmi,alt_log_adj,REACTOME_RNA_POLYMERASE_I_TRANSCRIPTION_INITIATION,ppgs,0.00770134797972114,0.005779939095529245,1.3324271852065181,0.1827305638139606
bmi,alt_log_adj,REACTOME_RNA_POLYMERASE_I_TRANSCRIPTION_INITIATION,bmi,0.2884850553505051,0.005761560069311452,50.07064959490757,0
bmi,alt_log_adj,REACTOME_RNA_POLYMERASE_I_TRANSCRIPTION_TERMINATION,ppgs,0.0029800061893804565,0.005797052299330094,0.514055426017948,0.6072172469350126
bmi,alt_log_adj,REACTOME_RNA_POLYMERASE_I_TRANSCRIPTION_TERMINATION,bmi,0.2884244763180177,0.005761503008669162,50.06063103395659,0
bmi,alt_log_adj,REACTOME_RND1_GTPASE_CYCLE,ppgs,0.01410043604726116,0.005854377712213754,2.408528581585022,0.01602331113391746
bmi,alt_log_adj,REACTOME_RND1_GTPASE_CYCLE,bmi,0.2883601498419372,0.00576095297340812,50.05424470100236,0
bmi,alt_log_adj,REACTOME_RND2_GTPASE_CYCLE,ppgs,0.020690786757768496,0.005701360969469058,3.6290960822456637,2.849152588800577e-4
bmi,alt_log_adj,REACTOME_RND2_GTPASE_CYCLE,bmi,0.28829382289587313,0.005760256278956184,50.048784105160486,0
bmi,alt_log_adj,REACTOME_RND3_GTPASE_CYCLE,ppgs,0.007235322520079662,0.005758332639537619,1.2564961027782242,0.20894651149379503
bmi,alt_log_adj,REACTOME_RND3_GTPASE_CYCLE,bmi,0.288360412877438,0.005761499081898145,50.04954592172506,0
bmi,alt_log_adj,REACTOME_ROBO_RECEPTORS_BIND_AKAP5,ppgs,0.005365456367664471,0.005748919088995516,0.9332982921841668,0.35067392542897724
bmi,alt_log_adj,REACTOME_ROBO_RECEPTORS_BIND_AKAP5,bmi,0.2884515709413728,0.005761545477504258,50.06496469872907,0
bmi,alt_log_adj,REACTOME_ROLE_OF_ABL_IN_ROBO_SLIT_SIGNALING,ppgs,0.006276258348379458,0.005724496069487146,1.0963861748169117,0.27291912494523235
bmi,alt_log_adj,REACTOME_ROLE_OF_ABL_IN_ROBO_SLIT_SIGNALING,bmi,0.2884642620850975,0.0057615537230897105,50.06709577818614,0
bmi,alt_log_adj,REACTOME_ROLE_OF_LAT2_NTAL_LAB_ON_CALCIUM_MOBILIZATION,ppgs,-0.002925785998313099,0.0056946945420642756,-0.513774000818054,0.6074140115781177
bmi,alt_log_adj,REACTOME_ROLE_OF_LAT2_NTAL_LAB_ON_CALCIUM_MOBILIZATION,bmi,0.288412060981703,0.0057614733053522604,50.05873423274836,0
bmi,alt_log_adj,REACTOME_ROLE_OF_PHOSPHOLIPIDS_IN_PHAGOCYTOSIS,ppgs,0.01211892793177577,0.006035913117218569,2.0078035744424927,0.044673639276255235
bmi,alt_log_adj,REACTOME_ROLE_OF_PHOSPHOLIPIDS_IN_PHAGOCYTOSIS,bmi,0.2883986490969011,0.005761093860983765,50.05970325358562,0
bmi,alt_log_adj,REACTOME_ROLE_OF_SECOND_MESSENGERS_IN_NETRIN_1_SIGNALING,ppgs,9.048990021897197e-4,0.005754467457192005,0.15725156305450397,0.8750477121999405
bmi,alt_log_adj,REACTOME_ROLE_OF_SECOND_MESSENGERS_IN_NETRIN_1_SIGNALING,bmi,0.28841224592790504,0.005761515276557687,50.05840166759424,0
bmi,alt_log_adj,REACTOME_RORA_B_C_AND_NR1D1_REV_ERBA_REGULATE_GENE_EXPRESSION,ppgs,0.007763915670583281,0.005818109984285104,1.334439481473169,0.1820705861298311
bmi,alt_log_adj,REACTOME_RORA_B_C_AND_NR1D1_REV_ERBA_REGULATE_GENE_EXPRESSION,bmi,0.2884690962824122,0.00576146164596909,50.06873498571925,0
bmi,alt_log_adj,REACTOME_ROS_AND_RNS_PRODUCTION_IN_PHAGOCYTES,ppgs,0.005319817726273556,0.005982611509370867,0.8892133005696352,0.3738960011598452
bmi,alt_log_adj,REACTOME_ROS_AND_RNS_PRODUCTION_IN_PHAGOCYTES,bmi,0.28833896140028276,0.00576204589613525,50.04107336140432,0
bmi,alt_log_adj,REACTOME_RRNA_MODIFICATION_IN_THE_MITOCHONDRION,ppgs,-0.014124518995470335,0.005712373959009965,-2.4726180563147713,0.01341856199356755
bmi,alt_log_adj,REACTOME_RRNA_MODIFICATION_IN_THE_MITOCHONDRION,bmi,0.2884972422540413,0.0057609737025371595,50.077861339131914,0
bmi,alt_log_adj,REACTOME_RRNA_MODIFICATION_IN_THE_NUCLEUS_AND_CYTOSOL,ppgs,-0.002503265099711127,0.005863058203594693,-0.42695552607278453,0.6694149635344709
bmi,alt_log_adj,REACTOME_RRNA_MODIFICATION_IN_THE_NUCLEUS_AND_CYTOSOL,bmi,0.2884289974064554,0.005761577824629952,50.060765676627874,0
bmi,alt_log_adj,REACTOME_RRNA_PROCESSING,ppgs,0.021930644592921492,0.006179138923799705,3.5491425040555322,3.871128041018763e-4
bmi,alt_log_adj,REACTOME_RRNA_PROCESSING,bmi,0.2883162600717429,0.0057602850557474,50.05242922554181,0
bmi,alt_log_adj,REACTOME_RRNA_PROCESSING_IN_THE_MITOCHONDRION,ppgs,-0.014124518995470335,0.005712373959009965,-2.4726180563147713,0.01341856199356755
bmi,alt_log_adj,REACTOME_RRNA_PROCESSING_IN_THE_MITOCHONDRION,bmi,0.2884972422540413,0.0057609737025371595,50.077861339131914,0
bmi,alt_log_adj,REACTOME_RSK_ACTIVATION,ppgs,-0.011598407444330857,0.005957702625701232,-1.9467919386066546,0.051569546957663824
bmi,alt_log_adj,REACTOME_RSK_ACTIVATION,bmi,0.288342020557834,0.005761233582540691,50.048659966096324,0
bmi,alt_log_adj,REACTOME_RSV_HOST_INTERACTIONS,ppgs,0.0015455991931259156,0.006060196815011669,0.2550410886486926,0.798693214243743
bmi,alt_log_adj,REACTOME_RSV_HOST_INTERACTIONS,bmi,0.2884143285089902,0.005761491477024691,50.058969914146445,0
bmi,alt_log_adj,REACTOME_RUNX1_AND_FOXP3_CONTROL_THE_DEVELOPMENT_OF_REGULATORY_T_LYMPHOCYTES_TREGS,ppgs,0.002987388425556087,0.00583458488661807,0.5120138764983643,0.6086452863723675
bmi,alt_log_adj,REACTOME_RUNX1_AND_FOXP3_CONTROL_THE_DEVELOPMENT_OF_REGULATORY_T_LYMPHOCYTES_TREGS,bmi,0.28838081961877704,0.0057618495653420174,50.05004319331948,0
bmi,alt_log_adj,REACTOME_RUNX1_INTERACTS_WITH_CO_FACTORS_WHOSE_PRECISE_EFFECT_ON_RUNX1_TARGETS_IS_NOT_KNOWN,ppgs,0.0052032210912298996,0.005977536872817909,0.8704623998039874,0.3840551292695692
bmi,alt_log_adj,REACTOME_RUNX1_INTERACTS_WITH_CO_FACTORS_WHOSE_PRECISE_EFFECT_ON_RUNX1_TARGETS_IS_NOT_KNOWN,bmi,0.2883923862858307,0.005761477607755904,50.055281981415106,0
bmi,alt_log_adj,REACTOME_RUNX1_REGULATES_ESTROGEN_RECEPTOR_MEDIATED_TRANSCRIPTION,ppgs,0.00600034308613766,0.005807779387446413,1.0331561662117326,0.3015396357854856
bmi,alt_log_adj,REACTOME_RUNX1_REGULATES_ESTROGEN_RECEPTOR_MEDIATED_TRANSCRIPTION,bmi,0.28842898785421556,0.005761406285963616,50.062254515344385,0
bmi,alt_log_adj,REACTOME_RUNX1_REGULATES_EXPRESSION_OF_COMPONENTS_OF_TIGHT_JUNCTIONS,ppgs,0.00656353125781689,0.005695975279808986,1.1523103481651693,0.24920328298237635
bmi,alt_log_adj,REACTOME_RUNX1_REGULATES_EXPRESSION_OF_COMPONENTS_OF_TIGHT_JUNCTIONS,bmi,0.28838675306826966,0.005761413810602327,50.0548585032326,0
bmi,alt_log_adj,REACTOME_RUNX1_REGULATES_GENES_INVOLVED_IN_MEGAKARYOCYTE_DIFFERENTIATION_AND_PLATELET_FUNCTION,ppgs,0.011961551848638993,0.005863136673397351,2.040128435503101,0.04134678311352335
bmi,alt_log_adj,REACTOME_RUNX1_REGULATES_GENES_INVOLVED_IN_MEGAKARYOCYTE_DIFFERENTIATION_AND_PLATELET_FUNCTION,bmi,0.2884200594983854,0.005761075690901019,50.06357752839681,0
bmi,alt_log_adj,REACTOME_RUNX1_REGULATES_TRANSCRIPTION_OF_GENES_INVOLVED_IN_BCR_SIGNALING,ppgs,0.009271531238412454,0.005778927636883599,1.604368806980305,0.108643921903522
bmi,alt_log_adj,REACTOME_RUNX1_REGULATES_TRANSCRIPTION_OF_GENES_INVOLVED_IN_BCR_SIGNALING,bmi,0.2883713100200859,0.005761299677208812,50.053169627828446,0
bmi,alt_log_adj,REACTOME_RUNX1_REGULATES_TRANSCRIPTION_OF_GENES_INVOLVED_IN_DIFFERENTIATION_OF_HSCS,ppgs,-4.116108790223127e-5,0.006141842675160068,-0.006701748983037657,0.9946528651389583
bmi,alt_log_adj,REACTOME_RUNX1_REGULATES_TRANSCRIPTION_OF_GENES_INVOLVED_IN_DIFFERENTIATION_OF_HSCS,bmi,0.28841429585623846,0.005761703801133066,50.057119527650904,0
bmi,alt_log_adj,REACTOME_RUNX1_REGULATES_TRANSCRIPTION_OF_GENES_INVOLVED_IN_DIFFERENTIATION_OF_KERATINOCYTES,ppgs,0.00656353125781689,0.005695975279808986,1.1523103481651693,0.24920328298237635
bmi,alt_log_adj,REACTOME_RUNX1_REGULATES_TRANSCRIPTION_OF_GENES_INVOLVED_IN_DIFFERENTIATION_OF_KERATINOCYTES,bmi,0.28838675306826966,0.005761413810602327,50.0548585032326,0
bmi,alt_log_adj,REACTOME_RUNX1_REGULATES_TRANSCRIPTION_OF_GENES_INVOLVED_IN_DIFFERENTIATION_OF_MYELOID_CELLS,ppgs,0.003925476587656162,0.005723556880219688,0.6858456497955673,0.4928160548242211
bmi,alt_log_adj,REACTOME_RUNX1_REGULATES_TRANSCRIPTION_OF_GENES_INVOLVED_IN_DIFFERENTIATION_OF_MYELOID_CELLS,bmi,0.2883912395781589,0.005761551044880535,50.05444494576002,0
bmi,alt_log_adj,REACTOME_RUNX1_REGULATES_TRANSCRIPTION_OF_GENES_INVOLVED_IN_INTERLEUKIN_SIGNALING,ppgs,0.007771205217510112,0.005744810022922555,1.3527349357945644,0.17615111389038002
bmi,alt_log_adj,REACTOME_RUNX1_REGULATES_TRANSCRIPTION_OF_GENES_INVOLVED_IN_INTERLEUKIN_SIGNALING,bmi,0.2883969658286763,0.005761326817238857,50.05738694873968,0
bmi,alt_log_adj,REACTOME_RUNX1_REGULATES_TRANSCRIPTION_OF_GENES_INVOLVED_IN_WNT_SIGNALING,ppgs,-0.001430316410913352,0.005799163007541628,-0.24664187039634353,0.805187183319402
bmi,alt_log_adj,REACTOME_RUNX1_REGULATES_TRANSCRIPTION_OF_GENES_INVOLVED_IN_WNT_SIGNALING,bmi,0.28841614436745017,0.005761495095326701,50.05925364778876,0
bmi,alt_log_adj,REACTOME_RUNX2_REGULATES_BONE_DEVELOPMENT,ppgs,-0.0016979956715243247,0.005824284878247469,-0.2915371941825848,0.7706426348739751
bmi,alt_log_adj,REACTOME_RUNX2_REGULATES_BONE_DEVELOPMENT,bmi,0.28841525271919294,0.00576148974072688,50.05914541172228,0
bmi,alt_log_adj,REACTOME_RUNX2_REGULATES_CHONDROCYTE_MATURATION,ppgs,6.942865121227804e-4,0.005762109278606424,0.1204917294263282,0.9040944847720521
bmi,alt_log_adj,REACTOME_RUNX2_REGULATES_CHONDROCYTE_MATURATION,bmi,0.2884133421311118,0.0057615062916526565,50.058669995547646,0
bmi,alt_log_adj,REACTOME_RUNX2_REGULATES_GENES_INVOLVED_IN_CELL_MIGRATION,ppgs,0.0010291638011593535,0.006182053676373696,0.166476037743342,0.8677835264007293
bmi,alt_log_adj,REACTOME_RUNX2_REGULATES_GENES_INVOLVED_IN_CELL_MIGRATION,bmi,0.2884162920502953,0.005761503886436147,50.05920289827296,0
bmi,alt_log_adj,REACTOME_RUNX2_REGULATES_OSTEOBLAST_DIFFERENTIATION,ppgs,-0.003009000026041252,0.005735478228394978,-0.5246293170714892,0.5998450045664638
bmi,alt_log_adj,REACTOME_RUNX2_REGULATES_OSTEOBLAST_DIFFERENTIATION,bmi,0.2884152011413981,0.005761470108832173,50.05930703333264,0
bmi,alt_log_adj,REACTOME_RUNX3_REGULATES_BCL2L11_BIM_TRANSCRIPTION,ppgs,0.0026851757520059616,0.005697106645148344,0.4713227115544093,0.6374139263558211
bmi,alt_log_adj,REACTOME_RUNX3_REGULATES_BCL2L11_BIM_TRANSCRIPTION,bmi,0.2883816858779756,0.0057618991726539346,50.04976262803064,0
bmi,alt_log_adj,REACTOME_RUNX3_REGULATES_CDKN1A_TRANSCRIPTION,ppgs,-2.6594952271492063e-4,0.005699004470319022,-0.04666596141484219,0.9627797883410756
bmi,alt_log_adj,REACTOME_RUNX3_REGULATES_CDKN1A_TRANSCRIPTION,bmi,0.28841749177052084,0.005761825877744239,50.05661363085769,0
bmi,alt_log_adj,REACTOME_RUNX3_REGULATES_IMMUNE_RESPONSE_AND_CELL_MIGRATION,ppgs,0.011158294356028758,0.005724486338618965,1.949221938176675,0.051278774388490773
bmi,alt_log_adj,REACTOME_RUNX3_REGULATES_IMMUNE_RESPONSE_AND_CELL_MIGRATION,bmi,0.2883646833461378,0.005761168885136304,50.05315572159544,0
bmi,alt_log_adj,REACTOME_RUNX3_REGULATES_NOTCH_SIGNALING,ppgs,-0.00342770752091268,0.005857817117539341,-0.5851509960339181,0.5584508490628743
bmi,alt_log_adj,REACTOME_RUNX3_REGULATES_NOTCH_SIGNALING,bmi,0.28838823880276626,0.005761639602020479,50.0531547828217,0
bmi,alt_log_adj,REACTOME_RUNX3_REGULATES_P14_ARF,ppgs,0.0016733960995740512,0.005933972338136226,0.28200267952372027,0.7779435142249703
bmi,alt_log_adj,REACTOME_RUNX3_REGULATES_P14_ARF,bmi,0.2884008836562722,0.005761695861091145,50.054860688473596,0
bmi,alt_log_adj,REACTOME_RUNX3_REGULATES_WNT_SIGNALING,ppgs,0.012095673639664238,0.005720243510325013,2.1145382391206953,0.034478026635421204
bmi,alt_log_adj,REACTOME_RUNX3_REGULATES_WNT_SIGNALING,bmi,0.28837416217053347,0.005761075442142811,50.055612891483634,0
bmi,alt_log_adj,REACTOME_RUNX3_REGULATES_YAP1_MEDIATED_TRANSCRIPTION,ppgs,0.006400936802725752,0.005756941517125075,1.1118641354415353,0.2662059999888672
bmi,alt_log_adj,REACTOME_RUNX3_REGULATES_YAP1_MEDIATED_TRANSCRIPTION,bmi,0.28840224067999914,0.005761383114193096,50.057813369418845,0
bmi,alt_log_adj,REACTOME_SARS_COV_1_ACTIVATES_MODULATES_INNATE_IMMUNE_RESPONSES,ppgs,-0.0019413410154579867,0.005714505227942121,-0.3397216273362467,0.7340686898845974
bmi,alt_log_adj,REACTOME_SARS_COV_1_ACTIVATES_MODULATES_INNATE_IMMUNE_RESPONSES,bmi,0.28842589850528455,0.005761581856740041,50.06019278679115,0
bmi,alt_log_adj,REACTOME_SARS_COV_1_HOST_INTERACTIONS,ppgs,0.0019143053753805205,0.005712321370213622,0.3351186411469234,0.7375380710641162
bmi,alt_log_adj,REACTOME_SARS_COV_1_HOST_INTERACTIONS,bmi,0.2884094407474803,0.005761507306291523,50.05798403354264,0
bmi,alt_log_adj,REACTOME_SARS_COV_1_INFECTION,ppgs,0.003411064758027752,0.005749483206892994,0.5932819760110375,0.5529971920722556
bmi,alt_log_adj,REACTOME_SARS_COV_1_INFECTION,bmi,0.2884023264600812,0.005761499480128423,50.05681723217872,0
bmi,alt_log_adj,REACTOME_SARS_COV_1_MODULATES_HOST_TRANSLATION_MACHINERY,ppgs,0.006511753199353063,0.006052815559903645,1.0758221748056576,0.2820159485314301
bmi,alt_log_adj,REACTOME_SARS_COV_1_MODULATES_HOST_TRANSLATION_MACHINERY,bmi,0.28837268956778256,0.005761512208796502,50.05156270041464,0
bmi,alt_log_adj,REACTOME_SARS_COV_1_TARGETS_HOST_INTRACELLULAR_SIGNALLING_AND_REGULATORY_PATHWAYS,ppgs,0.009683003875259173,0.00571871369335064,1.693213613144851,0.09042580106830984
bmi,alt_log_adj,REACTOME_SARS_COV_1_TARGETS_HOST_INTRACELLULAR_SIGNALLING_AND_REGULATORY_PATHWAYS,bmi,0.2884204269543571,0.005761207679773002,50.062494356343215,0
bmi,alt_log_adj,REACTOME_SARS_COV_2_ACTIVATES_MODULATES_INNATE_AND_ADAPTIVE_IMMUNE_RESPONSES,ppgs,0.03466550269074088,0.00583292302092838,5.943075635725337,2.829891306199953e-9
bmi,alt_log_adj,REACTOME_SARS_COV_2_ACTIVATES_MODULATES_INNATE_AND_ADAPTIVE_IMMUNE_RESPONSES,bmi,0.28831311039741253,0.0057579375184006925,50.072288814536066,0
bmi,alt_log_adj,REACTOME_SARS_COV_2_HOST_INTERACTIONS,ppgs,0.03439160900050796,0.005837482944231251,5.891513402106745,3.869926078147381e-9
bmi,alt_log_adj,REACTOME_SARS_COV_2_HOST_INTERACTIONS,bmi,0.288290039129395,0.0057580129073827166,50.067626413230144,0
bmi,alt_log_adj,REACTOME_SARS_COV_2_INFECTION,ppgs,0.012932390820389536,0.006823728848363171,1.895208779213387,0.05807491082562727
bmi,alt_log_adj,REACTOME_SARS_COV_2_INFECTION,bmi,0.2884476012370745,0.00576115929546331,50.067631607446756,0
bmi,alt_log_adj,REACTOME_SARS_COV_2_MODULATES_AUTOPHAGY,ppgs,0.006822871884916165,0.005797980367612419,1.1767669864887438,0.23929840325811755
bmi,alt_log_adj,REACTOME_SARS_COV_2_MODULATES_AUTOPHAGY,bmi,0.2883602432574106,0.005761542577980934,50.049138638573275,0
bmi,alt_log_adj,REACTOME_SARS_COV_2_MODULATES_HOST_TRANSLATION_MACHINERY,ppgs,0.006727898627980317,0.005879404420464599,1.1443163536364909,0.2525021251674578
bmi,alt_log_adj,REACTOME_SARS_COV_2_MODULATES_HOST_TRANSLATION_MACHINERY,bmi,0.2883678620269842,0.005761509823057655,50.05074553078629,0
bmi,alt_log_adj,REACTOME_SARS_COV_2_TARGETS_HOST_INTRACELLULAR_SIGNALLING_AND_REGULATORY_PATHWAYS,ppgs,0.007064239524085381,0.005695156315275019,1.2403943163312892,0.21483984796940228
bmi,alt_log_adj,REACTOME_SARS_COV_2_TARGETS_HOST_INTRACELLULAR_SIGNALLING_AND_REGULATORY_PATHWAYS,bmi,0.2884543037225756,0.005761430449535326,50.066438577912564,0
bmi,alt_log_adj,REACTOME_SARS_COV_2_TARGETS_PDZ_PROTEINS_IN_CELL_CELL_JUNCTION,ppgs,-0.0032565368634672512,0.005716529119611288,-0.5696703008640825,0.568905851006847
bmi,alt_log_adj,REACTOME_SARS_COV_2_TARGETS_PDZ_PROTEINS_IN_CELL_CELL_JUNCTION,bmi,0.28842585015828553,0.005761498706879932,50.06090686332532,0
bmi,alt_log_adj,REACTOME_SARS_COV_INFECTIONS,ppgs,0.025432676204459093,0.006957495050170697,3.6554357597185962,2.5720915145730167e-4
bmi,alt_log_adj,REACTOME_SARS_COV_INFECTIONS,bmi,0.28840395198911795,0.005760141359300558,50.06890178544824,0
bmi,alt_log_adj,REACTOME_SCAVENGING_BY_CLASS_A_RECEPTORS,ppgs,0.009683051478292064,0.00581940123268256,1.6639257358490271,0.09613832363325023
bmi,alt_log_adj,REACTOME_SCAVENGING_BY_CLASS_A_RECEPTORS,bmi,0.28835122766117866,0.005761342625562893,50.04931079463552,0
bmi,alt_log_adj,REACTOME_SCAVENGING_BY_CLASS_B_RECEPTORS,ppgs,0.009015318674416356,0.005952588141547348,1.5145208201945022,0.12990494597239552
bmi,alt_log_adj,REACTOME_SCAVENGING_BY_CLASS_B_RECEPTORS,bmi,0.28846350687555233,0.0057613553142898365,50.06868890034936,0
bmi,alt_log_adj,REACTOME_SCAVENGING_BY_CLASS_F_RECEPTORS,ppgs,5.40830864492994e-4,0.005721313696637764,0.09452914018869883,0.9246895036379008
bmi,alt_log_adj,REACTOME_SCAVENGING_BY_CLASS_F_RECEPTORS,bmi,0.2884100218638963,0.005761702597277517,50.05638819333958,0
bmi,alt_log_adj,REACTOME_SCAVENGING_OF_HEME_FROM_PLASMA,ppgs,0.017560584555862496,0.005723795590150689,3.06799645083066,0.0021570238888018664
bmi,alt_log_adj,REACTOME_SCAVENGING_OF_HEME_FROM_PLASMA,bmi,0.2886353336418751,0.005760990916006156,50.10168178532269,0
bmi,alt_log_adj,REACTOME_SCF_BETA_TRCP_MEDIATED_DEGRADATION_OF_EMI1,ppgs,-0.012479743441347982,0.00598456764946842,-2.085320807169169,0.037049112405291434
bmi,alt_log_adj,REACTOME_SCF_BETA_TRCP_MEDIATED_DEGRADATION_OF_EMI1,bmi,0.2882815809048812,0.005761409383181077,50.0366423789366,0
bmi,alt_log_adj,REACTOME_SCF_SKP2_MEDIATED_DEGRADATION_OF_P27_P21,ppgs,-0.010990426689988734,0.006070521167266488,-1.8104585071297337,0.07023529591512931
bmi,alt_log_adj,REACTOME_SCF_SKP2_MEDIATED_DEGRADATION_OF_P27_P21,bmi,0.2883619198837663,0.00576123846619161,50.052071542593886,0
bmi,alt_log_adj,REACTOME_SEALING_OF_THE_NUCLEAR_ENVELOPE_NE_BY_ESCRT_III,ppgs,0.008412543612458185,0.005743053099691756,1.4648207959124924,0.14298090594613405
bmi,alt_log_adj,REACTOME_SEALING_OF_THE_NUCLEAR_ENVELOPE_NE_BY_ESCRT_III,bmi,0.2884222708709128,0.0057612823100098316,50.06216591223085,0
bmi,alt_log_adj,REACTOME_SELECTIVE_AUTOPHAGY,ppgs,0.01897046216919427,0.006159048715876301,3.0800961389205668,0.0020713175611212216
bmi,alt_log_adj,REACTOME_SELECTIVE_AUTOPHAGY,bmi,0.28838119714747296,0.005760544392717715,50.06144862142451,0
bmi,alt_log_adj,REACTOME_SELENOAMINO_ACID_METABOLISM,ppgs,0.01992473061490671,0.005729711071908263,3.477440723423919,5.069834775644922e-4
bmi,alt_log_adj,REACTOME_SELENOAMINO_ACID_METABOLISM,bmi,0.28842123536799064,0.0057602698617874514,50.07078527367666,0
bmi,alt_log_adj,REACTOME_SEMA3A_PAK_DEPENDENT_AXON_REPULSION,ppgs,-0.0029222981509965298,0.0057515796610310334,-0.508086182096394,0.6113968585052078
bmi,alt_log_adj,REACTOME_SEMA3A_PAK_DEPENDENT_AXON_REPULSION,bmi,0.2883912941302449,0.00576165468150888,50.053554069422304,0
bmi,alt_log_adj,REACTOME_SEMA3A_PLEXIN_REPULSION_SIGNALING_BY_INHIBITING_INTEGRIN_ADHESION,ppgs,-0.004324831127693556,0.005835495293659768,-0.7411249448512897,0.45862382490766584
bmi,alt_log_adj,REACTOME_SEMA3A_PLEXIN_REPULSION_SIGNALING_BY_INHIBITING_INTEGRIN_ADHESION,bmi,0.28837078206778527,0.005761745818589705,50.049202298613274,0
bmi,alt_log_adj,REACTOME_SEMA4D_INDUCED_CELL_MIGRATION_AND_GROWTH_CONE_COLLAPSE,ppgs,0.01682732505293239,0.005966354959944162,2.820369415816634,0.004800169424200648
bmi,alt_log_adj,REACTOME_SEMA4D_INDUCED_CELL_MIGRATION_AND_GROWTH_CONE_COLLAPSE,bmi,0.2884035358880409,0.005760691169667076,50.064050891432956,0
bmi,alt_log_adj,REACTOME_SEMA4D_IN_SEMAPHORIN_SIGNALING,ppgs,0.0018561797625566176,0.005932422826613813,0.31288730031674306,0.7543685879988687
bmi,alt_log_adj,REACTOME_SEMA4D_IN_SEMAPHORIN_SIGNALING,bmi,0.2884140927972417,0.00576148827202962,50.058956849293565,0
bmi,alt_log_adj,REACTOME_SEMA4D_MEDIATED_INHIBITION_OF_CELL_ATTACHMENT_AND_MIGRATION,ppgs,2.606638987318161e-4,0.00604451860649149,0.043124012961408865,0.9656029812392763
bmi,alt_log_adj,REACTOME_SEMA4D_MEDIATED_INHIBITION_OF_CELL_ATTACHMENT_AND_MIGRATION,bmi,0.2884168726417337,0.005761734105772945,50.05730346923779,0
bmi,alt_log_adj,REACTOME_SEMAPHORIN_INTERACTIONS,ppgs,0.009687795640075728,0.006171209677957969,1.5698373812638602,0.11646410911091082
bmi,alt_log_adj,REACTOME_SEMAPHORIN_INTERACTIONS,bmi,0.28850732772856863,0.005761550215438222,50.07460092172864,0
bmi,alt_log_adj,REACTOME_SENESCENCE_ASSOCIATED_SECRETORY_PHENOTYPE_SASP,ppgs,-0.006344679736056156,0.006194799113741317,-1.0241945896166953,0.30575211301034533
bmi,alt_log_adj,REACTOME_SENESCENCE_ASSOCIATED_SECRETORY_PHENOTYPE_SASP,bmi,0.2883956615247375,0.005761421123779513,50.05634119235307,0
bmi,alt_log_adj,REACTOME_SENSING_OF_DNA_DOUBLE_STRAND_BREAKS,ppgs,-0.0056430508036087335,0.005715212645508505,-0.9873737258129,0.3234678868222677
bmi,alt_log_adj,REACTOME_SENSING_OF_DNA_DOUBLE_STRAND_BREAKS,bmi,0.2884620727478258,0.005761599332368351,50.06631945530499,0
bmi,alt_log_adj,REACTOME_SENSORY_PERCEPTION,ppgs,0.0158415680299836,0.007278265296442655,2.176558202368134,0.02952177150026718
bmi,alt_log_adj,REACTOME_SENSORY_PERCEPTION,bmi,0.28848592008137647,0.005761109757467008,50.07471341914085,0
bmi,alt_log_adj,REACTOME_SENSORY_PERCEPTION_OF_SALTY_TASTE,ppgs,0.0033823440487765555,0.005795656664379873,0.5835997963034033,0.5594942402001408
bmi,alt_log_adj,REACTOME_SENSORY_PERCEPTION_OF_SALTY_TASTE,bmi,0.2883929029665601,0.00576158355916228,50.054451177393275,0
bmi,alt_log_adj,REACTOME_SENSORY_PERCEPTION_OF_TASTE,ppgs,0.006528905562516977,0.005861403680912301,1.1138808923497967,0.2653397314554395
bmi,alt_log_adj,REACTOME_SENSORY_PERCEPTION_OF_TASTE,bmi,0.28836000509365617,0.005761580545360573,50.04876749069381,0
bmi,alt_log_adj,REACTOME_SENSORY_PROCESSING_OF_SOUND,ppgs,0.01683124468403699,0.006531913457999739,2.576770925129679,0.00997781064706453
bmi,alt_log_adj,REACTOME_SENSORY_PROCESSING_OF_SOUND,bmi,0.2884829373187486,0.005760884381739208,50.07615466701238,0
bmi,alt_log_adj,REACTOME_SENSORY_PROCESSING_OF_SOUND_BY_OUTER_HAIR_CELLS_OF_THE_COCHLEA,ppgs,0.01063409875303854,0.006494722240489669,1.6373446560567282,0.10156957414945651
bmi,alt_log_adj,REACTOME_SENSORY_PROCESSING_OF_SOUND_BY_OUTER_HAIR_CELLS_OF_THE_COCHLEA,bmi,0.2884396431031514,0.005761245831926435,50.06549824774679,0
bmi,alt_log_adj,REACTOME_SEPARATION_OF_SISTER_CHROMATIDS,ppgs,0.007098964927137954,0.006518816498008747,1.0889959748531686,0.27616491790640385
bmi,alt_log_adj,REACTOME_SEPARATION_OF_SISTER_CHROMATIDS,bmi,0.2884446173666274,0.005761443306288282,50.06464561610922,0
bmi,alt_log_adj,REACTOME_SERINE_METABOLISM,ppgs,0.010116496253760168,0.005826748109328871,1.736216507722932,0.08253642356972475
bmi,alt_log_adj,REACTOME_SERINE_METABOLISM,bmi,0.2883025955886117,0.005761552985277134,50.039042654876184,0
bmi,alt_log_adj,REACTOME_SEROTONIN_AND_MELATONIN_BIOSYNTHESIS,ppgs,0.0047918578715284875,0.005698160185643849,0.8409482561759614,0.40038401572698246
bmi,alt_log_adj,REACTOME_SEROTONIN_AND_MELATONIN_BIOSYNTHESIS,bmi,0.2884371233176895,0.00576148824050409,50.062954444640724,0
bmi,alt_log_adj,REACTOME_SEROTONIN_NEUROTRANSMITTER_RELEASE_CYCLE,ppgs,0.0031402083989527873,0.005776658628216361,0.5436029028293781,0.5867190363647526
bmi,alt_log_adj,REACTOME_SEROTONIN_NEUROTRANSMITTER_RELEASE_CYCLE,bmi,0.2884453461031183,0.005761745157122188,50.0621492685365,0
bmi,alt_log_adj,REACTOME_SEROTONIN_RECEPTORS,ppgs,-0.004110049961100924,0.005851103272309388,-0.7024401672334041,0.4824104705651471
bmi,alt_log_adj,REACTOME_SEROTONIN_RECEPTORS,bmi,0.28839395426690545,0.005761522962012554,50.055160097143265,0
bmi,alt_log_adj,REACTOME_SHC1_EVENTS_IN_EGFR_SIGNALING,ppgs,-0.004854657078104803,0.005707145841927614,-0.8506278291400945,0.394983309692731
bmi,alt_log_adj,REACTOME_SHC1_EVENTS_IN_EGFR_SIGNALING,bmi,0.2883948481973685,0.005761471343665866,50.05576370946085,0
bmi,alt_log_adj,REACTOME_SHC1_EVENTS_IN_ERBB2_SIGNALING,ppgs,-0.002964929199065028,0.005968192330590458,-0.4967884804697129,0.6193420717190191
bmi,alt_log_adj,REACTOME_SHC1_EVENTS_IN_ERBB2_SIGNALING,bmi,0.2884149927901921,0.005761472941111675,50.05924626186694,0
bmi,alt_log_adj,REACTOME_SHC1_EVENTS_IN_ERBB4_SIGNALING,ppgs,-0.0025637253698710867,0.005894861277528458,-0.43490851593813606,0.6636321435528394
bmi,alt_log_adj,REACTOME_SHC1_EVENTS_IN_ERBB4_SIGNALING,bmi,0.28840734077847474,0.005761503077687635,50.05765629031414,0
bmi,alt_log_adj,REACTOME_SHC_MEDIATED_CASCADE_FGFR1,ppgs,-0.010016609299067452,0.005892292855017839,-1.6999510284926473,0.08915110692570062
bmi,alt_log_adj,REACTOME_SHC_MEDIATED_CASCADE_FGFR1,bmi,0.2884293052314127,0.0057612108116453994,50.064008185292806,0
bmi,alt_log_adj,REACTOME_SHC_MEDIATED_CASCADE_FGFR3,ppgs,-0.008569606561999838,0.005929472614391177,-1.445256116235515,0.1483970127804629
bmi,alt_log_adj,REACTOME_SHC_MEDIATED_CASCADE_FGFR3,bmi,0.28842477819331586,0.00576129001423225,50.062534168704126,0
bmi,alt_log_adj,REACTOME_SHC_MEDIATED_CASCADE_FGFR4,ppgs,-0.0018670394306093026,0.005886521503024968,-0.31717193756106515,0.7511154777540691
bmi,alt_log_adj,REACTOME_SHC_MEDIATED_CASCADE_FGFR4,bmi,0.2884160976071189,0.005761489626997094,50.05929304387939,0
bmi,alt_log_adj,REACTOME_SHC_RELATED_EVENTS_TRIGGERED_BY_IGF1R,ppgs,0.001746449600872782,0.005689809024492354,0.30694344807620333,0.7588886719379976
bmi,alt_log_adj,REACTOME_SHC_RELATED_EVENTS_TRIGGERED_BY_IGF1R,bmi,0.2884164934793714,0.005761491623257518,50.05934440920044,0
bmi,alt_log_adj,REACTOME_SIALIC_ACID_METABOLISM,ppgs,-0.0010204768196871807,0.005993365118943772,-0.1702677543308128,0.8648007842923203
bmi,alt_log_adj,REACTOME_SIALIC_ACID_METABOLISM,bmi,0.2884214854412949,0.005761636025241439,50.058956202324275,0
bmi,alt_log_adj,REACTOME_SIGNALING_BY_ACTIVATED_POINT_MUTANTS_OF_FGFR1,ppgs,-0.00960151966830799,0.006076548244571047,-1.5800943696754566,0.11409641307983628
bmi,alt_log_adj,REACTOME_SIGNALING_BY_ACTIVATED_POINT_MUTANTS_OF_FGFR1,bmi,0.2884426389856512,0.0057612715655776785,50.065794625796165,0
bmi,alt_log_adj,REACTOME_SIGNALING_BY_ACTIVIN,ppgs,0.003201476066085992,0.005729734380533418,0.5587477278114148,0.5763383146446457
bmi,alt_log_adj,REACTOME_SIGNALING_BY_ACTIVIN,bmi,0.28840382669739645,0.005761498643287987,50.05708489290026,0
bmi,alt_log_adj,REACTOME_SIGNALING_BY_ALK,ppgs,0.0022475807817088455,0.0059091662469915015,0.3803549752645973,0.7036847817072014
bmi,alt_log_adj,REACTOME_SIGNALING_BY_ALK,bmi,0.28839281730575406,0.005761768475336857,50.052829880307435,0
bmi,alt_log_adj,REACTOME_SIGNALING_BY_ALK_IN_CANCER,ppgs,0.010473257050788809,0.006153074439831462,1.702117722319589,0.08874426621852444
bmi,alt_log_adj,REACTOME_SIGNALING_BY_ALK_IN_CANCER,bmi,0.2883401915895914,0.005761369537261808,50.047161482134356,0
bmi,alt_log_adj,REACTOME_SIGNALING_BY_BMP,ppgs,0.004537902326589813,0.005862548145346227,0.7740494771359897,0.43890798794888974
bmi,alt_log_adj,REACTOME_SIGNALING_BY_BMP,bmi,0.28839385447207455,0.0057614995594915145,50.055346094225335,0
bmi,alt_log_adj,REACTOME_SIGNALING_BY_BRAF_AND_RAF1_FUSIONS,ppgs,0.016992719439124296,0.0057253256397316364,2.9679917804502027,0.0030000277201528967
bmi,alt_log_adj,REACTOME_SIGNALING_BY_BRAF_AND_RAF1_FUSIONS,bmi,0.28833719111159184,0.005760662111193917,50.0527865627295,0
bmi,alt_log_adj,REACTOME_SIGNALING_BY_CSF1_M_CSF_IN_MYELOID_CELLS,ppgs,-1.4623947342706634e-4,0.005879027274909077,-0.024874773765925087,0.9801550237044024
bmi,alt_log_adj,REACTOME_SIGNALING_BY_CSF1_M_CSF_IN_MYELOID_CELLS,bmi,0.28841528711401204,0.005761559908296568,50.0585417325433,0
bmi,alt_log_adj,REACTOME_SIGNALING_BY_CSF3_G_CSF,ppgs,0.008654426446664835,0.00583922179971454,1.4821198343738067,0.13831952734450398
bmi,alt_log_adj,REACTOME_SIGNALING_BY_CSF3_G_CSF,bmi,0.28840631126309374,0.0057612774929555015,50.05943761878114,0
bmi,alt_log_adj,REACTOME_SIGNALING_BY_CTNNB1_PHOSPHO_SITE_MUTANTS,ppgs,0.008030233721050493,0.00597006931173045,1.3450821593096203,0.17860946370900727
bmi,alt_log_adj,REACTOME_SIGNALING_BY_CTNNB1_PHOSPHO_SITE_MUTANTS,bmi,0.28837106268237045,0.005761405145086138,50.05221042792314,0
bmi,alt_log_adj,REACTOME_SIGNALING_BY_CYTOSOLIC_FGFR1_FUSION_MUTANTS,ppgs,-0.004894983551879391,0.005686914018429237,-0.8607451310177215,0.3893857102215136
bmi,alt_log_adj,REACTOME_SIGNALING_BY_CYTOSOLIC_FGFR1_FUSION_MUTANTS,bmi,0.2884529585654406,0.005761594836120068,50.06477664085254,0
bmi,alt_log_adj,REACTOME_SIGNALING_BY_EGFR,ppgs,0.008533134797489088,0.006085889645410655,1.402117898066701,0.16089099256224176
bmi,alt_log_adj,REACTOME_SIGNALING_BY_EGFR,bmi,0.2883851575807139,0.005761336534102008,50.055252956276604,0
bmi,alt_log_adj,REACTOME_SIGNALING_BY_EGFR_IN_CANCER,ppgs,-8.966580010242548e-4,0.005713224759571758,-0.1569442895664173,0.8752898719681235
bmi,alt_log_adj,REACTOME_SIGNALING_BY_EGFR_IN_CANCER,bmi,0.2884159843027451,0.005761502005061191,50.05916583026199,0
bmi,alt_log_adj,REACTOME_SIGNALING_BY_ERBB2,ppgs,3.5547539350100734e-4,0.006134476787854903,0.057947141344601875,0.9537911412315918
bmi,alt_log_adj,REACTOME_SIGNALING_BY_ERBB2,bmi,0.28841236027560857,0.005761629863065749,50.0574259593526,0
bmi,alt_log_adj,REACTOME_SIGNALING_BY_ERBB2_ECD_MUTANTS,ppgs,-0.0011189286196939391,0.005688147682013229,-0.1967123011296205,0.8440540933972976
bmi,alt_log_adj,REACTOME_SIGNALING_BY_ERBB2_ECD_MUTANTS,bmi,0.2884165073473062,0.005761502009244797,50.05925657658689,0
bmi,alt_log_adj,REACTOME_SIGNALING_BY_ERBB2_IN_CANCER,ppgs,-0.0031152342337154083,0.005871068223402577,-0.5306077386901791,0.5956947882311624
bmi,alt_log_adj,REACTOME_SIGNALING_BY_ERBB2_IN_CANCER,bmi,0.28840907611544175,0.005761478843432264,50.05816804208361,0
bmi,alt_log_adj,REACTOME_SIGNALING_BY_ERBB4,ppgs,-7.687317639007825e-4,0.006325734458424911,-0.12152450738379467,0.9032764657890135
bmi,alt_log_adj,REACTOME_SIGNALING_BY_ERBB4,bmi,0.28841509770817286,0.005761497799434427,50.059048488482446,0
bmi,alt_log_adj,REACTOME_SIGNALING_BY_ERYTHROPOIETIN,ppgs,2.8398621966059696e-4,0.0056883624841496646,0.04992407225311507,0.9601832460498729
bmi,alt_log_adj,REACTOME_SIGNALING_BY_ERYTHROPOIETIN,bmi,0.288411636419532,0.0057618081252930895,50.055751623082934,0
bmi,alt_log_adj,REACTOME_SIGNALING_BY_FGFR,ppgs,0.001056529977839843,0.006059843487303281,0.17434938378417003,0.8615921358506154
bmi,alt_log_adj,REACTOME_SIGNALING_BY_FGFR,bmi,0.28841267984904423,0.005761505654073102,50.05856058566056,0
bmi,alt_log_adj,REACTOME_SIGNALING_BY_FGFR1,ppgs,-0.003685844519117871,0.005982037405164107,-0.6161520347458871,0.5377991291125344
bmi,alt_log_adj,REACTOME_SIGNALING_BY_FGFR1,bmi,0.2884364125351069,0.005761567932225441,50.06213862754831,0
bmi,alt_log_adj,REACTOME_SIGNALING_BY_FGFR1_IN_DISEASE,ppgs,-0.012180319743711133,0.005854507794128397,-2.0805027804262246,0.03748839875654739
bmi,alt_log_adj,REACTOME_SIGNALING_BY_FGFR1_IN_DISEASE,bmi,0.28842351370226477,0.005761059757557989,50.064315566919646,0
bmi,alt_log_adj,REACTOME_SIGNALING_BY_FGFR2,ppgs,0.0031943938548661976,0.0060400937703567244,0.5288649442072384,0.5969032823282344
bmi,alt_log_adj,REACTOME_SIGNALING_BY_FGFR2,bmi,0.28840209675074463,0.005761518227988079,50.05661447875946,0
bmi,alt_log_adj,REACTOME_SIGNALING_BY_FGFR2_IIIA_TM,ppgs,-0.007031514757312159,0.006071793507411498,-1.1580622346147285,0.24684839619503252
bmi,alt_log_adj,REACTOME_SIGNALING_BY_FGFR2_IIIA_TM,bmi,0.2883868304019498,0.005761411678758347,50.054890447283675,0
bmi,alt_log_adj,REACTOME_SIGNALING_BY_FGFR2_IN_DISEASE,ppgs,-0.0013420239762547104,0.005916868233873035,-0.2268132267289405,0.8205706136791231
bmi,alt_log_adj,REACTOME_SIGNALING_BY_FGFR2_IN_DISEASE,bmi,0.28841855126626076,0.0057615187855966365,50.05946556787863,0
bmi,alt_log_adj,REACTOME_SIGNALING_BY_FGFR3,ppgs,0.0027558111690515336,0.005957949952120138,0.46254352439984453,0.6436951477248922
bmi,alt_log_adj,REACTOME_SIGNALING_BY_FGFR3,bmi,0.28838991477218806,0.005761723846913666,50.05271381179913,0
bmi,alt_log_adj,REACTOME_SIGNALING_BY_FGFR4,ppgs,0.007002092947898606,0.0059269312771792065,1.1814027564077136,0.23745267405663945
bmi,alt_log_adj,REACTOME_SIGNALING_BY_FGFR4,bmi,0.2883548287003688,0.005761578453540459,50.04788722839942,0
bmi,alt_log_adj,REACTOME_SIGNALING_BY_FGFR4_IN_DISEASE,ppgs,-0.0015251541244787569,0.005728554213402179,-0.26623718091217474,0.7900584860311454
bmi,alt_log_adj,REACTOME_SIGNALING_BY_FGFR4_IN_DISEASE,bmi,0.28841961398345256,0.005761521275914233,50.05962838134038,0
bmi,alt_log_adj,REACTOME_SIGNALING_BY_FGFR_IN_DISEASE,ppgs,-0.014755875545595706,0.005952114947402615,-2.4790978796595446,0.013177285343068825
bmi,alt_log_adj,REACTOME_SIGNALING_BY_FGFR_IN_DISEASE,bmi,0.28839016704226994,0.005760881986471099,50.06007200278147,0
bmi,alt_log_adj,REACTOME_SIGNALING_BY_FLT3_FUSION_PROTEINS,ppgs,-0.002040275831745893,0.005676881600168486,-0.35940080759925286,0.7192979475393795
bmi,alt_log_adj,REACTOME_SIGNALING_BY_FLT3_FUSION_PROTEINS,bmi,0.2884281500936205,0.005761607796471683,50.060358199016825,0
bmi,alt_log_adj,REACTOME_SIGNALING_BY_FLT3_ITD_AND_TKD_MUTANTS,ppgs,0.0037009669578291415,0.005781119266925085,0.6401817341847794,0.5220596302867266
bmi,alt_log_adj,REACTOME_SIGNALING_BY_FLT3_ITD_AND_TKD_MUTANTS,bmi,0.2884129747907233,0.005761456900777884,50.05903537207459,0
bmi,alt_log_adj,REACTOME_SIGNALING_BY_GPCR,ppgs,-0.002225245184510723,0.00877063546744943,-0.2537153884424114,0.799717284659006
bmi,alt_log_adj,REACTOME_SIGNALING_BY_GPCR,bmi,0.2884214472665281,0.005761554228667685,50.059660261710896,0
bmi,alt_log_adj,REACTOME_SIGNALING_BY_HEDGEHOG,ppgs,0.00478474047220842,0.006313790673197883,0.7578237416897111,0.4485628065507884
bmi,alt_log_adj,REACTOME_SIGNALING_BY_HEDGEHOG,bmi,0.28846981576253466,0.00576189993572956,50.0650512817365,0
bmi,alt_log_adj,REACTOME_SIGNALING_BY_HIPPO,ppgs,0.005325007491685876,0.005697144820662616,0.9346800299639463,0.34996118270890564
bmi,alt_log_adj,REACTOME_SIGNALING_BY_HIPPO,bmi,0.288465896804541,0.005761670359805341,50.066365965144676,0
bmi,alt_log_adj,REACTOME_SIGNALING_BY_INSULIN_RECEPTOR,ppgs,0.001687053194032057,0.006269801537296756,0.26907601205499004,0.7878731476766226
bmi,alt_log_adj,REACTOME_SIGNALING_BY_INSULIN_RECEPTOR,bmi,0.28840771462175724,0.005761547807061334,50.05733255711004,0
bmi,alt_log_adj,REACTOME_SIGNALING_BY_INTERLEUKINS,ppgs,0.03210921735459375,0.007665952934669436,4.188548720326619,2.815921888650158e-5
bmi,alt_log_adj,REACTOME_SIGNALING_BY_INTERLEUKINS,bmi,0.2882271048706395,0.005759890018361867,50.04038340173244,0
bmi,alt_log_adj,REACTOME_SIGNALING_BY_KIT_IN_DISEASE,ppgs,-0.0020825031543562295,0.005682936213987229,-0.36644844776378643,0.7140332086468636
bmi,alt_log_adj,REACTOME_SIGNALING_BY_KIT_IN_DISEASE,bmi,0.2884115622795202,0.00576149037732866,50.058499344963494,0
bmi,alt_log_adj,REACTOME_SIGNALING_BY_LEPTIN,ppgs,0.013097967769968327,0.005793529994343434,2.2607922601171735,0.023779672755661306
bmi,alt_log_adj,REACTOME_SIGNALING_BY_LEPTIN,bmi,0.2882770248023847,0.005761300142637893,50.036800316810606,0
bmi,alt_log_adj,REACTOME_SIGNALING_BY_LRP5_MUTANTS,ppgs,0.013699516217692774,0.00570848137302727,2.3998530121204147,0.01640806623211479
bmi,alt_log_adj,REACTOME_SIGNALING_BY_LRP5_MUTANTS,bmi,0.28838927842026557,0.005760922496375876,50.0595657382455,0
bmi,alt_log_adj,REACTOME_SIGNALING_BY_LTK,ppgs,-0.002339644913017995,0.005678978250934726,-0.41198342547497935,0.6803546866810776
bmi,alt_log_adj,REACTOME_SIGNALING_BY_LTK,bmi,0.2884092975710647,0.0057614952206823155,50.05806418718322,0
bmi,alt_log_adj,REACTOME_SIGNALING_BY_LTK_IN_CANCER,ppgs,1.4071707020212802e-4,0.00569423423197281,0.024712202636837356,0.9802846956909796
bmi,alt_log_adj,REACTOME_SIGNALING_BY_LTK_IN_CANCER,bmi,0.288413796905184,0.005761594708917967,50.05798072862858,0
bmi,alt_log_adj,REACTOME_SIGNALING_BY_MAPK_MUTANTS,ppgs,-0.0037107790569279073,0.005775338982377901,-0.6425214291750637,0.5205398761328095
bmi,alt_log_adj,REACTOME_SIGNALING_BY_MAPK_MUTANTS,bmi,0.2884282468779981,0.005761495043207744,50.06135468571264,0
bmi,alt_log_adj,REACTOME_SIGNALING_BY_MEMBRANE_TETHERED_FUSIONS_OF_PDGFRA_OR_PDGFRB,ppgs,0.00271789287105959,0.0061818660173648616,0.43965573880524567,0.6601898155854222
bmi,alt_log_adj,REACTOME_SIGNALING_BY_MEMBRANE_TETHERED_FUSIONS_OF_PDGFRA_OR_PDGFRB,bmi,0.28840595616067594,0.00576151204692856,50.05733804104845,0
bmi,alt_log_adj,REACTOME_SIGNALING_BY_MET,ppgs,0.01807018693279961,0.006073679426213186,2.9751631037375974,0.002930796107420288
bmi,alt_log_adj,REACTOME_SIGNALING_BY_MET,bmi,0.28849120946961787,0.005760656223348224,50.079573972900654,0
bmi,alt_log_adj,REACTOME_SIGNALING_BY_MODERATE_KINASE_ACTIVITY_BRAF_MUTANTS,ppgs,0.024487287831712896,0.0058791008740257614,4.165141635840827,3.120795275243709e-5
bmi,alt_log_adj,REACTOME_SIGNALING_BY_MODERATE_KINASE_ACTIVITY_BRAF_MUTANTS,bmi,0.2881887312779389,0.005759991208801837,50.03284220947386,0
bmi,alt_log_adj,REACTOME_SIGNALING_BY_MRAS_COMPLEX_MUTANTS,ppgs,0.012300645936897003,0.0058324115156219054,2.1090154396599354,0.03495199491206683
bmi,alt_log_adj,REACTOME_SIGNALING_BY_MRAS_COMPLEX_MUTANTS,bmi,0.2885015431016556,0.005761193454942917,50.07669771167476,0
bmi,alt_log_adj,REACTOME_SIGNALING_BY_MST1,ppgs,-0.003957565414039935,0.005698628375022821,-0.6944768378626,0.48738891263780426
bmi,alt_log_adj,REACTOME_SIGNALING_BY_MST1,bmi,0.28841914236671007,0.005761452638892623,50.060142891697105,0
bmi,alt_log_adj,REACTOME_SIGNALING_BY_NODAL,ppgs,0.008226275528239794,0.005784472745519269,1.4221305709516876,0.15499935134207748
bmi,alt_log_adj,REACTOME_SIGNALING_BY_NODAL,bmi,0.28828690519991285,0.005761992376667968,50.03250375118038,0
bmi,alt_log_adj,REACTOME_SIGNALING_BY_NOTCH,ppgs,0.0012810619893226455,0.006845166147336085,0.18714841418731568,0.8515456089259984
bmi,alt_log_adj,REACTOME_SIGNALING_BY_NOTCH,bmi,0.28840911690896726,0.0057615695103915765,50.05738738182228,0
bmi,alt_log_adj,REACTOME_SIGNALING_BY_NOTCH1,ppgs,0.0017063783765481893,0.006269823990274324,0.2721573012567981,0.7855030536886843
bmi,alt_log_adj,REACTOME_SIGNALING_BY_NOTCH1,bmi,0.2884042840508538,0.005761615666689068,50.056147569556,0
bmi,alt_log_adj,REACTOME_SIGNALING_BY_NOTCH1_HD_DOMAIN_MUTANTS_IN_CANCER,ppgs,0.0021257234048949734,0.0057468015465438485,0.36989678305028517,0.7114621616100728
bmi,alt_log_adj,REACTOME_SIGNALING_BY_NOTCH1_HD_DOMAIN_MUTANTS_IN_CANCER,bmi,0.28839810152061013,0.00576165717966995,50.05471386569562,0
bmi,alt_log_adj,REACTOME_SIGNALING_BY_NOTCH1_PEST_DOMAIN_MUTANTS_IN_CANCER,ppgs,-0.003269883820184094,0.006074920445111352,-0.5382595294421437,0.5904021130737929
bmi,alt_log_adj,REACTOME_SIGNALING_BY_NOTCH1_PEST_DOMAIN_MUTANTS_IN_CANCER,bmi,0.28843334537750814,0.005761573535172905,50.06155759649646,0
bmi,alt_log_adj,REACTOME_SIGNALING_BY_NOTCH1_T_7_9_NOTCH1_M1580_K2555_TRANSLOCATION_MUTANT,ppgs,0.004455508504591288,0.005694346295020279,0.7824442479881566,0.4339600736773548
bmi,alt_log_adj,REACTOME_SIGNALING_BY_NOTCH1_T_7_9_NOTCH1_M1580_K2555_TRANSLOCATION_MUTANT,bmi,0.288407594584835,0.005761442761552133,50.05822439293625,0
bmi,alt_log_adj,REACTOME_SIGNALING_BY_NOTCH2,ppgs,-0.009249687125767672,0.006050718165736919,-1.5286924415262613,0.12635186406737614
bmi,alt_log_adj,REACTOME_SIGNALING_BY_NOTCH2,bmi,0.2883978227799695,0.005761270997835153,50.058020684730415,0
bmi,alt_log_adj,REACTOME_SIGNALING_BY_NOTCH3,ppgs,-9.505342853438936e-4,0.006266302825004987,-0.1516898100664545,0.8794326739478896
bmi,alt_log_adj,REACTOME_SIGNALING_BY_NOTCH3,bmi,0.28841530313721936,0.0057614973820623435,50.0590877703359,0
bmi,alt_log_adj,REACTOME_SIGNALING_BY_NOTCH4,ppgs,-0.00815770160112519,0.006133839755023791,-1.3299502313283937,0.18354536943633845
bmi,alt_log_adj,REACTOME_SIGNALING_BY_NOTCH4,bmi,0.2883748540810123,0.005761395839805627,50.0529493371421,0
bmi,alt_log_adj,REACTOME_SIGNALING_BY_NTRK2_TRKB,ppgs,-0.0013998801948639135,0.005743343809547039,-0.24373957772420346,0.8074342827127767
bmi,alt_log_adj,REACTOME_SIGNALING_BY_NTRK2_TRKB,bmi,0.2884145192633597,0.005761491950215253,50.05899891131226,0
bmi,alt_log_adj,REACTOME_SIGNALING_BY_NTRK3_TRKC,ppgs,0.006874741811432182,0.005751402860439524,1.1953156435483658,0.23197372895669718
bmi,alt_log_adj,REACTOME_SIGNALING_BY_NTRK3_TRKC,bmi,0.28835327396558885,0.0057615813885877895,50.04759188800882,0
bmi,alt_log_adj,REACTOME_SIGNALING_BY_NTRKS,ppgs,0.0041436356668867235,0.006602256611393578,0.6276089995859918,0.5302651667620106
bmi,alt_log_adj,REACTOME_SIGNALING_BY_NTRKS,bmi,0.28837562718727305,0.005761792961923983,50.04963369787213,0
bmi,alt_log_adj,REACTOME_SIGNALING_BY_NUCLEAR_RECEPTORS,ppgs,0.023569409817979774,0.007038561222585752,3.348611892775594,8.132323128841783e-4
bmi,alt_log_adj,REACTOME_SIGNALING_BY_NUCLEAR_RECEPTORS,bmi,0.28827987468694316,0.005760499403141507,50.04425042206042,0
bmi,alt_log_adj,REACTOME_SIGNALING_BY_PDGF,ppgs,4.3252522786782575e-4,0.005821933793492421,0.07429236456644168,0.9407782766119402
bmi,alt_log_adj,REACTOME_SIGNALING_BY_PDGF,bmi,0.2884131371331098,0.0057615320895068505,50.05841027222259,0
bmi,alt_log_adj,REACTOME_SIGNALING_BY_PDGFRA_TRANSMEMBRANE_JUXTAMEMBRANE_AND_KINASE_DOMAIN_MUTANTS,ppgs,-0.0011189286196939391,0.005688147682013229,-0.1967123011296205,0.8440540933972976
bmi,alt_log_adj,REACTOME_SIGNALING_BY_PDGFRA_TRANSMEMBRANE_JUXTAMEMBRANE_AND_KINASE_DOMAIN_MUTANTS,bmi,0.2884165073473062,0.005761502009244797,50.05925657658689,0
bmi,alt_log_adj,REACTOME_SIGNALING_BY_PDGFR_IN_DISEASE,ppgs,0.0029147065796620835,0.005888996542708418,0.49494112596669587,0.6206455151865626
bmi,alt_log_adj,REACTOME_SIGNALING_BY_PDGFR_IN_DISEASE,bmi,0.2884064073642302,0.005761496986316678,50.05754720503781,0
bmi,alt_log_adj,REACTOME_SIGNALING_BY_PTK6,ppgs,0.0021402263905896477,0.006506618581054865,0.3289306671242853,0.742210523688893
bmi,alt_log_adj,REACTOME_SIGNALING_BY_PTK6,bmi,0.28839326563701356,0.005761852805583483,50.052175119355375,0
bmi,alt_log_adj,REACTOME_SIGNALING_BY_RECEPTOR_TYROSINE_KINASES,ppgs,0.02290639475662115,0.009055304014459494,2.529610791647001,0.011424283124518748
bmi,alt_log_adj,REACTOME_SIGNALING_BY_RECEPTOR_TYROSINE_KINASES,bmi,0.28835522121446544,0.005760895698510971,50.053886809476026,0
bmi,alt_log_adj,REACTOME_SIGNALING_BY_RETINOIC_ACID,ppgs,0.004788649435822797,0.005869110657653881,0.8159071646703305,0.41456008928723664
bmi,alt_log_adj,REACTOME_SIGNALING_BY_RETINOIC_ACID,bmi,0.28842966258052527,0.005761459815615358,50.061906497862,0
bmi,alt_log_adj,REACTOME_SIGNALING_BY_RHO_GTPASES_MIRO_GTPASES_AND_RHOBTB3,ppgs,0.04637581639801927,0.008286620468882991,5.596469220735359,2.207807254671866e-8
bmi,alt_log_adj,REACTOME_SIGNALING_BY_RHO_GTPASES_MIRO_GTPASES_AND_RHOBTB3,bmi,0.2883246589591524,0.005758340342540631,50.07079154893109,0
bmi,alt_log_adj,REACTOME_SIGNALING_BY_RNF43_MUTANTS,ppgs,0.007014449598144819,0.0057561105367814,1.2186092593814286,0.22300267360944923
bmi,alt_log_adj,REACTOME_SIGNALING_BY_RNF43_MUTANTS,bmi,0.2884040084581343,0.005761353658566709,50.05837612993931,0
bmi,alt_log_adj,REACTOME_SIGNALING_BY_ROBO_RECEPTORS,ppgs,0.014610818647116677,0.00616659591163232,2.369349128188479,0.01782608287188527
bmi,alt_log_adj,REACTOME_SIGNALING_BY_ROBO_RECEPTORS,bmi,0.2884667971835689,0.005760969682025212,50.07261157502937,0
bmi,alt_log_adj,REACTOME_SIGNALING_BY_SCF_KIT,ppgs,0.0010761029203198316,0.005691380493359464,0.18907590549874448,0.850034679020531
bmi,alt_log_adj,REACTOME_SIGNALING_BY_SCF_KIT,bmi,0.28840908288630696,0.005761568825558688,50.05738742665119,0
bmi,alt_log_adj,REACTOME_SIGNALING_BY_TGFBR3,ppgs,0.0030865635685615876,0.005889271273068709,0.5240994047389634,0.6002134999664479
bmi,alt_log_adj,REACTOME_SIGNALING_BY_TGFBR3,bmi,0.2884041331273545,0.005761504820124098,50.05708441308612,0
bmi,alt_log_adj,REACTOME_SIGNALING_BY_TGFB_FAMILY_MEMBERS,ppgs,0.01723514357986864,0.006052801887566833,2.8474653391963236,0.00441005637231696
bmi,alt_log_adj,REACTOME_SIGNALING_BY_TGFB_FAMILY_MEMBERS,bmi,0.2883496486057684,0.005760719420349832,50.05445111372179,0
bmi,alt_log_adj,REACTOME_SIGNALING_BY_TGF_BETA_RECEPTOR_COMPLEX,ppgs,0.01153340980577149,0.005795272904191528,1.9901409297618682,0.04658500111991612
bmi,alt_log_adj,REACTOME_SIGNALING_BY_TGF_BETA_RECEPTOR_COMPLEX,bmi,0.28831547543604963,0.005761310942626557,50.043380457540074,0
bmi,alt_log_adj,REACTOME_SIGNALING_BY_TGF_BETA_RECEPTOR_COMPLEX_IN_CANCER,ppgs,0.0037697431487098312,0.005705386482650003,0.6607340554708371,0.5087882488102446
bmi,alt_log_adj,REACTOME_SIGNALING_BY_TGF_BETA_RECEPTOR_COMPLEX_IN_CANCER,bmi,0.28838186094606794,0.0057616669621643685,50.05181015143877,0
bmi,alt_log_adj,REACTOME_SIGNALING_BY_THE_B_CELL_RECEPTOR_BCR,ppgs,0.008817875805229452,0.006547083735299625,1.3468402363156737,0.17804245932772675
bmi,alt_log_adj,REACTOME_SIGNALING_BY_THE_B_CELL_RECEPTOR_BCR,bmi,0.28838428588610804,0.005761357678195701,50.05491795406497,0
bmi,alt_log_adj,REACTOME_SIGNALING_BY_TYPE_1_INSULIN_LIKE_GROWTH_FACTOR_1_RECEPTOR_IGF1R,ppgs,0.0043349166192829134,0.005732660225740255,0.7561788852963369,0.44954823393110066
bmi,alt_log_adj,REACTOME_SIGNALING_BY_TYPE_1_INSULIN_LIKE_GROWTH_FACTOR_1_RECEPTOR_IGF1R,bmi,0.2884080127666109,0.005761446497294725,50.05826451777904,0
bmi,alt_log_adj,REACTOME_SIGNALING_BY_VEGF,ppgs,0.017859737934211268,0.006693121627131411,2.668371939008933,0.007626318742539924
bmi,alt_log_adj,REACTOME_SIGNALING_BY_VEGF,bmi,0.2883727239578124,0.005760795970263862,50.05779157018193,0
bmi,alt_log_adj,REACTOME_SIGNALING_BY_WNT,ppgs,0.013995310348599438,0.007188335058809097,1.946947413288504,0.05155090170062886
bmi,alt_log_adj,REACTOME_SIGNALING_BY_WNT,bmi,0.28835338461028875,0.0057611986789083995,50.050935696063235,0
bmi,alt_log_adj,REACTOME_SIGNALING_BY_WNT_IN_CANCER,ppgs,0.01877010165266453,0.005853081262103196,3.206875287072273,0.0013433404777149183
bmi,alt_log_adj,REACTOME_SIGNALING_BY_WNT_IN_CANCER,bmi,0.28826803587012706,0.005760634573596491,50.041021034624485,0
bmi,alt_log_adj,REACTOME_SIGNALLING_TO_ERKS,ppgs,0.008374887155760772,0.005726372165264158,1.462511851144142,0.14361208469818476
bmi,alt_log_adj,REACTOME_SIGNALLING_TO_ERKS,bmi,0.28837894074988585,0.005761332288427841,50.05421078196117,0
bmi,alt_log_adj,REACTOME_SIGNALLING_TO_P38_VIA_RIT_AND_RIN,ppgs,-4.6273523154442825e-4,0.005815866410850719,-0.07956428137363998,0.9365843660503905
bmi,alt_log_adj,REACTOME_SIGNALLING_TO_P38_VIA_RIT_AND_RIN,bmi,0.2884171355861938,0.0057615839245383224,50.058653898598685,0
bmi,alt_log_adj,REACTOME_SIGNALLING_TO_RAS,ppgs,0.006770999554004296,0.005701853765746205,1.1875084546504802,0.23503707333928395
bmi,alt_log_adj,REACTOME_SIGNALLING_TO_RAS,bmi,0.2884035647283666,0.005761362203380569,50.05822486896264,0
bmi,alt_log_adj,REACTOME_SIGNAL_AMPLIFICATION,ppgs,-0.0025816643504663504,0.006223257860167842,-0.4148412951020999,0.6782612263418197
bmi,alt_log_adj,REACTOME_SIGNAL_AMPLIFICATION,bmi,0.28842713428927524,0.005761559429296455,50.06060213883711,0
bmi,alt_log_adj,REACTOME_SIGNAL_ATTENUATION,ppgs,0.007129416784700558,0.006038815321914471,1.1805985784709072,0.2377721339274268
bmi,alt_log_adj,REACTOME_SIGNAL_ATTENUATION,bmi,0.28846678016625105,0.005761525726394171,50.06777611783517,0
bmi,alt_log_adj,REACTOME_SIGNAL_REGULATORY_PROTEIN_FAMILY_INTERACTIONS,ppgs,0.006729355549579314,0.005813982053873771,1.157443467699671,0.24710097539332024
bmi,alt_log_adj,REACTOME_SIGNAL_REGULATORY_PROTEIN_FAMILY_INTERACTIONS,bmi,0.28844600314189,0.005761425635404121,50.065039695970604,0
bmi,alt_log_adj,REACTOME_SIGNAL_TRANSDUCTION_BY_L1,ppgs,0.006063806036156672,0.006207148931577701,0.9769068058457887,0.3286236281449363
bmi,alt_log_adj,REACTOME_SIGNAL_TRANSDUCTION_BY_L1,bmi,0.2884228485554805,0.005761407149816003,50.06118141896839,0
bmi,alt_log_adj,REACTOME_SIRT1_NEGATIVELY_REGULATES_RRNA_EXPRESSION,ppgs,-9.667108133579803e-4,0.005687383188854557,-0.16997462299576066,0.8650313070210633
bmi,alt_log_adj,REACTOME_SIRT1_NEGATIVELY_REGULATES_RRNA_EXPRESSION,bmi,0.28841554241971995,0.005761497579197635,50.059127588817915,0
bmi,alt_log_adj,REACTOME_SLBP_DEPENDENT_PROCESSING_OF_REPLICATION_DEPENDENT_HISTONE_PRE_MRNAS,ppgs,0.0017299418243981826,0.005703141503519731,0.3033313873293408,0.7616395545268495
bmi,alt_log_adj,REACTOME_SLBP_DEPENDENT_PROCESSING_OF_REPLICATION_DEPENDENT_HISTONE_PRE_MRNAS,bmi,0.28841126976191667,0.005761499222579236,50.058371722352554,0
bmi,alt_log_adj,REACTOME_SLC15A4_TASL_DEPENDENT_IRF5_ACTIVATION,ppgs,0.036662118039220384,0.005795916514784685,6.325508303251045,2.5616439244991793e-10
bmi,alt_log_adj,REACTOME_SLC15A4_TASL_DEPENDENT_IRF5_ACTIVATION,bmi,0.2883634269510078,0.00575744204206809,50.08533735016581,0
bmi,alt_log_adj,REACTOME_SLC_MEDIATED_TRANSMEMBRANE_TRANSPORT,ppgs,0.0039030148667345485,0.0071324840024112116,0.5472167712419815,0.5842341229492808
bmi,alt_log_adj,REACTOME_SLC_MEDIATED_TRANSMEMBRANE_TRANSPORT,bmi,0.2884391470439671,0.0057616418530914894,50.06197094482731,0
bmi,alt_log_adj,REACTOME_SLC_TRANSPORTER_DISORDERS,ppgs,0.00609483517520881,0.006127513506069687,0.994666950822955,0.31990676307490673
bmi,alt_log_adj,REACTOME_SLC_TRANSPORTER_DISORDERS,bmi,0.2884879879621845,0.005761869561200355,50.06846907899883,0
bmi,alt_log_adj,REACTOME_SMAC_XIAP_REGULATED_APOPTOTIC_RESPONSE,ppgs,6.279803557637049e-4,0.005929553569389828,0.10590685258423702,0.9156570064024493
bmi,alt_log_adj,REACTOME_SMAC_XIAP_REGULATED_APOPTOTIC_RESPONSE,bmi,0.2884164961147541,0.005761524000387328,50.05906355599054,0
bmi,alt_log_adj,REACTOME_SMAD2_SMAD3_SMAD4_HETEROTRIMER_REGULATES_TRANSCRIPTION,ppgs,0.013510323048005696,0.005719935998320643,2.3619710171533894,0.018184783038928693
bmi,alt_log_adj,REACTOME_SMAD2_SMAD3_SMAD4_HETEROTRIMER_REGULATES_TRANSCRIPTION,bmi,0.28840134295481723,0.005760933885178796,50.06156097308977,0
bmi,alt_log_adj,REACTOME_SMALL_INTERFERING_RNA_SIRNA_BIOGENESIS,ppgs,0.00480986934306737,0.005996308570993925,0.8021383966686199,0.4224796302369692
bmi,alt_log_adj,REACTOME_SMALL_INTERFERING_RNA_SIRNA_BIOGENESIS,bmi,0.2884176068301798,0.005761433791050761,50.060040137609334,0
bmi,alt_log_adj,REACTOME_SMOOTH_MUSCLE_CONTRACTION,ppgs,0.006057826558295114,0.006111503567801013,0.9912170533960414,0.3215880652450442
bmi,alt_log_adj,REACTOME_SMOOTH_MUSCLE_CONTRACTION,bmi,0.2884286010029418,0.005761415394160825,50.062108226958124,0
bmi,alt_log_adj,REACTOME_SNRNP_ASSEMBLY,ppgs,-4.4869281353353496e-4,0.006041680853805444,-0.074266222329655,0.9407990774504517
bmi,alt_log_adj,REACTOME_SNRNP_ASSEMBLY,bmi,0.28841241477252066,0.005761574083637345,50.057920038137,0
bmi,alt_log_adj,REACTOME_SODIUM_CALCIUM_EXCHANGERS,ppgs,0.002843499274870527,0.005977688179320687,0.47568544721141115,0.6343021555638371
bmi,alt_log_adj,REACTOME_SODIUM_CALCIUM_EXCHANGERS,bmi,0.28840584729788055,0.005761504509631518,50.05738463204393,0
bmi,alt_log_adj,REACTOME_SODIUM_COUPLED_PHOSPHATE_COTRANSPORTERS,ppgs,0.004915846876070879,0.0057877345161957625,0.8493559720672935,0.3956904166434668
bmi,alt_log_adj,REACTOME_SODIUM_COUPLED_PHOSPHATE_COTRANSPORTERS,bmi,0.2884807372752539,0.005761950490803917,50.06650746750943,0
bmi,alt_log_adj,REACTOME_SODIUM_COUPLED_SULPHATE_DI_AND_TRI_CARBOXYLATE_TRANSPORTERS,ppgs,0.0029406936069484705,0.005762755860096041,0.5102929359390668,0.6098502240034438
bmi,alt_log_adj,REACTOME_SODIUM_COUPLED_SULPHATE_DI_AND_TRI_CARBOXYLATE_TRANSPORTERS,bmi,0.2884403856242528,0.005761692715792825,50.06174397909774,0
bmi,alt_log_adj,REACTOME_SODIUM_PROTON_EXCHANGERS,ppgs,0.004498273739555746,0.005722186240591256,0.7861110335148674,0.43180901142256045
bmi,alt_log_adj,REACTOME_SODIUM_PROTON_EXCHANGERS,bmi,0.2883972093210257,0.005761477756965644,50.05611780282456,0
bmi,alt_log_adj,REACTOME_SOMITOGENESIS,ppgs,-0.007807269638457966,0.00604430597488538,-1.2916734643973773,0.19648078130174823
bmi,alt_log_adj,REACTOME_SOMITOGENESIS,bmi,0.2884741343066536,0.005761512662271554,50.06916607086285,0
bmi,alt_log_adj,REACTOME_SOS_MEDIATED_SIGNALLING,ppgs,0.0044137205606256,0.005689103271749647,0.7758200809155269,0.437861697486128
bmi,alt_log_adj,REACTOME_SOS_MEDIATED_SIGNALLING,bmi,0.2884268585069967,0.0057614583976169165,50.061432123904126,0
bmi,alt_log_adj,REACTOME_SPECIFICATION_OF_PRIMORDIAL_GERM_CELLS,ppgs,0.002750383557528069,0.0057210986431445714,0.48074394956006833,0.6307022009209453
bmi,alt_log_adj,REACTOME_SPECIFICATION_OF_PRIMORDIAL_GERM_CELLS,bmi,0.28840836246722,0.005761489200412815,50.057954191176016,0
bmi,alt_log_adj,REACTOME_SPECIFICATION_OF_THE_NEURAL_PLATE_BORDER,ppgs,-0.004364836560907452,0.0057073740141210414,-0.7647714255466845,0.44441403174135174
bmi,alt_log_adj,REACTOME_SPECIFICATION_OF_THE_NEURAL_PLATE_BORDER,bmi,0.2884083956188622,0.005761444291981294,50.05835012937041,0
bmi,alt_log_adj,REACTOME_SPERM_MOTILITY_AND_TAXES,ppgs,-0.0011782362115482893,0.0056834178819637595,-0.2073112053377958,0.8357683126822866
bmi,alt_log_adj,REACTOME_SPERM_MOTILITY_AND_TAXES,bmi,0.28841528903741753,0.00576149450218327,50.05911034508928,0
bmi,alt_log_adj,REACTOME_SPHINGOLIPID_CATABOLISM,ppgs,-0.005306932842436185,0.005733925684558305,-0.9255321980764367,0.3546970217362009
bmi,alt_log_adj,REACTOME_SPHINGOLIPID_CATABOLISM,bmi,0.2884444892534354,0.005761501300173607,50.06411944135879,0
bmi,alt_log_adj,REACTOME_SPHINGOLIPID_DE_NOVO_BIOSYNTHESIS,ppgs,0.012649107459994618,0.005749245674750802,2.200133404551874,0.027805469397693728
bmi,alt_log_adj,REACTOME_SPHINGOLIPID_DE_NOVO_BIOSYNTHESIS,bmi,0.28844853986246843,0.00576102677367831,50.06894624763206,0
bmi,alt_log_adj,REACTOME_SPHINGOLIPID_METABOLISM,ppgs,0.0036492253895038826,0.005973054334360333,0.6109479648479852,0.541238927723556
bmi,alt_log_adj,REACTOME_SPHINGOLIPID_METABOLISM,bmi,0.2883909757705389,0.005761590046697739,50.05406032590439,0
bmi,alt_log_adj,REACTOME_SPRY_REGULATION_OF_FGF_SIGNALING,ppgs,0.014711271844153946,0.005796661012287415,2.537887210062806,0.011157699208308138
bmi,alt_log_adj,REACTOME_SPRY_REGULATION_OF_FGF_SIGNALING,bmi,0.2883344122228585,0.005760930274042114,50.049974310928576,0
bmi,alt_log_adj,REACTOME_SRP_DEPENDENT_COTRANSLATIONAL_PROTEIN_TARGETING_TO_MEMBRANE,ppgs,0.02992892276283817,0.005751572303290275,5.2036071502946895,1.9681662718458505e-7
bmi,alt_log_adj,REACTOME_SRP_DEPENDENT_COTRANSLATIONAL_PROTEIN_TARGETING_TO_MEMBRANE,bmi,0.288436657762916,0.00575874995283294,50.086678554435835,0
bmi,alt_log_adj,REACTOME_STABILIZATION_OF_P53,ppgs,0.0026251042977019634,0.006007741483513999,0.4369536047623855,0.662148323420142
bmi,alt_log_adj,REACTOME_STABILIZATION_OF_P53,bmi,0.28840649006360236,0.0057615086294143586,50.057460400422606,0
bmi,alt_log_adj,REACTOME_STAT3_NUCLEAR_EVENTS_DOWNSTREAM_OF_ALK_SIGNALING,ppgs,0.0035013640683141762,0.005692791946867388,0.6150521749246248,0.5385252012840601
bmi,alt_log_adj,REACTOME_STAT3_NUCLEAR_EVENTS_DOWNSTREAM_OF_ALK_SIGNALING,bmi,0.2884095545564604,0.005761465422948564,50.0583676867508,0
bmi,alt_log_adj,REACTOME_STAT5_ACTIVATION,ppgs,0.002084454726434076,0.005711404789339325,0.36496357784425193,0.7151413168903995
bmi,alt_log_adj,REACTOME_STAT5_ACTIVATION,bmi,0.2884348771499713,0.005761751729098578,50.06027519257528,0
bmi,alt_log_adj,REACTOME_STAT5_ACTIVATION_DOWNSTREAM_OF_FLT3_ITD_MUTANTS,ppgs,-0.0022250491798405134,0.005701044797642439,-0.39028796629709717,0.6963265530640976
bmi,alt_log_adj,REACTOME_STAT5_ACTIVATION_DOWNSTREAM_OF_FLT3_ITD_MUTANTS,bmi,0.2883986902417127,0.0057616271037168095,50.05507733321851,0
bmi,alt_log_adj,REACTOME_STIMULI_SENSING_CHANNELS,ppgs,0.008377701664291417,0.005938299621441058,1.4107913373118726,0.15831712253792724
bmi,alt_log_adj,REACTOME_STIMULI_SENSING_CHANNELS,bmi,0.2883983385166151,0.005761307292109596,50.05779485353807,0
bmi,alt_log_adj,REACTOME_STING_MEDIATED_INDUCTION_OF_HOST_IMMUNE_RESPONSES,ppgs,4.329508543255816e-4,0.005757455914969499,0.07519829256528059,0.940057473448001
bmi,alt_log_adj,REACTOME_STING_MEDIATED_INDUCTION_OF_HOST_IMMUNE_RESPONSES,bmi,0.28841229583266775,0.0057615804563955295,50.05784402655027,0
bmi,alt_log_adj,REACTOME_STRAND_ASYNCHRONOUS_MITOCHONDRIAL_DNA_REPLICATION,ppgs,0.003873639236450158,0.00571052365879391,0.6783334537954245,0.497565828783502
bmi,alt_log_adj,REACTOME_STRAND_ASYNCHRONOUS_MITOCHONDRIAL_DNA_REPLICATION,bmi,0.28840945518699285,0.005761456249901296,50.05843013941724,0
bmi,alt_log_adj,REACTOME_STRIATED_MUSCLE_CONTRACTION,ppgs,-0.0028107640607240277,0.005974975302857879,-0.4704227077523846,0.6380566628021052
bmi,alt_log_adj,REACTOME_STRIATED_MUSCLE_CONTRACTION,bmi,0.2884271701654172,0.005761537229057607,50.06080125817292,0
bmi,alt_log_adj,REACTOME_SULFIDE_OXIDATION_TO_SULFATE,ppgs,0.001988623154743187,0.00571929629517863,0.34770416710524293,0.7280649482749142
bmi,alt_log_adj,REACTOME_SULFIDE_OXIDATION_TO_SULFATE,bmi,0.28839523545404866,0.005761755471106201,50.05336253860138,0
bmi,alt_log_adj,REACTOME_SULFUR_AMINO_ACID_METABOLISM,ppgs,0.004509093458569391,0.00573123788125243,0.7867573379425028,0.43143050858645704
bmi,alt_log_adj,REACTOME_SULFUR_AMINO_ACID_METABOLISM,bmi,0.28844029338116633,0.005761527467073091,50.06316381022074,0
bmi,alt_log_adj,REACTOME_SUMOYLATION,ppgs,0.007339001009276376,0.006527914270037403,1.1242489876072355,0.2609169319883891
bmi,alt_log_adj,REACTOME_SUMOYLATION,bmi,0.2884328855443513,0.005761392440427301,50.06305134162312,0
bmi,alt_log_adj,REACTOME_SUMOYLATION_OF_CHROMATIN_ORGANIZATION_PROTEINS,ppgs,-0.004348354582202568,0.005842010271513716,-0.744325049102639,0.45668602014090365
bmi,alt_log_adj,REACTOME_SUMOYLATION_OF_CHROMATIN_ORGANIZATION_PROTEINS,bmi,0.2883771433364999,0.005761661703109453,50.05103704385638,0
bmi,alt_log_adj,REACTOME_SUMOYLATION_OF_DNA_DAMAGE_RESPONSE_AND_REPAIR_PROTEINS,ppgs,0.009412291246149488,0.0059559537267665375,1.5803163822193396,0.1140455864643145
bmi,alt_log_adj,REACTOME_SUMOYLATION_OF_DNA_DAMAGE_RESPONSE_AND_REPAIR_PROTEINS,bmi,0.28848768844581923,0.0057614297298337665,50.072239352668966,0
bmi,alt_log_adj,REACTOME_SUMOYLATION_OF_DNA_METHYLATION_PROTEINS,ppgs,-9.48724198849109e-4,0.005711624038145038,-0.16610410498188635,0.8680762082666742
bmi,alt_log_adj,REACTOME_SUMOYLATION_OF_DNA_METHYLATION_PROTEINS,bmi,0.28841045460608106,0.00576154980061919,50.057790800504016,0
bmi,alt_log_adj,REACTOME_SUMOYLATION_OF_DNA_REPLICATION_PROTEINS,ppgs,-2.7475300941279203e-4,0.005884569703760102,-0.04669041633362441,0.9627602975571138
bmi,alt_log_adj,REACTOME_SUMOYLATION_OF_DNA_REPLICATION_PROTEINS,bmi,0.2884118917831393,0.005761794533638108,50.05591402111843,0
bmi,alt_log_adj,REACTOME_SUMOYLATION_OF_IMMUNE_RESPONSE_PROTEINS,ppgs,-0.0029297871393305273,0.0057796663413335085,-0.5069128503799676,0.6122199114671554
bmi,alt_log_adj,REACTOME_SUMOYLATION_OF_IMMUNE_RESPONSE_PROTEINS,bmi,0.28842016677478066,0.005761482242660198,50.06006347450113,0
bmi,alt_log_adj,REACTOME_SUMOYLATION_OF_INTRACELLULAR_RECEPTORS,ppgs,0.00706713117822154,0.006351185717061133,1.1127262676695422,0.2658354457374429
bmi,alt_log_adj,REACTOME_SUMOYLATION_OF_INTRACELLULAR_RECEPTORS,bmi,0.2884066762021781,0.005761376582925887,50.058639988381415,0
bmi,alt_log_adj,REACTOME_SUMOYLATION_OF_RNA_BINDING_PROTEINS,ppgs,0.0019755493324747687,0.005873426517532544,0.33635380072903454,0.736606573152328
bmi,alt_log_adj,REACTOME_SUMOYLATION_OF_RNA_BINDING_PROTEINS,bmi,0.28843814520726696,0.005761910910045958,50.05945938948339,0
bmi,alt_log_adj,REACTOME_SUMOYLATION_OF_SUMOYLATION_PROTEINS,ppgs,0.0013965924453834232,0.005989608146217062,0.23316925102445774,0.8156316653866242
bmi,alt_log_adj,REACTOME_SUMOYLATION_OF_SUMOYLATION_PROTEINS,bmi,0.288430420506692,0.0057618908256953085,50.05829322909568,0
bmi,alt_log_adj,REACTOME_SUMOYLATION_OF_TRANSCRIPTION_COFACTORS,ppgs,0.005578997230774724,0.005785930245490211,0.9642351348987002,0.3349362778867201
bmi,alt_log_adj,REACTOME_SUMOYLATION_OF_TRANSCRIPTION_COFACTORS,bmi,0.28841765287317284,0.005761404352707898,50.06030391489787,0
bmi,alt_log_adj,REACTOME_SUMOYLATION_OF_TRANSCRIPTION_FACTORS,ppgs,-0.00558861392110867,0.0057495752447400215,-0.9720046582956531,0.3310565242972412
bmi,alt_log_adj,REACTOME_SUMOYLATION_OF_TRANSCRIPTION_FACTORS,bmi,0.2884305503784406,0.005761425270965367,50.062360755069214,0
bmi,alt_log_adj,REACTOME_SUMOYLATION_OF_UBIQUITINYLATION_PROTEINS,ppgs,0.004761396756178094,0.00590780618991933,0.8059500604983642,0.4202784049983118
bmi,alt_log_adj,REACTOME_SUMOYLATION_OF_UBIQUITINYLATION_PROTEINS,bmi,0.2884435742738078,0.005761543956204047,50.06358997976765,0
bmi,alt_log_adj,REACTOME_SUMO_IS_CONJUGATED_TO_E1_UBA2_SAE1,ppgs,-0.002441836467913761,0.005737456881851759,-0.4255956111212918,0.6704057696430178
bmi,alt_log_adj,REACTOME_SUMO_IS_CONJUGATED_TO_E1_UBA2_SAE1,bmi,0.2884057434464947,0.0057615173358104305,50.05725517025226,0
bmi,alt_log_adj,REACTOME_SUMO_IS_PROTEOLYTICALLY_PROCESSED,ppgs,-9.500605088300717e-4,0.005770648697562618,-0.16463669140548345,0.8692311235120584
bmi,alt_log_adj,REACTOME_SUMO_IS_PROTEOLYTICALLY_PROCESSED,bmi,0.2884181890581263,0.005761535949835326,50.05925356872411,0
bmi,alt_log_adj,REACTOME_SUMO_IS_TRANSFERRED_FROM_E1_TO_E2_UBE2I_UBC9,ppgs,-0.003038045947934161,0.005742602304695704,-0.5290364518974198,0.5967843054386259
bmi,alt_log_adj,REACTOME_SUMO_IS_TRANSFERRED_FROM_E1_TO_E2_UBE2I_UBC9,bmi,0.28840226152846765,0.005761516906486443,50.056654559804905,0
bmi,alt_log_adj,REACTOME_SUPPRESSION_OF_APOPTOSIS,ppgs,0.0055737568650378565,0.005687015761140293,0.9800846523274401,0.32705269811037085
bmi,alt_log_adj,REACTOME_SUPPRESSION_OF_APOPTOSIS,bmi,0.2884301143124076,0.005761422047724698,50.062313075348214,0
bmi,alt_log_adj,REACTOME_SUPPRESSION_OF_PHAGOSOMAL_MATURATION,ppgs,-0.006758408040900843,0.005701583450854439,-1.1853563311237736,0.2358865257873008
bmi,alt_log_adj,REACTOME_SUPPRESSION_OF_PHAGOSOMAL_MATURATION,bmi,0.28841537039392756,0.0057613552321846735,50.06033455162633,0
bmi,alt_log_adj,REACTOME_SURFACTANT_METABOLISM,ppgs,-0.0013445232201650943,0.0067273221919465975,-0.1998600902116221,0.8415914375698987
bmi,alt_log_adj,REACTOME_SURFACTANT_METABOLISM,bmi,0.28841920151591993,0.005761539471669536,50.0593986961516,0
bmi,alt_log_adj,REACTOME_SWITCHING_OF_ORIGINS_TO_A_POST_REPLICATIVE_STATE,ppgs,-0.006485419516782119,0.006164392961367701,-1.0520775618015097,0.2927729332895718
bmi,alt_log_adj,REACTOME_SWITCHING_OF_ORIGINS_TO_A_POST_REPLICATIVE_STATE,bmi,0.28835499670096215,0.005761664239692858,50.04717121737968,0
bmi,alt_log_adj,REACTOME_SYNAPTIC_ADHESION_LIKE_MOLECULES,ppgs,0.010689579450455946,0.005860031327131322,1.8241505640019926,0.06813983458753588
bmi,alt_log_adj,REACTOME_SYNAPTIC_ADHESION_LIKE_MOLECULES,bmi,0.2883346379802393,0.005761326723189951,50.0465694506895,0
bmi,alt_log_adj,REACTOME_SYNDECAN_INTERACTIONS,ppgs,0.010588366489540387,0.005698796846946599,1.8580003418113786,0.06317932515509929
bmi,alt_log_adj,REACTOME_SYNDECAN_INTERACTIONS,bmi,0.28841516053678673,0.005761147211283092,50.062105681301006,0
bmi,alt_log_adj,REACTOME_SYNTHESIS_OF_12_EICOSATETRAENOIC_ACID_DERIVATIVES,ppgs,0.008167058275651184,0.005818910042608852,1.403537469362486,0.16046758009724507
bmi,alt_log_adj,REACTOME_SYNTHESIS_OF_12_EICOSATETRAENOIC_ACID_DERIVATIVES,bmi,0.2884270938039764,0.005761304656830797,50.062808857366626,0
bmi,alt_log_adj,REACTOME_SYNTHESIS_OF_16_20_HYDROXYEICOSATETRAENOIC_ACIDS_HETE,ppgs,0.0029014505526974853,0.005814435137401251,0.49900815541546867,0.6177775107701647
bmi,alt_log_adj,REACTOME_SYNTHESIS_OF_16_20_HYDROXYEICOSATETRAENOIC_ACIDS_HETE,bmi,0.28842961542427215,0.00576155101223618,50.061105909105976,0
bmi,alt_log_adj,REACTOME_SYNTHESIS_OF_5_EICOSATETRAENOIC_ACIDS,ppgs,0.016799521383067686,0.00572876963114872,2.932483319232211,0.00336531870035595
bmi,alt_log_adj,REACTOME_SYNTHESIS_OF_5_EICOSATETRAENOIC_ACIDS,bmi,0.28855196229181057,0.00576081469457631,50.08874223353797,0
bmi,alt_log_adj,REACTOME_SYNTHESIS_OF_ACTIVE_UBIQUITIN_ROLES_OF_E1_AND_E2_ENZYMES,ppgs,0.014755527094122815,0.005802523578067038,2.542949958858804,0.010997364966580447
bmi,alt_log_adj,REACTOME_SYNTHESIS_OF_ACTIVE_UBIQUITIN_ROLES_OF_E1_AND_E2_ENZYMES,bmi,0.28858103129219204,0.005761212628355266,50.090328184012414,0
bmi,alt_log_adj,REACTOME_SYNTHESIS_OF_BILE_ACIDS_AND_BILE_SALTS,ppgs,0.003462141693733529,0.005716894708874544,0.6055982959348754,0.544786382322876
bmi,alt_log_adj,REACTOME_SYNTHESIS_OF_BILE_ACIDS_AND_BILE_SALTS,bmi,0.2884280655070709,0.0057615034677452265,50.0612500056253,0
bmi,alt_log_adj,REACTOME_SYNTHESIS_OF_BILE_ACIDS_AND_BILE_SALTS_VIA_24_HYDROXYCHOLESTEROL,ppgs,0.002595893069342849,0.0057332752018672195,0.45277663777545785,0.6507130528108833
bmi,alt_log_adj,REACTOME_SYNTHESIS_OF_BILE_ACIDS_AND_BILE_SALTS_VIA_24_HYDROXYCHOLESTEROL,bmi,0.2884316264975011,0.005761599538812802,50.06103332147473,0
bmi,alt_log_adj,REACTOME_SYNTHESIS_OF_BILE_ACIDS_AND_BILE_SALTS_VIA_27_HYDROXYCHOLESTEROL,ppgs,-5.617539951387348e-4,0.005696075826436641,-0.09862122841334393,0.9214397116233898
bmi,alt_log_adj,REACTOME_SYNTHESIS_OF_BILE_ACIDS_AND_BILE_SALTS_VIA_27_HYDROXYCHOLESTEROL,bmi,0.2884133983218882,0.005761510349324253,50.05864449340358,0
bmi,alt_log_adj,REACTOME_SYNTHESIS_OF_BILE_ACIDS_AND_BILE_SALTS_VIA_7ALPHA_HYDROXYCHOLESTEROL,ppgs,0.0018826459781545114,0.0057089888083604054,0.32976872811477775,0.7415771546447252
bmi,alt_log_adj,REACTOME_SYNTHESIS_OF_BILE_ACIDS_AND_BILE_SALTS_VIA_7ALPHA_HYDROXYCHOLESTEROL,bmi,0.2884233869877986,0.005761548225652006,50.060049086052594,0
bmi,alt_log_adj,REACTOME_SYNTHESIS_OF_DIPHTHAMIDE_EEF2,ppgs,9.567690407654431e-5,0.005702738387751522,0.01677736160614372,0.9866143482432619
bmi,alt_log_adj,REACTOME_SYNTHESIS_OF_DIPHTHAMIDE_EEF2,bmi,0.28841479625972355,0.005761507279203615,50.05891380208231,0
bmi,alt_log_adj,REACTOME_SYNTHESIS_OF_DNA,ppgs,-0.004845764070340569,0.0062172470114989576,-0.7794067151229803,0.43574667574050663
bmi,alt_log_adj,REACTOME_SYNTHESIS_OF_DNA,bmi,0.28837962959581664,0.0057616111701859676,50.051907544206706,0
bmi,alt_log_adj,REACTOME_SYNTHESIS_OF_DOLICHYL_PHOSPHATE,ppgs,0.005026781809619642,0.005753441112630159,0.8737000537964439,0.3822890224812979
bmi,alt_log_adj,REACTOME_SYNTHESIS_OF_DOLICHYL_PHOSPHATE,bmi,0.28844710908842713,0.005761540388317969,50.06423450112041,0
bmi,alt_log_adj,REACTOME_SYNTHESIS_OF_EPOXY_EET_AND_DIHYDROXYEICOSATRIENOIC_ACIDS_DHET,ppgs,0.0021318465138204165,0.0057727435069683105,0.3692952079452435,0.7119104552040876
bmi,alt_log_adj,REACTOME_SYNTHESIS_OF_EPOXY_EET_AND_DIHYDROXYEICOSATRIENOIC_ACIDS_DHET,bmi,0.2884228824578665,0.005761527531230523,50.06014132440783,0
bmi,alt_log_adj,REACTOME_SYNTHESIS_OF_GDP_MANNOSE,ppgs,-0.002764115259614,0.005733149275030281,-0.48212860454421025,0.629718313001709
bmi,alt_log_adj,REACTOME_SYNTHESIS_OF_GDP_MANNOSE,bmi,0.28840457027599886,0.005761512074543596,50.05709725928937,0
bmi,alt_log_adj,REACTOME_SYNTHESIS_OF_GLYCOSYLPHOSPHATIDYLINOSITOL_GPI,ppgs,0.0043648163106082254,0.005748853714083281,0.7592498483507236,0.4477094248524063
bmi,alt_log_adj,REACTOME_SYNTHESIS_OF_GLYCOSYLPHOSPHATIDYLINOSITOL_GPI,bmi,0.28845427153273784,0.005761676057844986,50.064298762507505,0
bmi,alt_log_adj,REACTOME_SYNTHESIS_OF_IP2_IP_AND_INS_IN_THE_CYTOSOL,ppgs,0.0059219827526993726,0.005834722402186991,1.0149553559702642,0.3101357710545429
bmi,alt_log_adj,REACTOME_SYNTHESIS_OF_IP2_IP_AND_INS_IN_THE_CYTOSOL,bmi,0.28844335528168297,0.0057614628469814,50.064256759514976,0
bmi,alt_log_adj,REACTOME_SYNTHESIS_OF_IP3_AND_IP4_IN_THE_CYTOSOL,ppgs,0.001005205650970298,0.006202652151616295,0.16206061961871587,0.871259272156241
bmi,alt_log_adj,REACTOME_SYNTHESIS_OF_IP3_AND_IP4_IN_THE_CYTOSOL,bmi,0.2884130303131659,0.005761503676753631,50.0586385940961,0
bmi,alt_log_adj,REACTOME_SYNTHESIS_OF_KETONE_BODIES,ppgs,0.001698751539576473,0.005692551806087128,0.29841652697125626,0.7653874638164097
bmi,alt_log_adj,REACTOME_SYNTHESIS_OF_KETONE_BODIES,bmi,0.28841362922310104,0.0057614898834103204,50.05886238793225,0
bmi,alt_log_adj,REACTOME_SYNTHESIS_OF_LEUKOTRIENES_LT_AND_EOXINS_EX,ppgs,0.0055364765510069105,0.005752311884798018,0.9624785063616754,0.3358175042320437
bmi,alt_log_adj,REACTOME_SYNTHESIS_OF_LEUKOTRIENES_LT_AND_EOXINS_EX,bmi,0.28844597984380793,0.005761495956721336,50.06442458877509,0
bmi,alt_log_adj,REACTOME_SYNTHESIS_OF_PA,ppgs,0.010857801875072176,0.005925019125827382,1.8325344854572045,0.06688231168389977
bmi,alt_log_adj,REACTOME_SYNTHESIS_OF_PA,bmi,0.28843314700825406,0.005761165621262074,50.065067725837785,0
bmi,alt_log_adj,REACTOME_SYNTHESIS_OF_PC,ppgs,0.0060258510488077,0.005806409349268755,1.0377930122282166,0.2993752822786342
bmi,alt_log_adj,REACTOME_SYNTHESIS_OF_PC,bmi,0.28838762791791567,0.005761447248552706,50.054719843240704,0
bmi,alt_log_adj,REACTOME_SYNTHESIS_OF_PE,ppgs,0.005377677994442926,0.005726964044848313,0.9390102595947697,0.3477334770416888
bmi,alt_log_adj,REACTOME_SYNTHESIS_OF_PE,bmi,0.28842791755424985,0.005761425771621755,50.061899430331756,0
bmi,alt_log_adj,REACTOME_SYNTHESIS_OF_PG,ppgs,-6.987429945005186e-4,0.0059365894518292155,-0.11770108075861942,0.9063053442627829
bmi,alt_log_adj,REACTOME_SYNTHESIS_OF_PG,bmi,0.2884089298019815,0.005761699548639371,50.05622514108523,0
bmi,alt_log_adj,REACTOME_SYNTHESIS_OF_PI,ppgs,0.003273988428489109,0.0056983219688500055,0.5745530783248883,0.5655981524435939
bmi,alt_log_adj,REACTOME_SYNTHESIS_OF_PI,bmi,0.2884538219923094,0.005761868377473303,50.062549696562535,0
bmi,alt_log_adj,REACTOME_SYNTHESIS_OF_PIPS_AT_THE_EARLY_ENDOSOME_MEMBRANE,ppgs,0.009151694807360392,0.006506857911542852,1.4064691333009942,0.15959582544286113
bmi,alt_log_adj,REACTOME_SYNTHESIS_OF_PIPS_AT_THE_EARLY_ENDOSOME_MEMBRANE,bmi,0.28841495368353465,0.005761296972210374,50.06076844757434,0
bmi,alt_log_adj,REACTOME_SYNTHESIS_OF_PIPS_AT_THE_ER_MEMBRANE,ppgs,0.008744312022041517,0.0057302215670108105,1.525998937350518,0.1270212849214036
bmi,alt_log_adj,REACTOME_SYNTHESIS_OF_PIPS_AT_THE_ER_MEMBRANE,bmi,0.28830339353623613,0.0057617224159236995,50.037709685466744,0
bmi,alt_log_adj,REACTOME_SYNTHESIS_OF_PIPS_AT_THE_GOLGI_MEMBRANE,ppgs,0.002865770797815632,0.006365787197610377,0.45018325445930707,0.6525817521138804
bmi,alt_log_adj,REACTOME_SYNTHESIS_OF_PIPS_AT_THE_GOLGI_MEMBRANE,bmi,0.2884034932525369,0.005761530413085598,50.056750997532596,0
bmi,alt_log_adj,REACTOME_SYNTHESIS_OF_PIPS_AT_THE_LATE_ENDOSOME_MEMBRANE,ppgs,0.009938063983185884,0.0057908953715067974,1.7161532622545015,0.0861449200561115
bmi,alt_log_adj,REACTOME_SYNTHESIS_OF_PIPS_AT_THE_LATE_ENDOSOME_MEMBRANE,bmi,0.28834467021823373,0.005761342905218361,50.04817018564618,0
bmi,alt_log_adj,REACTOME_SYNTHESIS_OF_PIPS_AT_THE_PLASMA_MEMBRANE,ppgs,0.010587873061830856,0.006287434324588651,1.6839735439341639,0.09219779080193538
bmi,alt_log_adj,REACTOME_SYNTHESIS_OF_PIPS_AT_THE_PLASMA_MEMBRANE,bmi,0.2882949530463507,0.005761648092527121,50.03689021206803,0
bmi,alt_log_adj,REACTOME_SYNTHESIS_OF_PROSTAGLANDINS_PG_AND_THROMBOXANES_TX,ppgs,-0.006893780110355719,0.005815607719733135,-1.1853929017537068,0.2358720730847591
bmi,alt_log_adj,REACTOME_SYNTHESIS_OF_PROSTAGLANDINS_PG_AND_THROMBOXANES_TX,bmi,0.28832400667208635,0.005761862304745526,50.04007236247556,0
bmi,alt_log_adj,REACTOME_SYNTHESIS_OF_PYROPHOSPHATES_IN_THE_CYTOSOL,ppgs,0.0072426556087776634,0.005747414561396034,1.2601588995206288,0.20762241904517711
bmi,alt_log_adj,REACTOME_SYNTHESIS_OF_PYROPHOSPHATES_IN_THE_CYTOSOL,bmi,0.28843738961518595,0.0057613649384699326,50.06407208979672,0
bmi,alt_log_adj,REACTOME_SYNTHESIS_OF_SUBSTRATES_IN_N_GLYCAN_BIOSYTHESIS,ppgs,0.001295108570505059,0.006053526632523057,0.21394282194894204,0.8305931848010053
bmi,alt_log_adj,REACTOME_SYNTHESIS_OF_SUBSTRATES_IN_N_GLYCAN_BIOSYTHESIS,bmi,0.2884091552343165,0.005761549988403429,50.05756364429929,0
bmi,alt_log_adj,REACTOME_SYNTHESIS_OF_UDP_N_ACETYL_GLUCOSAMINE,ppgs,0.009860630359242468,0.005678111426961967,1.7366038842457743,0.08246797629117583
bmi,alt_log_adj,REACTOME_SYNTHESIS_OF_UDP_N_ACETYL_GLUCOSAMINE,bmi,0.28840510749034587,0.00576119414464103,50.059952893379865,0
bmi,alt_log_adj,REACTOME_SYNTHESIS_OF_VERY_LONG_CHAIN_FATTY_ACYL_COAS,ppgs,0.004903505507505184,0.0058338911345957555,0.8405205709833596,0.40062366152278506
bmi,alt_log_adj,REACTOME_SYNTHESIS_OF_VERY_LONG_CHAIN_FATTY_ACYL_COAS,bmi,0.2883755591794983,0.005761613625808435,50.05117974029978,0
bmi,alt_log_adj,REACTOME_SYNTHESIS_OF_WYBUTOSINE_AT_G37_OF_TRNA_PHE,ppgs,0.003330629241546702,0.0057068086444560335,0.5836237815302064,0.5594780997012057
bmi,alt_log_adj,REACTOME_SYNTHESIS_OF_WYBUTOSINE_AT_G37_OF_TRNA_PHE,bmi,0.28841036835717204,0.005761467969898816,50.05848680648609,0
bmi,alt_log_adj,REACTOME_SYNTHESIS_SECRETION_AND_DEACYLATION_OF_GHRELIN,ppgs,0.0022244033104846105,0.005787296604348567,0.38435965227930374,0.7007147838177725
bmi,alt_log_adj,REACTOME_SYNTHESIS_SECRETION_AND_DEACYLATION_OF_GHRELIN,bmi,0.2884220453180352,0.0057615153283877224,50.06010205283026,0
bmi,alt_log_adj,REACTOME_SYNTHESIS_SECRETION_AND_INACTIVATION_OF_GLUCAGON_LIKE_PEPTIDE_1_GLP_1,ppgs,0.010808750441027417,0.005725490236796899,1.8878296868905895,0.059059021996208584
bmi,alt_log_adj,REACTOME_SYNTHESIS_SECRETION_AND_INACTIVATION_OF_GLUCAGON_LIKE_PEPTIDE_1_GLP_1,bmi,0.2883201151343901,0.0057613533507097645,50.04381741294704,0
bmi,alt_log_adj,REACTOME_SYNTHESIS_SECRETION_AND_INACTIVATION_OF_GLUCOSE_DEPENDENT_INSULINOTROPIC_POLYPEPTIDE_GIP,ppgs,0.011715261357408817,0.005979737231055109,1.9591598936098553,0.05010385103431526
bmi,alt_log_adj,REACTOME_SYNTHESIS_SECRETION_AND_INACTIVATION_OF_GLUCOSE_DEPENDENT_INSULINOTROPIC_POLYPEPTIDE_GIP,bmi,0.2882569784355511,0.005761669870051951,50.03011018278838,0
bmi,alt_log_adj,REACTOME_S_PHASE,ppgs,0.006496996438600097,0.006326065486044381,1.0270201048238907,0.3044197600023554
bmi,alt_log_adj,REACTOME_S_PHASE,bmi,0.28845866934554787,0.005761550421377108,50.06615376917961,0
bmi,alt_log_adj,REACTOME_TACHYKININ_RECEPTORS_BIND_TACHYKININS,ppgs,-9.310793679636494e-4,0.005686963280734453,-0.16372171262611063,0.8699513911005392
bmi,alt_log_adj,REACTOME_TACHYKININ_RECEPTORS_BIND_TACHYKININS,bmi,0.2884136515740491,0.005761498298322512,50.05879315420819,0
bmi,alt_log_adj,REACTOME_TAK1_DEPENDENT_IKK_AND_NF_KAPPA_B_ACTIVATION,ppgs,0.03116252471320492,0.005793218859574099,5.379138173194427,7.543546058328293e-8
bmi,alt_log_adj,REACTOME_TAK1_DEPENDENT_IKK_AND_NF_KAPPA_B_ACTIVATION,bmi,0.28830833760012514,0.005758593808646142,50.065753407932604,0
bmi,alt_log_adj,REACTOME_TANDEM_PORE_DOMAIN_POTASSIUM_CHANNELS,ppgs,0.006852300428984039,0.005709128911617694,1.2002357163524664,0.23005783725859014
bmi,alt_log_adj,REACTOME_TANDEM_PORE_DOMAIN_POTASSIUM_CHANNELS,bmi,0.28838145766411777,0.005761417852020207,50.0539042768784,0
bmi,alt_log_adj,REACTOME_TBC_RABGAPS,ppgs,0.0033669200694919628,0.005710829704537403,0.5895675836414553,0.5554852882555594
bmi,alt_log_adj,REACTOME_TBC_RABGAPS,bmi,0.2883981315463557,0.0057615305470779445,50.05581922890638,0
bmi,alt_log_adj,REACTOME_TCF_DEPENDENT_SIGNALING_IN_RESPONSE_TO_WNT,ppgs,0.016769927618087065,0.006413733662972394,2.614690365910077,0.008935562540460325
bmi,alt_log_adj,REACTOME_TCF_DEPENDENT_SIGNALING_IN_RESPONSE_TO_WNT,bmi,0.28831096815769625,0.005760939779797637,50.04582224045114,0
bmi,alt_log_adj,REACTOME_TCR_SIGNALING,ppgs,0.03120236466368224,0.005940055584198041,5.2528741897109414,1.508242738241351e-7
bmi,alt_log_adj,REACTOME_TCR_SIGNALING,bmi,0.28817149416476356,0.005758882123240531,50.03948474684338,0
bmi,alt_log_adj,REACTOME_TELOMERE_C_STRAND_LAGGING_STRAND_SYNTHESIS,ppgs,0.003933941890828243,0.005735238517045027,0.6859247229451116,0.492766188415397
bmi,alt_log_adj,REACTOME_TELOMERE_C_STRAND_LAGGING_STRAND_SYNTHESIS,bmi,0.28840958052379567,0.0057614548506799874,50.05846405092571,0
bmi,alt_log_adj,REACTOME_TELOMERE_C_STRAND_SYNTHESIS_INITIATION,ppgs,-0.008844917315233687,0.0057019182519102846,-1.5512178401137933,0.12086065111251819
bmi,alt_log_adj,REACTOME_TELOMERE_C_STRAND_SYNTHESIS_INITIATION,bmi,0.2883487539656983,0.005761409946212082,50.048296624904665,0
bmi,alt_log_adj,REACTOME_TELOMERE_EXTENSION_BY_TELOMERASE,ppgs,0.0010782852106107908,0.005749857747642206,0.1875325021828503,0.8512444847657056
bmi,alt_log_adj,REACTOME_TELOMERE_EXTENSION_BY_TELOMERASE,bmi,0.2884047417251676,0.005761735295395649,50.05518770632161,0
bmi,alt_log_adj,REACTOME_TELOMERE_MAINTENANCE,ppgs,-0.0017241835376979977,0.005782891278810422,-0.2981525079013198,0.7655889524226527
bmi,alt_log_adj,REACTOME_TELOMERE_MAINTENANCE,bmi,0.2884154554753476,0.005761489616236144,50.059181684989845,0
bmi,alt_log_adj,REACTOME_TERMINAL_PATHWAY_OF_COMPLEMENT,ppgs,-0.0036425745579263574,0.005718147456566413,-0.6370200463689373,0.5241169300150661
bmi,alt_log_adj,REACTOME_TERMINAL_PATHWAY_OF_COMPLEMENT,bmi,0.2884341922833401,0.005761538641657034,50.06200777651743,0
bmi,alt_log_adj,REACTOME_TERMINATION_OF_O_GLYCAN_BIOSYNTHESIS,ppgs,3.6847371350850827e-4,0.005707687021575128,0.06455744894835211,0.948526820003055
bmi,alt_log_adj,REACTOME_TERMINATION_OF_O_GLYCAN_BIOSYNTHESIS,bmi,0.2884165292921736,0.00576157327724894,50.058641175503354,0
bmi,alt_log_adj,REACTOME_TERMINATION_OF_TRANSLESION_DNA_SYNTHESIS,ppgs,2.8314514294751884e-4,0.0059714902496967835,0.04741616097621464,0.9621818829164966
bmi,alt_log_adj,REACTOME_TERMINATION_OF_TRANSLESION_DNA_SYNTHESIS,bmi,0.28841320155734507,0.005761575650006159,50.0580429863898,0
bmi,alt_log_adj,REACTOME_TETRAHYDROBIOPTERIN_BH4_SYNTHESIS_RECYCLING_SALVAGE_AND_REGULATION,ppgs,-0.0026336125950700427,0.0058260685235022765,-0.45203941293276717,0.6512440480118544
bmi,alt_log_adj,REACTOME_TETRAHYDROBIOPTERIN_BH4_SYNTHESIS_RECYCLING_SALVAGE_AND_REGULATION,bmi,0.2884358179986543,0.005761668005508652,50.06116591981433,0
bmi,alt_log_adj,REACTOME_TFAP2A_ACTS_AS_A_TRANSCRIPTIONAL_REPRESSOR_DURING_RETINOIC_ACID_INDUCED_CELL_DIFFERENTIATION,ppgs,0.002362839971542545,0.0057128999653204594,0.41359729487404107,0.6791721833034909
bmi,alt_log_adj,REACTOME_TFAP2A_ACTS_AS_A_TRANSCRIPTIONAL_REPRESSOR_DURING_RETINOIC_ACID_INDUCED_CELL_DIFFERENTIATION,bmi,0.2884188337370765,0.005761489586974739,50.05976829136654,0
bmi,alt_log_adj,REACTOME_TFAP2_AP_2_FAMILY_REGULATES_TRANSCRIPTION_OF_CELL_CYCLE_FACTORS,ppgs,0.0010700706047971616,0.005717028634927283,0.18717251095433285,0.851526716475738
bmi,alt_log_adj,REACTOME_TFAP2_AP_2_FAMILY_REGULATES_TRANSCRIPTION_OF_CELL_CYCLE_FACTORS,bmi,0.28842358509898236,0.00576169340386217,50.05882210005251,0
bmi,alt_log_adj,REACTOME_TFAP2_AP_2_FAMILY_REGULATES_TRANSCRIPTION_OF_GROWTH_FACTORS_AND_THEIR_RECEPTORS,ppgs,-0.0018477326737475362,0.00583505761929115,-0.3166605703496037,0.7515035021159415
bmi,alt_log_adj,REACTOME_TFAP2_AP_2_FAMILY_REGULATES_TRANSCRIPTION_OF_GROWTH_FACTORS_AND_THEIR_RECEPTORS,bmi,0.2884101593199596,0.005761505020107614,50.058128616292116,0
bmi,alt_log_adj,REACTOME_TGFBR3_EXPRESSION,ppgs,0.0013630474485742102,0.005865440884072785,0.2323861880997684,0.8162397531369411
bmi,alt_log_adj,REACTOME_TGFBR3_EXPRESSION,bmi,0.2884133214777871,0.005761495203049455,50.058762754004405,0
bmi,alt_log_adj,REACTOME_TGFBR3_PTM_REGULATION,ppgs,-0.0033140115180091707,0.005838797319732367,-0.5675846131547301,0.5703215522270169
bmi,alt_log_adj,REACTOME_TGFBR3_PTM_REGULATION,bmi,0.28842189985840544,0.005761479503408331,50.06038808048923,0
bmi,alt_log_adj,REACTOME_TGFBR3_REGULATES_TGF_BETA_SIGNALING,ppgs,2.7288931017368774e-4,0.0057209209651172205,0.04770024124395438,0.9619554778498254
bmi,alt_log_adj,REACTOME_TGFBR3_REGULATES_TGF_BETA_SIGNALING,bmi,0.2884129768246046,0.005761601002967283,50.05778370908867,0
bmi,alt_log_adj,REACTOME_TGF_BETA_RECEPTOR_SIGNALING_ACTIVATES_SMADS,ppgs,0.0057523746352496005,0.005911245001719568,0.9731240430021506,0.3304999588498285
bmi,alt_log_adj,REACTOME_TGF_BETA_RECEPTOR_SIGNALING_ACTIVATES_SMADS,bmi,0.28841822213997875,0.005761402933166882,50.06041505613691,0
bmi,alt_log_adj,REACTOME_TGF_BETA_RECEPTOR_SIGNALING_IN_EMT_EPITHELIAL_TO_MESENCHYMAL_TRANSITION,ppgs,0.004073742108179557,0.0057120455737717166,0.713184454774864,0.4757374948544011
bmi,alt_log_adj,REACTOME_TGF_BETA_RECEPTOR_SIGNALING_IN_EMT_EPITHELIAL_TO_MESENCHYMAL_TRANSITION,bmi,0.2884048694491418,0.005761462515589933,50.057579767072596,0
bmi,alt_log_adj,REACTOME_THE_ACTIVATION_OF_ARYLSULFATASES,ppgs,-0.006107473886403399,0.0058947164350624396,-1.0360929068742737,0.30016763862230916
bmi,alt_log_adj,REACTOME_THE_ACTIVATION_OF_ARYLSULFATASES,bmi,0.2883822776672988,0.0057614734653967745,50.05356345027249,0
bmi,alt_log_adj,REACTOME_THE_CANONICAL_RETINOID_CYCLE_IN_RODS_TWILIGHT_VISION,ppgs,-0.0033357938004753467,0.005765563462796887,-0.5785720375814137,0.5628825732082354
bmi,alt_log_adj,REACTOME_THE_CANONICAL_RETINOID_CYCLE_IN_RODS_TWILIGHT_VISION,bmi,0.28837603593446126,0.005761849944407377,50.04920966648353,0
bmi,alt_log_adj,REACTOME_THE_CRY_PER_KINASE_COMPLEX_REPRESSES_TRANSACTIVATION_BY_THE_BMAL_CLOCK_ARNTL_CLOCK_COMPLEX,ppgs,0.005771760419360194,0.005834109327974739,0.989313037327638,0.3225184509485456
bmi,alt_log_adj,REACTOME_THE_CRY_PER_KINASE_COMPLEX_REPRESSES_TRANSACTIVATION_BY_THE_BMAL_CLOCK_ARNTL_CLOCK_COMPLEX,bmi,0.28845467658906393,0.005761540772647643,50.06554461238469,0
bmi,alt_log_adj,REACTOME_THE_FATTY_ACID_CYCLING_MODEL,ppgs,-0.004256091520886376,0.005737748895701481,-0.741770265351781,0.45823268410357854
bmi,alt_log_adj,REACTOME_THE_FATTY_ACID_CYCLING_MODEL,bmi,0.2884223493359249,0.005761451477734809,50.06070960599706,0
bmi,alt_log_adj,REACTOME_THE_NLRP3_INFLAMMASOME,ppgs,0.01719037292377213,0.005698096677203482,3.01686227833692,0.002556323012628668
bmi,alt_log_adj,REACTOME_THE_NLRP3_INFLAMMASOME,bmi,0.28844534043315145,0.005760582327487684,50.07225381655969,0
bmi,alt_log_adj,REACTOME_THE_PHOTOTRANSDUCTION_CASCADE,ppgs,0.0035406875027654324,0.00600381014497212,0.5897400845912115,0.5553696170557549
bmi,alt_log_adj,REACTOME_THE_PHOTOTRANSDUCTION_CASCADE,bmi,0.28842355831754946,0.005761482555672083,50.06064941281499,0
bmi,alt_log_adj,REACTOME_THE_RETINOID_CYCLE_IN_CONES_DAYLIGHT_VISION,ppgs,-0.004122230354707132,0.005695742861491195,-0.723738844072026,0.46923205271657176
bmi,alt_log_adj,REACTOME_THE_RETINOID_CYCLE_IN_CONES_DAYLIGHT_VISION,bmi,0.2883784243033323,0.005761661832778425,50.05125824336495,0
bmi,alt_log_adj,REACTOME_THE_ROLE_OF_GTSE1_IN_G2_M_PROGRESSION_AFTER_G2_CHECKPOINT,ppgs,-0.0065441826911633045,0.005863823568978456,-1.1160265335717416,0.2644202366343903
bmi,alt_log_adj,REACTOME_THE_ROLE_OF_GTSE1_IN_G2_M_PROGRESSION_AFTER_G2_CHECKPOINT,bmi,0.28834679501202776,0.005761691956577453,50.04550697696634,0
bmi,alt_log_adj,REACTOME_THE_ROLE_OF_NEF_IN_HIV_1_REPLICATION_AND_DISEASE_PATHOGENESIS,ppgs,-0.0012307903219661099,0.006114318676377473,-0.20129639737641408,0.8404682635924831
bmi,alt_log_adj,REACTOME_THE_ROLE_OF_NEF_IN_HIV_1_REPLICATION_AND_DISEASE_PATHOGENESIS,bmi,0.288417068017545,0.005761506665496443,50.05931343354498,0
bmi,alt_log_adj,REACTOME_THROMBIN_SIGNALLING_THROUGH_PROTEINASE_ACTIVATED_RECEPTORS_PARS,ppgs,-0.007026781469513276,0.005733375736240138,-1.2255923547967804,0.22036229780470737
bmi,alt_log_adj,REACTOME_THROMBIN_SIGNALLING_THROUGH_PROTEINASE_ACTIVATED_RECEPTORS_PARS,bmi,0.2884748049947778,0.0057615546026979735,50.06891800690271,0
bmi,alt_log_adj,REACTOME_THROMBOXANE_SIGNALLING_THROUGH_TP_RECEPTOR,ppgs,-0.007026781469513276,0.005733375736240138,-1.2255923547967804,0.22036229780470737
bmi,alt_log_adj,REACTOME_THROMBOXANE_SIGNALLING_THROUGH_TP_RECEPTOR,bmi,0.2884748049947778,0.0057615546026979735,50.06891800690271,0
bmi,alt_log_adj,REACTOME_THYROXINE_BIOSYNTHESIS,ppgs,-0.001986584571636278,0.0057162729424860845,-0.3475314407874102,0.728194682394262
bmi,alt_log_adj,REACTOME_THYROXINE_BIOSYNTHESIS,bmi,0.2883976606480202,0.005761692414035616,50.054331249178944,0
bmi,alt_log_adj,REACTOME_TICAM1_DEPENDENT_ACTIVATION_OF_IRF3_IRF7,ppgs,-9.183605034167343e-4,0.005924018512528689,-0.1550232332114588,0.8768041049186555
bmi,alt_log_adj,REACTOME_TICAM1_DEPENDENT_ACTIVATION_OF_IRF3_IRF7,bmi,0.2884280132502422,0.005762143034783651,50.05568440580575,0
bmi,alt_log_adj,REACTOME_TICAM1_RIP1_MEDIATED_IKK_COMPLEX_RECRUITMENT,ppgs,0.036662118039220384,0.005795916514784685,6.325508303251045,2.5616439244991793e-10
bmi,alt_log_adj,REACTOME_TICAM1_RIP1_MEDIATED_IKK_COMPLEX_RECRUITMENT,bmi,0.2883634269510078,0.00575744204206809,50.08533735016581,0
bmi,alt_log_adj,REACTOME_TICAM1_TRAF6_DEPENDENT_INDUCTION_OF_TAK1_COMPLEX,ppgs,-0.011283849448923584,0.00569163527018001,-1.9825320691300568,0.04742935947334528
bmi,alt_log_adj,REACTOME_TICAM1_TRAF6_DEPENDENT_INDUCTION_OF_TAK1_COMPLEX,bmi,0.28836532357540345,0.005761152278351859,50.05341113078485,0
bmi,alt_log_adj,REACTOME_TIE2_SIGNALING,ppgs,-0.003328372483697772,0.005700295751728285,-0.5838947010229488,0.5592958041793733
bmi,alt_log_adj,REACTOME_TIE2_SIGNALING,bmi,0.2883815738814701,0.005761741335468799,50.05111425364016,0
bmi,alt_log_adj,REACTOME_TIGHT_JUNCTION_INTERACTIONS,ppgs,0.0016404560548083892,0.005706271791676942,0.2874829862119654,0.77374462873449
bmi,alt_log_adj,REACTOME_TIGHT_JUNCTION_INTERACTIONS,bmi,0.2884094342712461,0.005761517835550045,50.0578914277911,0
bmi,alt_log_adj,REACTOME_TLR3_MEDIATED_TICAM1_DEPENDENT_PROGRAMMED_CELL_DEATH,ppgs,0.0033081438215624703,0.005749412789867274,0.575388120921274,0.5650334030484641
bmi,alt_log_adj,REACTOME_TLR3_MEDIATED_TICAM1_DEPENDENT_PROGRAMMED_CELL_DEATH,bmi,0.28839270224327895,0.00576159027752263,50.05435797272313,0
bmi,alt_log_adj,REACTOME_TNFR1_INDUCED_NF_KAPPA_B_SIGNALING_PATHWAY,ppgs,0.036662118039220384,0.005795916514784685,6.325508303251045,2.5616439244991793e-10
bmi,alt_log_adj,REACTOME_TNFR1_INDUCED_NF_KAPPA_B_SIGNALING_PATHWAY,bmi,0.2883634269510078,0.00575744204206809,50.08533735016581,0
bmi,alt_log_adj,REACTOME_TNFR1_INDUCED_PROAPOPTOTIC_SIGNALING,ppgs,0.005464001129570215,0.005737833931281914,0.9522759276425206,0.3409651817526661
bmi,alt_log_adj,REACTOME_TNFR1_INDUCED_PROAPOPTOTIC_SIGNALING,bmi,0.2883701284028664,0.005761595280433929,50.05039652510061,0
bmi,alt_log_adj,REACTOME_TNFR1_MEDIATED_CERAMIDE_PRODUCTION,ppgs,0.0089657652587267,0.005753125565030542,1.5584164046798625,0.11914573307846842
bmi,alt_log_adj,REACTOME_TNFR1_MEDIATED_CERAMIDE_PRODUCTION,bmi,0.28840713360435266,0.005761253197467955,50.05979145841157,0
bmi,alt_log_adj,REACTOME_TNFR2_NON_CANONICAL_NF_KB_PATHWAY,ppgs,0.017278378106678677,0.006339944871601822,2.7253199288960377,0.0064278623508701085
bmi,alt_log_adj,REACTOME_TNFR2_NON_CANONICAL_NF_KB_PATHWAY,bmi,0.288555258793118,0.005760974494317964,50.08792506853127,0
bmi,alt_log_adj,REACTOME_TNFS_BIND_THEIR_PHYSIOLOGICAL_RECEPTORS,ppgs,0.014684093565397304,0.0059023245820233345,2.4878492128542944,0.012857521139140304
bmi,alt_log_adj,REACTOME_TNFS_BIND_THEIR_PHYSIOLOGICAL_RECEPTORS,bmi,0.2884962985841234,0.005760962670655561,50.07779343088407,0
bmi,alt_log_adj,REACTOME_TNF_RECEPTOR_SUPERFAMILY_TNFSF_MEMBERS_MEDIATING_NON_CANONICAL_NF_KB_PATHWAY,ppgs,0.0012731671210397867,0.005692844650264618,0.22364339785393697,0.823036403737689
bmi,alt_log_adj,REACTOME_TNF_RECEPTOR_SUPERFAMILY_TNFSF_MEMBERS_MEDIATING_NON_CANONICAL_NF_KB_PATHWAY,bmi,0.2884121064634631,0.005761503870827008,50.058476559187724,0
bmi,alt_log_adj,REACTOME_TNF_SIGNALING,ppgs,0.036662118039220384,0.005795916514784685,6.325508303251045,2.5616439244991793e-10
bmi,alt_log_adj,REACTOME_TNF_SIGNALING,bmi,0.2883634269510078,0.00575744204206809,50.08533735016581,0
bmi,alt_log_adj,REACTOME_TOLL_LIKE_RECEPTOR_9_TLR9_CASCADE,ppgs,0.022903923020798703,0.006267502070838899,3.654394168829215,2.582550128344924e-4
bmi,alt_log_adj,REACTOME_TOLL_LIKE_RECEPTOR_9_TLR9_CASCADE,bmi,0.2884308118256577,0.005760143096471967,50.07354973565133,0
bmi,alt_log_adj,REACTOME_TOLL_LIKE_RECEPTOR_CASCADES,ppgs,0.024759293742620498,0.006479978372624502,3.8208914164311567,1.3325381782039735e-4
bmi,alt_log_adj,REACTOME_TOLL_LIKE_RECEPTOR_CASCADES,bmi,0.2883443972616976,0.005760044334317191,50.05940588752058,0
bmi,alt_log_adj,REACTOME_TOLL_LIKE_RECEPTOR_TLR1_TLR2_CASCADE,ppgs,0.026501739457044992,0.006303155752182605,4.204519212121355,2.624396742313509e-5
bmi,alt_log_adj,REACTOME_TOLL_LIKE_RECEPTOR_TLR1_TLR2_CASCADE,bmi,0.2884602899975637,0.005759712663861393,50.08240980621693,0
bmi,alt_log_adj,REACTOME_TOXICITY_OF_BOTULINUM_TOXIN_TYPE_D_BOTD,ppgs,0.0015754831644031679,0.0058411052920333585,0.2697234659597659,0.787374969363846
bmi,alt_log_adj,REACTOME_TOXICITY_OF_BOTULINUM_TOXIN_TYPE_D_BOTD,bmi,0.2884019385552238,0.005761682481891581,50.05516000953603,0
bmi,alt_log_adj,REACTOME_TP53_REGULATES_METABOLIC_GENES,ppgs,0.0047974549862345815,0.005836993623666095,0.8219051271160032,0.4111378070322058
bmi,alt_log_adj,REACTOME_TP53_REGULATES_METABOLIC_GENES,bmi,0.28841368256716754,0.005761429441019559,50.05939680763131,0
bmi,alt_log_adj,REACTOME_TP53_REGULATES_TRANSCRIPTION_OF_ADDITIONAL_CELL_CYCLE_GENES_WHOSE_EXACT_ROLE_IN_THE_P53_PATHWAY_REMAIN_UNCERTAIN,ppgs,0.008059066547504564,0.005806544138638196,1.3879282332286982,0.16516980727500263
bmi,alt_log_adj,REACTOME_TP53_REGULATES_TRANSCRIPTION_OF_ADDITIONAL_CELL_CYCLE_GENES_WHOSE_EXACT_ROLE_IN_THE_P53_PATHWAY_REMAIN_UNCERTAIN,bmi,0.28839201415823557,0.0057613252589523095,50.05654102068164,0
bmi,alt_log_adj,REACTOME_TP53_REGULATES_TRANSCRIPTION_OF_CASPASE_ACTIVATORS_AND_CASPASES,ppgs,0.009159205019206806,0.0057975236073854125,1.5798478177025408,0.11415287854658307
bmi,alt_log_adj,REACTOME_TP53_REGULATES_TRANSCRIPTION_OF_CASPASE_ACTIVATORS_AND_CASPASES,bmi,0.28836948530174994,0.005761315200883194,50.05271804214838,0
bmi,alt_log_adj,REACTOME_TP53_REGULATES_TRANSCRIPTION_OF_CELL_CYCLE_GENES,ppgs,0.003394399383189982,0.005692290710561603,0.5963151841299915,0.5509694505682801
bmi,alt_log_adj,REACTOME_TP53_REGULATES_TRANSCRIPTION_OF_CELL_CYCLE_GENES,bmi,0.2884344762899595,0.0057615580388500265,50.06188852825118,0
bmi,alt_log_adj,REACTOME_TP53_REGULATES_TRANSCRIPTION_OF_CELL_DEATH_GENES,ppgs,0.007792719483060825,0.005949395196309033,1.3098338950311081,0.1902626479330528
bmi,alt_log_adj,REACTOME_TP53_REGULATES_TRANSCRIPTION_OF_CELL_DEATH_GENES,bmi,0.28834017820285024,0.0057616039651541455,50.04512284195778,0
bmi,alt_log_adj,REACTOME_TP53_REGULATES_TRANSCRIPTION_OF_DEATH_RECEPTORS_AND_LIGANDS,ppgs,0.0057141335812062296,0.005889976383096466,0.9701454147770636,0.3319822913507049
bmi,alt_log_adj,REACTOME_TP53_REGULATES_TRANSCRIPTION_OF_DEATH_RECEPTORS_AND_LIGANDS,bmi,0.28834920890434496,0.005761796869014186,50.045014681970216,0
bmi,alt_log_adj,REACTOME_TP53_REGULATES_TRANSCRIPTION_OF_DNA_REPAIR_GENES,ppgs,0.01119693757419844,0.0057859423807455025,1.9351968680952791,0.05297607524370303
bmi,alt_log_adj,REACTOME_TP53_REGULATES_TRANSCRIPTION_OF_DNA_REPAIR_GENES,bmi,0.2883876511614687,0.0057611343120340065,50.05744277807881,0
bmi,alt_log_adj,REACTOME_TP53_REGULATES_TRANSCRIPTION_OF_GENES_INVOLVED_IN_CYTOCHROME_C_RELEASE,ppgs,-9.225736474190587e-4,0.005891250828248491,-0.15660063954420797,0.8755607136241805
bmi,alt_log_adj,REACTOME_TP53_REGULATES_TRANSCRIPTION_OF_GENES_INVOLVED_IN_CYTOCHROME_C_RELEASE,bmi,0.2884283945825703,0.005762166657837398,50.055545372028604,0
bmi,alt_log_adj,REACTOME_TP53_REGULATES_TRANSCRIPTION_OF_GENES_INVOLVED_IN_G1_CELL_CYCLE_ARREST,ppgs,1.7130186625261655e-5,0.005700174060011586,0.0030052041297186,0.9976022187774516
bmi,alt_log_adj,REACTOME_TP53_REGULATES_TRANSCRIPTION_OF_GENES_INVOLVED_IN_G1_CELL_CYCLE_ARREST,bmi,0.28841467862956555,0.005761528521954517,50.05870881842392,0
bmi,alt_log_adj,REACTOME_TP53_REGULATES_TRANSCRIPTION_OF_GENES_INVOLVED_IN_G2_CELL_CYCLE_ARREST,ppgs,0.0074733589330781705,0.005797191245124484,1.2891344475418791,0.19736186808427947
bmi,alt_log_adj,REACTOME_TP53_REGULATES_TRANSCRIPTION_OF_GENES_INVOLVED_IN_G2_CELL_CYCLE_ARREST,bmi,0.28841341967225265,0.005761329180131697,50.060222329747155,0
bmi,alt_log_adj,REACTOME_TP53_REGULATES_TRANSCRIPTION_OF_SEVERAL_ADDITIONAL_CELL_DEATH_GENES_WHOSE_SPECIFIC_ROLES_IN_P53_DEPENDENT_APOPTOSIS_REMAIN_UNCERTAIN,ppgs,0.0074908816381204875,0.005856869115815536,1.2789907867144517,0.20091076938623215
bmi,alt_log_adj,REACTOME_TP53_REGULATES_TRANSCRIPTION_OF_SEVERAL_ADDITIONAL_CELL_DEATH_GENES_WHOSE_SPECIFIC_ROLES_IN_P53_DEPENDENT_APOPTOSIS_REMAIN_UNCERTAIN,bmi,0.2883502121369165,0.00576155184746832,50.04731707198301,0
bmi,alt_log_adj,REACTOME_TRAF3_DEPENDENT_IRF_ACTIVATION_PATHWAY,ppgs,0.001727627594002553,0.0057164071429832075,0.30222262879284,0.76248457217617
bmi,alt_log_adj,REACTOME_TRAF3_DEPENDENT_IRF_ACTIVATION_PATHWAY,bmi,0.2884046490945895,0.005761583192444879,50.056493061277386,0
bmi,alt_log_adj,REACTOME_TRAF6_MEDIATED_INDUCTION_OF_TAK1_COMPLEX_WITHIN_TLR4_COMPLEX,ppgs,-0.014407082885469737,0.0058304819256477574,-2.4709934906228415,0.013479661616536564
bmi,alt_log_adj,REACTOME_TRAF6_MEDIATED_INDUCTION_OF_TAK1_COMPLEX_WITHIN_TLR4_COMPLEX,bmi,0.2884393129852467,0.005760886281811612,50.068565646906315,0
bmi,alt_log_adj,REACTOME_TRAF6_MEDIATED_IRF7_ACTIVATION,ppgs,0.0032672876673875053,0.005695403024917517,0.5736710208378666,0.5661949929151648
bmi,alt_log_adj,REACTOME_TRAF6_MEDIATED_IRF7_ACTIVATION,bmi,0.2884198421849667,0.005761471715145947,50.0600986075761,0
bmi,alt_log_adj,REACTOME_TRAF6_MEDIATED_IRF7_ACTIVATION_IN_TLR7_8_OR_9_SIGNALING,ppgs,0.0032403961087566543,0.005892480187143912,0.5499205777265882,0.5823781818458572
bmi,alt_log_adj,REACTOME_TRAF6_MEDIATED_IRF7_ACTIVATION_IN_TLR7_8_OR_9_SIGNALING,bmi,0.2884266637760127,0.0057615088516982434,50.06095993256992,0
bmi,alt_log_adj,REACTOME_TRAF6_MEDIATED_NF_KB_ACTIVATION,ppgs,0.03116252471320492,0.005793218859574099,5.379138173194427,7.543546058328293e-8
bmi,alt_log_adj,REACTOME_TRAF6_MEDIATED_NF_KB_ACTIVATION,bmi,0.28830833760012514,0.005758593808646142,50.065753407932604,0
bmi,alt_log_adj,REACTOME_TRAFFICKING_AND_PROCESSING_OF_ENDOSOMAL_TLR,ppgs,0.007605980302016438,0.005733520575917621,1.3265811470117799,0.18465796167578336
bmi,alt_log_adj,REACTOME_TRAFFICKING_AND_PROCESSING_OF_ENDOSOMAL_TLR,bmi,0.2883502774054029,0.005761523325973636,50.04757615151628,0
bmi,alt_log_adj,REACTOME_TRAFFICKING_OF_AMPA_RECEPTORS,ppgs,0.007715848454345635,0.005718465606824133,1.3492865018087936,0.17725573529272387
bmi,alt_log_adj,REACTOME_TRAFFICKING_OF_AMPA_RECEPTORS,bmi,0.28836662365738475,0.005761422801681935,50.051286562965274,0
bmi,alt_log_adj,REACTOME_TRAFFICKING_OF_GLUR2_CONTAINING_AMPA_RECEPTORS,ppgs,0.00827379862966566,0.00573107042532886,1.443674220630589,0.1488416865353116
bmi,alt_log_adj,REACTOME_TRAFFICKING_OF_GLUR2_CONTAINING_AMPA_RECEPTORS,bmi,0.28837981343246877,0.005761336646256917,50.05432439359819,0
bmi,alt_log_adj,REACTOME_TRAFFICKING_OF_MYRISTOYLATED_PROTEINS_TO_THE_CILIUM,ppgs,0.008654991278666709,0.005745203689260937,1.5064724850129876,0.13195706748939728
bmi,alt_log_adj,REACTOME_TRAFFICKING_OF_MYRISTOYLATED_PROTEINS_TO_THE_CILIUM,bmi,0.28841852072611424,0.005761267950390661,50.06163976569726,0
bmi,alt_log_adj,REACTOME_TRAIL_SIGNALING,ppgs,0.010759649151429324,0.0057378034065099105,1.8752209494005674,0.060772604127873865
bmi,alt_log_adj,REACTOME_TRAIL_SIGNALING,bmi,0.2883202288429564,0.005761360575624875,50.043774392941074,0
bmi,alt_log_adj,REACTOME_TRANSCRIPTIONAL_ACTIVATION_OF_MITOCHONDRIAL_BIOGENESIS,ppgs,-5.536736657247289e-4,0.005740036217451799,-0.09645821816269372,0.923157338054472
bmi,alt_log_adj,REACTOME_TRANSCRIPTIONAL_ACTIVATION_OF_MITOCHONDRIAL_BIOGENESIS,bmi,0.28841384380789364,0.00576150267821957,50.058788464716955,0
bmi,alt_log_adj,REACTOME_TRANSCRIPTIONAL_ACTIVITY_OF_SMAD2_SMAD3_SMAD4_HETEROTRIMER,ppgs,0.02046446483187651,0.005762849455766227,3.5511017577250867,3.842436560129393e-4
bmi,alt_log_adj,REACTOME_TRANSCRIPTIONAL_ACTIVITY_OF_SMAD2_SMAD3_SMAD4_HETEROTRIMER,bmi,0.28829773925081126,0.005760311010071798,50.04898845682602,0
bmi,alt_log_adj,REACTOME_TRANSCRIPTIONAL_AND_POST_TRANSLATIONAL_REGULATION_OF_MITF_M_EXPRESSION_AND_ACTIVITY,ppgs,0.004854690181893623,0.00579785440316146,0.837325300760649,0.40241680008777225
bmi,alt_log_adj,REACTOME_TRANSCRIPTIONAL_AND_POST_TRANSLATIONAL_REGULATION_OF_MITF_M_EXPRESSION_AND_ACTIVITY,bmi,0.2884180795700387,0.005761428207294685,50.06017070643448,0
bmi,alt_log_adj,REACTOME_TRANSCRIPTIONAL_REGULATION_BY_E2F6,ppgs,8.579443857026027e-4,0.005714773287302837,0.15012745783088113,0.8806651252975266
bmi,alt_log_adj,REACTOME_TRANSCRIPTIONAL_REGULATION_BY_E2F6,bmi,0.28841870166963085,0.00576155975960726,50.0591356687223,0
bmi,alt_log_adj,REACTOME_TRANSCRIPTIONAL_REGULATION_BY_MECP2,ppgs,-5.875802071461902e-4,0.005972371417613919,-0.09838306529518222,0.9216288169472482
bmi,alt_log_adj,REACTOME_TRANSCRIPTIONAL_REGULATION_BY_MECP2,bmi,0.28841510245166496,0.005761499055653096,50.05903839707766,0
bmi,alt_log_adj,REACTOME_TRANSCRIPTIONAL_REGULATION_BY_NPAS4,ppgs,-0.0023673590184892274,0.005909418194734492,-0.40060779935977975,0.6887119214220315
bmi,alt_log_adj,REACTOME_TRANSCRIPTIONAL_REGULATION_BY_NPAS4,bmi,0.28842714018956994,0.005761566397989466,50.0605426139354,0
bmi,alt_log_adj,REACTOME_TRANSCRIPTIONAL_REGULATION_BY_RUNX1,ppgs,0.007963790926525334,0.006892650186379519,1.155403322551097,0.24793503992309174
bmi,alt_log_adj,REACTOME_TRANSCRIPTIONAL_REGULATION_BY_RUNX1,bmi,0.28841577131085655,0.005761362407605192,50.06034179175017,0
bmi,alt_log_adj,REACTOME_TRANSCRIPTIONAL_REGULATION_BY_RUNX2,ppgs,-0.005311897251884255,0.006470581534773947,-0.8209304253933382,0.4116928024444224
bmi,alt_log_adj,REACTOME_TRANSCRIPTIONAL_REGULATION_BY_RUNX2,bmi,0.2884048686881779,0.005761441740757215,50.05776013457933,0
bmi,alt_log_adj,REACTOME_TRANSCRIPTIONAL_REGULATION_BY_RUNX3,ppgs,0.0037150048008849027,0.0063459300112325085,0.585415344056619,0.5582731337101858
bmi,alt_log_adj,REACTOME_TRANSCRIPTIONAL_REGULATION_BY_RUNX3,bmi,0.2884034260856173,0.0057614948894749276,50.05704797421089,0
bmi,alt_log_adj,REACTOME_TRANSCRIPTIONAL_REGULATION_BY_SMALL_RNAS,ppgs,0.0030767770484758095,0.0060303095771286714,0.51021875562495,0.6099021860785063
bmi,alt_log_adj,REACTOME_TRANSCRIPTIONAL_REGULATION_BY_SMALL_RNAS,bmi,0.2884434649831223,0.005761748841806433,50.06179076918754,0
bmi,alt_log_adj,REACTOME_TRANSCRIPTIONAL_REGULATION_BY_THE_AP_2_TFAP2_FAMILY_OF_TRANSCRIPTION_FACTORS,ppgs,0.009934619136239976,0.005934120507584232,1.674151902298381,0.0941117806204581
bmi,alt_log_adj,REACTOME_TRANSCRIPTIONAL_REGULATION_BY_THE_AP_2_TFAP2_FAMILY_OF_TRANSCRIPTION_FACTORS,bmi,0.2883664757945074,0.005761284959527515,50.05245840472304,0
bmi,alt_log_adj,REACTOME_TRANSCRIPTIONAL_REGULATION_BY_TP53,ppgs,0.017736488314255502,0.00678241024876932,2.6150715842460013,0.008925597704156149
bmi,alt_log_adj,REACTOME_TRANSCRIPTIONAL_REGULATION_BY_TP53,bmi,0.28833209591126496,0.0057608896147421365,50.04992547911735,0
bmi,alt_log_adj,REACTOME_TRANSCRIPTIONAL_REGULATION_BY_VENTX,ppgs,0.008994599147511963,0.005761343325681729,1.5611982551738746,0.11848814299926301
bmi,alt_log_adj,REACTOME_TRANSCRIPTIONAL_REGULATION_BY_VENTX,bmi,0.2883444421113277,0.005761425683195499,50.047411520441806,0
bmi,alt_log_adj,REACTOME_TRANSCRIPTIONAL_REGULATION_OF_BROWN_AND_BEIGE_ADIPOCYTE_DIFFERENTIATION,ppgs,0.01208582544147145,0.005867575277442295,2.059764872201132,0.03943013270420455
bmi,alt_log_adj,REACTOME_TRANSCRIPTIONAL_REGULATION_OF_BROWN_AND_BEIGE_ADIPOCYTE_DIFFERENTIATION,bmi,0.2885374468799284,0.00576137549191502,50.08134729021482,0
bmi,alt_log_adj,REACTOME_TRANSCRIPTIONAL_REGULATION_OF_GRANULOPOIESIS,ppgs,0.008213602678679793,0.005925368119808694,1.386175932465944,0.1657040909050769
bmi,alt_log_adj,REACTOME_TRANSCRIPTIONAL_REGULATION_OF_GRANULOPOIESIS,bmi,0.2884149878405715,0.005761302731659953,50.06072433160843,0
bmi,alt_log_adj,REACTOME_TRANSCRIPTIONAL_REGULATION_OF_PLURIPOTENT_STEM_CELLS,ppgs,0.010241793064406436,0.006020329481266096,1.7012014203336512,0.08891613754663627
bmi,alt_log_adj,REACTOME_TRANSCRIPTIONAL_REGULATION_OF_PLURIPOTENT_STEM_CELLS,bmi,0.2883599309919034,0.005761293601902635,50.05124732693264,0
bmi,alt_log_adj,REACTOME_TRANSCRIPTIONAL_REGULATION_OF_TESTIS_DIFFERENTIATION,ppgs,-0.00681502550073899,0.006257070679435623,-1.0891718904721872,0.27608735076885516
bmi,alt_log_adj,REACTOME_TRANSCRIPTIONAL_REGULATION_OF_TESTIS_DIFFERENTIATION,bmi,0.288452145115811,0.005761480427779543,50.065629612314694,0
bmi,alt_log_adj,REACTOME_TRANSCRIPTIONAL_REGULATION_OF_WHITE_ADIPOCYTE_DIFFERENTIATION,ppgs,0.010811215920439841,0.0058763373032980366,1.839788181385053,0.06580978988077732
bmi,alt_log_adj,REACTOME_TRANSCRIPTIONAL_REGULATION_OF_WHITE_ADIPOCYTE_DIFFERENTIATION,bmi,0.288464243410536,0.005761217179150685,50.07001722734244,0
bmi,alt_log_adj,REACTOME_TRANSCRIPTION_COUPLED_NUCLEOTIDE_EXCISION_REPAIR_TC_NER,ppgs,0.007565314213395058,0.005719647587216609,1.3226888716541745,0.18594953546454798
bmi,alt_log_adj,REACTOME_TRANSCRIPTION_COUPLED_NUCLEOTIDE_EXCISION_REPAIR_TC_NER,bmi,0.2884254938946372,0.005761326062900118,50.06234515208995,0
bmi,alt_log_adj,REACTOME_TRANSCRIPTION_OF_E2F_TARGETS_UNDER_NEGATIVE_CONTROL_BY_DREAM_COMPLEX,ppgs,0.0020476224484867528,0.005756552638068827,0.35570289672078403,0.7220657221021223
bmi,alt_log_adj,REACTOME_TRANSCRIPTION_OF_E2F_TARGETS_UNDER_NEGATIVE_CONTROL_BY_DREAM_COMPLEX,bmi,0.2884205934151791,0.005761509570288919,50.05990008287287,0
bmi,alt_log_adj,REACTOME_TRANSCRIPTION_OF_E2F_TARGETS_UNDER_NEGATIVE_CONTROL_BY_P107_RBL1_AND_P130_RBL2_IN_COMPLEX_WITH_HDAC1,ppgs,0.005168204741436101,0.005720331049807452,0.9034800077890709,0.3662788710060647
bmi,alt_log_adj,REACTOME_TRANSCRIPTION_OF_E2F_TARGETS_UNDER_NEGATIVE_CONTROL_BY_P107_RBL1_AND_P130_RBL2_IN_COMPLEX_WITH_HDAC1,bmi,0.288431207767855,0.005761444271341214,50.06230975843679,0
bmi,alt_log_adj,REACTOME_TRANSCRIPTION_OF_THE_HIV_GENOME,ppgs,0.008866953178507855,0.0058516978505157346,1.5152787114130257,0.12971298635162526
bmi,alt_log_adj,REACTOME_TRANSCRIPTION_OF_THE_HIV_GENOME,bmi,0.2883991320119543,0.005761273734949183,50.05822414971541,0
bmi,alt_log_adj,REACTOME_TRANSFERRIN_ENDOCYTOSIS_AND_RECYCLING,ppgs,0.002444230579152302,0.005865100165843541,0.4167414894952205,0.6768706589341325
bmi,alt_log_adj,REACTOME_TRANSFERRIN_ENDOCYTOSIS_AND_RECYCLING,bmi,0.2883906067378615,0.00576176851098882,50.05244590924543,0
bmi,alt_log_adj,REACTOME_TRANSLATION,ppgs,0.02432882753380368,0.0061028444006732754,3.9864735091590546,6.723053010329799e-5
bmi,alt_log_adj,REACTOME_TRANSLATION,bmi,0.2884687516329157,0.005759899755646199,50.08225209998513,0
bmi,alt_log_adj,REACTOME_TRANSLATION_OF_REPLICASE_AND_ASSEMBLY_OF_THE_REPLICATION_TRANSCRIPTION_COMPLEX,ppgs,2.7300309686421897e-4,0.005711873626782049,0.0477957172553944,0.9618793864779078
bmi,alt_log_adj,REACTOME_TRANSLATION_OF_REPLICASE_AND_ASSEMBLY_OF_THE_REPLICATION_TRANSCRIPTION_COMPLEX,bmi,0.28841360214544753,0.005761537270671349,50.058445966078224,0
bmi,alt_log_adj,REACTOME_TRANSLATION_OF_SARS_COV_1_STRUCTURAL_PROTEINS,ppgs,3.6847371350850827e-4,0.005707687021575128,0.06455744894835211,0.948526820003055
bmi,alt_log_adj,REACTOME_TRANSLATION_OF_SARS_COV_1_STRUCTURAL_PROTEINS,bmi,0.2884165292921736,0.00576157327724894,50.058641175503354,0
bmi,alt_log_adj,REACTOME_TRANSLATION_OF_SARS_COV_2_STRUCTURAL_PROTEINS,ppgs,0.005500190320282626,0.00571641404373446,0.9621749366302764,0.3359699434643896
bmi,alt_log_adj,REACTOME_TRANSLATION_OF_SARS_COV_2_STRUCTURAL_PROTEINS,bmi,0.2884376395670329,0.005761453562631465,50.06334537482464,0
bmi,alt_log_adj,REACTOME_TRANSLESION_SYNTHESIS_BY_POLH,ppgs,0.016917972786329564,0.005745570247380723,2.9445245742216954,0.0032371378361668998
bmi,alt_log_adj,REACTOME_TRANSLESION_SYNTHESIS_BY_POLH,bmi,0.28838666541740055,0.005760624953150113,50.06169777806842,0
bmi,alt_log_adj,REACTOME_TRANSLESION_SYNTHESIS_BY_POLK,ppgs,-0.0033129962011009643,0.005678320559519945,-0.5834464902737105,0.5595974105323772
bmi,alt_log_adj,REACTOME_TRANSLESION_SYNTHESIS_BY_POLK,bmi,0.28837906623480775,0.005761785672087317,50.05029389271554,0
bmi,alt_log_adj,REACTOME_TRANSLESION_SYNTHESIS_BY_Y_FAMILY_DNA_POLYMERASES_BYPASSES_LESIONS_ON_DNA_TEMPLATE,ppgs,0.005012394997664637,0.0059088914196746885,0.8482800988650748,0.39628916029686534
bmi,alt_log_adj,REACTOME_TRANSLESION_SYNTHESIS_BY_Y_FAMILY_DNA_POLYMERASES_BYPASSES_LESIONS_ON_DNA_TEMPLATE,bmi,0.2884039596486168,0.0057614385629548,50.05762996467787,0
bmi,alt_log_adj,REACTOME_TRANSLOCATION_OF_SLC2A4_GLUT4_TO_THE_PLASMA_MEMBRANE,ppgs,0.011894325537953936,0.005768973826587818,2.061774917947424,0.03923826406092639
bmi,alt_log_adj,REACTOME_TRANSLOCATION_OF_SLC2A4_GLUT4_TO_THE_PLASMA_MEMBRANE,bmi,0.2884807082240813,0.0057611552197980205,50.07341361550663,0
bmi,alt_log_adj,REACTOME_TRANSMISSION_ACROSS_CHEMICAL_SYNAPSES,ppgs,0.0021800096527984504,0.006423335760423068,0.33938902372664786,0.7343192002799659
bmi,alt_log_adj,REACTOME_TRANSMISSION_ACROSS_CHEMICAL_SYNAPSES,bmi,0.28840576124606254,0.00576154542350734,50.05701422909126,0
bmi,alt_log_adj,REACTOME_TRANSPORT_AND_SYNTHESIS_OF_PAPS,ppgs,0.008421876121722509,0.005704261835863926,1.4764182227352107,0.13984276105937812
bmi,alt_log_adj,REACTOME_TRANSPORT_AND_SYNTHESIS_OF_PAPS,bmi,0.2883986812054251,0.005761286595288034,50.058034162247175,0
bmi,alt_log_adj,REACTOME_TRANSPORT_OF_BILE_SALTS_AND_ORGANIC_ACIDS_METAL_IONS_AND_AMINE_COMPOUNDS,ppgs,-0.0017179313716611075,0.006339005098332658,-0.2710096213856924,0.7863856054294014
bmi,alt_log_adj,REACTOME_TRANSPORT_OF_BILE_SALTS_AND_ORGANIC_ACIDS_METAL_IONS_AND_AMINE_COMPOUNDS,bmi,0.28841204854261177,0.005761498335055705,50.05851460335851,0
bmi,alt_log_adj,REACTOME_TRANSPORT_OF_CONNEXONS_TO_THE_PLASMA_MEMBRANE,ppgs,0.008129691971949897,0.005699947030604448,1.4262750036622336,0.153799988801092
bmi,alt_log_adj,REACTOME_TRANSPORT_OF_CONNEXONS_TO_THE_PLASMA_MEMBRANE,bmi,0.28849146855292196,0.005761543196922127,50.07190932926389,0
bmi,alt_log_adj,REACTOME_TRANSPORT_OF_FATTY_ACIDS,ppgs,0.0010227927226095373,0.0058810816739391005,0.17391234798554991,0.8619355900013008
bmi,alt_log_adj,REACTOME_TRANSPORT_OF_FATTY_ACIDS,bmi,0.28842269743096355,0.005761681997526363,50.05876713688655,0
bmi,alt_log_adj,REACTOME_TRANSPORT_OF_INORGANIC_CATIONS_ANIONS_AND_AMINO_ACIDS_OLIGOPEPTIDES,ppgs,0.0014764834952373017,0.006454328294966795,0.22875866050828106,0.8190581490200681
bmi,alt_log_adj,REACTOME_TRANSPORT_OF_INORGANIC_CATIONS_ANIONS_AND_AMINO_ACIDS_OLIGOPEPTIDES,bmi,0.28842375119331537,0.005761630856651135,50.059394357131296,0
bmi,alt_log_adj,REACTOME_TRANSPORT_OF_MATURE_MRNAS_DERIVED_FROM_INTRONLESS_TRANSCRIPTS,ppgs,0.004269370947987928,0.005990049232399216,0.7127438827874044,0.47601012280278066
bmi,alt_log_adj,REACTOME_TRANSPORT_OF_MATURE_MRNAS_DERIVED_FROM_INTRONLESS_TRANSCRIPTS,bmi,0.2884508419283187,0.0057616704558326026,50.06375219469846,0
bmi,alt_log_adj,REACTOME_TRANSPORT_OF_MATURE_TRANSCRIPT_TO_CYTOPLASM,ppgs,0.006069213811804269,0.006018225928533432,1.0084722447904615,0.3132364129868262
bmi,alt_log_adj,REACTOME_TRANSPORT_OF_MATURE_TRANSCRIPT_TO_CYTOPLASM,bmi,0.28847252965466713,0.005761680763688977,50.06742676072347,0
bmi,alt_log_adj,REACTOME_TRANSPORT_OF_NUCLEOSIDES_AND_FREE_PURINE_AND_PYRIMIDINE_BASES_ACROSS_THE_PLASMA_MEMBRANE,ppgs,-0.0011041898204241728,0.005717496336675847,-0.19312470973372742,0.8468626848646338
bmi,alt_log_adj,REACTOME_TRANSPORT_OF_NUCLEOSIDES_AND_FREE_PURINE_AND_PYRIMIDINE_BASES_ACROSS_THE_PLASMA_MEMBRANE,bmi,0.2884123237991514,0.005761506473781036,50.0584916656144,0
bmi,alt_log_adj,REACTOME_TRANSPORT_OF_NUCLEOTIDE_SUGARS,ppgs,0.0021733444302847317,0.005687025774972524,0.38215835768657686,0.7023467722397077
bmi,alt_log_adj,REACTOME_TRANSPORT_OF_NUCLEOTIDE_SUGARS,bmi,0.28840075916409236,0.005761597330527064,50.055695082340954,0
bmi,alt_log_adj,REACTOME_TRANSPORT_OF_ORGANIC_ANIONS,ppgs,0.01127042516206321,0.0057087046510005245,1.9742526284115824,0.0483627155405826
bmi,alt_log_adj,REACTOME_TRANSPORT_OF_ORGANIC_ANIONS,bmi,0.28847777891017906,0.005761190758040326,50.07259627839593,0
bmi,alt_log_adj,REACTOME_TRANSPORT_OF_RCBL_WITHIN_THE_BODY,ppgs,0.006878884284260847,0.005741279582573242,1.198144801228741,0.23087066666158512
bmi,alt_log_adj,REACTOME_TRANSPORT_OF_RCBL_WITHIN_THE_BODY,bmi,0.28843916369319483,0.005761388510862518,50.064175180925886,0
bmi,alt_log_adj,REACTOME_TRANSPORT_OF_SMALL_MOLECULES,ppgs,0.040007109504191556,0.0087790493121807,4.557111833132403,5.2078074615721955e-6
bmi,alt_log_adj,REACTOME_TRANSPORT_OF_SMALL_MOLECULES,bmi,0.28824786710610545,0.0057595050599922905,50.047332905111,0
bmi,alt_log_adj,REACTOME_TRANSPORT_OF_THE_SLBP_DEPENDANT_MATURE_MRNA,ppgs,0.0041940823046624906,0.005927468729611984,0.7075671751265465,0.4792198997671753
bmi,alt_log_adj,REACTOME_TRANSPORT_OF_THE_SLBP_DEPENDANT_MATURE_MRNA,bmi,0.28846402792323866,0.005761870195443593,50.06430518885205,0
bmi,alt_log_adj,REACTOME_TRANSPORT_OF_VITAMINS_NUCLEOSIDES_AND_RELATED_MOLECULES,ppgs,0.005855268456865731,0.005718332001237394,1.0239469229136582,0.3058690826577432
bmi,alt_log_adj,REACTOME_TRANSPORT_OF_VITAMINS_NUCLEOSIDES_AND_RELATED_MOLECULES,bmi,0.28847227452182767,0.005761666544720393,50.0675060388846,0
bmi,alt_log_adj,REACTOME_TRANSPORT_TO_THE_GOLGI_AND_SUBSEQUENT_MODIFICATION,ppgs,6.082619596479402e-4,0.006140612437784271,0.09905558538513148,0.9210948366877978
bmi,alt_log_adj,REACTOME_TRANSPORT_TO_THE_GOLGI_AND_SUBSEQUENT_MODIFICATION,bmi,0.2884148544982515,0.005761497451721235,50.05900929663488,0
bmi,alt_log_adj,REACTOME_TRANS_GOLGI_NETWORK_VESICLE_BUDDING,ppgs,0.001719135671471563,0.0059129630616987835,0.29074013375920843,0.7712522013451304
bmi,alt_log_adj,REACTOME_TRANS_GOLGI_NETWORK_VESICLE_BUDDING,bmi,0.28841941410583544,0.005761512956007645,50.05966597803008,0
bmi,alt_log_adj,REACTOME_TRIF_MEDIATED_PROGRAMMED_CELL_DEATH,ppgs,0.004559665353110115,0.005724346951985866,0.7965389574313443,0.42572551180959994
bmi,alt_log_adj,REACTOME_TRIF_MEDIATED_PROGRAMMED_CELL_DEATH,bmi,0.288405528573229,0.005761444810269838,50.0578480000612,0
bmi,alt_log_adj,REACTOME_TRIGLYCERIDE_BIOSYNTHESIS,ppgs,0.017195547905284173,0.0057957627925098966,2.9669171290976037,0.0030105299456348314
bmi,alt_log_adj,REACTOME_TRIGLYCERIDE_BIOSYNTHESIS,bmi,0.2883574309791777,0.005760635935198982,50.05652747767636,0
bmi,alt_log_adj,REACTOME_TRIGLYCERIDE_CATABOLISM,ppgs,0.002863277647181495,0.005861560959878132,0.48848381289222753,0.6252109670104068
bmi,alt_log_adj,REACTOME_TRIGLYCERIDE_CATABOLISM,bmi,0.2884146801031805,0.005761473725506475,50.05918517450616,0
bmi,alt_log_adj,REACTOME_TRIGLYCERIDE_METABOLISM,ppgs,0.014720397140715992,0.005945241167799612,2.475996637519777,0.013292277468240075
bmi,alt_log_adj,REACTOME_TRIGLYCERIDE_METABOLISM,bmi,0.2883803916459839,0.005760891690397529,50.05829082443386,0
bmi,alt_log_adj,REACTOME_TRISTETRAPROLIN_TTP_ZFP36_BINDS_AND_DESTABILIZES_MRNA,ppgs,0.010311567451992111,0.005762717918961925,1.7893583543387455,0.07356779295926491
bmi,alt_log_adj,REACTOME_TRISTETRAPROLIN_TTP_ZFP36_BINDS_AND_DESTABILIZES_MRNA,bmi,0.28849990477872345,0.005761369781755368,50.07488075011627,0
bmi,alt_log_adj,REACTOME_TRNA_AMINOACYLATION,ppgs,-0.011718036352474728,0.00572833080103354,-2.045628431647224,0.04080215111870652
bmi,alt_log_adj,REACTOME_TRNA_AMINOACYLATION,bmi,0.2884754501750383,0.0057611495304651875,50.072550391127436,0
bmi,alt_log_adj,REACTOME_TRNA_MODIFICATION_IN_THE_MITOCHONDRION,ppgs,-0.0025688134966369933,0.00574452041795072,-0.4471763192989716,0.6547511743899346
bmi,alt_log_adj,REACTOME_TRNA_MODIFICATION_IN_THE_MITOCHONDRION,bmi,0.28841371959002626,0.005761478005336211,50.05898127579433,0
bmi,alt_log_adj,REACTOME_TRNA_MODIFICATION_IN_THE_NUCLEUS_AND_CYTOSOL,ppgs,0.005216297398292933,0.005907856943565833,0.8829424016392158,0.3772748794941193
bmi,alt_log_adj,REACTOME_TRNA_MODIFICATION_IN_THE_NUCLEUS_AND_CYTOSOL,bmi,0.2884160618269511,0.005761418984470781,50.05990062592953,0
bmi,alt_log_adj,REACTOME_TRNA_PROCESSING,ppgs,0.004848369267166019,0.00620668853025301,0.7811523396951224,0.4347194243812701
bmi,alt_log_adj,REACTOME_TRNA_PROCESSING,bmi,0.28842532790019115,0.0057614522661525065,50.0612197370163,0
bmi,alt_log_adj,REACTOME_TRNA_PROCESSING_IN_THE_MITOCHONDRION,ppgs,0.003173413381762976,0.005698005553031912,0.5569340626694197,0.5775768773587107
bmi,alt_log_adj,REACTOME_TRNA_PROCESSING_IN_THE_MITOCHONDRION,bmi,0.2883837173769816,0.005761733675285664,50.05155281889763,0
bmi,alt_log_adj,REACTOME_TRNA_PROCESSING_IN_THE_NUCLEUS,ppgs,0.0020167965932151293,0.005985825342412731,0.33692874045706966,0.7361731131726295
bmi,alt_log_adj,REACTOME_TRNA_PROCESSING_IN_THE_NUCLEUS,bmi,0.28842002030081465,0.0057615087118424585,50.05980806867192,0
bmi,alt_log_adj,REACTOME_TRP_CHANNELS,ppgs,0.0028647721377262803,0.005700817240287882,0.502519554123018,0.6153060044605918
bmi,alt_log_adj,REACTOME_TRP_CHANNELS,bmi,0.2884173925565753,0.005761474948338666,50.05964534129252,0
bmi,alt_log_adj,REACTOME_TRYPTOPHAN_CATABOLISM,ppgs,-0.005744291489545077,0.005685771759008471,-1.0102923108800292,0.31236388666940457
bmi,alt_log_adj,REACTOME_TRYPTOPHAN_CATABOLISM,bmi,0.2883939347310965,0.0057614306431164755,50.05595877052827,0
bmi,alt_log_adj,REACTOME_TURBULENT_OSCILLATORY_DISTURBED_FLOW_SHEAR_STRESS_ACTIVATES_SIGNALING_BY_PIEZO1_AND_INTEGRINS_IN_ENDOTHELIAL_CELLS,ppgs,0.03451105523353365,0.00579630517922442,5.95397484542928,2.6478454947790994e-9
bmi,alt_log_adj,REACTOME_TURBULENT_OSCILLATORY_DISTURBED_FLOW_SHEAR_STRESS_ACTIVATES_SIGNALING_BY_PIEZO1_AND_INTEGRINS_IN_ENDOTHELIAL_CELLS,bmi,0.28831863533321195,0.005757921600968824,50.073386772876454,0
bmi,alt_log_adj,REACTOME_TYPE_I_HEMIDESMOSOME_ASSEMBLY,ppgs,-2.5978084114271254e-4,0.005693686660220456,-0.045626121816238825,0.9636085700200494
bmi,alt_log_adj,REACTOME_TYPE_I_HEMIDESMOSOME_ASSEMBLY,bmi,0.2884163847187952,0.005761627253858187,50.05814711905591,0
bmi,alt_log_adj,REACTOME_TYROSINE_CATABOLISM,ppgs,0.009517585254588855,0.005822720112135797,1.6345599773466988,0.102152426631226
bmi,alt_log_adj,REACTOME_TYROSINE_CATABOLISM,bmi,0.28842950038359977,0.005761233681513667,50.0638433238868,0
bmi,alt_log_adj,REACTOME_TYSND1_CLEAVES_PEROXISOMAL_PROTEINS,ppgs,-0.002275634748959438,0.005696477507982854,-0.3994810381978055,0.6895418021480779
bmi,alt_log_adj,REACTOME_TYSND1_CLEAVES_PEROXISOMAL_PROTEINS,bmi,0.28842271262101843,0.005761517349393593,50.06020031361622,0
bmi,alt_log_adj,REACTOME_UBIQUINOL_BIOSYNTHESIS,ppgs,0.012348162170033407,0.00570731034727069,2.1635694256469615,0.03050573701080543
bmi,alt_log_adj,REACTOME_UBIQUINOL_BIOSYNTHESIS,bmi,0.2883539107879184,0.005761090695492425,50.05196516234875,0
bmi,alt_log_adj,REACTOME_UBIQUITIN_DEPENDENT_DEGRADATION_OF_CYCLIN_D,ppgs,-0.012941927983703643,0.005921392731776433,-2.1856222969728663,0.0288514032148826
bmi,alt_log_adj,REACTOME_UBIQUITIN_DEPENDENT_DEGRADATION_OF_CYCLIN_D,bmi,0.2882985064998306,0.0057612575720752774,50.04089869149555,0
bmi,alt_log_adj,REACTOME_UB_SPECIFIC_PROCESSING_PROTEASES,ppgs,0.006568730530093377,0.006292435580839757,1.0439090628269487,0.29653636618672613
bmi,alt_log_adj,REACTOME_UB_SPECIFIC_PROCESSING_PROTEASES,bmi,0.2883686946654745,0.0057615552181249545,50.05049569920141,0
bmi,alt_log_adj,REACTOME_UCH_PROTEINASES,ppgs,-0.0027267405934855815,0.005902561173938425,-0.46195888752918945,0.6441143482071152
bmi,alt_log_adj,REACTOME_UCH_PROTEINASES,bmi,0.2884479158398017,0.00576192703427271,50.06101502571537,0
bmi,alt_log_adj,REACTOME_UNBLOCKING_OF_NMDA_RECEPTORS_GLUTAMATE_BINDING_AND_ACTIVATION,ppgs,-6.291970373656423e-5,0.006100032709824339,-0.01031465022068318,0.9917703183492843
bmi,alt_log_adj,REACTOME_UNBLOCKING_OF_NMDA_RECEPTORS_GLUTAMATE_BINDING_AND_ACTIVATION,bmi,0.28841432415646656,0.005761570439389077,50.05828310016259,0
bmi,alt_log_adj,REACTOME_UNFOLDED_PROTEIN_RESPONSE_UPR,ppgs,0.01268730729986916,0.005937581675874361,2.1367802570902477,0.03262440335126272
bmi,alt_log_adj,REACTOME_UNFOLDED_PROTEIN_RESPONSE_UPR,bmi,0.2883505901891476,0.005761111997061138,50.05120371488025,0
bmi,alt_log_adj,REACTOME_UNWINDING_OF_DNA,ppgs,-0.001463050535548365,0.005756160131619389,-0.2541712707941575,0.7993650879372074
bmi,alt_log_adj,REACTOME_UNWINDING_OF_DNA,bmi,0.28841894102777466,0.00576151646248656,50.059553401553345,0
bmi,alt_log_adj,REACTOME_UPTAKE_AND_ACTIONS_OF_BACTERIAL_TOXINS,ppgs,9.367358097469739e-4,0.006052244412660875,0.15477494725549873,0.876999844219112
bmi,alt_log_adj,REACTOME_UPTAKE_AND_ACTIONS_OF_BACTERIAL_TOXINS,bmi,0.28841374426212507,0.0057614983299948295,50.05880896651825,0
bmi,alt_log_adj,REACTOME_UPTAKE_AND_FUNCTION_OF_ANTHRAX_TOXINS,ppgs,0.005709145420695785,0.005890297820478908,0.9692456297959491,0.3324309185095069
bmi,alt_log_adj,REACTOME_UPTAKE_AND_FUNCTION_OF_ANTHRAX_TOXINS,bmi,0.28839898833835703,0.005761425090182817,50.05688416044403,0
bmi,alt_log_adj,REACTOME_UPTAKE_AND_FUNCTION_OF_DIPHTHERIA_TOXIN,ppgs,-0.005617417012049718,0.005744399431605914,-0.9778945699949879,0.3281348156708046
bmi,alt_log_adj,REACTOME_UPTAKE_AND_FUNCTION_OF_DIPHTHERIA_TOXIN,bmi,0.28843292353348626,0.0057614311960379324,50.06272117453006,0
bmi,alt_log_adj,REACTOME_UPTAKE_OF_DIETARY_COBALAMINS_INTO_ENTEROCYTES,ppgs,-9.669964563577461e-4,0.005680778847719008,-0.1702225138980762,0.8648363612737099
bmi,alt_log_adj,REACTOME_UPTAKE_OF_DIETARY_COBALAMINS_INTO_ENTEROCYTES,bmi,0.28842160968158004,0.005761641255499012,50.05893232354676,0
bmi,alt_log_adj,REACTOME_UREA_CYCLE,ppgs,0.007718815893896,0.005694072958556391,1.355587810355865,0.1752411514779864
bmi,alt_log_adj,REACTOME_UREA_CYCLE,bmi,0.2883678658797918,0.00576141449240227,50.051574359051955,0
bmi,alt_log_adj,REACTOME_VASOPRESSIN_LIKE_RECEPTORS,ppgs,0.004615779735551343,0.005690746527365354,0.8111026757834375,0.41731351880389933
bmi,alt_log_adj,REACTOME_VASOPRESSIN_LIKE_RECEPTORS,bmi,0.28841008892239356,0.005761433831044344,50.0587349226078,0
bmi,alt_log_adj,REACTOME_VASOPRESSIN_REGULATES_RENAL_WATER_HOMEOSTASIS_VIA_AQUAPORINS,ppgs,-0.004527111682201863,0.006041197262283983,-0.7493732592486655,0.453638481720421
bmi,alt_log_adj,REACTOME_VASOPRESSIN_REGULATES_RENAL_WATER_HOMEOSTASIS_VIA_AQUAPORINS,bmi,0.28843239575338897,0.005761489727096404,50.06212098181578,0
bmi,alt_log_adj,REACTOME_VEGFR2_MEDIATED_CELL_PROLIFERATION,ppgs,-0.0013538429631173652,0.006172659997700508,-0.21932893819223973,0.826395400273333
bmi,alt_log_adj,REACTOME_VEGFR2_MEDIATED_CELL_PROLIFERATION,bmi,0.2884141553774882,0.0057614934765949965,50.05892249103769,0
bmi,alt_log_adj,REACTOME_VEGFR2_MEDIATED_VASCULAR_PERMEABILITY,ppgs,0.002937365423543188,0.005985157078064224,0.49077499307557326,0.6235893975004445
bmi,alt_log_adj,REACTOME_VEGFR2_MEDIATED_VASCULAR_PERMEABILITY,bmi,0.2884164443433858,0.00576147469253054,50.05948298571946,0
bmi,alt_log_adj,REACTOME_VEGF_LIGAND_RECEPTOR_INTERACTIONS,ppgs,0.00838317379197245,0.005655467596990569,1.4823131152644866,0.1382681156672908
bmi,alt_log_adj,REACTOME_VEGF_LIGAND_RECEPTOR_INTERACTIONS,bmi,0.2884041422991039,0.005761279043826571,50.05904767069733,0
bmi,alt_log_adj,REACTOME_VESICLE_MEDIATED_TRANSPORT,ppgs,0.02078689780035916,0.007601510359894804,2.7345746853190933,0.006249971904411368
bmi,alt_log_adj,REACTOME_VESICLE_MEDIATED_TRANSPORT,bmi,0.2884804233969941,0.005760788492861054,50.076551804408005,0
bmi,alt_log_adj,REACTOME_VIF_MEDIATED_DEGRADATION_OF_APOBEC3G,ppgs,-0.007807269638457966,0.00604430597488538,-1.2916734643973773,0.19648078130174823
bmi,alt_log_adj,REACTOME_VIF_MEDIATED_DEGRADATION_OF_APOBEC3G,bmi,0.2884741343066536,0.005761512662271554,50.06916607086285,0
bmi,alt_log_adj,REACTOME_VIRAL_INFECTION_PATHWAYS,ppgs,0.039390635987798184,0.007931929130905074,4.966085215552538,6.871456168686382e-7
bmi,alt_log_adj,REACTOME_VIRAL_INFECTION_PATHWAYS,bmi,0.288413284740191,0.0057589935256995035,50.080501645495346,0
bmi,alt_log_adj,REACTOME_VIRAL_MESSENGER_RNA_SYNTHESIS,ppgs,2.5939936929943717e-4,0.005957048185568359,0.04354495065657892,0.9652674397274961
bmi,alt_log_adj,REACTOME_VIRAL_MESSENGER_RNA_SYNTHESIS,bmi,0.2884177196003527,0.005761936840070953,50.05568919023435,0
bmi,alt_log_adj,REACTOME_VISUAL_PHOTOTRANSDUCTION,ppgs,0.016575207095272108,0.005701724432291085,2.9070515932689167,0.0036513567026200022
bmi,alt_log_adj,REACTOME_VISUAL_PHOTOTRANSDUCTION,bmi,0.2881431399913621,0.0057613963178672345,50.012726792943056,0
bmi,alt_log_adj,REACTOME_VITAMINS,ppgs,-0.004847857254661012,0.005675327823993848,-0.8541986304589313,0.3930021598663598
bmi,alt_log_adj,REACTOME_VITAMINS,bmi,0.2884253063961629,0.005761437404466924,50.061345138027995,0
bmi,alt_log_adj,REACTOME_VITAMIN_B1_THIAMIN_METABOLISM,ppgs,0.0010869888923983782,0.005895801363426531,0.18436660691136994,0.853727183305704
bmi,alt_log_adj,REACTOME_VITAMIN_B1_THIAMIN_METABOLISM,bmi,0.2884172065553668,0.005761511568998409,50.0592948745056,0
bmi,alt_log_adj,REACTOME_VITAMIN_B2_RIBOFLAVIN_METABOLISM,ppgs,0.006234474849886676,0.005801109295695401,1.0747039112869061,0.28251645887198656
bmi,alt_log_adj,REACTOME_VITAMIN_B2_RIBOFLAVIN_METABOLISM,bmi,0.28841863041550136,0.005761381815604723,50.060669409952745,0
bmi,alt_log_adj,REACTOME_VITAMIN_B5_PANTOTHENATE_METABOLISM,ppgs,2.432653766347396e-4,0.005735158637558974,0.04241650353690641,0.9661669709897608
bmi,alt_log_adj,REACTOME_VITAMIN_B5_PANTOTHENATE_METABOLISM,bmi,0.288416308204533,0.005761634894323842,50.0580674573237,0
bmi,alt_log_adj,REACTOME_VITAMIN_C_ASCORBATE_METABOLISM,ppgs,0.0025982610856569387,0.00568802342515499,0.4567950747471017,0.647821846132243
bmi,alt_log_adj,REACTOME_VITAMIN_C_ASCORBATE_METABOLISM,bmi,0.2884222986812802,0.005761501276395657,50.06026812194245,0
bmi,alt_log_adj,REACTOME_VITAMIN_D_CALCIFEROL_METABOLISM,ppgs,-0.010364960093679213,0.005711480250329784,-1.814758983554348,0.06957151994804253
bmi,alt_log_adj,REACTOME_VITAMIN_D_CALCIFEROL_METABOLISM,bmi,0.28846114962709823,0.005761220387034075,50.06945234664082,0
bmi,alt_log_adj,REACTOME_VLDLR_INTERNALISATION_AND_DEGRADATION,ppgs,0.0074243208539746175,0.006205463691230693,1.1964167745379548,0.2315439642904496
bmi,alt_log_adj,REACTOME_VLDLR_INTERNALISATION_AND_DEGRADATION,bmi,0.28839590377715507,0.005761373764078955,50.05679471365796,0
bmi,alt_log_adj,REACTOME_VLDL_ASSEMBLY,ppgs,0.015549023158509931,0.005731845637687316,2.712742830385022,0.006676914059116965
bmi,alt_log_adj,REACTOME_VLDL_ASSEMBLY,bmi,0.2882782089042773,0.005760969790173363,50.0398751258861,0
bmi,alt_log_adj,REACTOME_VLDL_CLEARANCE,ppgs,0.01662639025587705,0.005691215636080803,2.9214128086221387,0.003487226149686252
bmi,alt_log_adj,REACTOME_VLDL_CLEARANCE,bmi,0.2881423794157581,0.0057613845991645015,50.01269650659038,0
bmi,alt_log_adj,REACTOME_VOLTAGE_GATED_POTASSIUM_CHANNELS,ppgs,-0.009927814351568504,0.005940764340546982,-1.6711341811371065,0.0947062148397868
bmi,alt_log_adj,REACTOME_VOLTAGE_GATED_POTASSIUM_CHANNELS,bmi,0.2883902291983398,0.005761232698266321,50.05703541277244,0
bmi,alt_log_adj,REACTOME_VXPX_CARGO_TARGETING_TO_CILIUM,ppgs,0.002472733079222546,0.005771761473952027,0.42841913866018133,0.6683492480905209
bmi,alt_log_adj,REACTOME_VXPX_CARGO_TARGETING_TO_CILIUM,bmi,0.2884161971258556,0.005761480493365,50.05938967562238,0
bmi,alt_log_adj,REACTOME_WAX_AND_PLASMALOGEN_BIOSYNTHESIS,ppgs,-0.0015523344587853112,0.005709031443279766,-0.27190854949881216,0.7856943173795681
bmi,alt_log_adj,REACTOME_WAX_AND_PLASMALOGEN_BIOSYNTHESIS,bmi,0.288417555110268,0.00576150055527573,50.0594510654291,0
bmi,alt_log_adj,REACTOME_WNT5A_DEPENDENT_INTERNALIZATION_OF_FZD2_FZD5_AND_ROR2,ppgs,-0.007861245718289998,0.005686571313700532,-1.3824227789687733,0.1668528163483474
bmi,alt_log_adj,REACTOME_WNT5A_DEPENDENT_INTERNALIZATION_OF_FZD2_FZD5_AND_ROR2,bmi,0.2884690218491416,0.005761438167380438,50.06892610292479,0
bmi,alt_log_adj,REACTOME_WNT5A_DEPENDENT_INTERNALIZATION_OF_FZD4,ppgs,0.013906501918882012,0.005697782962449197,2.4406864934188874,0.014665452844327556
bmi,alt_log_adj,REACTOME_WNT5A_DEPENDENT_INTERNALIZATION_OF_FZD4,bmi,0.28840225537986885,0.005760894966121444,50.062057558052885,0
bmi,alt_log_adj,REACTOME_WNT_LIGAND_BIOGENESIS_AND_TRAFFICKING,ppgs,7.028472753122877e-4,0.005859293578662705,0.11995426852680453,0.9045202247550215
bmi,alt_log_adj,REACTOME_WNT_LIGAND_BIOGENESIS_AND_TRAFFICKING,bmi,0.288411449527521,0.0057615572199657995,50.05789902217321,0
bmi,alt_log_adj,REACTOME_WNT_MEDIATED_ACTIVATION_OF_DVL,ppgs,0.015447929348292352,0.005693222320418444,2.7133894443027744,0.006663901261511724
bmi,alt_log_adj,REACTOME_WNT_MEDIATED_ACTIVATION_OF_DVL,bmi,0.28830938355643054,0.0057608805225322956,50.04606195680988,0
bmi,alt_log_adj,REACTOME_XENOBIOTICS,ppgs,-0.0037902551626188548,0.005838919626590511,-0.649136382244069,0.5162554862438701
bmi,alt_log_adj,REACTOME_XENOBIOTICS,bmi,0.28838857939418033,0.005761594833972788,50.053602813880616,0
bmi,alt_log_adj,REACTOME_YAP1_AND_WWTR1_TAZ_STIMULATED_GENE_EXPRESSION,ppgs,0.007708310442486294,0.005942510843797604,1.2971470553615756,0.1945911498684738
bmi,alt_log_adj,REACTOME_YAP1_AND_WWTR1_TAZ_STIMULATED_GENE_EXPRESSION,bmi,0.28837472947781495,0.005761409082189719,50.05281266509431,0
bmi,alt_log_adj,REACTOME_ZBP1_DAI_MEDIATED_INDUCTION_OF_TYPE_I_IFNS,ppgs,0.03451105523353365,0.00579630517922442,5.95397484542928,2.6478454947790994e-9
bmi,alt_log_adj,REACTOME_ZBP1_DAI_MEDIATED_INDUCTION_OF_TYPE_I_IFNS,bmi,0.28831863533321195,0.005757921600968824,50.073386772876454,0
bmi,alt_log_adj,REACTOME_ZINC_EFFLUX_AND_COMPARTMENTALIZATION_BY_THE_SLC30_FAMILY,ppgs,-0.0037329922759799603,0.005698171206791803,-0.6551211152677384,0.5123950938170316
bmi,alt_log_adj,REACTOME_ZINC_EFFLUX_AND_COMPARTMENTALIZATION_BY_THE_SLC30_FAMILY,bmi,0.28843441337675696,0.005761533561131334,50.06209029529978,0
bmi,alt_log_adj,REACTOME_ZINC_INFLUX_INTO_CELLS_BY_THE_SLC39_GENE_FAMILY,ppgs,-0.003543986864445014,0.005859406539984473,-0.6048371691332421,0.5452920351156021
bmi,alt_log_adj,REACTOME_ZINC_INFLUX_INTO_CELLS_BY_THE_SLC39_GENE_FAMILY,bmi,0.2884372565409126,0.0057615823293912525,50.062160019743715,0
bmi,alt_log_adj,REACTOME_ZINC_TRANSPORTERS,ppgs,-0.004875932849582323,0.005878799526561485,-0.8294096145908654,0.40687964643925956
bmi,alt_log_adj,REACTOME_ZINC_TRANSPORTERS,bmi,0.2884582968902802,0.005761668699295759,50.06506134681747,0
bmi,alt_log_adj,REACTOME_ZYGOTIC_GENOME_ACTIVATION_ZGA,ppgs,0.015628739341219472,0.005800937438458505,2.694174778994433,0.007060469997804297
bmi,alt_log_adj,REACTOME_ZYGOTIC_GENOME_ACTIVATION_ZGA,bmi,0.28842243270098067,0.00576076124564116,50.06672215746027,0
bmi,alt_log_adj,REACTOME_Z_DECAY_DEGRADATION_OF_MATERNAL_MRNAS_BY_ZYGOTICALLY_EXPRESSED_FACTORS,ppgs,-0.0018198357494416094,0.005846180455673291,-0.3112862771239967,0.7555852875861424
bmi,alt_log_adj,REACTOME_Z_DECAY_DEGRADATION_OF_MATERNAL_MRNAS_BY_ZYGOTICALLY_EXPRESSED_FACTORS,bmi,0.2884349723052898,0.005761859004621542,50.05935967435829,0
