e,y,pathway,term,estimate,std.error,statistic,p.value
bmi,alt_log_adj,Base,ppgs,0.3783140269125311,0.036651050313946935,10.322051446601249,6.201143345455595e-25
bmi,alt_log_adj,Base,bmi,0.2876121029683452,0.005773609067833129,49.814959687994225,0
bmi,alt_log_adj,Base,ppgs:bmi,-0.0028592100061043905,0.03671359514443675,-0.0778787801863542,0.9379250287410181
bmi,alt_log_adj,REACTOME_2_LTR_CIRCLE_FORMATION,ppgs,0.001199610076985015,0.006021604255922572,0.19921768784541657,0.8420938926213721
bmi,alt_log_adj,REACTOME_2_LTR_CIRCLE_FORMATION,bmi,0.2884365133330959,0.005761443403448115,50.0632381740437,0
bmi,alt_log_adj,REACTOME_2_LTR_CIRCLE_FORMATION,ppgs:bmi,0.008095814744498185,0.005954237601145683,1.3596727720338926,0.17394431228397647
bmi,alt_log_adj,REACTOME_ABACAVIR_ADME,ppgs,0.002536539214269061,0.005691437169564095,0.4456763974894821,0.6558344196789678
bmi,alt_log_adj,REACTOME_ABACAVIR_ADME,bmi,0.2884933008195137,0.005761298448831632,50.07435448479829,0
bmi,alt_log_adj,REACTOME_ABACAVIR_ADME,ppgs:bmi,0.011644031001181837,0.00572087702859488,2.035357680820795,0.041824177861183726
bmi,alt_log_adj,REACTOME_ABACAVIR_TRANSMEMBRANE_TRANSPORT,ppgs,0.006252052638447417,0.005705649556091682,1.0957652721191686,0.2731908188186406
bmi,alt_log_adj,REACTOME_ABACAVIR_TRANSMEMBRANE_TRANSPORT,bmi,0.2885143904929314,0.005761281452760585,50.07816279391912,0
bmi,alt_log_adj,REACTOME_ABACAVIR_TRANSMEMBRANE_TRANSPORT,ppgs:bmi,0.01109692238842345,0.005728625003376174,1.937100505249246,0.052742981128037776
bmi,alt_log_adj,REACTOME_ABC_FAMILY_PROTEINS_MEDIATED_TRANSPORT,ppgs,0.041854989608866286,0.00585571258428365,7.147719258148418,9.036422415754456e-13
bmi,alt_log_adj,REACTOME_ABC_FAMILY_PROTEINS_MEDIATED_TRANSPORT,bmi,0.28813927385031907,0.005755991395305282,50.05901747617831,0
bmi,alt_log_adj,REACTOME_ABC_FAMILY_PROTEINS_MEDIATED_TRANSPORT,ppgs:bmi,0.01738976616093787,0.005890383471165754,2.9522298923428663,0.0031574646932666034
bmi,alt_log_adj,REACTOME_ABC_TRANSPORTERS_IN_LIPID_HOMEOSTASIS,ppgs,0.00819002182457729,0.005867798975541885,1.3957570562173103,0.16279859770744573
bmi,alt_log_adj,REACTOME_ABC_TRANSPORTERS_IN_LIPID_HOMEOSTASIS,bmi,0.28838477421842784,0.005761530493452466,50.05350133027237,0
bmi,alt_log_adj,REACTOME_ABC_TRANSPORTERS_IN_LIPID_HOMEOSTASIS,ppgs:bmi,-4.4040785485129676e-4,0.005915582102377345,-0.0744487773526643,0.9406538230476534
bmi,alt_log_adj,REACTOME_ABC_TRANSPORTER_DISORDERS,ppgs,0.033253098725352905,0.006033227279258483,5.511660208736558,3.585568227836044e-8
bmi,alt_log_adj,REACTOME_ABC_TRANSPORTER_DISORDERS,bmi,0.28865939641205224,0.005758695394984139,50.12583174020221,0
bmi,alt_log_adj,REACTOME_ABC_TRANSPORTER_DISORDERS,ppgs:bmi,0.0060939914894636606,0.006067049832975903,1.0044406519197062,0.31517483730592416
bmi,alt_log_adj,REACTOME_ABERRANT_REGULATION_OF_MITOTIC_EXIT_IN_CANCER_DUE_TO_RB1_DEFECTS,ppgs,0.0069728548031359,0.0057309612397078115,1.2166989989084982,0.22372888977990868
bmi,alt_log_adj,REACTOME_ABERRANT_REGULATION_OF_MITOTIC_EXIT_IN_CANCER_DUE_TO_RB1_DEFECTS,bmi,0.28843442235551847,0.005761715442405205,50.060511533195864,0
bmi,alt_log_adj,REACTOME_ABERRANT_REGULATION_OF_MITOTIC_EXIT_IN_CANCER_DUE_TO_RB1_DEFECTS,ppgs:bmi,-0.0026174479412642932,0.005721195024554627,-0.45750021281053105,0.647315055531646
bmi,alt_log_adj,REACTOME_ABERRANT_REGULATION_OF_MITOTIC_G1_S_TRANSITION_IN_CANCER_DUE_TO_RB1_DEFECTS,ppgs,0.007260035716152788,0.005876048830106385,1.2355301880670972,0.21664348731414615
bmi,alt_log_adj,REACTOME_ABERRANT_REGULATION_OF_MITOTIC_G1_S_TRANSITION_IN_CANCER_DUE_TO_RB1_DEFECTS,bmi,0.2884317544912672,0.005761760647068003,50.05965574742192,0
bmi,alt_log_adj,REACTOME_ABERRANT_REGULATION_OF_MITOTIC_G1_S_TRANSITION_IN_CANCER_DUE_TO_RB1_DEFECTS,ppgs:bmi,0.0011123266011878442,0.005962058239884681,0.1865675504051029,0.8520010460345957
bmi,alt_log_adj,REACTOME_ABORTIVE_ELONGATION_OF_HIV_1_TRANSCRIPT_IN_THE_ABSENCE_OF_TAT,ppgs,0.008485178565562053,0.005737424924706746,1.478917576598312,0.1391734563704799
bmi,alt_log_adj,REACTOME_ABORTIVE_ELONGATION_OF_HIV_1_TRANSCRIPT_IN_THE_ABSENCE_OF_TAT,bmi,0.28835251039050336,0.005761566046611902,50.04759262632588,0
bmi,alt_log_adj,REACTOME_ABORTIVE_ELONGATION_OF_HIV_1_TRANSCRIPT_IN_THE_ABSENCE_OF_TAT,ppgs:bmi,0.0037252205938036916,0.005775066187972003,0.6450524500589068,0.5188984167953408
bmi,alt_log_adj,REACTOME_ACETYLCHOLINE_BINDING_AND_DOWNSTREAM_EVENTS,ppgs,-0.008036469394637999,0.0058085302339834725,-1.383563323406619,0.1665030996404959
bmi,alt_log_adj,REACTOME_ACETYLCHOLINE_BINDING_AND_DOWNSTREAM_EVENTS,bmi,0.2885340490540923,0.0057620984410391846,50.07447408379502,0
bmi,alt_log_adj,REACTOME_ACETYLCHOLINE_BINDING_AND_DOWNSTREAM_EVENTS,ppgs:bmi,-0.006360897630471638,0.005824671730128279,-1.0920611366937154,0.27481551087116196
bmi,alt_log_adj,REACTOME_ACETYLCHOLINE_INHIBITS_CONTRACTION_OF_OUTER_HAIR_CELLS,ppgs,-0.01195033265629534,0.0058157897253975676,-2.054808241107516,0.03990667415694809
bmi,alt_log_adj,REACTOME_ACETYLCHOLINE_INHIBITS_CONTRACTION_OF_OUTER_HAIR_CELLS,bmi,0.28833428505748665,0.005762114644724372,50.03966474729504,0
bmi,alt_log_adj,REACTOME_ACETYLCHOLINE_INHIBITS_CONTRACTION_OF_OUTER_HAIR_CELLS,ppgs:bmi,0.012247205758950299,0.005795513985249756,2.1132216728526294,0.03459051369096204
bmi,alt_log_adj,REACTOME_ACETYLCHOLINE_NEUROTRANSMITTER_RELEASE_CYCLE,ppgs,0.0031352898078496035,0.005776702671354297,0.5427473052052656,0.5873080658429222
bmi,alt_log_adj,REACTOME_ACETYLCHOLINE_NEUROTRANSMITTER_RELEASE_CYCLE,bmi,0.2885267874982366,0.005762741854840165,50.0676231498902,0
bmi,alt_log_adj,REACTOME_ACETYLCHOLINE_NEUROTRANSMITTER_RELEASE_CYCLE,ppgs:bmi,0.004443160376569166,0.005727188081845783,0.7758013728679931,0.4378727452242397
bmi,alt_log_adj,REACTOME_ACETYLCHOLINE_REGULATES_INSULIN_SECRETION,ppgs,-0.004591611793570217,0.005736171502603998,-0.8004662676989006,0.4234474080747568
bmi,alt_log_adj,REACTOME_ACETYLCHOLINE_REGULATES_INSULIN_SECRETION,bmi,0.2883794616751653,0.0057614966005471715,50.05287370086755,0
bmi,alt_log_adj,REACTOME_ACETYLCHOLINE_REGULATES_INSULIN_SECRETION,ppgs:bmi,0.006956979576443092,0.005694591859346705,1.2216818603117963,0.2218381177018585
bmi,alt_log_adj,REACTOME_ACROSOME_REACTION_AND_SPERM_OOCYTE_MEMBRANE_BINDING,ppgs,-2.5855119032132664e-5,0.005696207899706325,-0.004539005508114557,0.9963784419583286
bmi,alt_log_adj,REACTOME_ACROSOME_REACTION_AND_SPERM_OOCYTE_MEMBRANE_BINDING,bmi,0.2885097088153382,0.005761027401100514,50.07955851073108,0
bmi,alt_log_adj,REACTOME_ACROSOME_REACTION_AND_SPERM_OOCYTE_MEMBRANE_BINDING,ppgs:bmi,-0.015865262629125385,0.005816504346300994,-2.7276284318802064,0.006383068175990766
bmi,alt_log_adj,REACTOME_ACTIVATED_NOTCH1_TRANSMITS_SIGNAL_TO_THE_NUCLEUS,ppgs,0.003688844758641087,0.0059168829947758295,0.6234439251034818,0.5329978565196265
bmi,alt_log_adj,REACTOME_ACTIVATED_NOTCH1_TRANSMITS_SIGNAL_TO_THE_NUCLEUS,bmi,0.2883441645884994,0.005761819494447498,50.043942693166365,0
bmi,alt_log_adj,REACTOME_ACTIVATED_NOTCH1_TRANSMITS_SIGNAL_TO_THE_NUCLEUS,ppgs:bmi,0.005383958007539438,0.0058444274759347995,0.9212122196243507,0.35694747918536285
bmi,alt_log_adj,REACTOME_ACTIVATED_NTRK2_SIGNALS_THROUGH_CDK5,ppgs,-0.002744953976914314,0.005885367749548735,-0.4664031363417835,0.6409305509027219
bmi,alt_log_adj,REACTOME_ACTIVATED_NTRK2_SIGNALS_THROUGH_CDK5,bmi,0.28842074704639986,0.005761513800199123,50.05988999565214,0
bmi,alt_log_adj,REACTOME_ACTIVATED_NTRK2_SIGNALS_THROUGH_CDK5,ppgs:bmi,0.004891636987129434,0.0059997683649775525,0.8153043066934694,0.4149049939287347
bmi,alt_log_adj,REACTOME_ACTIVATED_NTRK2_SIGNALS_THROUGH_FRS2_AND_FRS3,ppgs,0.011171625376101856,0.00582105435564329,1.919175581185115,0.05497214486913607
bmi,alt_log_adj,REACTOME_ACTIVATED_NTRK2_SIGNALS_THROUGH_FRS2_AND_FRS3,bmi,0.28850888670891206,0.0057611513781948,50.07833812541018,0
bmi,alt_log_adj,REACTOME_ACTIVATED_NTRK2_SIGNALS_THROUGH_FRS2_AND_FRS3,ppgs:bmi,0.008339758129962077,0.005818677127261042,1.4332739121903733,0.15179060265408756
bmi,alt_log_adj,REACTOME_ACTIVATED_NTRK2_SIGNALS_THROUGH_FYN,ppgs,0.0032775478939348784,0.005884628505030864,0.5569676813299004,0.5775539077357765
bmi,alt_log_adj,REACTOME_ACTIVATED_NTRK2_SIGNALS_THROUGH_FYN,bmi,0.2882699342585984,0.005761828248818906,50.03098353681225,0
bmi,alt_log_adj,REACTOME_ACTIVATED_NTRK2_SIGNALS_THROUGH_FYN,ppgs:bmi,0.010194728955809114,0.005929384015038361,1.7193571760494513,0.08556027106882307
bmi,alt_log_adj,REACTOME_ACTIVATED_NTRK2_SIGNALS_THROUGH_PI3K,ppgs,0.00784902584800304,0.005737981786365384,1.3679070691116393,0.17135200975421758
bmi,alt_log_adj,REACTOME_ACTIVATED_NTRK2_SIGNALS_THROUGH_PI3K,bmi,0.28834833233396084,0.005761639870568312,50.046226215370694,0
bmi,alt_log_adj,REACTOME_ACTIVATED_NTRK2_SIGNALS_THROUGH_PI3K,ppgs:bmi,-0.0010987668366213906,0.005792714947916304,-0.18968080537376136,0.849560620886653
bmi,alt_log_adj,REACTOME_ACTIVATED_NTRK2_SIGNALS_THROUGH_RAS,ppgs,7.077168918068294e-4,0.005674651680460065,0.12471547711796332,0.9007496884052942
bmi,alt_log_adj,REACTOME_ACTIVATED_NTRK2_SIGNALS_THROUGH_RAS,bmi,0.2883952944341584,0.005761539963425014,50.05524499785271,0
bmi,alt_log_adj,REACTOME_ACTIVATED_NTRK2_SIGNALS_THROUGH_RAS,ppgs:bmi,0.005571715834772289,0.005689205616558835,0.9793486490548726,0.32741609806897276
bmi,alt_log_adj,REACTOME_ACTIVATED_NTRK3_SIGNALS_THROUGH_PI3K,ppgs,0.0019058864468049451,0.0058068597675512415,0.3282129280019895,0.742753097761984
bmi,alt_log_adj,REACTOME_ACTIVATED_NTRK3_SIGNALS_THROUGH_PI3K,bmi,0.288393867135194,0.005761730656224566,50.05334062668023,0
bmi,alt_log_adj,REACTOME_ACTIVATED_NTRK3_SIGNALS_THROUGH_PI3K,ppgs:bmi,0.002551267804837174,0.0057792467729469894,0.441453342463211,0.6588881992031154
bmi,alt_log_adj,REACTOME_ACTIVATED_NTRK3_SIGNALS_THROUGH_RAS,ppgs,7.077168918068294e-4,0.005674651680460065,0.12471547711796332,0.9007496884052942
bmi,alt_log_adj,REACTOME_ACTIVATED_NTRK3_SIGNALS_THROUGH_RAS,bmi,0.2883952944341584,0.005761539963425014,50.05524499785271,0
bmi,alt_log_adj,REACTOME_ACTIVATED_NTRK3_SIGNALS_THROUGH_RAS,ppgs:bmi,0.005571715834772289,0.005689205616558835,0.9793486490548726,0.32741609806897276
bmi,alt_log_adj,REACTOME_ACTIVATED_PKN1_STIMULATES_TRANSCRIPTION_OF_AR_ANDROGEN_RECEPTOR_REGULATED_GENES_KLK2_AND_KLK3,ppgs,-0.004796687076215716,0.0057551466718408556,-0.8334604397982156,0.40459212236057696
bmi,alt_log_adj,REACTOME_ACTIVATED_PKN1_STIMULATES_TRANSCRIPTION_OF_AR_ANDROGEN_RECEPTOR_REGULATED_GENES_KLK2_AND_KLK3,bmi,0.2885340108872151,0.005763051506058362,50.06618639168781,0
bmi,alt_log_adj,REACTOME_ACTIVATED_PKN1_STIMULATES_TRANSCRIPTION_OF_AR_ANDROGEN_RECEPTOR_REGULATED_GENES_KLK2_AND_KLK3,ppgs:bmi,-0.0037699527698849553,0.005819278290970824,-0.6478385430946658,0.5170946300756534
bmi,alt_log_adj,REACTOME_ACTIVATED_TAK1_MEDIATES_P38_MAPK_ACTIVATION,ppgs,-5.226635697695963e-4,0.0059108051889826645,-0.08842510505062921,0.9295394331210765
bmi,alt_log_adj,REACTOME_ACTIVATED_TAK1_MEDIATES_P38_MAPK_ACTIVATION,bmi,0.28836931433537616,0.005761736801160388,50.04902589047453,0
bmi,alt_log_adj,REACTOME_ACTIVATED_TAK1_MEDIATES_P38_MAPK_ACTIVATION,ppgs:bmi,-0.005302436140209419,0.005909643313296793,-0.8972514683380048,0.369592366715241
bmi,alt_log_adj,REACTOME_ACTIVATION_OF_AMPK_DOWNSTREAM_OF_NMDARS,ppgs,0.002431171809379373,0.0057007483823193796,0.4264653772335481,0.6697720098165809
bmi,alt_log_adj,REACTOME_ACTIVATION_OF_AMPK_DOWNSTREAM_OF_NMDARS,bmi,0.2884983130191336,0.005761729794480672,50.07147563488563,0
bmi,alt_log_adj,REACTOME_ACTIVATION_OF_AMPK_DOWNSTREAM_OF_NMDARS,ppgs:bmi,0.007979173405535351,0.005723084967628633,1.3942084471343312,0.16326559478416
bmi,alt_log_adj,REACTOME_ACTIVATION_OF_ANTERIOR_HOX_GENES_IN_HINDBRAIN_DEVELOPMENT_DURING_EARLY_EMBRYOGENESIS,ppgs,-0.001542332623457684,0.005815625883029367,-0.2652049245393139,0.7908535298023083
bmi,alt_log_adj,REACTOME_ACTIVATION_OF_ANTERIOR_HOX_GENES_IN_HINDBRAIN_DEVELOPMENT_DURING_EARLY_EMBRYOGENESIS,bmi,0.288359015957553,0.005762472236406926,50.04085124015338,0
bmi,alt_log_adj,REACTOME_ACTIVATION_OF_ANTERIOR_HOX_GENES_IN_HINDBRAIN_DEVELOPMENT_DURING_EARLY_EMBRYOGENESIS,ppgs:bmi,-0.0029598593758179215,0.0057583465587306565,-0.5140120250890873,0.6072475899380809
bmi,alt_log_adj,REACTOME_ACTIVATION_OF_APC_C_AND_APC_C_CDC20_MEDIATED_DEGRADATION_OF_MITOTIC_PROTEINS,ppgs,-0.006482167788064412,0.0058608136401982315,-1.106018410755194,0.2687279366729069
bmi,alt_log_adj,REACTOME_ACTIVATION_OF_APC_C_AND_APC_C_CDC20_MEDIATED_DEGRADATION_OF_MITOTIC_PROTEINS,bmi,0.28826898823708813,0.00576267842409019,50.023438238721425,0
bmi,alt_log_adj,REACTOME_ACTIVATION_OF_APC_C_AND_APC_C_CDC20_MEDIATED_DEGRADATION_OF_MITOTIC_PROTEINS,ppgs:bmi,-0.005026848558785329,0.005888018638589482,-0.8537419575814298,0.39325519474987325
bmi,alt_log_adj,REACTOME_ACTIVATION_OF_ATR_IN_RESPONSE_TO_REPLICATION_STRESS,ppgs,-0.007886620399396247,0.006064142349753472,-1.3005335205755626,0.19342874758211703
bmi,alt_log_adj,REACTOME_ACTIVATION_OF_ATR_IN_RESPONSE_TO_REPLICATION_STRESS,bmi,0.2885449027036166,0.005764250660779417,50.057660515512836,0
bmi,alt_log_adj,REACTOME_ACTIVATION_OF_ATR_IN_RESPONSE_TO_REPLICATION_STRESS,ppgs:bmi,-0.002202730647218344,0.006074236232598461,-0.3626349985199787,0.7168802658703213
bmi,alt_log_adj,REACTOME_ACTIVATION_OF_BAD_AND_TRANSLOCATION_TO_MITOCHONDRIA,ppgs,0.018414223361895715,0.005722220813071475,3.2180204091095965,0.0012922370994476375
bmi,alt_log_adj,REACTOME_ACTIVATION_OF_BAD_AND_TRANSLOCATION_TO_MITOCHONDRIA,bmi,0.28889605443603894,0.005762223350084351,50.13621251453398,0
bmi,alt_log_adj,REACTOME_ACTIVATION_OF_BAD_AND_TRANSLOCATION_TO_MITOCHONDRIA,ppgs:bmi,0.008922082246844161,0.005677019857123044,1.5716137113118405,0.11605132504871808
bmi,alt_log_adj,REACTOME_ACTIVATION_OF_BH3_ONLY_PROTEINS,ppgs,0.024809343244321144,0.00572042811430244,4.336973168545173,1.4495665232250852e-5
bmi,alt_log_adj,REACTOME_ACTIVATION_OF_BH3_ONLY_PROTEINS,bmi,0.288391074149399,0.005762640791210559,50.0449506742232,0
bmi,alt_log_adj,REACTOME_ACTIVATION_OF_BH3_ONLY_PROTEINS,ppgs:bmi,-9.176240246087469e-4,0.005719917778014315,-0.16042608656645807,0.8725465847157989
bmi,alt_log_adj,REACTOME_ACTIVATION_OF_C3_AND_C5,ppgs,-3.1479094917717285e-4,0.005778773673651611,-0.05447365945693046,0.9565581780001757
bmi,alt_log_adj,REACTOME_ACTIVATION_OF_C3_AND_C5,bmi,0.28841020062305667,0.005762714653125568,50.0476282417748,0
bmi,alt_log_adj,REACTOME_ACTIVATION_OF_C3_AND_C5,ppgs:bmi,5.012865769589772e-4,0.0058933560702781225,0.08505961136254919,0.932214600030398
bmi,alt_log_adj,REACTOME_ACTIVATION_OF_CASPASES_THROUGH_APOPTOSOME_MEDIATED_CLEAVAGE,ppgs,5.6087580138822e-4,0.005929549152560389,0.0945899573403541,0.924641195488164
bmi,alt_log_adj,REACTOME_ACTIVATION_OF_CASPASES_THROUGH_APOPTOSOME_MEDIATED_CLEAVAGE,bmi,0.28849442750809645,0.005761583037438298,50.0720766555794,0
bmi,alt_log_adj,REACTOME_ACTIVATION_OF_CASPASES_THROUGH_APOPTOSOME_MEDIATED_CLEAVAGE,ppgs:bmi,-0.009433379581411144,0.005970258096880217,-1.5800622734116962,0.11410376293191848
bmi,alt_log_adj,REACTOME_ACTIVATION_OF_GENE_EXPRESSION_BY_SREBF_SREBP,ppgs,0.01002273331191103,0.005782336803778352,1.7333361324373007,0.08304681579220113
bmi,alt_log_adj,REACTOME_ACTIVATION_OF_GENE_EXPRESSION_BY_SREBF_SREBP,bmi,0.28846041370808956,0.005761358175007866,50.06812715782867,0
bmi,alt_log_adj,REACTOME_ACTIVATION_OF_GENE_EXPRESSION_BY_SREBF_SREBP,ppgs:bmi,-4.880395707816123e-5,0.005822618922738383,-0.008381787942118782,0.9933124380953078
bmi,alt_log_adj,REACTOME_ACTIVATION_OF_IRF3_IRF7_MEDIATED_BY_TBK1_IKK_IKBKE,ppgs,0.0044922869775857275,0.005727733735269668,0.7843044361373802,0.4328680505924807
bmi,alt_log_adj,REACTOME_ACTIVATION_OF_IRF3_IRF7_MEDIATED_BY_TBK1_IKK_IKBKE,bmi,0.288346051786537,0.005761731851997385,50.04503145813317,0
bmi,alt_log_adj,REACTOME_ACTIVATION_OF_IRF3_IRF7_MEDIATED_BY_TBK1_IKK_IKBKE,ppgs:bmi,0.005372562411273584,0.005664607140945684,0.9484439569407906,0.3429115756645107
bmi,alt_log_adj,REACTOME_ACTIVATION_OF_KAINATE_RECEPTORS_UPON_GLUTAMATE_BINDING,ppgs,-0.0035359073012306563,0.0057194112272531406,-0.6182292478606832,0.5364291997840165
bmi,alt_log_adj,REACTOME_ACTIVATION_OF_KAINATE_RECEPTORS_UPON_GLUTAMATE_BINDING,bmi,0.2884579163938608,0.0057619610320749914,50.06245526273225,0
bmi,alt_log_adj,REACTOME_ACTIVATION_OF_KAINATE_RECEPTORS_UPON_GLUTAMATE_BINDING,ppgs:bmi,-0.0010580535413446325,0.005686231102130846,-0.18607290529365572,0.8523889206619722
bmi,alt_log_adj,REACTOME_ACTIVATION_OF_MATRIX_METALLOPROTEINASES,ppgs,0.012675729036473562,0.005882195811890034,2.154931498684786,0.03117558963481488
bmi,alt_log_adj,REACTOME_ACTIVATION_OF_MATRIX_METALLOPROTEINASES,bmi,0.28831071928597296,0.0057613148844623705,50.04252068629595,0
bmi,alt_log_adj,REACTOME_ACTIVATION_OF_MATRIX_METALLOPROTEINASES,ppgs:bmi,0.002278080891652376,0.0058540651816419995,0.38914511898437726,0.6971717215572236
bmi,alt_log_adj,REACTOME_ACTIVATION_OF_NF_KAPPAB_IN_B_CELLS,ppgs,0.029636384125894918,0.00596264106752463,4.970345152470893,6.722312212052266e-7
bmi,alt_log_adj,REACTOME_ACTIVATION_OF_NF_KAPPAB_IN_B_CELLS,bmi,0.2881282436630077,0.005759937843765164,50.02280432155907,0
bmi,alt_log_adj,REACTOME_ACTIVATION_OF_NF_KAPPAB_IN_B_CELLS,ppgs:bmi,0.005416391107052851,0.006028057652631169,0.898530077045409,0.3689106492991311
bmi,alt_log_adj,REACTOME_ACTIVATION_OF_NIMA_KINASES_NEK9_NEK6_NEK7,ppgs,-0.009075859520320289,0.005806812853289242,-1.5629674572996288,0.11807141194352154
bmi,alt_log_adj,REACTOME_ACTIVATION_OF_NIMA_KINASES_NEK9_NEK6_NEK7,bmi,0.28854195959725987,0.005761638217743577,50.07984685825365,0
bmi,alt_log_adj,REACTOME_ACTIVATION_OF_NIMA_KINASES_NEK9_NEK6_NEK7,ppgs:bmi,-0.009541563220627566,0.005767102965880881,-1.654481162739248,0.09804085840212831
bmi,alt_log_adj,REACTOME_ACTIVATION_OF_NMDA_RECEPTORS_AND_POSTSYNAPTIC_EVENTS,ppgs,-0.001030158546822105,0.006694132007093969,-0.15388978671624873,0.8776977326341917
bmi,alt_log_adj,REACTOME_ACTIVATION_OF_NMDA_RECEPTORS_AND_POSTSYNAPTIC_EVENTS,bmi,0.28829563050924456,0.005762223243856701,50.03201339285252,0
bmi,alt_log_adj,REACTOME_ACTIVATION_OF_NMDA_RECEPTORS_AND_POSTSYNAPTIC_EVENTS,ppgs:bmi,0.009458138714311632,0.006780798682251764,1.3948413981184262,0.1630746007867568
bmi,alt_log_adj,REACTOME_ACTIVATION_OF_NOXA_AND_TRANSLOCATION_TO_MITOCHONDRIA,ppgs,-0.0022729547755170184,0.00568390691660455,-0.39989303288499933,0.6892383170615579
bmi,alt_log_adj,REACTOME_ACTIVATION_OF_NOXA_AND_TRANSLOCATION_TO_MITOCHONDRIA,bmi,0.2884055712436106,0.005761536081848368,50.05706241296102,0
bmi,alt_log_adj,REACTOME_ACTIVATION_OF_NOXA_AND_TRANSLOCATION_TO_MITOCHONDRIA,ppgs:bmi,-0.00545468498241045,0.005668585412967537,-0.962265642135732,0.33592439081369785
bmi,alt_log_adj,REACTOME_ACTIVATION_OF_PPARGC1A_PGC_1ALPHA_BY_PHOSPHORYLATION,ppgs,-0.004322419217576634,0.0057112449651675,-0.7568260937744361,0.44916034753591794
bmi,alt_log_adj,REACTOME_ACTIVATION_OF_PPARGC1A_PGC_1ALPHA_BY_PHOSPHORYLATION,bmi,0.288412691911735,0.005761567821556097,50.05802254599511,0
bmi,alt_log_adj,REACTOME_ACTIVATION_OF_PPARGC1A_PGC_1ALPHA_BY_PHOSPHORYLATION,ppgs:bmi,0.002315775924451064,0.005723678984956639,0.40459570331207306,0.6857777699871048
bmi,alt_log_adj,REACTOME_ACTIVATION_OF_PUMA_AND_TRANSLOCATION_TO_MITOCHONDRIA,ppgs,0.005202178619577072,0.005809203010403325,0.8955064249365753,0.37052403648103605
bmi,alt_log_adj,REACTOME_ACTIVATION_OF_PUMA_AND_TRANSLOCATION_TO_MITOCHONDRIA,bmi,0.28840196036841415,0.005763431237458052,50.039975925107626,0
bmi,alt_log_adj,REACTOME_ACTIVATION_OF_PUMA_AND_TRANSLOCATION_TO_MITOCHONDRIA,ppgs:bmi,-9.53837807651011e-4,0.005759099741451185,-0.16562272759156307,0.8684550413414268
bmi,alt_log_adj,REACTOME_ACTIVATION_OF_RAC1,ppgs,0.011816726480650974,0.005713569112352237,2.0681864957412075,0.03863153761204293
bmi,alt_log_adj,REACTOME_ACTIVATION_OF_RAC1,bmi,0.2885033099232619,0.005762602712922111,50.064757939380335,0
bmi,alt_log_adj,REACTOME_ACTIVATION_OF_RAC1,ppgs:bmi,-0.003807084894064514,0.005720866182462143,-0.6654735091926277,0.5057530960422896
bmi,alt_log_adj,REACTOME_ACTIVATION_OF_RAC1_DOWNSTREAM_OF_NMDARS,ppgs,0.011296751612383143,0.005703988619019031,1.9805003773527783,0.04765698215752646
bmi,alt_log_adj,REACTOME_ACTIVATION_OF_RAC1_DOWNSTREAM_OF_NMDARS,bmi,0.2886781756414561,0.005762236312918837,50.09828822782649,0
bmi,alt_log_adj,REACTOME_ACTIVATION_OF_RAC1_DOWNSTREAM_OF_NMDARS,ppgs:bmi,0.006947148039239672,0.005690652825619788,1.2207998365254402,0.22217196963293256
bmi,alt_log_adj,REACTOME_ACTIVATION_OF_RAS_IN_B_CELLS,ppgs,0.002611037045852302,0.005701572152621086,0.45795036455900584,0.6469916118402224
bmi,alt_log_adj,REACTOME_ACTIVATION_OF_RAS_IN_B_CELLS,bmi,0.28842741748071077,0.0057620413822540165,50.0564640804233,0
bmi,alt_log_adj,REACTOME_ACTIVATION_OF_RAS_IN_B_CELLS,ppgs:bmi,0.003298315134209192,0.005606381138809463,0.5883144674872394,0.5563259234683601
bmi,alt_log_adj,REACTOME_ACTIVATION_OF_SMO,ppgs,0.007408012229372186,0.00574093298949489,1.2903847236900028,0.1969276382741987
bmi,alt_log_adj,REACTOME_ACTIVATION_OF_SMO,bmi,0.2884144396201792,0.005762386585989078,50.05121321110993,0
bmi,alt_log_adj,REACTOME_ACTIVATION_OF_SMO,ppgs:bmi,-0.0030425147819311345,0.005716752269028563,-0.5322103597902001,0.5945844795924524
bmi,alt_log_adj,REACTOME_ACTIVATION_OF_THE_AP_1_FAMILY_OF_TRANSCRIPTION_FACTORS,ppgs,0.006295585561788759,0.005686335677420288,1.1071427926402102,0.26824159087949373
bmi,alt_log_adj,REACTOME_ACTIVATION_OF_THE_AP_1_FAMILY_OF_TRANSCRIPTION_FACTORS,bmi,0.2885733466885086,0.0057625280671855204,50.07756028673902,0
bmi,alt_log_adj,REACTOME_ACTIVATION_OF_THE_AP_1_FAMILY_OF_TRANSCRIPTION_FACTORS,ppgs:bmi,0.010073678471785624,0.005726611002754324,1.759099486055626,0.078571399062949
bmi,alt_log_adj,REACTOME_ACTIVATION_OF_THE_MRNA_UPON_BINDING_OF_THE_CAP_BINDING_COMPLEX_AND_EIFS_AND_SUBSEQUENT_BINDING_TO_43S,ppgs,0.002323542772636016,0.0057609762528697366,0.4033244836721174,0.6867125743923355
bmi,alt_log_adj,REACTOME_ACTIVATION_OF_THE_MRNA_UPON_BINDING_OF_THE_CAP_BINDING_COMPLEX_AND_EIFS_AND_SUBSEQUENT_BINDING_TO_43S,bmi,0.288403531723892,0.005761723264571902,50.05508221771919,0
bmi,alt_log_adj,REACTOME_ACTIVATION_OF_THE_MRNA_UPON_BINDING_OF_THE_CAP_BINDING_COMPLEX_AND_EIFS_AND_SUBSEQUENT_BINDING_TO_43S,ppgs:bmi,0.0016012157869078176,0.005727897960918742,0.2795468421108162,0.7798272348458648
bmi,alt_log_adj,REACTOME_ACTIVATION_OF_THE_PHOTOTRANSDUCTION_CASCADE,ppgs,-5.582070432605964e-4,0.005934845098233719,-0.0940558740828342,0.9250654370413565
bmi,alt_log_adj,REACTOME_ACTIVATION_OF_THE_PHOTOTRANSDUCTION_CASCADE,bmi,0.28843540552421626,0.00576171865710519,50.06065424047143,0
bmi,alt_log_adj,REACTOME_ACTIVATION_OF_THE_PHOTOTRANSDUCTION_CASCADE,ppgs:bmi,0.0040261385968129336,0.0059376811302027325,0.6780658153455721,0.4977354986115945
bmi,alt_log_adj,REACTOME_ACTIVATION_OF_THE_PRE_REPLICATIVE_COMPLEX,ppgs,-0.006037093199296287,0.006093156119062404,-0.9907990344132618,0.3217921776501726
bmi,alt_log_adj,REACTOME_ACTIVATION_OF_THE_PRE_REPLICATIVE_COMPLEX,bmi,0.2884335428639626,0.005761446591550735,50.06269489453492,0
bmi,alt_log_adj,REACTOME_ACTIVATION_OF_THE_PRE_REPLICATIVE_COMPLEX,ppgs:bmi,-0.006220444680378349,0.006107009604981681,-1.018574569672223,0.308413675045725
bmi,alt_log_adj,REACTOME_ACTIVATION_OF_THE_TFAP2_AP_2_FAMILY_OF_TRANSCRIPTION_FACTORS,ppgs,0.002251163905839931,0.005935974981532565,0.3792408008530251,0.7045118963403473
bmi,alt_log_adj,REACTOME_ACTIVATION_OF_THE_TFAP2_AP_2_FAMILY_OF_TRANSCRIPTION_FACTORS,bmi,0.2884253544051513,0.00576161083467614,50.05984657437622,0
bmi,alt_log_adj,REACTOME_ACTIVATION_OF_THE_TFAP2_AP_2_FAMILY_OF_TRANSCRIPTION_FACTORS,ppgs:bmi,0.0020945193686568897,0.005937002091548505,0.3527907412460741,0.7242479484217299
bmi,alt_log_adj,REACTOME_ACTIVATION_OF_TRKA_RECEPTORS,ppgs,6.191927945656896e-4,0.005727480233928999,0.10810911068669529,0.9139099063460427
bmi,alt_log_adj,REACTOME_ACTIVATION_OF_TRKA_RECEPTORS,bmi,0.28843125213924464,0.005762067572438298,50.056902060451016,0
bmi,alt_log_adj,REACTOME_ACTIVATION_OF_TRKA_RECEPTORS,ppgs:bmi,0.0011471881970277747,0.00578657609215852,0.19824991130460504,0.8428509603815256
bmi,alt_log_adj,REACTOME_ACYL_CHAIN_REMODELING_OF_CL,ppgs,0.002334605042158486,0.0056869195130838214,0.41052190676996403,0.6814262395250532
bmi,alt_log_adj,REACTOME_ACYL_CHAIN_REMODELING_OF_CL,bmi,0.2883987927948513,0.005761658113612785,50.054825730368435,0
bmi,alt_log_adj,REACTOME_ACYL_CHAIN_REMODELING_OF_CL,ppgs:bmi,-0.0034972515498475766,0.005677896974174005,-0.6159413539475751,0.5379381720902832
bmi,alt_log_adj,REACTOME_ACYL_CHAIN_REMODELING_OF_DAG_AND_TAG,ppgs,0.05813141464367231,0.005701945615297365,10.195013871706433,2.299428209598841e-24
bmi,alt_log_adj,REACTOME_ACYL_CHAIN_REMODELING_OF_DAG_AND_TAG,bmi,0.2892194866886539,0.0057487804348462955,50.309711766959616,0
bmi,alt_log_adj,REACTOME_ACYL_CHAIN_REMODELING_OF_DAG_AND_TAG,ppgs:bmi,0.032173040069017,0.00587771466706743,5.4737328862323125,4.443846449701493e-8
bmi,alt_log_adj,REACTOME_ACYL_CHAIN_REMODELLING_OF_PC,ppgs,0.0014468173346381403,0.0057580496486608285,0.2512686452737746,0.8016082363689646
bmi,alt_log_adj,REACTOME_ACYL_CHAIN_REMODELLING_OF_PC,bmi,0.28841526855722727,0.005761578570374917,50.05837636931844,0
bmi,alt_log_adj,REACTOME_ACYL_CHAIN_REMODELLING_OF_PC,ppgs:bmi,0.0023572779773021776,0.005812031968416454,0.405585858803258,0.6850499819415985
bmi,alt_log_adj,REACTOME_ACYL_CHAIN_REMODELLING_OF_PE,ppgs,0.0016414269855426278,0.0057628111588643085,0.28483095147370885,0.7757757388050477
bmi,alt_log_adj,REACTOME_ACYL_CHAIN_REMODELLING_OF_PE,bmi,0.2884147321459129,0.005761593235093976,50.058155856816335,0
bmi,alt_log_adj,REACTOME_ACYL_CHAIN_REMODELLING_OF_PE,ppgs:bmi,-5.447507113334533e-4,0.005846200810279993,-0.09318029417935159,0.9257609877258826
bmi,alt_log_adj,REACTOME_ACYL_CHAIN_REMODELLING_OF_PG,ppgs,-0.002009495565665278,0.005765435953113134,-0.3485418244183635,0.727435897534104
bmi,alt_log_adj,REACTOME_ACYL_CHAIN_REMODELLING_OF_PG,bmi,0.28834863446962394,0.005761256211576139,50.04961138340675,0
bmi,alt_log_adj,REACTOME_ACYL_CHAIN_REMODELLING_OF_PG,ppgs:bmi,-0.011909448209183774,0.005776123274400292,-2.061841072881236,0.039231963071541705
bmi,alt_log_adj,REACTOME_ACYL_CHAIN_REMODELLING_OF_PI,ppgs,-0.001851852418364125,0.005777847141399118,-0.3205090707740141,0.7485848176928934
bmi,alt_log_adj,REACTOME_ACYL_CHAIN_REMODELLING_OF_PI,bmi,0.2884172287999815,0.005761631746053656,50.05825459038207,0
bmi,alt_log_adj,REACTOME_ACYL_CHAIN_REMODELLING_OF_PI,ppgs:bmi,-0.003082879652437259,0.005858546343190904,-0.526219214092304,0.5987400222386117
bmi,alt_log_adj,REACTOME_ACYL_CHAIN_REMODELLING_OF_PS,ppgs,0.005109384516429938,0.005729922993498488,0.891702126228808,0.37256018208655295
bmi,alt_log_adj,REACTOME_ACYL_CHAIN_REMODELLING_OF_PS,bmi,0.28838165108695185,0.005762079112637617,50.048193620677985,0
bmi,alt_log_adj,REACTOME_ACYL_CHAIN_REMODELLING_OF_PS,ppgs:bmi,-0.0030380735184506683,0.005760439803676459,-0.5274030494184997,0.5979178537818227
bmi,alt_log_adj,REACTOME_ADAPTIVE_IMMUNE_SYSTEM,ppgs,0.04929038619519029,0.007765803727562788,6.347106870631604,2.2271796578549308e-10
bmi,alt_log_adj,REACTOME_ADAPTIVE_IMMUNE_SYSTEM,bmi,0.28816023432640303,0.0057574005114259695,50.05040621275671,0
bmi,alt_log_adj,REACTOME_ADAPTIVE_IMMUNE_SYSTEM,ppgs:bmi,0.017110654874445644,0.007852232506764732,2.1790815363280114,0.029333816870017675
bmi,alt_log_adj,REACTOME_ADENYLATE_CYCLASE_ACTIVATING_PATHWAY,ppgs,-0.0016381982612816252,0.00588023664124139,-0.2785939344331866,0.7805585001711515
bmi,alt_log_adj,REACTOME_ADENYLATE_CYCLASE_ACTIVATING_PATHWAY,bmi,0.288414947848814,0.0057615902400765225,50.05821931637114,0
bmi,alt_log_adj,REACTOME_ADENYLATE_CYCLASE_ACTIVATING_PATHWAY,ppgs:bmi,-0.0010622961824240953,0.0059058313514765955,-0.17987242086730032,0.8572540126520612
bmi,alt_log_adj,REACTOME_ADENYLATE_CYCLASE_INHIBITORY_PATHWAY,ppgs,0.0010620099729324968,0.005886798329076529,0.18040536019162318,0.8568356361191131
bmi,alt_log_adj,REACTOME_ADENYLATE_CYCLASE_INHIBITORY_PATHWAY,bmi,0.28841630419904685,0.005761665128920307,50.05780408017117,0
bmi,alt_log_adj,REACTOME_ADENYLATE_CYCLASE_INHIBITORY_PATHWAY,ppgs:bmi,-2.610481066729123e-4,0.0059381714562099785,-0.04396102547694464,0.964935780607784
bmi,alt_log_adj,REACTOME_ADHERENS_JUNCTIONS_INTERACTIONS,ppgs,0.003520266746921246,0.005808479241064938,0.6060565254384611,0.5444820711698477
bmi,alt_log_adj,REACTOME_ADHERENS_JUNCTIONS_INTERACTIONS,bmi,0.2884242403376296,0.005761671824147879,50.059123313620184,0
bmi,alt_log_adj,REACTOME_ADHERENS_JUNCTIONS_INTERACTIONS,ppgs:bmi,-0.0016656005112895443,0.005865727121724463,-0.2839546533149798,0.7764472060218828
bmi,alt_log_adj,REACTOME_ADIPOGENESIS,ppgs,0.014234209838969667,0.006020152807942384,2.3644266670757066,0.018064701874205683
bmi,alt_log_adj,REACTOME_ADIPOGENESIS,bmi,0.28852121692533794,0.0057612726622933005,50.0794240851796,0
bmi,alt_log_adj,REACTOME_ADIPOGENESIS,ppgs:bmi,-2.9444415897453475e-4,0.006011950562835246,-0.04897647708461435,0.9609383870396103
bmi,alt_log_adj,REACTOME_ADORA2B_MEDIATED_ANTI_INFLAMMATORY_CYTOKINES_PRODUCTION,ppgs,0.0039249981206484,0.006486620665209966,0.6050913600820761,0.545123138225224
bmi,alt_log_adj,REACTOME_ADORA2B_MEDIATED_ANTI_INFLAMMATORY_CYTOKINES_PRODUCTION,bmi,0.2884667866870091,0.005761439151047001,50.068529602467,0
bmi,alt_log_adj,REACTOME_ADORA2B_MEDIATED_ANTI_INFLAMMATORY_CYTOKINES_PRODUCTION,ppgs:bmi,-0.009603746327616599,0.006407760765266188,-1.4987679283650104,0.13394498269583727
bmi,alt_log_adj,REACTOME_ADP_SIGNALLING_THROUGH_P2Y_PURINOCEPTOR_1,ppgs,-0.002742276911563918,0.005749056287412723,-0.47699601020918847,0.6333686397205072
bmi,alt_log_adj,REACTOME_ADP_SIGNALLING_THROUGH_P2Y_PURINOCEPTOR_1,bmi,0.288440522689519,0.005761912345257099,50.05985954072139,0
bmi,alt_log_adj,REACTOME_ADP_SIGNALLING_THROUGH_P2Y_PURINOCEPTOR_1,ppgs:bmi,-8.726033151979311e-6,0.0056765759033307285,-0.001537200118624207,0.9987735030580194
bmi,alt_log_adj,REACTOME_ADP_SIGNALLING_THROUGH_P2Y_PURINOCEPTOR_12,ppgs,0.005358109299829619,0.006001277071860313,0.8928281823469749,0.3719567705423523
bmi,alt_log_adj,REACTOME_ADP_SIGNALLING_THROUGH_P2Y_PURINOCEPTOR_12,bmi,0.2884147990464471,0.005761424702304357,50.05963176626987,0
bmi,alt_log_adj,REACTOME_ADP_SIGNALLING_THROUGH_P2Y_PURINOCEPTOR_12,ppgs:bmi,-0.005697413997000427,0.0059516906098625935,-0.9572765740811858,0.33843583967546986
bmi,alt_log_adj,REACTOME_ADRENALINE_NORADRENALINE_INHIBITS_INSULIN_SECRETION,ppgs,0.001134888825494848,0.005887658629036038,0.19275723967723626,0.8471504740091004
bmi,alt_log_adj,REACTOME_ADRENALINE_NORADRENALINE_INHIBITS_INSULIN_SECRETION,bmi,0.2884395561020959,0.00576158151156151,50.06256624562145,0
bmi,alt_log_adj,REACTOME_ADRENALINE_NORADRENALINE_INHIBITS_INSULIN_SECRETION,ppgs:bmi,-0.005354015850935272,0.005938516614736864,-0.901574618423882,0.36729053870465045
bmi,alt_log_adj,REACTOME_ADRENOCEPTORS,ppgs,-0.015652222920223308,0.005691207223172586,-2.7502465305591026,0.005958819960262865
bmi,alt_log_adj,REACTOME_ADRENOCEPTORS,bmi,0.28827031004224146,0.005761048584548143,50.03781964544071,0
bmi,alt_log_adj,REACTOME_ADRENOCEPTORS,ppgs:bmi,-0.004957103011582298,0.005700580627246992,-0.8695786158850023,0.3845380907096042
bmi,alt_log_adj,REACTOME_ADVANCED_GLYCOSYLATION_ENDPRODUCT_RECEPTOR_SIGNALING,ppgs,0.004179250266240538,0.005699914343013694,0.7332128194808729,0.46343470077959237
bmi,alt_log_adj,REACTOME_ADVANCED_GLYCOSYLATION_ENDPRODUCT_RECEPTOR_SIGNALING,bmi,0.2885612279095114,0.005762222103935622,50.07811616848695,0
bmi,alt_log_adj,REACTOME_ADVANCED_GLYCOSYLATION_ENDPRODUCT_RECEPTOR_SIGNALING,ppgs:bmi,0.008251163224622732,0.005755464866976933,1.433622377223661,0.1516910833213383
bmi,alt_log_adj,REACTOME_AEROBIC_RESPIRATION_AND_RESPIRATORY_ELECTRON_TRANSPORT,ppgs,0.012070868816642055,0.006190664310047651,1.9498503249563441,0.05120380604832497
bmi,alt_log_adj,REACTOME_AEROBIC_RESPIRATION_AND_RESPIRATORY_ELECTRON_TRANSPORT,bmi,0.2885713052062685,0.00576122137336183,50.08856395286878,0
bmi,alt_log_adj,REACTOME_AEROBIC_RESPIRATION_AND_RESPIRATORY_ELECTRON_TRANSPORT,ppgs:bmi,-0.010639444095546697,0.006130910676595258,-1.7353774433809253,0.08268483987606914
bmi,alt_log_adj,REACTOME_AFLATOXIN_ACTIVATION_AND_DETOXIFICATION,ppgs,-0.0024220419179553265,0.006067809190441572,-0.39916250526972613,0.689776475511594
bmi,alt_log_adj,REACTOME_AFLATOXIN_ACTIVATION_AND_DETOXIFICATION,bmi,0.28840848727447854,0.00576163066529351,50.056746783818085,0
bmi,alt_log_adj,REACTOME_AFLATOXIN_ACTIVATION_AND_DETOXIFICATION,ppgs:bmi,0.0014305757714506585,0.006012012893914887,0.23795287812816046,0.8119193620859346
bmi,alt_log_adj,REACTOME_AGGREPHAGY,ppgs,0.019733617616106716,0.006012231327054822,3.2822452335302126,0.0010310851355396775
bmi,alt_log_adj,REACTOME_AGGREPHAGY,bmi,0.2885927681893659,0.005760723742143144,50.09661652027105,0
bmi,alt_log_adj,REACTOME_AGGREPHAGY,ppgs:bmi,0.0037430796900842726,0.005940335122180738,0.6301125463625631,0.5286260304452649
bmi,alt_log_adj,REACTOME_AKT_PHOSPHORYLATES_TARGETS_IN_THE_CYTOSOL,ppgs,0.03667792497219296,0.005795779416674162,6.328385249906585,2.514412921151609e-10
bmi,alt_log_adj,REACTOME_AKT_PHOSPHORYLATES_TARGETS_IN_THE_CYTOSOL,bmi,0.28823452603512567,0.005757891305298824,50.0590425821119,0
bmi,alt_log_adj,REACTOME_AKT_PHOSPHORYLATES_TARGETS_IN_THE_CYTOSOL,ppgs:bmi,0.009108460719160162,0.005845429032764794,1.5582193656112195,0.11919241897646835
bmi,alt_log_adj,REACTOME_AKT_PHOSPHORYLATES_TARGETS_IN_THE_NUCLEUS,ppgs,-0.0059074528753314485,0.0058479829061988675,-1.0101693130924754,0.31242280070734146
bmi,alt_log_adj,REACTOME_AKT_PHOSPHORYLATES_TARGETS_IN_THE_NUCLEUS,bmi,0.28851941306576295,0.005762730013868223,50.06644634946116,0
bmi,alt_log_adj,REACTOME_AKT_PHOSPHORYLATES_TARGETS_IN_THE_NUCLEUS,ppgs:bmi,-0.0019537205923539944,0.005720574299757852,-0.34152525428027286,0.7327107277334117
bmi,alt_log_adj,REACTOME_ALK_MUTANTS_BIND_TKIS,ppgs,7.136825674089577e-4,0.005927988436237519,0.12039203097061546,0.9041734570611213
bmi,alt_log_adj,REACTOME_ALK_MUTANTS_BIND_TKIS,bmi,0.2883907614383723,0.0057618840561049385,50.051469038640434,0
bmi,alt_log_adj,REACTOME_ALK_MUTANTS_BIND_TKIS,ppgs:bmi,0.0034171545512257182,0.005879827627151969,0.5811657701402543,0.5611333555703748
bmi,alt_log_adj,REACTOME_ALPHA_DEFENSINS,ppgs,0.0059927004107613755,0.005687799626019112,1.0536061051355397,0.2920722729722548
bmi,alt_log_adj,REACTOME_ALPHA_DEFENSINS,bmi,0.28838119173459,0.0057618922039533145,50.04973739993394,0
bmi,alt_log_adj,REACTOME_ALPHA_DEFENSINS,ppgs:bmi,0.0028111730135279315,0.005588568721746476,0.503021999638114,0.6149527129535425
bmi,alt_log_adj,REACTOME_ALPHA_LINOLENIC_OMEGA3_AND_LINOLEIC_OMEGA6_ACID_METABOLISM,ppgs,-0.004078809022780208,0.005717385165213625,-0.7134046255265377,0.47560128449448336
bmi,alt_log_adj,REACTOME_ALPHA_LINOLENIC_OMEGA3_AND_LINOLEIC_OMEGA6_ACID_METABOLISM,bmi,0.2883916876967089,0.00576193133869953,50.05121906950718,0
bmi,alt_log_adj,REACTOME_ALPHA_LINOLENIC_OMEGA3_AND_LINOLEIC_OMEGA6_ACID_METABOLISM,ppgs:bmi,0.00569172863742202,0.005659724159255942,1.0056547770289719,0.31459024798885643
bmi,alt_log_adj,REACTOME_ALPHA_OXIDATION_OF_PHYTANATE,ppgs,0.00799509214854472,0.00574269254288345,1.3922201282484685,0.1638666703907247
bmi,alt_log_adj,REACTOME_ALPHA_OXIDATION_OF_PHYTANATE,bmi,0.2883646711318648,0.005761539274389878,50.049935858920506,0
bmi,alt_log_adj,REACTOME_ALPHA_OXIDATION_OF_PHYTANATE,ppgs:bmi,-4.01186268526198e-4,0.005747485864115899,-0.06980204527878557,0.9443517116068958
bmi,alt_log_adj,REACTOME_ALPHA_PROTEIN_KINASE_1_SIGNALING_PATHWAY,ppgs,-0.007920394079039342,0.005770762728281463,-1.3725038529522144,0.16991749884259869
bmi,alt_log_adj,REACTOME_ALPHA_PROTEIN_KINASE_1_SIGNALING_PATHWAY,bmi,0.28842606596353954,0.0057615048960829845,50.060890542613066,0
bmi,alt_log_adj,REACTOME_ALPHA_PROTEIN_KINASE_1_SIGNALING_PATHWAY,ppgs:bmi,-0.003236227941409755,0.005816618248155494,-0.5563761971891475,0.5779580990220103
bmi,alt_log_adj,REACTOME_ALTERNATIVE_COMPLEMENT_ACTIVATION,ppgs,0.011450520427735976,0.005733516885974652,1.9971198577519282,0.04582170645321791
bmi,alt_log_adj,REACTOME_ALTERNATIVE_COMPLEMENT_ACTIVATION,bmi,0.28836707222449154,0.005761500546820194,50.050689031634825,0
bmi,alt_log_adj,REACTOME_ALTERNATIVE_COMPLEMENT_ACTIVATION,ppgs:bmi,0.0037433618557939337,0.005732446687702598,0.6530129384062648,0.5137532331404975
bmi,alt_log_adj,REACTOME_AMINE_LIGAND_BINDING_RECEPTORS,ppgs,-0.002813224348491561,0.005803772522754917,-0.48472339973038575,0.6278763107887742
bmi,alt_log_adj,REACTOME_AMINE_LIGAND_BINDING_RECEPTORS,bmi,0.28840503390288325,0.005761593266896117,50.05647232336702,0
bmi,alt_log_adj,REACTOME_AMINE_LIGAND_BINDING_RECEPTORS,ppgs:bmi,-0.0027616533342948602,0.0058828131508021925,-0.4694443395534797,0.6387556719556149
bmi,alt_log_adj,REACTOME_AMINO_ACIDS_REGULATE_MTORC1,ppgs,-8.34952650610772e-4,0.005930539012343422,-0.1407886616836949,0.8880379008399041
bmi,alt_log_adj,REACTOME_AMINO_ACIDS_REGULATE_MTORC1,bmi,0.28860855550483144,0.00576373911298919,50.07314693588782,0
bmi,alt_log_adj,REACTOME_AMINO_ACIDS_REGULATE_MTORC1,ppgs:bmi,-0.0070833887746241395,0.005958719501118957,-1.1887434495438134,0.23455059504546338
bmi,alt_log_adj,REACTOME_AMINO_ACID_CONJUGATION,ppgs,0.0062365807869808765,0.0057544749767728075,1.0837792869295682,0.27847188866229633
bmi,alt_log_adj,REACTOME_AMINO_ACID_CONJUGATION,bmi,0.28835171096263207,0.005761305313789914,50.04971881501415,0
bmi,alt_log_adj,REACTOME_AMINO_ACID_CONJUGATION,ppgs:bmi,-0.012000151080703575,0.005671383252035179,-2.115912564434314,0.03436093883894307
bmi,alt_log_adj,REACTOME_AMINO_ACID_TRANSPORT_ACROSS_THE_PLASMA_MEMBRANE,ppgs,7.706209045624824e-4,0.00576955521848367,0.13356677861296448,0.8937461036843479
bmi,alt_log_adj,REACTOME_AMINO_ACID_TRANSPORT_ACROSS_THE_PLASMA_MEMBRANE,bmi,0.2884101026541538,0.00576162455686963,50.05708022232725,0
bmi,alt_log_adj,REACTOME_AMINO_ACID_TRANSPORT_ACROSS_THE_PLASMA_MEMBRANE,ppgs:bmi,0.0028274397463595464,0.005886899643014191,0.4802935191386837,0.6310224026238425
bmi,alt_log_adj,REACTOME_AMPK_INHIBITS_CHREBP_TRANSCRIPTIONAL_ACTIVATION_ACTIVITY,ppgs,-9.070446394079521e-4,0.0057000071655024095,-0.1591304384488442,0.8735672409792922
bmi,alt_log_adj,REACTOME_AMPK_INHIBITS_CHREBP_TRANSCRIPTIONAL_ACTIVATION_ACTIVITY,bmi,0.288531216982081,0.005761908808674845,50.075630587503,0
bmi,alt_log_adj,REACTOME_AMPK_INHIBITS_CHREBP_TRANSCRIPTIONAL_ACTIVATION_ACTIVITY,ppgs:bmi,-0.0085196903260046,0.005699394686794905,-1.4948412584487474,0.13496700682023044
bmi,alt_log_adj,REACTOME_AMYLOID_FIBER_FORMATION,ppgs,0.010129321598484354,0.0061160810177131545,1.6561784530237924,0.09769675305852707
bmi,alt_log_adj,REACTOME_AMYLOID_FIBER_FORMATION,bmi,0.28843606808906774,0.005761318216397057,50.06424871102613,0
bmi,alt_log_adj,REACTOME_AMYLOID_FIBER_FORMATION,ppgs:bmi,0.003052967444523921,0.006280411145627018,0.4861094876964654,0.6268932979466697
bmi,alt_log_adj,REACTOME_ANCHORING_FIBRIL_FORMATION,ppgs,-0.0068817816858355255,0.0058631471768252575,-1.173735108174759,0.24051100414433194
bmi,alt_log_adj,REACTOME_ANCHORING_FIBRIL_FORMATION,bmi,0.28837484284290305,0.005761572427300699,50.05141330454591,0
bmi,alt_log_adj,REACTOME_ANCHORING_FIBRIL_FORMATION,ppgs:bmi,0.002884576279559431,0.005860540555304774,0.49220310862765115,0.6225795786880164
bmi,alt_log_adj,REACTOME_ANCHORING_OF_THE_BASAL_BODY_TO_THE_PLASMA_MEMBRANE,ppgs,0.011946842038799442,0.006023333878658299,1.9834268329585951,0.047329404524270424
bmi,alt_log_adj,REACTOME_ANCHORING_OF_THE_BASAL_BODY_TO_THE_PLASMA_MEMBRANE,bmi,0.2884142991403624,0.005761626632569727,50.05779053956634,0
bmi,alt_log_adj,REACTOME_ANCHORING_OF_THE_BASAL_BODY_TO_THE_PLASMA_MEMBRANE,ppgs:bmi,0.004864119354500644,0.005964567628234948,0.815502423256126,0.4147916296620181
bmi,alt_log_adj,REACTOME_ANDROGEN_BIOSYNTHESIS,ppgs,-0.008146026386085171,0.005688847859753125,-1.431929027969941,0.1521751590976627
bmi,alt_log_adj,REACTOME_ANDROGEN_BIOSYNTHESIS,bmi,0.28844194036572096,0.005761445553526661,50.064161448017444,0
bmi,alt_log_adj,REACTOME_ANDROGEN_BIOSYNTHESIS,ppgs:bmi,-2.2780305319339836e-4,0.005752042359542538,-0.03960385528376318,0.9684092326703801
bmi,alt_log_adj,REACTOME_ANTIGEN_ACTIVATES_B_CELL_RECEPTOR_BCR_LEADING_TO_GENERATION_OF_SECOND_MESSENGERS,ppgs,0.007349404745901966,0.006024285491618644,1.2199628912220228,0.22248909162051048
bmi,alt_log_adj,REACTOME_ANTIGEN_ACTIVATES_B_CELL_RECEPTOR_BCR_LEADING_TO_GENERATION_OF_SECOND_MESSENGERS,bmi,0.2883544110671032,0.005761228014613793,50.050859007085,0
bmi,alt_log_adj,REACTOME_ANTIGEN_ACTIVATES_B_CELL_RECEPTOR_BCR_LEADING_TO_GENERATION_OF_SECOND_MESSENGERS,ppgs:bmi,0.010527049737099045,0.0059790351778272926,1.7606602777882376,0.07830670097142296
bmi,alt_log_adj,REACTOME_ANTIGEN_PRESENTATION_FOLDING_ASSEMBLY_AND_PEPTIDE_LOADING_OF_CLASS_I_MHC,ppgs,0.0023623680454476245,0.005798930243767484,0.4073799728814856,0.6837320099135207
bmi,alt_log_adj,REACTOME_ANTIGEN_PRESENTATION_FOLDING_ASSEMBLY_AND_PEPTIDE_LOADING_OF_CLASS_I_MHC,bmi,0.2884955856387049,0.005761683043842126,50.07140855258228,0
bmi,alt_log_adj,REACTOME_ANTIGEN_PRESENTATION_FOLDING_ASSEMBLY_AND_PEPTIDE_LOADING_OF_CLASS_I_MHC,ppgs:bmi,-0.007855853641848841,0.005811337903545028,-1.3518149817198926,0.1764452958115936
bmi,alt_log_adj,REACTOME_ANTIGEN_PROCESSING_CROSS_PRESENTATION,ppgs,0.032131445067692554,0.006030892669275979,5.327809137009563,1.0016231070223631e-7
bmi,alt_log_adj,REACTOME_ANTIGEN_PROCESSING_CROSS_PRESENTATION,bmi,0.28823094949857175,0.0057592920279455635,50.04624667407056,0
bmi,alt_log_adj,REACTOME_ANTIGEN_PROCESSING_CROSS_PRESENTATION,ppgs:bmi,0.0019066636612706345,0.0060883193880341465,0.31316748346316237,0.754155725117264
bmi,alt_log_adj,REACTOME_ANTIGEN_PROCESSING_UBIQUITINATION_PROTEASOME_DEGRADATION,ppgs,0.028390277804529514,0.006291272445962586,4.512644786628011,6.4281333310687785e-6
bmi,alt_log_adj,REACTOME_ANTIGEN_PROCESSING_UBIQUITINATION_PROTEASOME_DEGRADATION,bmi,0.28863980722644705,0.005761239916586392,50.10029288929002,0
bmi,alt_log_adj,REACTOME_ANTIGEN_PROCESSING_UBIQUITINATION_PROTEASOME_DEGRADATION,ppgs:bmi,-2.725008025951753e-4,0.0062823573055342695,-0.04337556578565234,0.9654024605416518
bmi,alt_log_adj,REACTOME_ANTIGEN_PROCESSING_UB_ATP_INDEPENDENT_PROTEASOMAL_DEGRADATION,ppgs,-0.0014721253471238298,0.006512875113918337,-0.2260330992648431,0.8211773065085014
bmi,alt_log_adj,REACTOME_ANTIGEN_PROCESSING_UB_ATP_INDEPENDENT_PROTEASOMAL_DEGRADATION,bmi,0.2884455960795859,0.005761777624152116,50.06191055872841,0
bmi,alt_log_adj,REACTOME_ANTIGEN_PROCESSING_UB_ATP_INDEPENDENT_PROTEASOMAL_DEGRADATION,ppgs:bmi,-0.004132555137044832,0.006454600072630511,-0.6402496034677866,0.5220155137171772
bmi,alt_log_adj,REACTOME_ANTIMICROBIAL_PEPTIDES,ppgs,0.010722953446930712,0.00618325878152252,1.7341912777408244,0.08289502098428822
bmi,alt_log_adj,REACTOME_ANTIMICROBIAL_PEPTIDES,bmi,0.28835722682425224,0.005761345787740613,50.050324602602146,0
bmi,alt_log_adj,REACTOME_ANTIMICROBIAL_PEPTIDES,ppgs:bmi,0.004666125154867827,0.00621092976823148,0.75127643186931,0.45249254655342797
bmi,alt_log_adj,REACTOME_ANTIVIRAL_MECHANISM_BY_IFN_STIMULATED_GENES,ppgs,0.03860714776656509,0.0057748905480550575,6.685347097975338,2.3465097024107666e-11
bmi,alt_log_adj,REACTOME_ANTIVIRAL_MECHANISM_BY_IFN_STIMULATED_GENES,bmi,0.28814194563063183,0.005758007500762731,50.04195385165151,0
bmi,alt_log_adj,REACTOME_ANTIVIRAL_MECHANISM_BY_IFN_STIMULATED_GENES,ppgs:bmi,0.006496326459761454,0.005808820098901762,1.1183555953109436,0.2634246281279005
bmi,alt_log_adj,REACTOME_ANTI_INFLAMMATORY_RESPONSE_FAVOURING_LEISHMANIA_PARASITE_INFECTION,ppgs,0.010895132588757198,0.0066669351979395655,1.6342040630789945,0.10222711381276546
bmi,alt_log_adj,REACTOME_ANTI_INFLAMMATORY_RESPONSE_FAVOURING_LEISHMANIA_PARASITE_INFECTION,bmi,0.28846421060450506,0.005762716430562771,50.05698511809897,0
bmi,alt_log_adj,REACTOME_ANTI_INFLAMMATORY_RESPONSE_FAVOURING_LEISHMANIA_PARASITE_INFECTION,ppgs:bmi,-0.003984166745778313,0.006561113928825799,-0.6072393787088733,0.5436969261412566
bmi,alt_log_adj,REACTOME_APC_CDC20_MEDIATED_DEGRADATION_OF_NEK2A,ppgs,0.005277625492621187,0.005819603108439917,0.9068703473897174,0.3644830719085549
bmi,alt_log_adj,REACTOME_APC_CDC20_MEDIATED_DEGRADATION_OF_NEK2A,bmi,0.2883775199556379,0.005761497418663604,50.05252957702928,0
bmi,alt_log_adj,REACTOME_APC_CDC20_MEDIATED_DEGRADATION_OF_NEK2A,ppgs:bmi,-0.005509668156662515,0.0057607665119968204,-0.9564123359606066,0.33887211073554635
bmi,alt_log_adj,REACTOME_APC_C_CDC20_MEDIATED_DEGRADATION_OF_CYCLIN_B,ppgs,0.004818948604683635,0.005828722564582382,0.8267589598388964,0.40838065438312043
bmi,alt_log_adj,REACTOME_APC_C_CDC20_MEDIATED_DEGRADATION_OF_CYCLIN_B,bmi,0.2883510709985773,0.005761427542074506,50.048545936368974,0
bmi,alt_log_adj,REACTOME_APC_C_CDC20_MEDIATED_DEGRADATION_OF_CYCLIN_B,ppgs:bmi,-0.008951426775363562,0.005778796422203289,-1.5490123066059904,0.12138992483635258
bmi,alt_log_adj,REACTOME_APC_C_CDH1_MEDIATED_DEGRADATION_OF_CDC20_AND_OTHER_APC_C_CDH1_TARGETED_PROTEINS_IN_LATE_MITOSIS_EARLY_G1,ppgs,-0.0076519635937135335,0.006047460355817047,-1.2653185210801947,0.2057675700305726
bmi,alt_log_adj,REACTOME_APC_C_CDH1_MEDIATED_DEGRADATION_OF_CDC20_AND_OTHER_APC_C_CDH1_TARGETED_PROTEINS_IN_LATE_MITOSIS_EARLY_G1,bmi,0.28848191616618357,0.005761557438549695,50.07012760751032,0
bmi,alt_log_adj,REACTOME_APC_C_CDH1_MEDIATED_DEGRADATION_OF_CDC20_AND_OTHER_APC_C_CDH1_TARGETED_PROTEINS_IN_LATE_MITOSIS_EARLY_G1,ppgs:bmi,-0.004812555197176222,0.0060149634333392385,-0.8000971660944091,0.4236612075814802
bmi,alt_log_adj,REACTOME_APC_C_MEDIATED_DEGRADATION_OF_CELL_CYCLE_PROTEINS,ppgs,-0.004704457806814663,0.006297015175159728,-0.7470932935611564,0.45501344449503
bmi,alt_log_adj,REACTOME_APC_C_MEDIATED_DEGRADATION_OF_CELL_CYCLE_PROTEINS,bmi,0.2883581986484689,0.005762341758699989,50.041842487579885,0
bmi,alt_log_adj,REACTOME_APC_C_MEDIATED_DEGRADATION_OF_CELL_CYCLE_PROTEINS,ppgs:bmi,-8.022935753152027e-4,0.006278426177934016,-0.12778577824724957,0.8983194115162434
bmi,alt_log_adj,REACTOME_APEX1_INDEPENDENT_RESOLUTION_OF_AP_SITES_VIA_THE_SINGLE_NUCLEOTIDE_REPLACEMENT_PATHWAY,ppgs,0.007937803017657664,0.005704224896946967,1.3915655783323269,0.16406490748608438
bmi,alt_log_adj,REACTOME_APEX1_INDEPENDENT_RESOLUTION_OF_AP_SITES_VIA_THE_SINGLE_NUCLEOTIDE_REPLACEMENT_PATHWAY,bmi,0.28830827093721323,0.0057618115396659685,50.03778220658835,0
bmi,alt_log_adj,REACTOME_APEX1_INDEPENDENT_RESOLUTION_OF_AP_SITES_VIA_THE_SINGLE_NUCLEOTIDE_REPLACEMENT_PATHWAY,ppgs:bmi,-0.004625827944660445,0.005616386457663742,-0.8236306350230498,0.4101563925568078
bmi,alt_log_adj,REACTOME_APOBEC3G_MEDIATED_RESISTANCE_TO_HIV_1_INFECTION,ppgs,0.005394039784459645,0.005917691926791045,0.9115107462825699,0.3620340769369901
bmi,alt_log_adj,REACTOME_APOBEC3G_MEDIATED_RESISTANCE_TO_HIV_1_INFECTION,bmi,0.2883645518888176,0.0057617414546117865,50.048158904805796,0
bmi,alt_log_adj,REACTOME_APOBEC3G_MEDIATED_RESISTANCE_TO_HIV_1_INFECTION,ppgs:bmi,0.0016964422335115352,0.005908233940993788,0.28713186553784076,0.7740134524656729
bmi,alt_log_adj,REACTOME_APOPTOSIS,ppgs,0.02024489849421457,0.0061794990796377024,3.276139090452216,0.0010536308455301932
bmi,alt_log_adj,REACTOME_APOPTOSIS,bmi,0.28837103129494196,0.005762031734581553,50.04676207599608,0
bmi,alt_log_adj,REACTOME_APOPTOSIS,ppgs:bmi,-0.0035985771839732333,0.006217468488847488,-0.5787849492809074,0.5627388862682156
bmi,alt_log_adj,REACTOME_APOPTOSIS_INDUCED_DNA_FRAGMENTATION,ppgs,0.002629902028135705,0.006085648593445414,0.4321481905754889,0.6656369986083518
bmi,alt_log_adj,REACTOME_APOPTOSIS_INDUCED_DNA_FRAGMENTATION,bmi,0.28842130500031576,0.005761306555033765,50.06178759023272,0
bmi,alt_log_adj,REACTOME_APOPTOSIS_INDUCED_DNA_FRAGMENTATION,ppgs:bmi,-0.010143675128664419,0.006122204386435423,-1.6568664631875263,0.09755754242284854
bmi,alt_log_adj,REACTOME_APOPTOTIC_CLEAVAGE_OF_CELLULAR_PROTEINS,ppgs,-0.004145810454183308,0.005700456572609061,-0.7272769121870176,0.46706234459765117
bmi,alt_log_adj,REACTOME_APOPTOTIC_CLEAVAGE_OF_CELLULAR_PROTEINS,bmi,0.28850507637458,0.005762053451692661,50.06983687210134,0
bmi,alt_log_adj,REACTOME_APOPTOTIC_CLEAVAGE_OF_CELLULAR_PROTEINS,ppgs:bmi,-0.005247704963867472,0.005807266122200323,-0.9036446502436437,0.3661915359496176
bmi,alt_log_adj,REACTOME_APOPTOTIC_CLEAVAGE_OF_CELL_ADHESION_PROTEINS,ppgs,7.522892781228953e-5,0.0058186780385877995,0.01292886929185511,0.9896846331667761
bmi,alt_log_adj,REACTOME_APOPTOTIC_CLEAVAGE_OF_CELL_ADHESION_PROTEINS,bmi,0.2884534675238827,0.005761765194842254,50.063384704065506,0
bmi,alt_log_adj,REACTOME_APOPTOTIC_CLEAVAGE_OF_CELL_ADHESION_PROTEINS,ppgs:bmi,-0.0075460954553014156,0.0058820014516623,-1.2829128855738092,0.19953308665934708
bmi,alt_log_adj,REACTOME_APOPTOTIC_EXECUTION_PHASE,ppgs,-0.004145810454183308,0.005700456572609061,-0.7272769121870176,0.46706234459765117
bmi,alt_log_adj,REACTOME_APOPTOTIC_EXECUTION_PHASE,bmi,0.28850507637458,0.005762053451692661,50.06983687210134,0
bmi,alt_log_adj,REACTOME_APOPTOTIC_EXECUTION_PHASE,ppgs:bmi,-0.005247704963867472,0.005807266122200323,-0.9036446502436437,0.3661915359496176
bmi,alt_log_adj,REACTOME_APOPTOTIC_FACTOR_MEDIATED_RESPONSE,ppgs,-4.287271453708973e-4,0.005776967437540436,-0.07421318364803339,0.9408412793778034
bmi,alt_log_adj,REACTOME_APOPTOTIC_FACTOR_MEDIATED_RESPONSE,bmi,0.2884268713532181,0.005761477397716073,50.06126926186578,0
bmi,alt_log_adj,REACTOME_APOPTOTIC_FACTOR_MEDIATED_RESPONSE,ppgs:bmi,-0.008519232087557482,0.005831415922121893,-1.4609199894727396,0.1440484833545348
bmi,alt_log_adj,REACTOME_AQUAPORIN_MEDIATED_TRANSPORT,ppgs,-0.004516471238751593,0.006042311772966422,-0.7474740477574314,0.4547836626642495
bmi,alt_log_adj,REACTOME_AQUAPORIN_MEDIATED_TRANSPORT,bmi,0.28842926137072483,0.005761682209830034,50.05990453250515,0
bmi,alt_log_adj,REACTOME_AQUAPORIN_MEDIATED_TRANSPORT,ppgs:bmi,5.796645011510444e-4,0.006015193136255491,0.09636673137845256,0.9232299948439726
bmi,alt_log_adj,REACTOME_ARACHIDONATE_METABOLISM,ppgs,0.002058010256309337,0.005823655195791718,0.35338806765148,0.7238001579632283
bmi,alt_log_adj,REACTOME_ARACHIDONATE_METABOLISM,bmi,0.28844346759766426,0.0057616558224903485,50.06259944784257,0
bmi,alt_log_adj,REACTOME_ARACHIDONATE_METABOLISM,ppgs:bmi,-0.007151253323844341,0.005773085446348183,-1.238722930797418,0.21545838040175733
bmi,alt_log_adj,REACTOME_ARACHIDONATE_PRODUCTION_FROM_DAG,ppgs,0.00538748273981193,0.0058217821343959355,0.9254009537701349,0.35476526041843137
bmi,alt_log_adj,REACTOME_ARACHIDONATE_PRODUCTION_FROM_DAG,bmi,0.2884450950825214,0.005761609961685534,50.06328040264253,0
bmi,alt_log_adj,REACTOME_ARACHIDONATE_PRODUCTION_FROM_DAG,ppgs:bmi,6.704956554192952e-4,0.005882981490316526,0.11397208312195796,0.9092607307764529
bmi,alt_log_adj,REACTOME_ARMS_MEDIATED_ACTIVATION,ppgs,0.006196735379881041,0.00570604397729608,1.0859950264206488,0.2774904272151832
bmi,alt_log_adj,REACTOME_ARMS_MEDIATED_ACTIVATION,bmi,0.28843834178381395,0.005761879709159506,50.05976458086954,0
bmi,alt_log_adj,REACTOME_ARMS_MEDIATED_ACTIVATION,ppgs:bmi,0.0022193560844057107,0.005550612277965384,0.39983986869629295,0.6892774762725603
bmi,alt_log_adj,REACTOME_ARYL_HYDROCARBON_RECEPTOR_SIGNALLING,ppgs,-0.005529261800196402,0.005743142122451578,-0.9627590058377526,0.33567668973187736
bmi,alt_log_adj,REACTOME_ARYL_HYDROCARBON_RECEPTOR_SIGNALLING,bmi,0.2883775864570502,0.005761983324384276,50.04832020888678,0
bmi,alt_log_adj,REACTOME_ARYL_HYDROCARBON_RECEPTOR_SIGNALLING,ppgs:bmi,-0.0012957068574410864,0.005803005275659658,-0.2232820402345398,0.8233176131064995
bmi,alt_log_adj,REACTOME_ASPARAGINE_N_LINKED_GLYCOSYLATION,ppgs,0.007874737878611366,0.006643118138316863,1.1853978379807275,0.2358701226877387
bmi,alt_log_adj,REACTOME_ASPARAGINE_N_LINKED_GLYCOSYLATION,bmi,0.2886028171386561,0.005762403543057587,50.08375671404656,0
bmi,alt_log_adj,REACTOME_ASPARAGINE_N_LINKED_GLYCOSYLATION,ppgs:bmi,-0.010060291662510868,0.0065840666162432305,-1.527975375840155,0.12652980900545668
bmi,alt_log_adj,REACTOME_ASPARTATE_AND_ASPARAGINE_METABOLISM,ppgs,9.56103579653955e-4,0.005708474969964594,0.16748844212938455,0.8669869356369633
bmi,alt_log_adj,REACTOME_ASPARTATE_AND_ASPARAGINE_METABOLISM,bmi,0.28840161182275487,0.0057617062127066025,50.05489713910216,0
bmi,alt_log_adj,REACTOME_ASPARTATE_AND_ASPARAGINE_METABOLISM,ppgs:bmi,-0.003078622992820963,0.0057662033897722025,-0.5339081514678562,0.5934092685393721
bmi,alt_log_adj,REACTOME_ASPIRIN_ADME,ppgs,0.023900658514692554,0.005698388706228114,4.194283638209882,2.7456660593191872e-5
bmi,alt_log_adj,REACTOME_ASPIRIN_ADME,bmi,0.2884701497274857,0.005759799123532818,50.083369843382705,0
bmi,alt_log_adj,REACTOME_ASPIRIN_ADME,ppgs:bmi,-0.0039155855849598055,0.005669958202090272,-0.6905845590742267,0.4898323078688652
bmi,alt_log_adj,REACTOME_ASSEMBLY_AND_CELL_SURFACE_PRESENTATION_OF_NMDA_RECEPTORS,ppgs,0.003098353310768885,0.0060390224697590734,0.5130554367505927,0.6079165406990286
bmi,alt_log_adj,REACTOME_ASSEMBLY_AND_CELL_SURFACE_PRESENTATION_OF_NMDA_RECEPTORS,bmi,0.2884232071130955,0.005761640680811597,50.05921456949786,0
bmi,alt_log_adj,REACTOME_ASSEMBLY_AND_CELL_SURFACE_PRESENTATION_OF_NMDA_RECEPTORS,ppgs:bmi,0.008701343056157307,0.006048191621440906,1.4386685476880312,0.1502554948791782
bmi,alt_log_adj,REACTOME_ASSEMBLY_OF_ACTIVE_LPL_AND_LIPC_LIPASE_COMPLEXES,ppgs,0.008774836375280126,0.005697861857010876,1.5400226603393725,0.12356599152403906
bmi,alt_log_adj,REACTOME_ASSEMBLY_OF_ACTIVE_LPL_AND_LIPC_LIPASE_COMPLEXES,bmi,0.2884432485458814,0.005761397628775603,50.06480495379045,0
bmi,alt_log_adj,REACTOME_ASSEMBLY_OF_ACTIVE_LPL_AND_LIPC_LIPASE_COMPLEXES,ppgs:bmi,-3.846833451429612e-4,0.0057093019059665595,-0.06737835053720741,0.946280978963649
bmi,alt_log_adj,REACTOME_ASSEMBLY_OF_COLLAGEN_FIBRILS_AND_OTHER_MULTIMERIC_STRUCTURES,ppgs,0.008633456905918825,0.0061565099999183175,1.4023297137555808,0.16082776161585283
bmi,alt_log_adj,REACTOME_ASSEMBLY_OF_COLLAGEN_FIBRILS_AND_OTHER_MULTIMERIC_STRUCTURES,bmi,0.2884246048428649,0.005761416975014162,50.06140088344429,0
bmi,alt_log_adj,REACTOME_ASSEMBLY_OF_COLLAGEN_FIBRILS_AND_OTHER_MULTIMERIC_STRUCTURES,ppgs:bmi,0.002742080637310021,0.0061762908711537135,0.4439688308911864,0.657068507785793
bmi,alt_log_adj,REACTOME_ASSEMBLY_OF_THE_HIV_VIRION,ppgs,0.010384576411867496,0.005970935918438392,1.739187382634551,0.08201266295659536
bmi,alt_log_adj,REACTOME_ASSEMBLY_OF_THE_HIV_VIRION,bmi,0.2883869087222363,0.005761502768461045,50.05411267020312,0
bmi,alt_log_adj,REACTOME_ASSEMBLY_OF_THE_HIV_VIRION,ppgs:bmi,-0.009565915166831898,0.006026354280356892,-1.5873469633228048,0.11244523716600209
bmi,alt_log_adj,REACTOME_ASSEMBLY_OF_THE_ORC_COMPLEX_AT_THE_ORIGIN_OF_REPLICATION,ppgs,6.777177146984585e-4,0.005670457434932683,0.11951729158981052,0.9048663884415173
bmi,alt_log_adj,REACTOME_ASSEMBLY_OF_THE_ORC_COMPLEX_AT_THE_ORIGIN_OF_REPLICATION,bmi,0.2884422939274516,0.005761660598972569,50.062354241915465,0
bmi,alt_log_adj,REACTOME_ASSEMBLY_OF_THE_ORC_COMPLEX_AT_THE_ORIGIN_OF_REPLICATION,ppgs:bmi,0.004420398261044026,0.00567408071352765,0.7790510012494705,0.4359561752375387
bmi,alt_log_adj,REACTOME_ASSOCIATION_OF_TRIC_CCT_WITH_TARGET_PROTEINS_DURING_BIOSYNTHESIS,ppgs,0.010212626140443744,0.0057259773527731945,1.7835603445929775,0.07450582894755407
bmi,alt_log_adj,REACTOME_ASSOCIATION_OF_TRIC_CCT_WITH_TARGET_PROTEINS_DURING_BIOSYNTHESIS,bmi,0.28829273084379947,0.005761866292206661,50.03460966002216,0
bmi,alt_log_adj,REACTOME_ASSOCIATION_OF_TRIC_CCT_WITH_TARGET_PROTEINS_DURING_BIOSYNTHESIS,ppgs:bmi,0.0042325465117012346,0.005811429653623497,0.7283141608815983,0.4664273117232359
bmi,alt_log_adj,REACTOME_ASYMMETRIC_LOCALIZATION_OF_PCP_PROTEINS,ppgs,-0.0076519635937135335,0.006047460355817047,-1.2653185210801947,0.2057675700305726
bmi,alt_log_adj,REACTOME_ASYMMETRIC_LOCALIZATION_OF_PCP_PROTEINS,bmi,0.28848191616618357,0.005761557438549695,50.07012760751032,0
bmi,alt_log_adj,REACTOME_ASYMMETRIC_LOCALIZATION_OF_PCP_PROTEINS,ppgs:bmi,-0.004812555197176222,0.0060149634333392385,-0.8000971660944091,0.4236612075814802
bmi,alt_log_adj,REACTOME_ATF4_ACTIVATES_GENES_IN_RESPONSE_TO_ENDOPLASMIC_RETICULUM_STRESS,ppgs,0.01061295782628398,0.005714830112338939,1.8570906952018487,0.06330861611636532
bmi,alt_log_adj,REACTOME_ATF4_ACTIVATES_GENES_IN_RESPONSE_TO_ENDOPLASMIC_RETICULUM_STRESS,bmi,0.2884913249262568,0.00576216105700508,50.0665153355158,0
bmi,alt_log_adj,REACTOME_ATF4_ACTIVATES_GENES_IN_RESPONSE_TO_ENDOPLASMIC_RETICULUM_STRESS,ppgs:bmi,-0.008941604720939524,0.005881367611521139,-1.52032746659529,0.12843984712852646
bmi,alt_log_adj,REACTOME_ATF6_ATF6_ALPHA_ACTIVATES_CHAPERONES,ppgs,0.009212693033761715,0.005716846794594116,1.6114990246849525,0.10708213235342595
bmi,alt_log_adj,REACTOME_ATF6_ATF6_ALPHA_ACTIVATES_CHAPERONES,bmi,0.2884016650648089,0.005761765886006717,50.05438797248498,0
bmi,alt_log_adj,REACTOME_ATF6_ATF6_ALPHA_ACTIVATES_CHAPERONES,ppgs:bmi,-0.005344122175073641,0.005886752890581215,-0.9078217269191338,0.3639801343973388
bmi,alt_log_adj,REACTOME_ATF6_ATF6_ALPHA_ACTIVATES_CHAPERONE_GENES,ppgs,0.006499521335454865,0.005733579907956215,1.1335886897531138,0.2569767060131296
bmi,alt_log_adj,REACTOME_ATF6_ATF6_ALPHA_ACTIVATES_CHAPERONE_GENES,bmi,0.2885280331057364,0.005762359798277082,50.07115890125515,0
bmi,alt_log_adj,REACTOME_ATF6_ATF6_ALPHA_ACTIVATES_CHAPERONE_GENES,ppgs:bmi,-0.008102966672222284,0.005809784157168128,-1.3947104493072815,0.16311410097531437
bmi,alt_log_adj,REACTOME_ATORVASTATIN_ADME,ppgs,0.023353621188654194,0.005703200956822035,4.09482698671509,4.236549227177051e-5
bmi,alt_log_adj,REACTOME_ATORVASTATIN_ADME,bmi,0.28836728372155607,0.005759697412175076,50.066394653301394,0
bmi,alt_log_adj,REACTOME_ATORVASTATIN_ADME,ppgs:bmi,-0.008326014455288699,0.005696673569068471,-1.4615572323639707,0.14387366558017983
bmi,alt_log_adj,REACTOME_ATP_DEPENDENT_CHROMATIN_REMODELERS,ppgs,0.015485573126451197,0.00591667128503718,2.6172779220662563,0.008868120143275189
bmi,alt_log_adj,REACTOME_ATP_DEPENDENT_CHROMATIN_REMODELERS,bmi,0.28840186556855574,0.005760713164274255,50.063569794988936,0
bmi,alt_log_adj,REACTOME_ATP_DEPENDENT_CHROMATIN_REMODELERS,ppgs:bmi,-0.00824472979918779,0.0059605115646383655,-1.3832251996793183,0.16660671861052057
bmi,alt_log_adj,REACTOME_ATTACHMENT_AND_ENTRY,ppgs,1.9895628937975632e-4,0.005890974915007172,0.03377306680986166,0.97305835104052
bmi,alt_log_adj,REACTOME_ATTACHMENT_AND_ENTRY,bmi,0.2883974281103116,0.0057613026431309255,50.05767722585473,0
bmi,alt_log_adj,REACTOME_ATTACHMENT_AND_ENTRY,ppgs:bmi,-0.010234638532909337,0.005904737977551964,-1.7332925816214626,0.08305455241718261
bmi,alt_log_adj,REACTOME_ATTACHMENT_OF_GPI_ANCHOR_TO_UPAR,ppgs,0.013867670035269194,0.005749464376231028,2.411993383696714,0.015871880495699976
bmi,alt_log_adj,REACTOME_ATTACHMENT_OF_GPI_ANCHOR_TO_UPAR,bmi,0.28856539171981743,0.00576376666637783,50.06541874832052,0
bmi,alt_log_adj,REACTOME_ATTACHMENT_OF_GPI_ANCHOR_TO_UPAR,ppgs:bmi,0.0032757764087587267,0.005675899961970924,0.5771377985353414,0.5638509551577373
bmi,alt_log_adj,REACTOME_ATTENUATION_PHASE,ppgs,0.005621404566816251,0.005805585612419972,0.9682751994545219,0.3329152080230622
bmi,alt_log_adj,REACTOME_ATTENUATION_PHASE,bmi,0.2885891069829403,0.005762330304012717,50.08201400429534,0
bmi,alt_log_adj,REACTOME_ATTENUATION_PHASE,ppgs:bmi,-0.008766764841007345,0.0058262063498794245,-1.504712383073898,0.13240917902599056
bmi,alt_log_adj,REACTOME_AUF1_HNRNP_D0_BINDS_AND_DESTABILIZES_MRNA,ppgs,-0.0076519635937135335,0.006047460355817047,-1.2653185210801947,0.2057675700305726
bmi,alt_log_adj,REACTOME_AUF1_HNRNP_D0_BINDS_AND_DESTABILIZES_MRNA,bmi,0.28848191616618357,0.005761557438549695,50.07012760751032,0
bmi,alt_log_adj,REACTOME_AUF1_HNRNP_D0_BINDS_AND_DESTABILIZES_MRNA,ppgs:bmi,-0.004812555197176222,0.0060149634333392385,-0.8000971660944091,0.4236612075814802
bmi,alt_log_adj,REACTOME_AURKA_ACTIVATION_BY_TPX2,ppgs,0.00836116537530122,0.005885603829693159,1.4206130105323655,0.1554402925808182
bmi,alt_log_adj,REACTOME_AURKA_ACTIVATION_BY_TPX2,bmi,0.288563865740485,0.005761575536168945,50.08419379889972,0
bmi,alt_log_adj,REACTOME_AURKA_ACTIVATION_BY_TPX2,ppgs:bmi,-0.010048937420948688,0.005946308973863837,-1.6899453871498062,0.0910493985003764
bmi,alt_log_adj,REACTOME_AUTOPHAGY,ppgs,0.014798090229149345,0.0062986826809677725,2.3493944652686753,0.01881079699056094
bmi,alt_log_adj,REACTOME_AUTOPHAGY,bmi,0.28840487349001886,0.005761077492886187,50.060925902514406,0
bmi,alt_log_adj,REACTOME_AUTOPHAGY,ppgs:bmi,-1.617814094396384e-4,0.006320683800861968,-0.025595554933087437,0.9795801117212566
bmi,alt_log_adj,REACTOME_AZATHIOPRINE_ADME,ppgs,0.002182328463895792,0.005836911283171407,0.373884124329204,0.7084933244073336
bmi,alt_log_adj,REACTOME_AZATHIOPRINE_ADME,bmi,0.2883898536218611,0.005761742474517728,50.052541379159784,0
bmi,alt_log_adj,REACTOME_AZATHIOPRINE_ADME,ppgs:bmi,0.00323351501790292,0.00584034067046348,0.5536517816941513,0.5798215472579156
bmi,alt_log_adj,REACTOME_A_TETRASACCHARIDE_LINKER_SEQUENCE_IS_REQUIRED_FOR_GAG_SYNTHESIS,ppgs,0.0031687281599446023,0.005865253833248278,0.5402542242898474,0.5890259664254298
bmi,alt_log_adj,REACTOME_A_TETRASACCHARIDE_LINKER_SEQUENCE_IS_REQUIRED_FOR_GAG_SYNTHESIS,bmi,0.288395775935974,0.005761163310278414,50.058601085209816,0
bmi,alt_log_adj,REACTOME_A_TETRASACCHARIDE_LINKER_SEQUENCE_IS_REQUIRED_FOR_GAG_SYNTHESIS,ppgs:bmi,-0.011933604400284398,0.005881885997069806,-2.0288738010613248,0.04248047260848207
bmi,alt_log_adj,REACTOME_BACTERIAL_INFECTION_PATHWAYS,ppgs,0.0030278170200206365,0.0059067655496678455,0.512601523551396,0.6082340811633631
bmi,alt_log_adj,REACTOME_BACTERIAL_INFECTION_PATHWAYS,bmi,0.28847003898928497,0.005761597790223283,50.067715500513216,0
bmi,alt_log_adj,REACTOME_BACTERIAL_INFECTION_PATHWAYS,ppgs:bmi,0.008046593632968248,0.005961691659243892,1.3497165054639508,0.17711771361429107
bmi,alt_log_adj,REACTOME_BASE_EXCISION_REPAIR,ppgs,0.0054202691911071675,0.005738392517571019,0.9445622924033595,0.3448904358666073
bmi,alt_log_adj,REACTOME_BASE_EXCISION_REPAIR,bmi,0.2883928736335021,0.005761598342443219,50.05431765505688,0
bmi,alt_log_adj,REACTOME_BASE_EXCISION_REPAIR,ppgs:bmi,-0.0011566655792015544,0.005667553446329796,-0.20408551770263234,0.8382881363936794
bmi,alt_log_adj,REACTOME_BASE_EXCISION_REPAIR_AP_SITE_FORMATION,ppgs,-0.0112352665753743,0.005735745524756913,-1.958815384483164,0.05014420036803087
bmi,alt_log_adj,REACTOME_BASE_EXCISION_REPAIR_AP_SITE_FORMATION,bmi,0.2883469402782686,0.005761822326634331,50.04439983256157,0
bmi,alt_log_adj,REACTOME_BASE_EXCISION_REPAIR_AP_SITE_FORMATION,ppgs:bmi,0.0021418233998639555,0.005780679997700363,0.37051409189161194,0.7110022470331018
bmi,alt_log_adj,REACTOME_BASIGIN_INTERACTIONS,ppgs,0.003357654595254763,0.005777439728339327,0.5811665293165924,0.5611328439658521
bmi,alt_log_adj,REACTOME_BASIGIN_INTERACTIONS,bmi,0.2884140852855634,0.005761586728158715,50.058100119536796,0
bmi,alt_log_adj,REACTOME_BASIGIN_INTERACTIONS,ppgs:bmi,0.0023841558260395634,0.00582112370846005,0.40956968885141254,0.6821247304714878
bmi,alt_log_adj,REACTOME_BBSOME_MEDIATED_CARGO_TARGETING_TO_CILIUM,ppgs,0.010212626140443744,0.0057259773527731945,1.7835603445929775,0.07450582894755407
bmi,alt_log_adj,REACTOME_BBSOME_MEDIATED_CARGO_TARGETING_TO_CILIUM,bmi,0.28829273084379947,0.005761866292206661,50.03460966002216,0
bmi,alt_log_adj,REACTOME_BBSOME_MEDIATED_CARGO_TARGETING_TO_CILIUM,ppgs:bmi,0.0042325465117012346,0.005811429653623497,0.7283141608815983,0.4664273117232359
bmi,alt_log_adj,REACTOME_BETA_CATENIN_INDEPENDENT_WNT_SIGNALING,ppgs,0.0029078661719504663,0.006405831625474467,0.4539404626850595,0.6498751546278124
bmi,alt_log_adj,REACTOME_BETA_CATENIN_INDEPENDENT_WNT_SIGNALING,bmi,0.2883924483740575,0.005761520359413883,50.05492133735955,0
bmi,alt_log_adj,REACTOME_BETA_CATENIN_INDEPENDENT_WNT_SIGNALING,ppgs:bmi,0.006540039775935234,0.0063946969850889445,1.0227286439349976,0.30644489161050903
bmi,alt_log_adj,REACTOME_BETA_CATENIN_PHOSPHORYLATION_CASCADE,ppgs,0.007911726544303254,0.005970642586377578,1.325104698505047,0.1851471081639193
bmi,alt_log_adj,REACTOME_BETA_CATENIN_PHOSPHORYLATION_CASCADE,bmi,0.288384764970497,0.0057613338355721605,50.05520825575582,0
bmi,alt_log_adj,REACTOME_BETA_CATENIN_PHOSPHORYLATION_CASCADE,ppgs:bmi,0.007886963330170629,0.005892868687469188,1.3383911552181293,0.18077969478246245
bmi,alt_log_adj,REACTOME_BETA_DEFENSINS,ppgs,0.006229731922720429,0.006011938189157565,1.0362268750459962,0.3001051506149605
bmi,alt_log_adj,REACTOME_BETA_DEFENSINS,bmi,0.2884078120682715,0.005761684958367457,50.05615790384872,0
bmi,alt_log_adj,REACTOME_BETA_DEFENSINS,ppgs:bmi,-0.0050298014362898285,0.005898488612583467,-0.8527271588792363,0.3938178305871556
bmi,alt_log_adj,REACTOME_BETA_OXIDATION_OF_BUTANOYL_COA_TO_ACETYL_COA,ppgs,2.3722225785608087e-4,0.005697714968779846,0.041634630576629486,0.9667902591741288
bmi,alt_log_adj,REACTOME_BETA_OXIDATION_OF_BUTANOYL_COA_TO_ACETYL_COA,bmi,0.28846412579266334,0.005762660576912126,50.05745556980808,0
bmi,alt_log_adj,REACTOME_BETA_OXIDATION_OF_BUTANOYL_COA_TO_ACETYL_COA,ppgs:bmi,-0.003200395267618281,0.005703411801944758,-0.561136978839053,0.5747085964287517
bmi,alt_log_adj,REACTOME_BETA_OXIDATION_OF_DECANOYL_COA_TO_OCTANOYL_COA_COA,ppgs,-8.457719462377086e-4,0.005683402924855502,-0.14881435601527618,0.8817011808509739
bmi,alt_log_adj,REACTOME_BETA_OXIDATION_OF_DECANOYL_COA_TO_OCTANOYL_COA_COA,bmi,0.28839387728600974,0.005761635901632495,50.05416555466418,0
bmi,alt_log_adj,REACTOME_BETA_OXIDATION_OF_DECANOYL_COA_TO_OCTANOYL_COA_COA,ppgs:bmi,0.004152823467605494,0.005690607518457798,0.7297680351589146,0.4655380161752477
bmi,alt_log_adj,REACTOME_BETA_OXIDATION_OF_HEXANOYL_COA_TO_BUTANOYL_COA,ppgs,0.009370788465266844,0.005745998814231211,1.6308371735229141,0.10293579026467964
bmi,alt_log_adj,REACTOME_BETA_OXIDATION_OF_HEXANOYL_COA_TO_BUTANOYL_COA,bmi,0.28837885145772535,0.0057610042756355145,50.05704520604845,0
bmi,alt_log_adj,REACTOME_BETA_OXIDATION_OF_HEXANOYL_COA_TO_BUTANOYL_COA,ppgs:bmi,0.010441986101725607,0.005677935703991835,1.8390462037786794,0.06591884307649165
bmi,alt_log_adj,REACTOME_BETA_OXIDATION_OF_LAUROYL_COA_TO_DECANOYL_COA_COA,ppgs,-0.004890416929445172,0.0056764930922342674,-0.8615208104693216,0.3889585516307097
bmi,alt_log_adj,REACTOME_BETA_OXIDATION_OF_LAUROYL_COA_TO_DECANOYL_COA_COA,bmi,0.28842020886467995,0.0057615522383902395,50.05946261198244,0
bmi,alt_log_adj,REACTOME_BETA_OXIDATION_OF_LAUROYL_COA_TO_DECANOYL_COA_COA,ppgs:bmi,0.0029884495740673234,0.005691850029660782,0.5250401114741645,0.5995594131312597
bmi,alt_log_adj,REACTOME_BETA_OXIDATION_OF_OCTANOYL_COA_TO_HEXANOYL_COA,ppgs,-8.457719462377086e-4,0.005683402924855502,-0.14881435601527618,0.8817011808509739
bmi,alt_log_adj,REACTOME_BETA_OXIDATION_OF_OCTANOYL_COA_TO_HEXANOYL_COA,bmi,0.28839387728600974,0.005761635901632495,50.05416555466418,0
bmi,alt_log_adj,REACTOME_BETA_OXIDATION_OF_OCTANOYL_COA_TO_HEXANOYL_COA,ppgs:bmi,0.004152823467605494,0.005690607518457798,0.7297680351589146,0.4655380161752477
bmi,alt_log_adj,REACTOME_BETA_OXIDATION_OF_PRISTANOYL_COA,ppgs,0.005224076939938845,0.005721406790639536,0.9130756003026487,0.3612105472125674
bmi,alt_log_adj,REACTOME_BETA_OXIDATION_OF_PRISTANOYL_COA,bmi,0.28836276999435967,0.005761615862730563,50.04894058620873,0
bmi,alt_log_adj,REACTOME_BETA_OXIDATION_OF_PRISTANOYL_COA,ppgs:bmi,0.005537057205764542,0.005709328461766947,0.9698263539826031,0.3321413285656213
bmi,alt_log_adj,REACTOME_BETA_OXIDATION_OF_VERY_LONG_CHAIN_FATTY_ACIDS,ppgs,0.0017587271765663714,0.005692358087988614,0.30896284973312615,0.757352057289318
bmi,alt_log_adj,REACTOME_BETA_OXIDATION_OF_VERY_LONG_CHAIN_FATTY_ACIDS,bmi,0.28842713907691564,0.005762543783091651,50.052051651774555,0
bmi,alt_log_adj,REACTOME_BETA_OXIDATION_OF_VERY_LONG_CHAIN_FATTY_ACIDS,ppgs:bmi,-5.737513863007351e-4,0.0056664510250813436,-0.10125409780498344,0.9193494695956366
bmi,alt_log_adj,REACTOME_BH3_ONLY_PROTEINS_ASSOCIATE_WITH_AND_INACTIVATE_ANTI_APOPTOTIC_BCL_2_MEMBERS,ppgs,0.02516146569195708,0.005707115537169793,4.408788560190051,1.0433232709084224e-5
bmi,alt_log_adj,REACTOME_BH3_ONLY_PROTEINS_ASSOCIATE_WITH_AND_INACTIVATE_ANTI_APOPTOTIC_BCL_2_MEMBERS,bmi,0.288586320146603,0.005759976939752535,50.10199227620545,0
bmi,alt_log_adj,REACTOME_BH3_ONLY_PROTEINS_ASSOCIATE_WITH_AND_INACTIVATE_ANTI_APOPTOTIC_BCL_2_MEMBERS,ppgs:bmi,-0.0027216735167524407,0.005710454656665728,-0.4766124031079508,0.633641823293789
bmi,alt_log_adj,REACTOME_BICARBONATE_TRANSPORTERS,ppgs,-0.0016543922738384183,0.005682189737967947,-0.2911540005051043,0.7709356716346243
bmi,alt_log_adj,REACTOME_BICARBONATE_TRANSPORTERS,bmi,0.2884168729827448,0.005761578640918343,50.05865422619204,0
bmi,alt_log_adj,REACTOME_BICARBONATE_TRANSPORTERS,ppgs:bmi,0.007088655018852207,0.005755316923055593,1.2316706644694595,0.21808234925738337
bmi,alt_log_adj,REACTOME_BILE_ACID_AND_BILE_SALT_METABOLISM,ppgs,0.01046804970316607,0.00570066635771947,1.8362852772449874,0.06632594171245099
bmi,alt_log_adj,REACTOME_BILE_ACID_AND_BILE_SALT_METABOLISM,bmi,0.2884753496757859,0.005761298186628705,50.07124094796954,0
bmi,alt_log_adj,REACTOME_BILE_ACID_AND_BILE_SALT_METABOLISM,ppgs:bmi,-0.004261281507992076,0.005689282707142347,-0.749001539797354,0.45386249206016693
bmi,alt_log_adj,REACTOME_BINDING_AND_UPTAKE_OF_LIGANDS_BY_SCAVENGER_RECEPTORS,ppgs,0.01821273898206519,0.006147499003991525,2.9626257719179447,0.003052803325004653
bmi,alt_log_adj,REACTOME_BINDING_AND_UPTAKE_OF_LIGANDS_BY_SCAVENGER_RECEPTORS,bmi,0.2885156552053302,0.005760457633715805,50.08554416174433,0
bmi,alt_log_adj,REACTOME_BINDING_AND_UPTAKE_OF_LIGANDS_BY_SCAVENGER_RECEPTORS,ppgs:bmi,0.010971818419900851,0.006137517325549183,1.7876639425892122,0.07384092084414828
bmi,alt_log_adj,REACTOME_BINDING_OF_TCF_LEF_CTNNB1_TO_TARGET_GENE_PROMOTERS,ppgs,0.012593599518454677,0.005684796932431307,2.2153121154793074,0.026746565600846296
bmi,alt_log_adj,REACTOME_BINDING_OF_TCF_LEF_CTNNB1_TO_TARGET_GENE_PROMOTERS,bmi,0.2882842727157266,0.005761189795520564,50.039016756551426,0
bmi,alt_log_adj,REACTOME_BINDING_OF_TCF_LEF_CTNNB1_TO_TARGET_GENE_PROMOTERS,ppgs:bmi,0.009077243083478665,0.005664035169407685,1.6026106498254522,0.10903178243024417
bmi,alt_log_adj,REACTOME_BIOLOGICAL_OXIDATIONS,ppgs,0.014710393836825562,0.006253390753387534,2.3523867957326625,0.018660165290549178
bmi,alt_log_adj,REACTOME_BIOLOGICAL_OXIDATIONS,bmi,0.2885123200174572,0.0057611363865317355,50.07906438249497,0
bmi,alt_log_adj,REACTOME_BIOLOGICAL_OXIDATIONS,ppgs:bmi,0.007642111405689254,0.00618084887716677,1.236417773280409,0.21631355676565908
bmi,alt_log_adj,REACTOME_BIOSYNTHESIS_OF_EPA_DERIVED_SPMS,ppgs,0.006305556472355731,0.005688871807626551,1.1084019267058272,0.2676976768538133
bmi,alt_log_adj,REACTOME_BIOSYNTHESIS_OF_EPA_DERIVED_SPMS,bmi,0.2884583327293374,0.005761513133764302,50.066419364538056,0
bmi,alt_log_adj,REACTOME_BIOSYNTHESIS_OF_EPA_DERIVED_SPMS,ppgs:bmi,-0.008724180062486198,0.005643888514272256,-1.5457746977858449,0.12217015250324186
bmi,alt_log_adj,REACTOME_BIOSYNTHESIS_OF_LIPOXINS_LX,ppgs,0.010856115838880503,0.005684652889774281,1.9097236101097395,0.05617889177887993
bmi,alt_log_adj,REACTOME_BIOSYNTHESIS_OF_LIPOXINS_LX,bmi,0.2885010410993519,0.0057612831591389024,50.075830874883096,0
bmi,alt_log_adj,REACTOME_BIOSYNTHESIS_OF_LIPOXINS_LX,ppgs:bmi,-0.005480935639080489,0.005615944777106317,-0.9759596749283933,0.329092776033059
bmi,alt_log_adj,REACTOME_BIOSYNTHESIS_OF_MARESINS,ppgs,0.0030734638318986335,0.005879283709060696,0.5227616124668468,0.6011442418445856
bmi,alt_log_adj,REACTOME_BIOSYNTHESIS_OF_MARESINS,bmi,0.28845712228696746,0.005761420441538032,50.067014760332754,0
bmi,alt_log_adj,REACTOME_BIOSYNTHESIS_OF_MARESINS,ppgs:bmi,-0.009254689023661004,0.005740320881266126,-1.6122250332493127,0.10692411169451098
bmi,alt_log_adj,REACTOME_BIOSYNTHESIS_OF_MARESIN_LIKE_SPMS,ppgs,-0.0032032392104171196,0.00587565666555207,-0.5451712706763725,0.5856400176781499
bmi,alt_log_adj,REACTOME_BIOSYNTHESIS_OF_MARESIN_LIKE_SPMS,bmi,0.28840887319102804,0.005761378952441655,50.05900073085823,0
bmi,alt_log_adj,REACTOME_BIOSYNTHESIS_OF_MARESIN_LIKE_SPMS,ppgs:bmi,-0.008422390111581482,0.005743790460866082,-1.4663470349354468,0.14256486007226904
bmi,alt_log_adj,REACTOME_BIOSYNTHESIS_OF_SPECIALIZED_PRORESOLVING_MEDIATORS_SPMS,ppgs,0.0023725978131584635,0.0057740360018689535,0.4109080394355864,0.6811430731258024
bmi,alt_log_adj,REACTOME_BIOSYNTHESIS_OF_SPECIALIZED_PRORESOLVING_MEDIATORS_SPMS,bmi,0.28854844988097605,0.005761679943793304,50.08061063714779,0
bmi,alt_log_adj,REACTOME_BIOSYNTHESIS_OF_SPECIALIZED_PRORESOLVING_MEDIATORS_SPMS,ppgs:bmi,-0.011989302877110758,0.005657204637816563,-2.119298071165075,0.03407395311991542
bmi,alt_log_adj,REACTOME_BIOSYNTHESIS_OF_THE_N_GLYCAN_PRECURSOR_DOLICHOL_LIPID_LINKED_OLIGOSACCHARIDE_LLO_AND_TRANSFER_TO_A_NASCENT_PROTEIN,ppgs,0.0017558366410991724,0.006135835067083427,0.28616099062352757,0.7747569109705041
bmi,alt_log_adj,REACTOME_BIOSYNTHESIS_OF_THE_N_GLYCAN_PRECURSOR_DOLICHOL_LIPID_LINKED_OLIGOSACCHARIDE_LLO_AND_TRANSFER_TO_A_NASCENT_PROTEIN,bmi,0.2886194495252155,0.005762688249085838,50.08416854252016,0
bmi,alt_log_adj,REACTOME_BIOSYNTHESIS_OF_THE_N_GLYCAN_PRECURSOR_DOLICHOL_LIPID_LINKED_OLIGOSACCHARIDE_LLO_AND_TRANSFER_TO_A_NASCENT_PROTEIN,ppgs:bmi,-0.010173901368662109,0.006004576149124526,-1.6943579556644435,0.0902082680774457
bmi,alt_log_adj,REACTOME_BIOTIN_TRANSPORT_AND_METABOLISM,ppgs,0.014521530694017357,0.0057088566177633466,2.543684605571106,0.010974270221955552
bmi,alt_log_adj,REACTOME_BIOTIN_TRANSPORT_AND_METABOLISM,bmi,0.2883385538090532,0.005761018516466365,50.04992658588284,0
bmi,alt_log_adj,REACTOME_BIOTIN_TRANSPORT_AND_METABOLISM,ppgs:bmi,5.856181372166004e-4,0.005660877486692034,0.10345006380959672,0.9176065118664873
bmi,alt_log_adj,REACTOME_BLOOD_GROUP_SYSTEMS_BIOSYNTHESIS,ppgs,0.0059116333646556584,0.0060155273911670845,0.9827290244469705,0.3257492088093975
bmi,alt_log_adj,REACTOME_BLOOD_GROUP_SYSTEMS_BIOSYNTHESIS,bmi,0.2885848524991523,0.005761609228945463,50.087543433064695,0
bmi,alt_log_adj,REACTOME_BLOOD_GROUP_SYSTEMS_BIOSYNTHESIS,ppgs:bmi,-0.015295072331284545,0.005966024972145378,-2.5636956604599073,0.01036153959968567
bmi,alt_log_adj,REACTOME_BMAL1_CLOCK_NPAS2_ACTIVATES_CIRCADIAN_EXPRESSION,ppgs,0.011175288978778545,0.005896153732161563,1.8953523748577061,0.05805589657946941
bmi,alt_log_adj,REACTOME_BMAL1_CLOCK_NPAS2_ACTIVATES_CIRCADIAN_EXPRESSION,bmi,0.28850190696787287,0.005762397699074033,50.066295669636375,0
bmi,alt_log_adj,REACTOME_BMAL1_CLOCK_NPAS2_ACTIVATES_CIRCADIAN_EXPRESSION,ppgs:bmi,1.8402094221306578e-4,0.005932821358789557,0.03101744196973607,0.9752558480433493
bmi,alt_log_adj,REACTOME_BRANCHED_CHAIN_AMINO_ACID_CATABOLISM,ppgs,0.002417175816389708,0.0057112458011117735,0.42323092028698384,0.6721300000161899
bmi,alt_log_adj,REACTOME_BRANCHED_CHAIN_AMINO_ACID_CATABOLISM,bmi,0.2884039583345548,0.0057616176710867896,50.05607362353052,0
bmi,alt_log_adj,REACTOME_BRANCHED_CHAIN_AMINO_ACID_CATABOLISM,ppgs:bmi,0.0017844096700522036,0.005754401239850169,0.31009475976316614,0.7564911766129392
bmi,alt_log_adj,REACTOME_BRANCHED_CHAIN_KETOACID_DEHYDROGENASE_KINASE_DEFICIENCY,ppgs,-0.002531279676041144,0.005761089330074601,-0.4393751825418,0.6603930550062067
bmi,alt_log_adj,REACTOME_BRANCHED_CHAIN_KETOACID_DEHYDROGENASE_KINASE_DEFICIENCY,bmi,0.28841844272682715,0.005761580203898295,50.05891309673738,0
bmi,alt_log_adj,REACTOME_BRANCHED_CHAIN_KETOACID_DEHYDROGENASE_KINASE_DEFICIENCY,ppgs:bmi,0.0013304091205230523,0.005773455737490181,0.23043549323223939,0.8177550463511648
bmi,alt_log_adj,REACTOME_BUDDING_AND_MATURATION_OF_HIV_VIRION,ppgs,0.018967505568221736,0.005943825288814577,3.1911277075919187,0.0014187305368067848
bmi,alt_log_adj,REACTOME_BUDDING_AND_MATURATION_OF_HIV_VIRION,bmi,0.2883131558780663,0.005761965636363742,50.03729179822301,0
bmi,alt_log_adj,REACTOME_BUDDING_AND_MATURATION_OF_HIV_VIRION,ppgs:bmi,-0.008826586337733722,0.006077536296213642,-1.452329678924791,0.14642102662342002
bmi,alt_log_adj,REACTOME_BUTYRATE_RESPONSE_FACTOR_1_BRF1_BINDS_AND_DESTABILIZES_MRNA,ppgs,0.00915952064311939,0.005940126241342907,1.5419740710844998,0.12309105661574347
bmi,alt_log_adj,REACTOME_BUTYRATE_RESPONSE_FACTOR_1_BRF1_BINDS_AND_DESTABILIZES_MRNA,bmi,0.2884747402224685,0.0057622474649388555,50.062886395929816,0
bmi,alt_log_adj,REACTOME_BUTYRATE_RESPONSE_FACTOR_1_BRF1_BINDS_AND_DESTABILIZES_MRNA,ppgs:bmi,-0.001839250666106442,0.005928529688160751,-0.31023723635548595,0.7563828366096006
bmi,alt_log_adj,REACTOME_BUTYROPHILIN_BTN_FAMILY_INTERACTIONS,ppgs,-0.01034937539458103,0.0057776695204507424,-1.7912716118407597,0.0732603831620326
bmi,alt_log_adj,REACTOME_BUTYROPHILIN_BTN_FAMILY_INTERACTIONS,bmi,0.28838684893146616,0.005761301164304685,50.05585382660181,0
bmi,alt_log_adj,REACTOME_BUTYROPHILIN_BTN_FAMILY_INTERACTIONS,ppgs:bmi,-0.0015681864329185186,0.005760106386680141,-0.2722495606235406,0.785432119392389
bmi,alt_log_adj,REACTOME_B_WICH_COMPLEX_POSITIVELY_REGULATES_RRNA_EXPRESSION,ppgs,0.010337025347934112,0.005721385880087198,1.80673451582968,0.07081428236699765
bmi,alt_log_adj,REACTOME_B_WICH_COMPLEX_POSITIVELY_REGULATES_RRNA_EXPRESSION,bmi,0.2884776125935561,0.005761386073299466,50.07086991279322,0
bmi,alt_log_adj,REACTOME_B_WICH_COMPLEX_POSITIVELY_REGULATES_RRNA_EXPRESSION,ppgs:bmi,-0.0011538360116060114,0.005775656098408171,-0.199775747022753,0.8416574029698577
bmi,alt_log_adj,REACTOME_CA2_ACTIVATED_K_CHANNELS,ppgs,-0.010443755131749076,0.005824762549288267,-1.7929924255925607,0.07298479201881429
bmi,alt_log_adj,REACTOME_CA2_ACTIVATED_K_CHANNELS,bmi,0.2884752253088667,0.005761269447885089,50.07146912990911,0
bmi,alt_log_adj,REACTOME_CA2_ACTIVATED_K_CHANNELS,ppgs:bmi,0.01296883147464818,0.00580185846486909,2.235289184177091,0.025406125512665134
bmi,alt_log_adj,REACTOME_CA2_PATHWAY,ppgs,0.008874147135656915,0.0063831123270697634,1.3902539515125043,0.16446269074668707
bmi,alt_log_adj,REACTOME_CA2_PATHWAY,bmi,0.28833367507550434,0.00576138760310129,50.04587348372423,0
bmi,alt_log_adj,REACTOME_CA2_PATHWAY,ppgs:bmi,0.00929525770330011,0.006337070617631718,1.4668067099390985,0.14243973690831718
bmi,alt_log_adj,REACTOME_CALCINEURIN_ACTIVATES_NFAT,ppgs,-0.005119349752860842,0.0059113963035034986,-0.866013626903472,0.3864900181697457
bmi,alt_log_adj,REACTOME_CALCINEURIN_ACTIVATES_NFAT,bmi,0.2884446484868059,0.005761729746413052,50.06216209053822,0
bmi,alt_log_adj,REACTOME_CALCINEURIN_ACTIVATES_NFAT,ppgs:bmi,0.0015954450384668545,0.005776282602866924,0.2762061949107186,0.7823917129016259
bmi,alt_log_adj,REACTOME_CALCITONIN_LIKE_LIGAND_RECEPTORS,ppgs,0.001573074175917701,0.005690727163037912,0.276427621787079,0.7822216590059823
bmi,alt_log_adj,REACTOME_CALCITONIN_LIKE_LIGAND_RECEPTORS,bmi,0.28840050139446066,0.005761733418075311,50.054468068534824,0
bmi,alt_log_adj,REACTOME_CALCITONIN_LIKE_LIGAND_RECEPTORS,ppgs:bmi,-0.003489052913438978,0.00575615561745345,-0.6061429094897457,0.5444247127772786
bmi,alt_log_adj,REACTOME_CALNEXIN_CALRETICULIN_CYCLE,ppgs,0.015131328460165145,0.005916087555980495,2.557657965164678,0.010543123265281949
bmi,alt_log_adj,REACTOME_CALNEXIN_CALRETICULIN_CYCLE,bmi,0.28843937025555233,0.005760941927075248,50.06809197293698,0
bmi,alt_log_adj,REACTOME_CALNEXIN_CALRETICULIN_CYCLE,ppgs:bmi,6.684996079832842e-4,0.005914529445820607,0.11302667678079903,0.9100102060579226
bmi,alt_log_adj,REACTOME_CAMK_IV_MEDIATED_PHOSPHORYLATION_OF_CREB,ppgs,-0.003188396386347757,0.005785736151892557,-0.5510787741858586,0.5815840183034406
bmi,alt_log_adj,REACTOME_CAMK_IV_MEDIATED_PHOSPHORYLATION_OF_CREB,bmi,0.28841988074571806,0.00576208642117383,50.05476483064658,0
bmi,alt_log_adj,REACTOME_CAMK_IV_MEDIATED_PHOSPHORYLATION_OF_CREB,ppgs:bmi,-4.7744204178429376e-4,0.005832813670251388,-0.08185449917924714,0.9347629952444001
bmi,alt_log_adj,REACTOME_CARBOXYTERMINAL_POST_TRANSLATIONAL_MODIFICATIONS_OF_TUBULIN,ppgs,-0.002863691805030875,0.005812576430863728,-0.4926716816703158,0.6222484057315756
bmi,alt_log_adj,REACTOME_CARBOXYTERMINAL_POST_TRANSLATIONAL_MODIFICATIONS_OF_TUBULIN,bmi,0.288426695617668,0.005761293631887214,50.06283554466025,0
bmi,alt_log_adj,REACTOME_CARBOXYTERMINAL_POST_TRANSLATIONAL_MODIFICATIONS_OF_TUBULIN,ppgs:bmi,-0.010095485955299188,0.005832751977794691,-1.7308272310793844,0.08349346502164223
bmi,alt_log_adj,REACTOME_CARDIAC_CONDUCTION,ppgs,0.010151629491755592,0.006814052040539606,1.489808036592524,0.13628584273154537
bmi,alt_log_adj,REACTOME_CARDIAC_CONDUCTION,bmi,0.28824957869862644,0.005762025162827949,50.025741046426845,0
bmi,alt_log_adj,REACTOME_CARDIAC_CONDUCTION,ppgs:bmi,0.006494944268203445,0.006718363796676988,0.9667449493306614,0.333679797950839
bmi,alt_log_adj,REACTOME_CARDIOGENESIS,ppgs,-0.001947519210391147,0.005739938487462443,-0.33929269706374876,0.7343917569694509
bmi,alt_log_adj,REACTOME_CARDIOGENESIS,bmi,0.28843234920795885,0.005762329129046526,50.05482032500369,0
bmi,alt_log_adj,REACTOME_CARDIOGENESIS,ppgs:bmi,0.003689467077514018,0.00587113528677047,0.628407777594149,0.5297419061254506
bmi,alt_log_adj,REACTOME_CARGO_CONCENTRATION_IN_THE_ER,ppgs,-0.0069989527164100234,0.00582362259356401,-1.2018211352062773,0.22944287464209673
bmi,alt_log_adj,REACTOME_CARGO_CONCENTRATION_IN_THE_ER,bmi,0.2884350182623419,0.005761751794778055,50.0602991131541,0
bmi,alt_log_adj,REACTOME_CARGO_CONCENTRATION_IN_THE_ER,ppgs:bmi,0.002144084640679107,0.005914277098340011,0.36252691665070913,0.7169610155645104
bmi,alt_log_adj,REACTOME_CARGO_RECOGNITION_FOR_CLATHRIN_MEDIATED_ENDOCYTOSIS,ppgs,-0.0010271527007574663,0.006248740578219608,-0.164377555428957,0.8694351033572318
bmi,alt_log_adj,REACTOME_CARGO_RECOGNITION_FOR_CLATHRIN_MEDIATED_ENDOCYTOSIS,bmi,0.28842188322081747,0.0057617556851345805,50.05798561798627,0
bmi,alt_log_adj,REACTOME_CARGO_RECOGNITION_FOR_CLATHRIN_MEDIATED_ENDOCYTOSIS,ppgs:bmi,-0.0023810447325188417,0.006241669833524316,-0.38147559804110964,0.7028532337922867
bmi,alt_log_adj,REACTOME_CARGO_TRAFFICKING_TO_THE_PERICILIARY_MEMBRANE,ppgs,0.010212626140443744,0.0057259773527731945,1.7835603445929775,0.07450582894755407
bmi,alt_log_adj,REACTOME_CARGO_TRAFFICKING_TO_THE_PERICILIARY_MEMBRANE,bmi,0.28829273084379947,0.005761866292206661,50.03460966002216,0
bmi,alt_log_adj,REACTOME_CARGO_TRAFFICKING_TO_THE_PERICILIARY_MEMBRANE,ppgs:bmi,0.0042325465117012346,0.005811429653623497,0.7283141608815983,0.4664273117232359
bmi,alt_log_adj,REACTOME_CARNITINE_SHUTTLE,ppgs,0.0016871414846391637,0.0057094100855020835,0.29550189237997204,0.7676126712163144
bmi,alt_log_adj,REACTOME_CARNITINE_SHUTTLE,bmi,0.2884293924858834,0.005761756560113269,50.059281310596234,0
bmi,alt_log_adj,REACTOME_CARNITINE_SHUTTLE,ppgs:bmi,9.615475985262841e-4,0.005792312245075177,0.1660041029976975,0.868154905100546
bmi,alt_log_adj,REACTOME_CASPASE_ACTIVATION_VIA_DEATH_RECEPTORS_IN_THE_PRESENCE_OF_LIGAND,ppgs,0.01075570337382548,0.0057379667279170155,1.8744799131538346,0.06087458322576791
bmi,alt_log_adj,REACTOME_CASPASE_ACTIVATION_VIA_DEATH_RECEPTORS_IN_THE_PRESENCE_OF_LIGAND,bmi,0.28832082870727993,0.005761461526648759,50.04300165395465,0
bmi,alt_log_adj,REACTOME_CASPASE_ACTIVATION_VIA_DEATH_RECEPTORS_IN_THE_PRESENCE_OF_LIGAND,ppgs:bmi,8.450314022081327e-4,0.005815544199521047,0.14530564521850375,0.8844705908559933
bmi,alt_log_adj,REACTOME_CASPASE_ACTIVATION_VIA_DEPENDENCE_RECEPTORS_IN_THE_ABSENCE_OF_LIGAND,ppgs,-0.0037790178767538912,0.005788809503194711,-0.652814343720991,0.5138812691809236
bmi,alt_log_adj,REACTOME_CASPASE_ACTIVATION_VIA_DEPENDENCE_RECEPTORS_IN_THE_ABSENCE_OF_LIGAND,bmi,0.28848721029608276,0.005762808741051496,50.06017434537394,0
bmi,alt_log_adj,REACTOME_CASPASE_ACTIVATION_VIA_DEPENDENCE_RECEPTORS_IN_THE_ABSENCE_OF_LIGAND,ppgs:bmi,-0.0034146968241990433,0.005928920360555151,-0.5759390608308509,0.5646609444181243
bmi,alt_log_adj,REACTOME_CASPASE_ACTIVATION_VIA_EXTRINSIC_APOPTOTIC_SIGNALLING_PATHWAY,ppgs,0.01075570337382548,0.0057379667279170155,1.8744799131538346,0.06087458322576791
bmi,alt_log_adj,REACTOME_CASPASE_ACTIVATION_VIA_EXTRINSIC_APOPTOTIC_SIGNALLING_PATHWAY,bmi,0.28832082870727993,0.005761461526648759,50.04300165395465,0
bmi,alt_log_adj,REACTOME_CASPASE_ACTIVATION_VIA_EXTRINSIC_APOPTOTIC_SIGNALLING_PATHWAY,ppgs:bmi,8.450314022081327e-4,0.005815544199521047,0.14530564521850375,0.8844705908559933
bmi,alt_log_adj,REACTOME_CASPASE_MEDIATED_CLEAVAGE_OF_CYTOSKELETAL_PROTEINS,ppgs,-5.531755988006111e-4,0.005750384557537887,-0.09619801828305227,0.9233639847043852
bmi,alt_log_adj,REACTOME_CASPASE_MEDIATED_CLEAVAGE_OF_CYTOSKELETAL_PROTEINS,bmi,0.2884524143746078,0.005762103028952267,50.060266698677474,0
bmi,alt_log_adj,REACTOME_CASPASE_MEDIATED_CLEAVAGE_OF_CYTOSKELETAL_PROTEINS,ppgs:bmi,-0.002850346989988607,0.005788921532423693,-0.4923796209749677,0.6224548162407557
bmi,alt_log_adj,REACTOME_CATION_COUPLED_CHLORIDE_COTRANSPORTERS,ppgs,0.0017465660667916993,0.00580518108035899,0.30086332236921237,0.7635209261996574
bmi,alt_log_adj,REACTOME_CATION_COUPLED_CHLORIDE_COTRANSPORTERS,bmi,0.2884211904583543,0.005761666213633208,50.05864271968661,0
bmi,alt_log_adj,REACTOME_CATION_COUPLED_CHLORIDE_COTRANSPORTERS,ppgs:bmi,-2.2042921937089427e-4,0.005801983360701113,-0.03799204611029038,0.969694291259074
bmi,alt_log_adj,REACTOME_CA_DEPENDENT_EVENTS,ppgs,0.0017006115264495889,0.006252735462339043,0.2719788061869195,0.785640296204254
bmi,alt_log_adj,REACTOME_CA_DEPENDENT_EVENTS,bmi,0.2884831938114204,0.005761625131513165,50.0697610876424,0
bmi,alt_log_adj,REACTOME_CA_DEPENDENT_EVENTS,ppgs:bmi,-0.008679932867809327,0.006321584572005461,-1.373062840327659,0.1697436723294534
bmi,alt_log_adj,REACTOME_CD163_MEDIATING_AN_ANTI_INFLAMMATORY_RESPONSE,ppgs,0.001984541750305029,0.00575294888465419,0.34496078273852415,0.7301264131712648
bmi,alt_log_adj,REACTOME_CD163_MEDIATING_AN_ANTI_INFLAMMATORY_RESPONSE,bmi,0.2885212295876371,0.005763244594827379,50.06229127366733,0
bmi,alt_log_adj,REACTOME_CD163_MEDIATING_AN_ANTI_INFLAMMATORY_RESPONSE,ppgs:bmi,-0.0050466207080904065,0.005747093543440452,-0.8781170290590549,0.37988765481708986
bmi,alt_log_adj,REACTOME_CD209_DC_SIGN_SIGNALING,ppgs,0.005671796846509626,0.005684855874566981,0.9977028392019965,0.31843199207326905
bmi,alt_log_adj,REACTOME_CD209_DC_SIGN_SIGNALING,bmi,0.2884931409963041,0.005762584436116829,50.063152079504775,0
bmi,alt_log_adj,REACTOME_CD209_DC_SIGN_SIGNALING,ppgs:bmi,-0.004045894706421806,0.005727349408537209,-0.7064166017863307,0.47993490535921246
bmi,alt_log_adj,REACTOME_CD22_MEDIATED_BCR_REGULATION,ppgs,0.010998577781845304,0.005719901558395841,1.922861376119536,0.05450746818492588
bmi,alt_log_adj,REACTOME_CD22_MEDIATED_BCR_REGULATION,bmi,0.28843907759083065,0.005761269188877052,50.06519711797241,0
bmi,alt_log_adj,REACTOME_CD22_MEDIATED_BCR_REGULATION,ppgs:bmi,0.004008813716849946,0.0056653354876341,0.7076039407728113,0.47919706214100133
bmi,alt_log_adj,REACTOME_CD28_DEPENDENT_PI3K_AKT_SIGNALING,ppgs,0.006534046104925579,0.005699049377393085,1.1465150891383302,0.2515917646708954
bmi,alt_log_adj,REACTOME_CD28_DEPENDENT_PI3K_AKT_SIGNALING,bmi,0.28835679215727456,0.005761695235833749,50.047213598507476,0
bmi,alt_log_adj,REACTOME_CD28_DEPENDENT_PI3K_AKT_SIGNALING,ppgs:bmi,2.780782699815671e-4,0.005617320801263456,0.049503718911517634,0.9605182223307445
bmi,alt_log_adj,REACTOME_CD28_DEPENDENT_VAV1_PATHWAY,ppgs,0.0015506795145770926,0.005758987235535644,0.26926253717123644,0.7877296185530192
bmi,alt_log_adj,REACTOME_CD28_DEPENDENT_VAV1_PATHWAY,bmi,0.2883544095311544,0.005761986750736073,50.04426806332349,0
bmi,alt_log_adj,REACTOME_CD28_DEPENDENT_VAV1_PATHWAY,ppgs:bmi,0.005768404789720903,0.00580341478106632,0.9939673463527651,0.3202472489789001
bmi,alt_log_adj,REACTOME_CDC42_GTPASE_CYCLE,ppgs,0.01625519564852952,0.0069903588205881256,2.325373570331531,0.020059013820581895
bmi,alt_log_adj,REACTOME_CDC42_GTPASE_CYCLE,bmi,0.2883010961184116,0.005761238533353977,50.0415135477082,0
bmi,alt_log_adj,REACTOME_CDC42_GTPASE_CYCLE,ppgs:bmi,0.009146153816866506,0.006987328576977171,1.3089628913405524,0.19055753160376912
bmi,alt_log_adj,REACTOME_CDC6_ASSOCIATION_WITH_THE_ORC_ORIGIN_COMPLEX,ppgs,-0.006144768542654822,0.005813412492906044,-1.0569985443408882,0.29052125903217124
bmi,alt_log_adj,REACTOME_CDC6_ASSOCIATION_WITH_THE_ORC_ORIGIN_COMPLEX,bmi,0.288393489557011,0.005762075670924484,50.05027806424839,0
bmi,alt_log_adj,REACTOME_CDC6_ASSOCIATION_WITH_THE_ORC_ORIGIN_COMPLEX,ppgs:bmi,0.007444621744546843,0.005868519145649155,1.268569047792268,0.2046052264706181
bmi,alt_log_adj,REACTOME_CDH11_HOMOTYPIC_AND_HETEROTYPIC_INTERACTIONS,ppgs,0.004979523794854622,0.005726064519042808,0.8696241158817782,0.3845132172707614
bmi,alt_log_adj,REACTOME_CDH11_HOMOTYPIC_AND_HETEROTYPIC_INTERACTIONS,bmi,0.28849143828155416,0.0057626239813684515,50.062513052091596,0
bmi,alt_log_adj,REACTOME_CDH11_HOMOTYPIC_AND_HETEROTYPIC_INTERACTIONS,ppgs:bmi,0.004675783974047312,0.005803065406989634,0.8057438002362436,0.42039734726720623
bmi,alt_log_adj,REACTOME_CDK_MEDIATED_PHOSPHORYLATION_AND_REMOVAL_OF_CDC6,ppgs,-0.0074998321375779565,0.005806647124424553,-1.2915942672030722,0.19650822098713877
bmi,alt_log_adj,REACTOME_CDK_MEDIATED_PHOSPHORYLATION_AND_REMOVAL_OF_CDC6,bmi,0.2883068242905934,0.005763472262412787,50.02311300616866,0
bmi,alt_log_adj,REACTOME_CDK_MEDIATED_PHOSPHORYLATION_AND_REMOVAL_OF_CDC6,ppgs:bmi,-0.0015086847130462724,0.005849120368239969,-0.2579336067758584,0.7964600200855132
bmi,alt_log_adj,REACTOME_CELLULAR_HEXOSE_TRANSPORT,ppgs,0.0026271054295929123,0.005717876714305075,0.4594547173464545,0.6459111860789818
bmi,alt_log_adj,REACTOME_CELLULAR_HEXOSE_TRANSPORT,bmi,0.2884908426974996,0.0057622881391867845,50.0653274756603,0
bmi,alt_log_adj,REACTOME_CELLULAR_HEXOSE_TRANSPORT,ppgs:bmi,-0.005240763081387891,0.005711310538997595,-0.9176112987734177,0.3588302071125018
bmi,alt_log_adj,REACTOME_CELLULAR_RESPONSES_TO_MECHANICAL_STIMULI,ppgs,0.021791659665315623,0.0068163869295403585,3.1969516828448405,0.0013904055563846915
bmi,alt_log_adj,REACTOME_CELLULAR_RESPONSES_TO_MECHANICAL_STIMULI,bmi,0.2883254439469946,0.005760550632374268,50.051715946494234,0
bmi,alt_log_adj,REACTOME_CELLULAR_RESPONSES_TO_MECHANICAL_STIMULI,ppgs:bmi,0.007569662472339058,0.006741722939279765,1.1228082999726097,0.2615284287651645
bmi,alt_log_adj,REACTOME_CELLULAR_RESPONSES_TO_STIMULI,ppgs,0.056314930754927,0.0088779398925462,6.343243076269109,2.2837041596223397e-10
bmi,alt_log_adj,REACTOME_CELLULAR_RESPONSES_TO_STIMULI,bmi,0.2883486942364879,0.005759341713072578,50.06625906255794,0
bmi,alt_log_adj,REACTOME_CELLULAR_RESPONSES_TO_STIMULI,ppgs:bmi,0.010179710375451512,0.008857312984956489,1.149300063432445,0.25044196843139216
bmi,alt_log_adj,REACTOME_CELLULAR_RESPONSE_TO_CHEMICAL_STRESS,ppgs,0.015815094362919488,0.005883514313210743,2.6880353341553946,0.007191576746411635
bmi,alt_log_adj,REACTOME_CELLULAR_RESPONSE_TO_CHEMICAL_STRESS,bmi,0.28849492906558766,0.005760956756589533,50.077607115449986,0
bmi,alt_log_adj,REACTOME_CELLULAR_RESPONSE_TO_CHEMICAL_STRESS,ppgs:bmi,5.656340635071358e-4,0.005846686673631566,0.09674437764180756,0.9229300807388134
bmi,alt_log_adj,REACTOME_CELLULAR_RESPONSE_TO_HEAT_STRESS,ppgs,0.010329318646344864,0.006169943546439,1.6741350335865648,0.09411509549382745
bmi,alt_log_adj,REACTOME_CELLULAR_RESPONSE_TO_HEAT_STRESS,bmi,0.2884374264941685,0.00576337623570916,50.04660717914721,0
bmi,alt_log_adj,REACTOME_CELLULAR_RESPONSE_TO_HEAT_STRESS,ppgs:bmi,4.208069768575582e-4,0.006116599992276431,0.06879753088135904,0.9451512687384394
bmi,alt_log_adj,REACTOME_CELLULAR_RESPONSE_TO_HYPOXIA,ppgs,0.0033015100484117548,0.006020823722047275,0.5483485650513505,0.5834569046469612
bmi,alt_log_adj,REACTOME_CELLULAR_RESPONSE_TO_HYPOXIA,bmi,0.2884062797086402,0.005761694855986045,50.055805959422486,0
bmi,alt_log_adj,REACTOME_CELLULAR_RESPONSE_TO_HYPOXIA,ppgs:bmi,-0.003090179808950799,0.0060466228827116926,-0.5110587957760919,0.6093138671013144
bmi,alt_log_adj,REACTOME_CELLULAR_RESPONSE_TO_MITOCHONDRIAL_STRESS,ppgs,-0.003719464443088777,0.005691297948878388,-0.6535353581025907,0.5134165030721636
bmi,alt_log_adj,REACTOME_CELLULAR_RESPONSE_TO_MITOCHONDRIAL_STRESS,bmi,0.2884448986310027,0.005761890053641509,50.060812675296674,0
bmi,alt_log_adj,REACTOME_CELLULAR_RESPONSE_TO_MITOCHONDRIAL_STRESS,ppgs:bmi,7.322070499887161e-4,0.005687064700588093,0.12874955509350886,0.897556735756962
bmi,alt_log_adj,REACTOME_CELLULAR_RESPONSE_TO_STARVATION,ppgs,0.021930351187264437,0.006045898042015316,3.6273107873903645,2.868909430785752e-4
bmi,alt_log_adj,REACTOME_CELLULAR_RESPONSE_TO_STARVATION,bmi,0.2883860065203002,0.005761850422879221,50.05093595890199,0
bmi,alt_log_adj,REACTOME_CELLULAR_RESPONSE_TO_STARVATION,ppgs:bmi,-0.0015110305073112958,0.006050843401795862,-0.24972229604600724,0.8028039240538808
bmi,alt_log_adj,REACTOME_CELLULAR_SENESCENCE,ppgs,0.008544674937658673,0.0061199741563717274,1.3961946111753596,0.16266683178850783
bmi,alt_log_adj,REACTOME_CELLULAR_SENESCENCE,bmi,0.28842568632605503,0.0057615753642392235,50.060212371124585,0
bmi,alt_log_adj,REACTOME_CELLULAR_SENESCENCE,ppgs:bmi,0.0022193579964784904,0.006202661768434515,0.3578073542189344,0.720490150529581
bmi,alt_log_adj,REACTOME_CELL_CELL_COMMUNICATION,ppgs,0.021760024985624373,0.006345528076006061,3.4291905614450218,6.062454273846231e-4
bmi,alt_log_adj,REACTOME_CELL_CELL_COMMUNICATION,bmi,0.2883305913476982,0.005761192630150063,50.04703190078683,0
bmi,alt_log_adj,REACTOME_CELL_CELL_COMMUNICATION,ppgs:bmi,0.005306284156710229,0.006325941095648787,0.8388133996948034,0.4015811031366918
bmi,alt_log_adj,REACTOME_CELL_CELL_JUNCTION_ORGANIZATION,ppgs,-7.814592990102318e-4,0.005830602768815439,-0.1340271889537409,0.8933820261587491
bmi,alt_log_adj,REACTOME_CELL_CELL_JUNCTION_ORGANIZATION,bmi,0.2884157533474573,0.005762396943136263,50.0513512334475,0
bmi,alt_log_adj,REACTOME_CELL_CELL_JUNCTION_ORGANIZATION,ppgs:bmi,1.6319966628592261e-4,0.005825634121855674,0.028014060421964443,0.9776511341511349
bmi,alt_log_adj,REACTOME_CELL_CYCLE,ppgs,0.025799517653247377,0.00813105685656266,3.1729599372342747,0.001510543511741018
bmi,alt_log_adj,REACTOME_CELL_CYCLE,bmi,0.28825982667117556,0.005762913045896562,50.01981192071408,0
bmi,alt_log_adj,REACTOME_CELL_CYCLE,ppgs:bmi,0.014299894021646446,0.008030889477626922,1.780611482885452,0.07498664893631453
bmi,alt_log_adj,REACTOME_CELL_CYCLE_CHECKPOINTS,ppgs,0.0015234426723767986,0.007180056337056668,0.21217698035518562,0.8319704903653016
bmi,alt_log_adj,REACTOME_CELL_CYCLE_CHECKPOINTS,bmi,0.2883029081814869,0.00576292213674896,50.02720865219382,0
bmi,alt_log_adj,REACTOME_CELL_CYCLE_CHECKPOINTS,ppgs:bmi,0.006312105802160494,0.007174081245856572,0.8798486643576952,0.3789487561899645
bmi,alt_log_adj,REACTOME_CELL_CYCLE_MITOTIC,ppgs,0.023510493149842677,0.007786060807553251,3.019561975040725,0.0025336570967616945
bmi,alt_log_adj,REACTOME_CELL_CYCLE_MITOTIC,bmi,0.2883426569491602,0.005762569817218815,50.0371650314031,0
bmi,alt_log_adj,REACTOME_CELL_CYCLE_MITOTIC,ppgs:bmi,0.011195598415179094,0.007725815718444408,1.4491153844701496,0.1473164238702993
bmi,alt_log_adj,REACTOME_CELL_DEATH_SIGNALLING_VIA_NRAGE_NRIF_AND_NADE,ppgs,0.010065940800911664,0.006275465596017988,1.604014976561878,0.10872189156772016
bmi,alt_log_adj,REACTOME_CELL_DEATH_SIGNALLING_VIA_NRAGE_NRIF_AND_NADE,bmi,0.2885095997888136,0.005761807865670862,50.0727560715393,0
bmi,alt_log_adj,REACTOME_CELL_DEATH_SIGNALLING_VIA_NRAGE_NRIF_AND_NADE,ppgs:bmi,-0.0026719006395289437,0.006314333605136467,-0.42314847561355573,0.6721901462986056
bmi,alt_log_adj,REACTOME_CELL_EXTRACELLULAR_MATRIX_INTERACTIONS,ppgs,0.03566284930766284,0.005839368826361244,6.107312342845427,1.0263925793690512e-9
bmi,alt_log_adj,REACTOME_CELL_EXTRACELLULAR_MATRIX_INTERACTIONS,bmi,0.28805144802404203,0.005758527005722318,50.02172391269535,0
bmi,alt_log_adj,REACTOME_CELL_EXTRACELLULAR_MATRIX_INTERACTIONS,ppgs:bmi,0.012136139064374175,0.005962484077921246,2.035416599150954,0.041818253754217334
bmi,alt_log_adj,REACTOME_CELL_JUNCTION_ORGANIZATION,ppgs,0.021547481477394017,0.006318789684448858,3.4100646727369988,6.50379571134294e-4
bmi,alt_log_adj,REACTOME_CELL_JUNCTION_ORGANIZATION,bmi,0.28826719063431056,0.005760596654614195,50.04120370125388,0
bmi,alt_log_adj,REACTOME_CELL_JUNCTION_ORGANIZATION,ppgs:bmi,0.009625335285008236,0.006280009960081058,1.5326942705810613,0.1253623607299534
bmi,alt_log_adj,REACTOME_CELL_SURFACE_INTERACTIONS_AT_THE_VASCULAR_WALL,ppgs,0.008344341248750779,0.005982164134038745,1.394869993832358,0.1630659759629646
bmi,alt_log_adj,REACTOME_CELL_SURFACE_INTERACTIONS_AT_THE_VASCULAR_WALL,bmi,0.2885591239771397,0.005761533322451398,50.083737753054336,0
bmi,alt_log_adj,REACTOME_CELL_SURFACE_INTERACTIONS_AT_THE_VASCULAR_WALL,ppgs:bmi,0.010944905134269685,0.005980532333810068,1.8300887819624783,0.06724715879789611
bmi,alt_log_adj,REACTOME_CGMP_EFFECTS,ppgs,-0.006195553231379506,0.006055364146782881,-1.0231512228164026,0.3062450821717486
bmi,alt_log_adj,REACTOME_CGMP_EFFECTS,bmi,0.28848630194237446,0.005760845706697658,50.07707490012713,0
bmi,alt_log_adj,REACTOME_CGMP_EFFECTS,ppgs:bmi,0.016023784459895357,0.006089300285680953,2.631465637780327,0.008506348155684452
bmi,alt_log_adj,REACTOME_CHAPERONE_MEDIATED_AUTOPHAGY,ppgs,0.006304610218736956,0.006230115069194255,1.0119572670352517,0.3115671230600596
bmi,alt_log_adj,REACTOME_CHAPERONE_MEDIATED_AUTOPHAGY,bmi,0.28836335044967826,0.005762077210732272,50.04503409162608,0
bmi,alt_log_adj,REACTOME_CHAPERONE_MEDIATED_AUTOPHAGY,ppgs:bmi,0.003071305257650643,0.00622753115544842,0.4931818373905012,0.6218879303470465
bmi,alt_log_adj,REACTOME_CHEMOKINE_RECEPTORS_BIND_CHEMOKINES,ppgs,0.002724549649979146,0.0063586132588701804,0.4284817363563409,0.668303683178189
bmi,alt_log_adj,REACTOME_CHEMOKINE_RECEPTORS_BIND_CHEMOKINES,bmi,0.28835191536798366,0.005762694543810823,50.03768864995209,0
bmi,alt_log_adj,REACTOME_CHEMOKINE_RECEPTORS_BIND_CHEMOKINES,ppgs:bmi,-0.005265097851222454,0.006307013875298649,-0.8348004230406331,0.4038371226228429
bmi,alt_log_adj,REACTOME_CHK1_CHK2_CDS1_MEDIATED_INACTIVATION_OF_CYCLIN_B_CDK1_COMPLEX,ppgs,0.012587099806192737,0.005728275927552154,2.197362690866664,0.02800261391525623
bmi,alt_log_adj,REACTOME_CHK1_CHK2_CDS1_MEDIATED_INACTIVATION_OF_CYCLIN_B_CDK1_COMPLEX,bmi,0.2885169848124484,0.0057621387458866,50.07116238192132,0
bmi,alt_log_adj,REACTOME_CHK1_CHK2_CDS1_MEDIATED_INACTIVATION_OF_CYCLIN_B_CDK1_COMPLEX,ppgs:bmi,-6.977979425186123e-4,0.00577107510912631,-0.12091298923057212,0.9037608106942732
bmi,alt_log_adj,REACTOME_CHL1_INTERACTIONS,ppgs,-0.004485184824948857,0.0058228318082846975,-0.7702755244565638,0.4411428907864464
bmi,alt_log_adj,REACTOME_CHL1_INTERACTIONS,bmi,0.28838892086154994,0.005761583106295261,50.05376396401337,0
bmi,alt_log_adj,REACTOME_CHL1_INTERACTIONS,ppgs:bmi,-0.0044902608313908575,0.005827169405519382,-0.7705732438699602,0.4409663473268297
bmi,alt_log_adj,REACTOME_CHOLESTEROL_BIOSYNTHESIS,ppgs,0.015777917862030706,0.005763740466905253,2.7374441914284184,0.006195722989352837
bmi,alt_log_adj,REACTOME_CHOLESTEROL_BIOSYNTHESIS,bmi,0.2883572566890687,0.005761118140204287,50.05230749856548,0
bmi,alt_log_adj,REACTOME_CHOLESTEROL_BIOSYNTHESIS,ppgs:bmi,0.0019335145566125298,0.005804122643216614,0.33312779130748804,0.7390402855172108
bmi,alt_log_adj,REACTOME_CHOLINE_CATABOLISM,ppgs,-0.00880444021466529,0.006039849451244801,-1.4577251114844778,0.14492740501238202
bmi,alt_log_adj,REACTOME_CHOLINE_CATABOLISM,bmi,0.288425595459163,0.005761802782851357,50.05822072174937,0
bmi,alt_log_adj,REACTOME_CHOLINE_CATABOLISM,ppgs:bmi,0.0032316498656493682,0.006037429889444484,0.535269133526405,0.5924679658415795
bmi,alt_log_adj,REACTOME_CHONDROITIN_SULFATE_BIOSYNTHESIS,ppgs,0.014657981961139495,0.005704946376503729,2.569346141711261,0.010194128090779053
bmi,alt_log_adj,REACTOME_CHONDROITIN_SULFATE_BIOSYNTHESIS,bmi,0.28854353898191226,0.005761936735764948,50.077526396791576,0
bmi,alt_log_adj,REACTOME_CHONDROITIN_SULFATE_BIOSYNTHESIS,ppgs:bmi,0.006489550391555953,0.005665425000935291,1.1454657665549555,0.25202593847984417
bmi,alt_log_adj,REACTOME_CHONDROITIN_SULFATE_DERMATAN_SULFATE_METABOLISM,ppgs,0.007281123420033002,0.005815035953790626,1.2521201034512406,0.21053643371502428
bmi,alt_log_adj,REACTOME_CHONDROITIN_SULFATE_DERMATAN_SULFATE_METABOLISM,bmi,0.2883581732103526,0.005762672187651463,50.03896869724096,0
bmi,alt_log_adj,REACTOME_CHONDROITIN_SULFATE_DERMATAN_SULFATE_METABOLISM,ppgs:bmi,-0.004114664327259951,0.005795462936107073,-0.7099802677754424,0.47772221260955205
bmi,alt_log_adj,REACTOME_CHREBP_ACTIVATES_METABOLIC_GENE_EXPRESSION,ppgs,0.003345307435808359,0.0057032423055253375,0.586562389707238,0.5575023190137987
bmi,alt_log_adj,REACTOME_CHREBP_ACTIVATES_METABOLIC_GENE_EXPRESSION,bmi,0.2885213935525615,0.005762028357325254,50.072886778796374,0
bmi,alt_log_adj,REACTOME_CHREBP_ACTIVATES_METABOLIC_GENE_EXPRESSION,ppgs:bmi,0.00678281628079892,0.005765774973309401,1.1763928200801366,0.23944781788229444
bmi,alt_log_adj,REACTOME_CHROMATIN_MODIFICATIONS_DURING_THE_MATERNAL_TO_ZYGOTIC_TRANSITION_MZT,ppgs,0.01334867963534507,0.005860460528402464,2.2777526733012334,0.022748728086092417
bmi,alt_log_adj,REACTOME_CHROMATIN_MODIFICATIONS_DURING_THE_MATERNAL_TO_ZYGOTIC_TRANSITION_MZT,bmi,0.28855310911557563,0.005762249874592573,50.07646585891559,0
bmi,alt_log_adj,REACTOME_CHROMATIN_MODIFICATIONS_DURING_THE_MATERNAL_TO_ZYGOTIC_TRANSITION_MZT,ppgs:bmi,-0.010786273159314465,0.005765638055488973,-1.870785688506023,0.06138508648199409
bmi,alt_log_adj,REACTOME_CHROMATIN_ORGANIZATION,ppgs,0.01781812645328283,0.006258322895301358,2.847108842316266,0.004414996852951793
bmi,alt_log_adj,REACTOME_CHROMATIN_ORGANIZATION,bmi,0.2882322970509444,0.005761458879449236,50.02765845974376,0
bmi,alt_log_adj,REACTOME_CHROMATIN_ORGANIZATION,ppgs:bmi,0.006204655074060337,0.006347933633625933,0.9774291024709791,0.3283651019667987
bmi,alt_log_adj,REACTOME_CHROMOSOME_MAINTENANCE,ppgs,0.0022000888455174124,0.005794671878632001,0.37967444776818093,0.7041899341671867
bmi,alt_log_adj,REACTOME_CHROMOSOME_MAINTENANCE,bmi,0.2884208758835882,0.005761625943580112,50.058937999083575,0
bmi,alt_log_adj,REACTOME_CHROMOSOME_MAINTENANCE,ppgs:bmi,-0.004468504287903601,0.005793974563382425,-0.7712329833382912,0.440575275336869
bmi,alt_log_adj,REACTOME_CHYLOMICRON_ASSEMBLY,ppgs,0.016295110934157576,0.005874153880735085,2.774035421101094,0.005540185827204775
bmi,alt_log_adj,REACTOME_CHYLOMICRON_ASSEMBLY,bmi,0.28830884973220905,0.005760601894754679,50.048389907785314,0
bmi,alt_log_adj,REACTOME_CHYLOMICRON_ASSEMBLY,ppgs:bmi,0.010793572374134976,0.005764071072876534,1.8725605978256081,0.06113937180173516
bmi,alt_log_adj,REACTOME_CHYLOMICRON_CLEARANCE,ppgs,0.01417502675566252,0.005721903358489253,2.477327187749836,0.013242833484764342
bmi,alt_log_adj,REACTOME_CHYLOMICRON_CLEARANCE,bmi,0.28824428283689163,0.005760829962532758,50.03520060678281,0
bmi,alt_log_adj,REACTOME_CHYLOMICRON_CLEARANCE,ppgs:bmi,0.011952639529392286,0.0058495063300425575,2.043358679347788,0.04102617022558561
bmi,alt_log_adj,REACTOME_CHYLOMICRON_REMODELING,ppgs,0.020726773012280694,0.005805179495507733,3.5703931339797252,3.570352512779234e-4
bmi,alt_log_adj,REACTOME_CHYLOMICRON_REMODELING,bmi,0.2883272428016768,0.00576025010521653,50.054639561668566,0
bmi,alt_log_adj,REACTOME_CHYLOMICRON_REMODELING,ppgs:bmi,0.009194802266908254,0.005786643973728891,1.5889697566762793,0.11207837274376015
bmi,alt_log_adj,REACTOME_CILIUM_ASSEMBLY,ppgs,0.014592257277964338,0.006196042031904324,2.3550933326189005,0.018524830288741884
bmi,alt_log_adj,REACTOME_CILIUM_ASSEMBLY,bmi,0.2885516843125247,0.005761223113565142,50.085143141412566,0
bmi,alt_log_adj,REACTOME_CILIUM_ASSEMBLY,ppgs:bmi,0.00547388092546934,0.0061442314208463135,0.8908975835280893,0.37299167785480825
bmi,alt_log_adj,REACTOME_CIPROFLOXACIN_ADME,ppgs,-0.004779114695892308,0.005680880584007109,-0.8412630093557213,0.40020770467489464
bmi,alt_log_adj,REACTOME_CIPROFLOXACIN_ADME,bmi,0.28839528482686383,0.005761732401632912,50.053571516985194,0
bmi,alt_log_adj,REACTOME_CIPROFLOXACIN_ADME,ppgs:bmi,0.002615524478355706,0.005737677508590236,0.4558507295747871,0.6485008135514316
bmi,alt_log_adj,REACTOME_CIRCADIAN_CLOCK,ppgs,0.005317238260065606,0.006556093481883368,0.8110375904124729,0.41735089301397
bmi,alt_log_adj,REACTOME_CIRCADIAN_CLOCK,bmi,0.28848691755657024,0.005762124807091545,50.06606542113154,0
bmi,alt_log_adj,REACTOME_CIRCADIAN_CLOCK,ppgs:bmi,0.0021390167452484715,0.006598779924632614,0.32415336921053034,0.7458243151012325
bmi,alt_log_adj,REACTOME_CITRIC_ACID_CYCLE_TCA_CYCLE,ppgs,-0.003394152367974114,0.005847715667110622,-0.5804236322678762,0.5616335859053435
bmi,alt_log_adj,REACTOME_CITRIC_ACID_CYCLE_TCA_CYCLE,bmi,0.2884008103200961,0.005761526532241111,50.05631905124879,0
bmi,alt_log_adj,REACTOME_CITRIC_ACID_CYCLE_TCA_CYCLE,ppgs:bmi,-0.004505360042248553,0.005861454384395992,-0.7686420036369214,0.4421122662511321
bmi,alt_log_adj,REACTOME_CLASS_A_1_RHODOPSIN_LIKE_RECEPTORS,ppgs,-0.009384759406337935,0.006341836994146185,-1.4798171909811797,0.13893315213067312
bmi,alt_log_adj,REACTOME_CLASS_A_1_RHODOPSIN_LIKE_RECEPTORS,bmi,0.288384395774669,0.0057614179449849015,50.05441343232126,0
bmi,alt_log_adj,REACTOME_CLASS_A_1_RHODOPSIN_LIKE_RECEPTORS,ppgs:bmi,-0.006104397110918979,0.006348706494782958,-0.961518242485341,0.3362998587401671
bmi,alt_log_adj,REACTOME_CLASS_B_2_SECRETIN_FAMILY_RECEPTORS,ppgs,0.004643152265034172,0.006051954985947124,0.767215267763186,0.44295992638746073
bmi,alt_log_adj,REACTOME_CLASS_B_2_SECRETIN_FAMILY_RECEPTORS,bmi,0.28835744965763016,0.0057629035521479955,50.03683421877697,0
bmi,alt_log_adj,REACTOME_CLASS_B_2_SECRETIN_FAMILY_RECEPTORS,ppgs:bmi,9.798713682749455e-4,0.006021842816939875,0.1627195192671747,0.8707404375003409
bmi,alt_log_adj,REACTOME_CLASS_C_3_METABOTROPIC_GLUTAMATE_PHEROMONE_RECEPTORS,ppgs,-0.006390058795003562,0.005940409399246256,-1.0756933345055915,0.2820735842858388
bmi,alt_log_adj,REACTOME_CLASS_C_3_METABOTROPIC_GLUTAMATE_PHEROMONE_RECEPTORS,bmi,0.2883597425863754,0.005761806952485704,50.04675529123272,0
bmi,alt_log_adj,REACTOME_CLASS_C_3_METABOTROPIC_GLUTAMATE_PHEROMONE_RECEPTORS,ppgs:bmi,0.0070468329109720845,0.005967443439478258,1.1808797154830175,0.2376604180404907
bmi,alt_log_adj,REACTOME_CLASS_I_MHC_MEDIATED_ANTIGEN_PROCESSING_PRESENTATION,ppgs,0.036684070689398635,0.005956840461225019,6.158310085386203,7.451224586493824e-10
bmi,alt_log_adj,REACTOME_CLASS_I_MHC_MEDIATED_ANTIGEN_PROCESSING_PRESENTATION,bmi,0.2879513547784769,0.005758396339484651,50.005476838061334,0
bmi,alt_log_adj,REACTOME_CLASS_I_MHC_MEDIATED_ANTIGEN_PROCESSING_PRESENTATION,ppgs:bmi,0.009033582163732646,0.00592338023189439,1.5250721395684512,0.12725226104757578
bmi,alt_log_adj,REACTOME_CLASS_I_PEROXISOMAL_MEMBRANE_PROTEIN_IMPORT,ppgs,0.0060978436455720614,0.005714949759327842,1.0669986443221597,0.2859815347903454
bmi,alt_log_adj,REACTOME_CLASS_I_PEROXISOMAL_MEMBRANE_PROTEIN_IMPORT,bmi,0.2884194398005271,0.005761636153377095,50.05860004392579,0
bmi,alt_log_adj,REACTOME_CLASS_I_PEROXISOMAL_MEMBRANE_PROTEIN_IMPORT,ppgs:bmi,6.494418904902625e-4,0.0056639831391520155,0.11466169205219313,0.9087140909824715
bmi,alt_log_adj,REACTOME_CLATHRIN_MEDIATED_ENDOCYTOSIS,ppgs,0.005158074638801712,0.006304245917528852,0.8181905823914277,0.4132552490408057
bmi,alt_log_adj,REACTOME_CLATHRIN_MEDIATED_ENDOCYTOSIS,bmi,0.2884230108275308,0.005761673320311485,50.05889691988615,0
bmi,alt_log_adj,REACTOME_CLATHRIN_MEDIATED_ENDOCYTOSIS,ppgs:bmi,0.0011785291803214474,0.0062614469420779,0.18821994200758096,0.8507055876511593
bmi,alt_log_adj,REACTOME_CLEC7A_DECTIN_1_INDUCES_NFAT_ACTIVATION,ppgs,-0.0010029799450719887,0.005983023799101695,-0.1676376325333318,0.8668695594532374
bmi,alt_log_adj,REACTOME_CLEC7A_DECTIN_1_INDUCES_NFAT_ACTIVATION,bmi,0.2884080514474387,0.005761706402002931,50.05601315387746,0
bmi,alt_log_adj,REACTOME_CLEC7A_DECTIN_1_INDUCES_NFAT_ACTIVATION,ppgs:bmi,0.0035295983899812223,0.005870588934264862,0.6012341231013498,0.5476888672466886
bmi,alt_log_adj,REACTOME_CLEC7A_DECTIN_1_SIGNALING,ppgs,0.0027614405095551338,0.006499806121108323,0.42484967368292254,0.6709494881726862
bmi,alt_log_adj,REACTOME_CLEC7A_DECTIN_1_SIGNALING,bmi,0.28846064634153634,0.005761843945927573,50.06394637699587,0
bmi,alt_log_adj,REACTOME_CLEC7A_DECTIN_1_SIGNALING,ppgs:bmi,0.004304233624916038,0.006526827329360602,0.6594679785006203,0.5096006592948525
bmi,alt_log_adj,REACTOME_CLEC7A_INFLAMMASOME_PATHWAY,ppgs,-0.0019778765966158643,0.0056986963467601185,-0.34707527410902445,0.7285373450806429
bmi,alt_log_adj,REACTOME_CLEC7A_INFLAMMASOME_PATHWAY,bmi,0.28843300191820953,0.005761638480087528,50.060933693609286,0
bmi,alt_log_adj,REACTOME_CLEC7A_INFLAMMASOME_PATHWAY,ppgs:bmi,-0.0035342715344552863,0.005692027137434027,-0.6209161427238978,0.5346597914599798
bmi,alt_log_adj,REACTOME_COBALAMIN_CBL_METABOLISM,ppgs,0.006443815896145308,0.005690674943052369,1.1323465073352035,0.25749836238176405
bmi,alt_log_adj,REACTOME_COBALAMIN_CBL_METABOLISM,bmi,0.2884096674731763,0.005761513826311537,50.057966737157564,0
bmi,alt_log_adj,REACTOME_COBALAMIN_CBL_METABOLISM,ppgs:bmi,0.002346642112891306,0.005687879904888668,0.4125688573126155,0.6799256421276012
bmi,alt_log_adj,REACTOME_COBALAMIN_CBL_VITAMIN_B12_TRANSPORT_AND_METABOLISM,ppgs,0.008989077854105285,0.005734663100846801,1.5674988566944632,0.1170092948433469
bmi,alt_log_adj,REACTOME_COBALAMIN_CBL_VITAMIN_B12_TRANSPORT_AND_METABOLISM,bmi,0.28834989723636667,0.005761908680813925,50.04416300392225,0
bmi,alt_log_adj,REACTOME_COBALAMIN_CBL_VITAMIN_B12_TRANSPORT_AND_METABOLISM,ppgs:bmi,0.003808538990844983,0.005673866030996182,0.6712423187362963,0.5020716429638628
bmi,alt_log_adj,REACTOME_COENZYME_A_BIOSYNTHESIS,ppgs,-0.0033232136804368373,0.0056938227673383034,-0.5836524627180033,0.5594587995861235
bmi,alt_log_adj,REACTOME_COENZYME_A_BIOSYNTHESIS,bmi,0.28835897916625275,0.005761581055534863,50.04858499547458,0
bmi,alt_log_adj,REACTOME_COENZYME_A_BIOSYNTHESIS,ppgs:bmi,-0.006825185801810588,0.005749702157433274,-1.1870503227696616,0.23521771862380317
bmi,alt_log_adj,REACTOME_COHESIN_LOADING_ONTO_CHROMATIN,ppgs,0.024054323085162563,0.005709790029248942,4.212820955226376,2.529798655110561e-5
bmi,alt_log_adj,REACTOME_COHESIN_LOADING_ONTO_CHROMATIN,bmi,0.28815981381488576,0.005761046106467995,50.01866127947932,0
bmi,alt_log_adj,REACTOME_COHESIN_LOADING_ONTO_CHROMATIN,ppgs:bmi,0.004780945654741934,0.005709397046615755,0.8373818838848911,0.4023850049229395
bmi,alt_log_adj,REACTOME_COLLAGEN_BIOSYNTHESIS_AND_MODIFYING_ENZYMES,ppgs,0.007225903013751623,0.0062521690716842715,1.1557433797619674,0.2477958793428053
bmi,alt_log_adj,REACTOME_COLLAGEN_BIOSYNTHESIS_AND_MODIFYING_ENZYMES,bmi,0.28842833105265553,0.005761486094679256,50.061447049055566,0
bmi,alt_log_adj,REACTOME_COLLAGEN_BIOSYNTHESIS_AND_MODIFYING_ENZYMES,ppgs:bmi,-0.0012142415270882429,0.006313364338817693,-0.19232875879227881,0.8474860702937705
bmi,alt_log_adj,REACTOME_COLLAGEN_CHAIN_TRIMERIZATION,ppgs,0.006168187736146201,0.006169787799164293,0.9997406615802396,0.3174445621832008
bmi,alt_log_adj,REACTOME_COLLAGEN_CHAIN_TRIMERIZATION,bmi,0.2884462024982801,0.00576159473180924,50.063604943574894,0
bmi,alt_log_adj,REACTOME_COLLAGEN_CHAIN_TRIMERIZATION,ppgs:bmi,0.0015591482850399528,0.00621122374111733,0.2510211111408908,0.8017996066808767
bmi,alt_log_adj,REACTOME_COLLAGEN_DEGRADATION,ppgs,-0.014246781805506849,0.00601454014613152,-2.368723370259688,0.01785626299942214
bmi,alt_log_adj,REACTOME_COLLAGEN_DEGRADATION,bmi,0.2884381822754062,0.0057610339093943025,50.06708636188738,0
bmi,alt_log_adj,REACTOME_COLLAGEN_DEGRADATION,ppgs:bmi,0.0033682466146169893,0.006133177087375261,0.5491846341026582,0.5828830741146849
bmi,alt_log_adj,REACTOME_COLLAGEN_FORMATION,ppgs,0.009548557393620984,0.006363220939540445,1.5005855500454437,0.1334739281319064
bmi,alt_log_adj,REACTOME_COLLAGEN_FORMATION,bmi,0.2884271796966445,0.005761348821121592,50.06244000350162,0
bmi,alt_log_adj,REACTOME_COLLAGEN_FORMATION,ppgs:bmi,-0.0034531387409249426,0.006422195189747914,-0.537688226361816,0.5907965296858038
bmi,alt_log_adj,REACTOME_COMMON_PATHWAY_OF_FIBRIN_CLOT_FORMATION,ppgs,0.005236305046324385,0.005721787771763371,0.9151519167077798,0.36011966733117473
bmi,alt_log_adj,REACTOME_COMMON_PATHWAY_OF_FIBRIN_CLOT_FORMATION,bmi,0.28846630910227156,0.0057611008655531586,50.07138667317434,0
bmi,alt_log_adj,REACTOME_COMMON_PATHWAY_OF_FIBRIN_CLOT_FORMATION,ppgs:bmi,-0.012215301104596897,0.005729863975648906,-2.131865809818551,0.03302645234686097
bmi,alt_log_adj,REACTOME_COMPLEMENT_CASCADE,ppgs,0.018204969837006604,0.006539508276661879,2.783843840671674,0.005375447204169065
bmi,alt_log_adj,REACTOME_COMPLEMENT_CASCADE,bmi,0.2882945324177903,0.0057613301622319426,50.039578413278235,0
bmi,alt_log_adj,REACTOME_COMPLEMENT_CASCADE,ppgs:bmi,0.00417166197899136,0.006592148974882816,0.6328227706755546,0.5268544895761178
bmi,alt_log_adj,REACTOME_COMPLEX_III_ASSEMBLY,ppgs,-0.0055525402320981436,0.005932394699666039,-0.93596945469773285,0.34929688793700653
bmi,alt_log_adj,REACTOME_COMPLEX_III_ASSEMBLY,bmi,0.28856009043204284,0.005761459133677812,50.08455041281206,0
bmi,alt_log_adj,REACTOME_COMPLEX_III_ASSEMBLY,ppgs:bmi,-0.012475679973300895,0.005842826239498129,-2.1352132447417254,0.03275214255367233
bmi,alt_log_adj,REACTOME_COMPLEX_IV_ASSEMBLY,ppgs,0.00721273118223133,0.005759748988550293,1.2522648463621235,0.2104837050098114
bmi,alt_log_adj,REACTOME_COMPLEX_IV_ASSEMBLY,bmi,0.2883994117046742,0.005761935262271943,50.05252551049276,0
bmi,alt_log_adj,REACTOME_COMPLEX_IV_ASSEMBLY,ppgs:bmi,0.005043047662096723,0.005805591538610128,0.8686535434947323,0.3850440125252421
bmi,alt_log_adj,REACTOME_COMPLEX_I_BIOGENESIS,ppgs,0.001808663642002186,0.005824395704434516,0.31053241122081127,0.7561583992193772
bmi,alt_log_adj,REACTOME_COMPLEX_I_BIOGENESIS,bmi,0.28848256845226006,0.005762772233534565,50.05968599167086,0
bmi,alt_log_adj,REACTOME_COMPLEX_I_BIOGENESIS,ppgs:bmi,-0.0037423969714044684,0.005841253701248057,-0.6406838604878364,0.5217332810402618
bmi,alt_log_adj,REACTOME_CONDENSATION_OF_PROMETAPHASE_CHROMOSOMES,ppgs,-0.0017115475305906265,0.005837898957231431,-0.29317868348346887,0.769387722711012
bmi,alt_log_adj,REACTOME_CONDENSATION_OF_PROMETAPHASE_CHROMOSOMES,bmi,0.2884909991078082,0.005761479300857678,50.07238315771823,0
bmi,alt_log_adj,REACTOME_CONDENSATION_OF_PROMETAPHASE_CHROMOSOMES,ppgs:bmi,0.00994520243265829,0.005944764115839972,1.6729347437283593,0.09435117734101393
bmi,alt_log_adj,REACTOME_CONDENSATION_OF_PROPHASE_CHROMOSOMES,ppgs,0.002464101903448279,0.005853838743322387,0.4209377831357481,0.673803705466653
bmi,alt_log_adj,REACTOME_CONDENSATION_OF_PROPHASE_CHROMOSOMES,bmi,0.28841676680612716,0.005761835106384853,50.056407634179664,0
bmi,alt_log_adj,REACTOME_CONDENSATION_OF_PROPHASE_CHROMOSOMES,ppgs:bmi,-0.004023944754539687,0.005938943842768228,-0.6775522485264093,0.4980611609863982
bmi,alt_log_adj,REACTOME_CONJUGATION_OF_BENZOATE_WITH_GLYCINE,ppgs,0.007032477731388126,0.005722801971966658,1.2288521891613513,0.21913743072444844
bmi,alt_log_adj,REACTOME_CONJUGATION_OF_BENZOATE_WITH_GLYCINE,bmi,0.2886297828192972,0.005762483013863597,50.0877455299913,0
bmi,alt_log_adj,REACTOME_CONJUGATION_OF_BENZOATE_WITH_GLYCINE,ppgs:bmi,-0.015614077295101454,0.005720430293256778,-2.7295284610857458,0.006346410875051589
bmi,alt_log_adj,REACTOME_CONSTITUTIVE_SIGNALING_BY_ABERRANT_PI3K_IN_CANCER,ppgs,0.0036861601377886533,0.006266931059331159,0.5881922272465624,0.5564079597882375
bmi,alt_log_adj,REACTOME_CONSTITUTIVE_SIGNALING_BY_ABERRANT_PI3K_IN_CANCER,bmi,0.2884256209122921,0.005762386122602084,50.05315762874453,0
bmi,alt_log_adj,REACTOME_CONSTITUTIVE_SIGNALING_BY_ABERRANT_PI3K_IN_CANCER,ppgs:bmi,-0.0010667196387685492,0.006279618702236405,-0.1698701289600037,0.8651134854655725
bmi,alt_log_adj,REACTOME_CONSTITUTIVE_SIGNALING_BY_AKT1_E17K_IN_CANCER,ppgs,0.03667792497219296,0.005795779416674162,6.328385249906585,2.514412921151609e-10
bmi,alt_log_adj,REACTOME_CONSTITUTIVE_SIGNALING_BY_AKT1_E17K_IN_CANCER,bmi,0.28823452603512567,0.005757891305298824,50.0590425821119,0
bmi,alt_log_adj,REACTOME_CONSTITUTIVE_SIGNALING_BY_AKT1_E17K_IN_CANCER,ppgs:bmi,0.009108460719160162,0.005845429032764794,1.5582193656112195,0.11919241897646835
bmi,alt_log_adj,REACTOME_CONSTITUTIVE_SIGNALING_BY_EGFRVIII,ppgs,0.0034111787776985036,0.005698766491946418,0.5985819532207948,0.5494564761585042
bmi,alt_log_adj,REACTOME_CONSTITUTIVE_SIGNALING_BY_EGFRVIII,bmi,0.2884773709886592,0.005762357194055101,50.06238962178101,0
bmi,alt_log_adj,REACTOME_CONSTITUTIVE_SIGNALING_BY_EGFRVIII,ppgs:bmi,-0.004614615484848821,0.005679475911707846,-0.812507272957371,0.4165074380871805
bmi,alt_log_adj,REACTOME_CONSTITUTIVE_SIGNALING_BY_LIGAND_RESPONSIVE_EGFR_CANCER_VARIANTS,ppgs,0.0034111787776985036,0.005698766491946418,0.5985819532207948,0.5494564761585042
bmi,alt_log_adj,REACTOME_CONSTITUTIVE_SIGNALING_BY_LIGAND_RESPONSIVE_EGFR_CANCER_VARIANTS,bmi,0.2884773709886592,0.005762357194055101,50.06238962178101,0
bmi,alt_log_adj,REACTOME_CONSTITUTIVE_SIGNALING_BY_LIGAND_RESPONSIVE_EGFR_CANCER_VARIANTS,ppgs:bmi,-0.004614615484848821,0.005679475911707846,-0.812507272957371,0.4165074380871805
bmi,alt_log_adj,REACTOME_CONSTITUTIVE_SIGNALING_BY_OVEREXPRESSED_ERBB2,ppgs,7.077168918068294e-4,0.005674651680460065,0.12471547711796332,0.9007496884052942
bmi,alt_log_adj,REACTOME_CONSTITUTIVE_SIGNALING_BY_OVEREXPRESSED_ERBB2,bmi,0.2883952944341584,0.005761539963425014,50.05524499785271,0
bmi,alt_log_adj,REACTOME_CONSTITUTIVE_SIGNALING_BY_OVEREXPRESSED_ERBB2,ppgs:bmi,0.005571715834772289,0.005689205616558835,0.9793486490548726,0.32741609806897276
bmi,alt_log_adj,REACTOME_CONVERSION_FROM_APC_C_CDC20_TO_APC_C_CDH1_IN_LATE_ANAPHASE,ppgs,0.005196291994002437,0.005889861707074234,0.8822434638424941,0.37765264314651703
bmi,alt_log_adj,REACTOME_CONVERSION_FROM_APC_C_CDC20_TO_APC_C_CDH1_IN_LATE_ANAPHASE,bmi,0.2885083305974254,0.005762376546063523,50.067594210676035,0
bmi,alt_log_adj,REACTOME_CONVERSION_FROM_APC_C_CDC20_TO_APC_C_CDH1_IN_LATE_ANAPHASE,ppgs:bmi,0.0036806312345392983,0.005832098122241527,0.6310989900020189,0.5279808896635414
bmi,alt_log_adj,REACTOME_COOPERATION_OF_PDCL_PHLP1_AND_TRIC_CCT_IN_G_PROTEIN_BETA_FOLDING,ppgs,-0.004183218222752763,0.006098831255455227,-0.6859048967801816,0.49277869146111
bmi,alt_log_adj,REACTOME_COOPERATION_OF_PDCL_PHLP1_AND_TRIC_CCT_IN_G_PROTEIN_BETA_FOLDING,bmi,0.28842478183978776,0.005761619736306378,50.059669856776985,0
bmi,alt_log_adj,REACTOME_COOPERATION_OF_PDCL_PHLP1_AND_TRIC_CCT_IN_G_PROTEIN_BETA_FOLDING,ppgs:bmi,-0.001275564534972085,0.006131549571092972,-0.20803298092633876,0.8352047100827489
bmi,alt_log_adj,REACTOME_COOPERATION_OF_PREFOLDIN_AND_TRIC_CCT_IN_ACTIN_AND_TUBULIN_FOLDING,ppgs,0.010212626140443744,0.0057259773527731945,1.7835603445929775,0.07450582894755407
bmi,alt_log_adj,REACTOME_COOPERATION_OF_PREFOLDIN_AND_TRIC_CCT_IN_ACTIN_AND_TUBULIN_FOLDING,bmi,0.28829273084379947,0.005761866292206661,50.03460966002216,0
bmi,alt_log_adj,REACTOME_COOPERATION_OF_PREFOLDIN_AND_TRIC_CCT_IN_ACTIN_AND_TUBULIN_FOLDING,ppgs:bmi,0.0042325465117012346,0.005811429653623497,0.7283141608815983,0.4664273117232359
bmi,alt_log_adj,REACTOME_COPII_MEDIATED_VESICLE_TRANSPORT,ppgs,-0.008078754778513967,0.005679256734495472,-1.4225021259285717,0.1548915379818535
bmi,alt_log_adj,REACTOME_COPII_MEDIATED_VESICLE_TRANSPORT,bmi,0.28850345634794183,0.0057611824197931665,50.07712572279554,0
bmi,alt_log_adj,REACTOME_COPII_MEDIATED_VESICLE_TRANSPORT,ppgs:bmi,-0.010833314038510027,0.005811231305884282,-1.8642028630903973,0.06230354979090885
bmi,alt_log_adj,REACTOME_COPI_DEPENDENT_GOLGI_TO_ER_RETROGRADE_TRAFFIC,ppgs,0.01407906435140155,0.0058837952666280025,2.3928542230651493,0.016724349052158957
bmi,alt_log_adj,REACTOME_COPI_DEPENDENT_GOLGI_TO_ER_RETROGRADE_TRAFFIC,bmi,0.28842114181157424,0.005761150932755062,50.06311155150509,0
bmi,alt_log_adj,REACTOME_COPI_DEPENDENT_GOLGI_TO_ER_RETROGRADE_TRAFFIC,ppgs:bmi,0.0011118880395790238,0.005918548751870232,0.18786497943903438,0.8509838408733703
bmi,alt_log_adj,REACTOME_COPI_INDEPENDENT_GOLGI_TO_ER_RETROGRADE_TRAFFIC,ppgs,0.014285458166158947,0.005887575234418555,2.4263737782316,0.015256748483811217
bmi,alt_log_adj,REACTOME_COPI_INDEPENDENT_GOLGI_TO_ER_RETROGRADE_TRAFFIC,bmi,0.2885087152332611,0.005761542505676194,50.07490875039561,0
bmi,alt_log_adj,REACTOME_COPI_INDEPENDENT_GOLGI_TO_ER_RETROGRADE_TRAFFIC,ppgs:bmi,-0.0032971569100721954,0.005913175420312872,-0.5575949765917378,0.5771253903580433
bmi,alt_log_adj,REACTOME_COPI_MEDIATED_ANTEROGRADE_TRANSPORT,ppgs,3.565656800107578e-5,0.0058164264985686494,0.006130322116139595,0.9951087844038058
bmi,alt_log_adj,REACTOME_COPI_MEDIATED_ANTEROGRADE_TRANSPORT,bmi,0.28842316530608975,0.0057616776141978104,50.05888642491263,0
bmi,alt_log_adj,REACTOME_COPI_MEDIATED_ANTEROGRADE_TRANSPORT,ppgs:bmi,-0.004159844482121816,0.005798908687976237,-0.7173495403966365,0.4731643570917581
bmi,alt_log_adj,REACTOME_CO_INHIBITION_BY_BTLA,ppgs,0.014306607168147715,0.005806378286453553,2.463946794773162,0.013747541923917429
bmi,alt_log_adj,REACTOME_CO_INHIBITION_BY_BTLA,bmi,0.28859711182857534,0.005761674521192181,50.08910356999132,0
bmi,alt_log_adj,REACTOME_CO_INHIBITION_BY_BTLA,ppgs:bmi,0.0046479962404528605,0.005807941427831646,0.8002829054335276,0.4235536114825724
bmi,alt_log_adj,REACTOME_CO_INHIBITION_BY_CTLA4,ppgs,0.010761535170536398,0.0059142662314007515,1.819589235499736,0.06883212477868791
bmi,alt_log_adj,REACTOME_CO_INHIBITION_BY_CTLA4,bmi,0.2882432616513532,0.00576144499841337,50.02968209029711,0
bmi,alt_log_adj,REACTOME_CO_INHIBITION_BY_CTLA4,ppgs:bmi,0.009325171972184796,0.0059117638030910715,1.5773925147870358,0.11471639488024338
bmi,alt_log_adj,REACTOME_CO_INHIBITION_BY_PD_1,ppgs,0.010981430418818739,0.005729916420808441,1.916507957941445,0.055310514779752365
bmi,alt_log_adj,REACTOME_CO_INHIBITION_BY_PD_1,bmi,0.2882671150476206,0.0057613019849581315,50.03506426155779,0
bmi,alt_log_adj,REACTOME_CO_INHIBITION_BY_PD_1,ppgs:bmi,0.009764937899785404,0.005741150105958072,1.7008678957290302,0.08897876388925337
bmi,alt_log_adj,REACTOME_CO_STIMULATION_BY_CD28,ppgs,0.011516215154321038,0.005803229350352189,1.9844494261840844,0.04721538622479596
bmi,alt_log_adj,REACTOME_CO_STIMULATION_BY_CD28,bmi,0.28828287576460815,0.005761453025158996,50.03648810564633,0
bmi,alt_log_adj,REACTOME_CO_STIMULATION_BY_CD28,ppgs:bmi,0.006110584575903469,0.005759806596161763,1.0609009996924996,0.28874393329620185
bmi,alt_log_adj,REACTOME_CO_STIMULATION_BY_ICOS,ppgs,3.6122791274152726e-4,0.005694304788920118,0.06343670142918911,0.9494192098442789
bmi,alt_log_adj,REACTOME_CO_STIMULATION_BY_ICOS,bmi,0.28871020836021277,0.005763680542554049,50.0912925740116,0
bmi,alt_log_adj,REACTOME_CO_STIMULATION_BY_ICOS,ppgs:bmi,-0.010660830648564391,0.00541819160145759,-1.9675994192779078,0.049123880459517405
bmi,alt_log_adj,REACTOME_CREATINE_METABOLISM,ppgs,0.0025902712729668873,0.005762858367653739,0.44947682342946027,0.6530911599194009
bmi,alt_log_adj,REACTOME_CREATINE_METABOLISM,bmi,0.28832956229945056,0.005762786236752256,50.03301362466379,0
bmi,alt_log_adj,REACTOME_CREATINE_METABOLISM,ppgs:bmi,0.003968002059454779,0.005762288976142961,0.6886155963165173,0.49107083899530135
bmi,alt_log_adj,REACTOME_CREATION_OF_C4_AND_C2_ACTIVATORS,ppgs,0.010427667123102842,0.00581753190097545,1.79245551216563,0.07307068838340505
bmi,alt_log_adj,REACTOME_CREATION_OF_C4_AND_C2_ACTIVATORS,bmi,0.288421013800413,0.005761385905859029,50.061047552309226,0
bmi,alt_log_adj,REACTOME_CREATION_OF_C4_AND_C2_ACTIVATORS,ppgs:bmi,-5.098214959763647e-4,0.005845958897712284,-0.08720921663952763,0.9305058294186572
bmi,alt_log_adj,REACTOME_CREB1_PHOSPHORYLATION_THROUGH_NMDA_RECEPTOR_MEDIATED_ACTIVATION_OF_RAS_SIGNALING,ppgs,-0.012614320783960901,0.006301474002887912,-2.0018047806243215,0.045315242603616336
bmi,alt_log_adj,REACTOME_CREB1_PHOSPHORYLATION_THROUGH_NMDA_RECEPTOR_MEDIATED_ACTIVATION_OF_RAS_SIGNALING,bmi,0.2883757318863397,0.005761292318577646,50.05400107133154,0
bmi,alt_log_adj,REACTOME_CREB1_PHOSPHORYLATION_THROUGH_NMDA_RECEPTOR_MEDIATED_ACTIVATION_OF_RAS_SIGNALING,ppgs:bmi,-0.00496547260284797,0.006328678620243388,-0.7845986343760664,0.4326954873092328
bmi,alt_log_adj,REACTOME_CREB1_PHOSPHORYLATION_THROUGH_THE_ACTIVATION_OF_ADENYLATE_CYCLASE,ppgs,0.007036818051211561,0.006201728377301063,1.1346543452252777,0.2565297673827383
bmi,alt_log_adj,REACTOME_CREB1_PHOSPHORYLATION_THROUGH_THE_ACTIVATION_OF_ADENYLATE_CYCLASE,bmi,0.2884932736476331,0.005761956979790475,50.06862679806466,0
bmi,alt_log_adj,REACTOME_CREB1_PHOSPHORYLATION_THROUGH_THE_ACTIVATION_OF_ADENYLATE_CYCLASE,ppgs:bmi,4.2856947800365674e-4,0.006237628765451422,0.06870711517450187,0.9452232390939088
bmi,alt_log_adj,REACTOME_CREB1_PHOSPHORYLATION_THROUGH_THE_ACTIVATION_OF_CAMKII_CAMKK_CAMKIV_CASCASDE,ppgs,-0.0043744190834751765,0.005824509183774636,-0.7510365157738985,0.4526369143113963
bmi,alt_log_adj,REACTOME_CREB1_PHOSPHORYLATION_THROUGH_THE_ACTIVATION_OF_CAMKII_CAMKK_CAMKIV_CASCASDE,bmi,0.2885047269518834,0.005762010790290744,50.070146942110426,0
bmi,alt_log_adj,REACTOME_CREB1_PHOSPHORYLATION_THROUGH_THE_ACTIVATION_OF_CAMKII_CAMKK_CAMKIV_CASCASDE,ppgs:bmi,-0.005644498561870465,0.0057908440424254545,-0.9747281260757812,0.32970345478778074
bmi,alt_log_adj,REACTOME_CREB3_FACTORS_ACTIVATE_GENES,ppgs,0.0017967285796637426,0.005703270473658418,0.31503478363199805,0.7527375627730137
bmi,alt_log_adj,REACTOME_CREB3_FACTORS_ACTIVATE_GENES,bmi,0.28848562373035597,0.005761340967897047,50.07265241509503,0
bmi,alt_log_adj,REACTOME_CREB3_FACTORS_ACTIVATE_GENES,ppgs:bmi,0.012437344193551206,0.005747976876855501,2.163777701269251,0.030489739824822715
bmi,alt_log_adj,REACTOME_CREB_PHOSPHORYLATION,ppgs,-0.012822295351619493,0.006244436411800463,-2.053395135450251,0.04004342504702116
bmi,alt_log_adj,REACTOME_CREB_PHOSPHORYLATION,bmi,0.2883327553335455,0.005761232159949994,50.04706412248594,0
bmi,alt_log_adj,REACTOME_CREB_PHOSPHORYLATION,ppgs:bmi,-0.012793663194876235,0.006139687930665676,-2.083764409421559,0.03719053642460573
bmi,alt_log_adj,REACTOME_CRISTAE_FORMATION,ppgs,0.039677697879247464,0.005694786804643022,6.967371956207001,3.2996913277543495e-12
bmi,alt_log_adj,REACTOME_CRISTAE_FORMATION,bmi,0.28830742320737346,0.005756214716211285,50.086287155934336,0
bmi,alt_log_adj,REACTOME_CRISTAE_FORMATION,ppgs:bmi,0.017197488301862136,0.005712706136567691,3.010392603914812,0.00261139759682737
bmi,alt_log_adj,REACTOME_CRMPS_IN_SEMA3A_SIGNALING,ppgs,4.1367174285070397e-4,0.0058074908114121755,0.07123071844346383,0.9432146362006801
bmi,alt_log_adj,REACTOME_CRMPS_IN_SEMA3A_SIGNALING,bmi,0.28843165874415816,0.00576160480251921,50.06099318336516,0
bmi,alt_log_adj,REACTOME_CRMPS_IN_SEMA3A_SIGNALING,ppgs:bmi,0.005201014776414016,0.005778615634914571,0.9000451154752924,0.3681038876201602
bmi,alt_log_adj,REACTOME_CROSSLINKING_OF_COLLAGEN_FIBRILS,ppgs,0.0016355395125697812,0.005956402533110446,0.27458512138461855,0.7836369994417705
bmi,alt_log_adj,REACTOME_CROSSLINKING_OF_COLLAGEN_FIBRILS,bmi,0.28840046433711947,0.005761820350466846,50.05370643216117,0
bmi,alt_log_adj,REACTOME_CROSSLINKING_OF_COLLAGEN_FIBRILS,ppgs:bmi,0.001893285274277426,0.005951678375542569,0.31810947346509294,0.7504042410897351
bmi,alt_log_adj,REACTOME_CROSS_PRESENTATION_OF_PARTICULATE_EXOGENOUS_ANTIGENS_PHAGOSOMES,ppgs,0.008235952307408086,0.005745324452542923,1.4335051702367816,0.15172455132175658
bmi,alt_log_adj,REACTOME_CROSS_PRESENTATION_OF_PARTICULATE_EXOGENOUS_ANTIGENS_PHAGOSOMES,bmi,0.28858572814063554,0.005761358122993754,50.08987845919197,0
bmi,alt_log_adj,REACTOME_CROSS_PRESENTATION_OF_PARTICULATE_EXOGENOUS_ANTIGENS_PHAGOSOMES,ppgs:bmi,0.011892064550179136,0.005676390873893483,2.0950045221290887,0.03617944157757261
bmi,alt_log_adj,REACTOME_CROSS_PRESENTATION_OF_SOLUBLE_EXOGENOUS_ANTIGENS_ENDOSOMES,ppgs,-0.0076519635937135335,0.006047460355817047,-1.2653185210801947,0.2057675700305726
bmi,alt_log_adj,REACTOME_CROSS_PRESENTATION_OF_SOLUBLE_EXOGENOUS_ANTIGENS_ENDOSOMES,bmi,0.28848191616618357,0.005761557438549695,50.07012760751032,0
bmi,alt_log_adj,REACTOME_CROSS_PRESENTATION_OF_SOLUBLE_EXOGENOUS_ANTIGENS_ENDOSOMES,ppgs:bmi,-0.004812555197176222,0.0060149634333392385,-0.8000971660944091,0.4236612075814802
bmi,alt_log_adj,REACTOME_CS_DS_DEGRADATION,ppgs,0.008185580777120657,0.005715796873398225,1.4320979136289822,0.1521268272184848
bmi,alt_log_adj,REACTOME_CS_DS_DEGRADATION,bmi,0.28867412239278417,0.005763267257665478,50.0886232559892,0
bmi,alt_log_adj,REACTOME_CS_DS_DEGRADATION,ppgs:bmi,0.009934594096132175,0.0057357445563812415,1.7320496055005705,0.08327560836089097
bmi,alt_log_adj,REACTOME_CYCLIN_A_B1_B2_ASSOCIATED_EVENTS_DURING_G2_M_TRANSITION,ppgs,0.00649684101366696,0.005903753803476762,1.1004593399272382,0.2711413804338712
bmi,alt_log_adj,REACTOME_CYCLIN_A_B1_B2_ASSOCIATED_EVENTS_DURING_G2_M_TRANSITION,bmi,0.28843035567207514,0.005761676129646582,50.06014728734281,0
bmi,alt_log_adj,REACTOME_CYCLIN_A_B1_B2_ASSOCIATED_EVENTS_DURING_G2_M_TRANSITION,ppgs:bmi,0.002372600497958815,0.005911222864777916,0.4013721952687625,0.6881491427760051
bmi,alt_log_adj,REACTOME_CYCLIN_A_CDK2_ASSOCIATED_EVENTS_AT_S_PHASE_ENTRY,ppgs,-2.1781463352907994e-5,0.006119188056582461,-0.0035595348846122637,0.9971599331161645
bmi,alt_log_adj,REACTOME_CYCLIN_A_CDK2_ASSOCIATED_EVENTS_AT_S_PHASE_ENTRY,bmi,0.28846631620320046,0.005762358013945034,50.06046405049905,0
bmi,alt_log_adj,REACTOME_CYCLIN_A_CDK2_ASSOCIATED_EVENTS_AT_S_PHASE_ENTRY,ppgs:bmi,0.004263665733018437,0.006178506519729309,0.6900803162388239,0.4901493301158931
bmi,alt_log_adj,REACTOME_CYCLIN_D_ASSOCIATED_EVENTS_IN_G1,ppgs,0.011325967117073532,0.006391358921094472,1.772074961976012,0.0763928537242547
bmi,alt_log_adj,REACTOME_CYCLIN_D_ASSOCIATED_EVENTS_IN_G1,bmi,0.28838669856820126,0.005761262361759446,50.05616485761467,0
bmi,alt_log_adj,REACTOME_CYCLIN_D_ASSOCIATED_EVENTS_IN_G1,ppgs:bmi,0.004114571781047883,0.006434139380159284,0.6394906199476863,0.5225089813430487
bmi,alt_log_adj,REACTOME_CYP2E1_REACTIONS,ppgs,-0.007325993105363391,0.005689616234719226,-1.2876076000800638,0.1978931039270459
bmi,alt_log_adj,REACTOME_CYP2E1_REACTIONS,bmi,0.2884330290882754,0.005761212322942337,50.06464141925051,0
bmi,alt_log_adj,REACTOME_CYP2E1_REACTIONS,ppgs:bmi,0.00912582667781799,0.0055912263615104955,1.6321690605551884,0.10265498362672026
bmi,alt_log_adj,REACTOME_CYTOCHROME_C_MEDIATED_APOPTOTIC_RESPONSE,ppgs,-4.287271453708973e-4,0.005776967437540436,-0.07421318364803339,0.9408412793778034
bmi,alt_log_adj,REACTOME_CYTOCHROME_C_MEDIATED_APOPTOTIC_RESPONSE,bmi,0.2884268713532181,0.005761477397716073,50.06126926186578,0
bmi,alt_log_adj,REACTOME_CYTOCHROME_C_MEDIATED_APOPTOTIC_RESPONSE,ppgs:bmi,-0.008519232087557482,0.005831415922121893,-1.4609199894727396,0.1440484833545348
bmi,alt_log_adj,REACTOME_CYTOCHROME_P450_ARRANGED_BY_SUBSTRATE_TYPE,ppgs,-0.0021098644180434787,0.006003699414571124,-0.3514273904057866,0.7252703484525804
bmi,alt_log_adj,REACTOME_CYTOCHROME_P450_ARRANGED_BY_SUBSTRATE_TYPE,bmi,0.288423573006146,0.005762313107838783,50.05343646005421,0
bmi,alt_log_adj,REACTOME_CYTOCHROME_P450_ARRANGED_BY_SUBSTRATE_TYPE,ppgs:bmi,0.008231121852145707,0.005983847226120282,1.3755568183986675,0.16896975211592663
bmi,alt_log_adj,REACTOME_CYTOKINE_SIGNALING_IN_IMMUNE_SYSTEM,ppgs,0.051645818863479395,0.008348132101197097,6.186511933139336,6.235065185903348e-10
bmi,alt_log_adj,REACTOME_CYTOKINE_SIGNALING_IN_IMMUNE_SYSTEM,bmi,0.28796918558476486,0.00576001000344154,49.99456344914446,0
bmi,alt_log_adj,REACTOME_CYTOKINE_SIGNALING_IN_IMMUNE_SYSTEM,ppgs:bmi,0.012772359486439169,0.008305224617218292,1.5378704460273918,0.12409145571333437
bmi,alt_log_adj,REACTOME_CYTOPROTECTION_BY_HMOX1,ppgs,0.0158514398859593,0.005803259436517961,2.7314718666912454,0.006309112823225528
bmi,alt_log_adj,REACTOME_CYTOPROTECTION_BY_HMOX1,bmi,0.28849018414067173,0.005760872887774672,50.077512516008774,0
bmi,alt_log_adj,REACTOME_CYTOPROTECTION_BY_HMOX1,ppgs:bmi,0.00407197482673647,0.005845830003835526,0.6965605951703682,0.48608353466615006
bmi,alt_log_adj,REACTOME_CYTOSOLIC_IRON_SULFUR_CLUSTER_ASSEMBLY,ppgs,0.009121333633024519,0.005711023620604895,1.5971451422675809,0.11024450361867509
bmi,alt_log_adj,REACTOME_CYTOSOLIC_IRON_SULFUR_CLUSTER_ASSEMBLY,bmi,0.2884234959010964,0.005761370615619662,50.06161122826415,0
bmi,alt_log_adj,REACTOME_CYTOSOLIC_IRON_SULFUR_CLUSTER_ASSEMBLY,ppgs:bmi,0.002096019450020863,0.005683065205827486,0.3688184763165446,0.7122657863244708
bmi,alt_log_adj,REACTOME_CYTOSOLIC_SENSORS_OF_PATHOGEN_ASSOCIATED_DNA,ppgs,0.026791152677280647,0.006221632113499215,4.306129354571011,1.6669371409792335e-5
bmi,alt_log_adj,REACTOME_CYTOSOLIC_SENSORS_OF_PATHOGEN_ASSOCIATED_DNA,bmi,0.28832310362858565,0.005759770272840156,50.05809085618494,0
bmi,alt_log_adj,REACTOME_CYTOSOLIC_SENSORS_OF_PATHOGEN_ASSOCIATED_DNA,ppgs:bmi,0.0089074207150974,0.006302947957208094,1.4132150186819827,0.1576034916805198
bmi,alt_log_adj,REACTOME_CYTOSOLIC_SULFONATION_OF_SMALL_MOLECULES,ppgs,0.0070397689607866005,0.005766122117814453,1.2208844726054642,0.2221399187093049
bmi,alt_log_adj,REACTOME_CYTOSOLIC_SULFONATION_OF_SMALL_MOLECULES,bmi,0.28828822776569524,0.0057624605247027045,50.02866857479575,0
bmi,alt_log_adj,REACTOME_CYTOSOLIC_SULFONATION_OF_SMALL_MOLECULES,ppgs:bmi,0.008646859927099518,0.0057639761082651075,1.5001554074279684,0.13358528787147564
bmi,alt_log_adj,REACTOME_CYTOSOLIC_TRNA_AMINOACYLATION,ppgs,0.007389480851106082,0.005698479617412797,1.296746035297925,0.19472913888679935
bmi,alt_log_adj,REACTOME_CYTOSOLIC_TRNA_AMINOACYLATION,bmi,0.28842526985628647,0.0057616603586293225,50.05940161403436,0
bmi,alt_log_adj,REACTOME_CYTOSOLIC_TRNA_AMINOACYLATION,ppgs:bmi,7.072261434507635e-4,0.005786374965486482,0.12222266058959148,0.9027235468098204
bmi,alt_log_adj,REACTOME_C_TYPE_LECTIN_RECEPTORS_CLRS,ppgs,0.03025683569308764,0.005931373517944041,5.1011516306555915,3.397672661038372e-7
bmi,alt_log_adj,REACTOME_C_TYPE_LECTIN_RECEPTORS_CLRS,bmi,0.28817799871967353,0.005759544563031289,50.03485875765208,0
bmi,alt_log_adj,REACTOME_C_TYPE_LECTIN_RECEPTORS_CLRS,ppgs:bmi,0.005540118620187279,0.006002992479323474,0.9228928137540563,0.3560709207013738
bmi,alt_log_adj,REACTOME_DAG_AND_IP3_SIGNALING,ppgs,0.0027985888793697795,0.006505248798400462,0.4302047417552897,0.6670499833295502
bmi,alt_log_adj,REACTOME_DAG_AND_IP3_SIGNALING,bmi,0.28841953889910465,0.0057617217117794895,50.057873900686396,0
bmi,alt_log_adj,REACTOME_DAG_AND_IP3_SIGNALING,ppgs:bmi,7.474049016422223e-4,0.006552072429237117,0.11407152617957941,0.9091819015115974
bmi,alt_log_adj,REACTOME_DAP12_INTERACTIONS,ppgs,0.0023623680454476245,0.005798930243767484,0.4073799728814856,0.6837320099135207
bmi,alt_log_adj,REACTOME_DAP12_INTERACTIONS,bmi,0.2884955856387049,0.005761683043842126,50.07140855258228,0
bmi,alt_log_adj,REACTOME_DAP12_INTERACTIONS,ppgs:bmi,-0.007855853641848841,0.005811337903545028,-1.3518149817198926,0.1764452958115936
bmi,alt_log_adj,REACTOME_DAP12_SIGNALING,ppgs,0.004546643620578062,0.005812617549223423,0.782202438415289,0.43410214505339295
bmi,alt_log_adj,REACTOME_DAP12_SIGNALING,bmi,0.28827913311364606,0.005763629498499111,50.01694386995485,0
bmi,alt_log_adj,REACTOME_DAP12_SIGNALING,ppgs:bmi,0.004421087762192105,0.005806440236747337,0.7614110508211686,0.44641792283643167
bmi,alt_log_adj,REACTOME_DARPP_32_EVENTS,ppgs,0.007036818051211561,0.006201728377301063,1.1346543452252777,0.2565297673827383
bmi,alt_log_adj,REACTOME_DARPP_32_EVENTS,bmi,0.2884932736476331,0.005761956979790475,50.06862679806466,0
bmi,alt_log_adj,REACTOME_DARPP_32_EVENTS,ppgs:bmi,4.2856947800365674e-4,0.006237628765451422,0.06870711517450187,0.9452232390939088
bmi,alt_log_adj,REACTOME_DCC_MEDIATED_ATTRACTIVE_SIGNALING,ppgs,0.00761565111930294,0.0058602427222528685,1.2995453397150818,0.19376741200548925
bmi,alt_log_adj,REACTOME_DCC_MEDIATED_ATTRACTIVE_SIGNALING,bmi,0.28838014225403913,0.005762803562287816,50.04164017340773,0
bmi,alt_log_adj,REACTOME_DCC_MEDIATED_ATTRACTIVE_SIGNALING,ppgs:bmi,-0.0025134354375214354,0.005953575627711484,-0.42217242119549314,0.6729023716314875
bmi,alt_log_adj,REACTOME_DDX58_IFIH1_MEDIATED_INDUCTION_OF_INTERFERON_ALPHA_BETA,ppgs,0.029946170884699475,0.0057793818064522115,5.181552610223294,2.2155226509323046e-7
bmi,alt_log_adj,REACTOME_DDX58_IFIH1_MEDIATED_INDUCTION_OF_INTERFERON_ALPHA_BETA,bmi,0.2881491562376631,0.0057593378746225825,50.03164643410435,0
bmi,alt_log_adj,REACTOME_DDX58_IFIH1_MEDIATED_INDUCTION_OF_INTERFERON_ALPHA_BETA,ppgs:bmi,0.007633080683253767,0.00587519731869633,1.2992041405934431,0.19388444712718858
bmi,alt_log_adj,REACTOME_DEACTIVATION_OF_THE_BETA_CATENIN_TRANSACTIVATING_COMPLEX,ppgs,0.014401121019423346,0.005879860419331671,2.4492283816934957,0.014322273583046117
bmi,alt_log_adj,REACTOME_DEACTIVATION_OF_THE_BETA_CATENIN_TRANSACTIVATING_COMPLEX,bmi,0.28826942096709257,0.0057611673134161595,50.03663412027509,0
bmi,alt_log_adj,REACTOME_DEACTIVATION_OF_THE_BETA_CATENIN_TRANSACTIVATING_COMPLEX,ppgs:bmi,0.006330301833506352,0.00586053073443694,1.0801584566921558,0.2800808138756623
bmi,alt_log_adj,REACTOME_DEADENYLATION_DEPENDENT_MRNA_DECAY,ppgs,0.005330123235587177,0.0057401381551010966,0.9285705485765093,0.3531195970075931
bmi,alt_log_adj,REACTOME_DEADENYLATION_DEPENDENT_MRNA_DECAY,bmi,0.28857954645314754,0.005761704902042685,50.08579081355556,0
bmi,alt_log_adj,REACTOME_DEADENYLATION_DEPENDENT_MRNA_DECAY,ppgs:bmi,0.01098786187928246,0.005773046255549776,1.903303973828297,0.0570110112881767
bmi,alt_log_adj,REACTOME_DEADENYLATION_OF_MRNA,ppgs,6.276302128821192e-4,0.005714175797278896,0.10983740002906424,0.9125391070302735
bmi,alt_log_adj,REACTOME_DEADENYLATION_OF_MRNA,bmi,0.28842962907820163,0.005761560485486158,50.06102596766613,0
bmi,alt_log_adj,REACTOME_DEADENYLATION_OF_MRNA,ppgs:bmi,0.005588111732133771,0.005808461134753011,0.9620640652477036,0.33602562953872994
bmi,alt_log_adj,REACTOME_DEATH_RECEPTOR_SIGNALING,ppgs,0.02428826047237873,0.006560446233210595,3.7022268926503155,2.1412019738934027e-4
bmi,alt_log_adj,REACTOME_DEATH_RECEPTOR_SIGNALING,bmi,0.28850414192737034,0.005760987519524938,50.07893888844268,0
bmi,alt_log_adj,REACTOME_DEATH_RECEPTOR_SIGNALING,ppgs:bmi,-0.0015318719572550033,0.006595706590483411,-0.23225289606806626,0.8163432721955046
bmi,alt_log_adj,REACTOME_DECTIN_1_MEDIATED_NONCANONICAL_NF_KB_SIGNALING,ppgs,0.010441138215167829,0.006136906271107317,1.701368369323958,0.08888480324227327
bmi,alt_log_adj,REACTOME_DECTIN_1_MEDIATED_NONCANONICAL_NF_KB_SIGNALING,bmi,0.2885553560502026,0.00576169341532743,50.08169217795918,0
bmi,alt_log_adj,REACTOME_DECTIN_1_MEDIATED_NONCANONICAL_NF_KB_SIGNALING,ppgs:bmi,0.005834469783226456,0.006195128581901698,0.941783484570625,0.346311527783031
bmi,alt_log_adj,REACTOME_DECTIN_2_FAMILY,ppgs,6.76181643280531e-4,0.005690206905238972,0.11883252305956937,0.9054088835670798
bmi,alt_log_adj,REACTOME_DECTIN_2_FAMILY,bmi,0.28842555176574197,0.005761719531559923,50.05893643137015,0
bmi,alt_log_adj,REACTOME_DECTIN_2_FAMILY,ppgs:bmi,-0.0017424180537577772,0.005734019933065422,-0.3038737350231491,0.7612263188335675
bmi,alt_log_adj,REACTOME_DEFECTIVE_B4GALT1_CAUSES_B4GALT1_CDG_CDG_2D,ppgs,-0.005750921864513879,0.005808374653376202,-0.9901086289554466,0.3221294769482365
bmi,alt_log_adj,REACTOME_DEFECTIVE_B4GALT1_CAUSES_B4GALT1_CDG_CDG_2D,bmi,0.28834000743003674,0.005761545157080286,50.04560401226736,0
bmi,alt_log_adj,REACTOME_DEFECTIVE_B4GALT1_CAUSES_B4GALT1_CDG_CDG_2D,ppgs:bmi,0.007427923269804782,0.005757484145652187,1.2901335169831152,0.19701482802114917
bmi,alt_log_adj,REACTOME_DEFECTIVE_B4GALT7_CAUSES_EDS_PROGEROID_TYPE,ppgs,0.0050025398840633645,0.005876896851052454,0.8512213181293957,0.39465361295514034
bmi,alt_log_adj,REACTOME_DEFECTIVE_B4GALT7_CAUSES_EDS_PROGEROID_TYPE,bmi,0.28838260022355433,0.005761286131900406,50.055246974589856,0
bmi,alt_log_adj,REACTOME_DEFECTIVE_B4GALT7_CAUSES_EDS_PROGEROID_TYPE,ppgs:bmi,-0.00955984355700009,0.00588532618806049,-1.624352372582859,0.1043117433290791
bmi,alt_log_adj,REACTOME_DEFECTIVE_C1GALT1C1_CAUSES_TNPS,ppgs,0.0024300527615271116,0.005702021626820418,0.42617389420218077,0.6699843743909069
bmi,alt_log_adj,REACTOME_DEFECTIVE_C1GALT1C1_CAUSES_TNPS,bmi,0.2884088996180965,0.005761539045312399,50.05761435440529,0
bmi,alt_log_adj,REACTOME_DEFECTIVE_C1GALT1C1_CAUSES_TNPS,ppgs:bmi,-0.005251334940287935,0.005666027476822156,-0.9268107085201067,0.3540327143703388
bmi,alt_log_adj,REACTOME_DEFECTIVE_CFTR_CAUSES_CYSTIC_FIBROSIS,ppgs,0.019386689858292776,0.005925087229473239,3.2719669951620816,0.0010692968482079153
bmi,alt_log_adj,REACTOME_DEFECTIVE_CFTR_CAUSES_CYSTIC_FIBROSIS,bmi,0.28849861451296044,0.00576052786162149,50.0819753750402,0
bmi,alt_log_adj,REACTOME_DEFECTIVE_CFTR_CAUSES_CYSTIC_FIBROSIS,ppgs:bmi,0.008703039505730923,0.005928548599066368,1.4679882201018786,0.14211851768038308
bmi,alt_log_adj,REACTOME_DEFECTIVE_CHST14_CAUSES_EDS_MUSCULOCONTRACTURAL_TYPE,ppgs,0.010514002969529016,0.005725428309094658,1.8363696830904095,0.06631346544819995
bmi,alt_log_adj,REACTOME_DEFECTIVE_CHST14_CAUSES_EDS_MUSCULOCONTRACTURAL_TYPE,bmi,0.2884997000697318,0.005762598661294541,50.06416671136381,0
bmi,alt_log_adj,REACTOME_DEFECTIVE_CHST14_CAUSES_EDS_MUSCULOCONTRACTURAL_TYPE,ppgs:bmi,0.005166831361304471,0.005741658780010755,0.8998847823023702,0.3681892134187581
bmi,alt_log_adj,REACTOME_DEFECTIVE_CHST3_CAUSES_SEDCJD,ppgs,0.009852706266088052,0.005727076339075291,1.7203727840790222,0.08537561410028983
bmi,alt_log_adj,REACTOME_DEFECTIVE_CHST3_CAUSES_SEDCJD,bmi,0.28851651564915703,0.005762426418973927,50.06858130095326,0
bmi,alt_log_adj,REACTOME_DEFECTIVE_CHST3_CAUSES_SEDCJD,ppgs:bmi,0.006146369524359303,0.005734275929222893,1.0718649747976563,0.28378980893981814
bmi,alt_log_adj,REACTOME_DEFECTIVE_CHST6_CAUSES_MCDC1,ppgs,-0.0011901975209239718,0.006018823562685413,-0.19774587318072875,0.8432453145717627
bmi,alt_log_adj,REACTOME_DEFECTIVE_CHST6_CAUSES_MCDC1,bmi,0.28836110830512374,0.005761468412689906,50.04993304658146,0
bmi,alt_log_adj,REACTOME_DEFECTIVE_CHST6_CAUSES_MCDC1,ppgs:bmi,0.009680970206609045,0.006024871835055156,1.6068342151747064,0.10810187788992061
bmi,alt_log_adj,REACTOME_DEFECTIVE_CHSY1_CAUSES_TPBS,ppgs,0.008912103547575373,0.005708320743940551,1.56124786033365,0.11847644331666912
bmi,alt_log_adj,REACTOME_DEFECTIVE_CHSY1_CAUSES_TPBS,bmi,0.2885126523756294,0.005762330135708564,50.06874746515239,0
bmi,alt_log_adj,REACTOME_DEFECTIVE_CHSY1_CAUSES_TPBS,ppgs:bmi,0.006051586959566493,0.005734656961013747,1.0552657291808996,0.2913128036281411
bmi,alt_log_adj,REACTOME_DEFECTIVE_CSF2RB_CAUSES_SMDP5,ppgs,-0.0017489588061224905,0.006171452612822711,-0.2833949988514209,0.7768761311231671
bmi,alt_log_adj,REACTOME_DEFECTIVE_CSF2RB_CAUSES_SMDP5,bmi,0.2883862362632545,0.005761698297531838,50.05229732122414,0
bmi,alt_log_adj,REACTOME_DEFECTIVE_CSF2RB_CAUSES_SMDP5,ppgs:bmi,-0.007848196603442723,0.006118882002138608,-1.282619374045733,0.1996359464834911
bmi,alt_log_adj,REACTOME_DEFECTIVE_EXT2_CAUSES_EXOSTOSES_2,ppgs,0.0032503128450953604,0.005901854439239065,0.5507273821403207,0.5818249107905484
bmi,alt_log_adj,REACTOME_DEFECTIVE_EXT2_CAUSES_EXOSTOSES_2,bmi,0.28844442951928123,0.005761237228126495,50.06640381185638,0
bmi,alt_log_adj,REACTOME_DEFECTIVE_EXT2_CAUSES_EXOSTOSES_2,ppgs:bmi,-0.011040232006546087,0.00591047988917193,-1.867907887948646,0.06178522053285937
bmi,alt_log_adj,REACTOME_DEFECTIVE_F9_ACTIVATION,ppgs,-0.0031679689536914337,0.005721792704219226,-0.5536672014271657,0.5798109925301621
bmi,alt_log_adj,REACTOME_DEFECTIVE_F9_ACTIVATION,bmi,0.28856822984339964,0.005761948238653266,50.081711582825044,0
bmi,alt_log_adj,REACTOME_DEFECTIVE_F9_ACTIVATION,ppgs:bmi,-0.009662135029885907,0.005748718951925596,-1.6807457645236716,0.09282332415758655
bmi,alt_log_adj,REACTOME_DEFECTIVE_FACTOR_IX_CAUSES_HEMOPHILIA_B,ppgs,0.0018430906405094989,0.005744063446394743,0.32086878177961514,0.748312197836863
bmi,alt_log_adj,REACTOME_DEFECTIVE_FACTOR_IX_CAUSES_HEMOPHILIA_B,bmi,0.28840002513716056,0.005762262563954314,50.04978893902537,0
bmi,alt_log_adj,REACTOME_DEFECTIVE_FACTOR_IX_CAUSES_HEMOPHILIA_B,ppgs:bmi,4.03765305862222e-4,0.005798190583447285,0.06963643227162866,0.9444835297330187
bmi,alt_log_adj,REACTOME_DEFECTIVE_FACTOR_VIII_CAUSES_HEMOPHILIA_A,ppgs,0.006968720734113434,0.0057617060534356935,1.2094891112950825,0.22648507832314424
bmi,alt_log_adj,REACTOME_DEFECTIVE_FACTOR_VIII_CAUSES_HEMOPHILIA_A,bmi,0.28831825504146763,0.005761906711702185,50.03868848759832,0
bmi,alt_log_adj,REACTOME_DEFECTIVE_FACTOR_VIII_CAUSES_HEMOPHILIA_A,ppgs:bmi,0.006960784281566823,0.005794872095362643,1.201197225239398,0.22968474132355135
bmi,alt_log_adj,REACTOME_DEFECTIVE_GALNT3_CAUSES_HFTC,ppgs,0.0024300527615271116,0.005702021626820418,0.42617389420218077,0.6699843743909069
bmi,alt_log_adj,REACTOME_DEFECTIVE_GALNT3_CAUSES_HFTC,bmi,0.2884088996180965,0.005761539045312399,50.05761435440529,0
bmi,alt_log_adj,REACTOME_DEFECTIVE_GALNT3_CAUSES_HFTC,ppgs:bmi,-0.005251334940287935,0.005666027476822156,-0.9268107085201067,0.3540327143703388
bmi,alt_log_adj,REACTOME_DEFECTIVE_INTRINSIC_PATHWAY_FOR_APOPTOSIS,ppgs,0.012948024945852893,0.005778422076896336,2.240754443608841,0.025049696979719174
bmi,alt_log_adj,REACTOME_DEFECTIVE_INTRINSIC_PATHWAY_FOR_APOPTOSIS,bmi,0.28829194844711886,0.005761504378693765,50.03761682681906,0
bmi,alt_log_adj,REACTOME_DEFECTIVE_INTRINSIC_PATHWAY_FOR_APOPTOSIS,ppgs:bmi,0.007339936201973752,0.005743656827793695,1.277920394974787,0.20128796019821657
bmi,alt_log_adj,REACTOME_DEFECTIVE_LFNG_CAUSES_SCDO3,ppgs,0.009584739929241717,0.005740070479094725,1.6697948159607512,0.09497100723216252
bmi,alt_log_adj,REACTOME_DEFECTIVE_LFNG_CAUSES_SCDO3,bmi,0.2883175064766962,0.005761998358337477,50.03776269035334,0
bmi,alt_log_adj,REACTOME_DEFECTIVE_LFNG_CAUSES_SCDO3,ppgs:bmi,0.002210540885656587,0.005721778596413724,0.3863380675096555,0.6992492105733215
bmi,alt_log_adj,REACTOME_DEFECTIVE_RIPK1_MEDIATED_REGULATED_NECROSIS,ppgs,-0.002064825700527901,0.005718663197905526,-0.36106789805074524,0.7180513810300871
bmi,alt_log_adj,REACTOME_DEFECTIVE_RIPK1_MEDIATED_REGULATED_NECROSIS,bmi,0.2884284644844249,0.005761174886907661,50.06417443426028,0
bmi,alt_log_adj,REACTOME_DEFECTIVE_RIPK1_MEDIATED_REGULATED_NECROSIS,ppgs:bmi,-0.01176567041178359,0.005668819165046535,-2.075506391936037,0.037948621836977385
bmi,alt_log_adj,REACTOME_DEFECTIVE_ST3GAL3_CAUSES_MCT12_AND_EIEE15,ppgs,-0.0016819042330456233,0.005804684046796443,-0.2897494884280312,0.7720100123510067
bmi,alt_log_adj,REACTOME_DEFECTIVE_ST3GAL3_CAUSES_MCT12_AND_EIEE15,bmi,0.2884110304377199,0.005761610555517585,50.057362895089135,0
bmi,alt_log_adj,REACTOME_DEFECTIVE_ST3GAL3_CAUSES_MCT12_AND_EIEE15,ppgs:bmi,8.592763078392809e-4,0.0057921103916396145,0.14835288862580526,0.8820653331840738
bmi,alt_log_adj,REACTOME_DEFECTS_IN_BIOTIN_BTN_METABOLISM,ppgs,0.014521530694017357,0.0057088566177633466,2.543684605571106,0.010974270221955552
bmi,alt_log_adj,REACTOME_DEFECTS_IN_BIOTIN_BTN_METABOLISM,bmi,0.2883385538090532,0.005761018516466365,50.04992658588284,0
bmi,alt_log_adj,REACTOME_DEFECTS_IN_BIOTIN_BTN_METABOLISM,ppgs:bmi,5.856181372166004e-4,0.005660877486692034,0.10345006380959672,0.9176065118664873
bmi,alt_log_adj,REACTOME_DEFECTS_IN_COBALAMIN_B12_METABOLISM,ppgs,-8.265385159447622e-4,0.005683046105903808,-0.145439347234244,0.8843650343471768
bmi,alt_log_adj,REACTOME_DEFECTS_IN_COBALAMIN_B12_METABOLISM,bmi,0.2884299786333056,0.0057616721352174195,50.06011655372014,0
bmi,alt_log_adj,REACTOME_DEFECTS_IN_COBALAMIN_B12_METABOLISM,ppgs:bmi,-0.004925971244700937,0.005601107047169847,-0.8794638636999367,0.37915727292794377
bmi,alt_log_adj,REACTOME_DEFECTS_IN_VITAMIN_AND_COFACTOR_METABOLISM,ppgs,0.013778407286145935,0.005695719688563545,2.419081001091336,0.015566028353201871
bmi,alt_log_adj,REACTOME_DEFECTS_IN_VITAMIN_AND_COFACTOR_METABOLISM,bmi,0.2883141400118456,0.005761160424253016,50.04445611306302,0
bmi,alt_log_adj,REACTOME_DEFECTS_IN_VITAMIN_AND_COFACTOR_METABOLISM,ppgs:bmi,0.0014325198807098353,0.0057358103955282526,0.2497502152139923,0.8027823319401833
bmi,alt_log_adj,REACTOME_DEFECTS_OF_CONTACT_ACTIVATION_SYSTEM_CAS_AND_KALLIKREIN_KININ_SYSTEM_KKS,ppgs,0.011354169449450729,0.005796808892185234,1.9586930776271505,0.050158531525360144
bmi,alt_log_adj,REACTOME_DEFECTS_OF_CONTACT_ACTIVATION_SYSTEM_CAS_AND_KALLIKREIN_KININ_SYSTEM_KKS,bmi,0.2884396153501513,0.0057617103649205735,50.06145694276451,0
bmi,alt_log_adj,REACTOME_DEFECTS_OF_CONTACT_ACTIVATION_SYSTEM_CAS_AND_KALLIKREIN_KININ_SYSTEM_KKS,ppgs:bmi,1.943213158343165e-4,0.005811822308114611,0.033435522549097936,0.9733275179918901
bmi,alt_log_adj,REACTOME_DEFECTS_OF_PLATELET_ADHESION_TO_EXPOSED_COLLAGEN,ppgs,0.001039278125919118,0.005695682862890586,0.18246769543479804,0.8552170088374136
bmi,alt_log_adj,REACTOME_DEFECTS_OF_PLATELET_ADHESION_TO_EXPOSED_COLLAGEN,bmi,0.28841086089430923,0.005761517693878217,50.05814027105294,0
bmi,alt_log_adj,REACTOME_DEFECTS_OF_PLATELET_ADHESION_TO_EXPOSED_COLLAGEN,ppgs:bmi,0.005074289343587772,0.0056859396409148,0.8924275782096378,0.37217136990431776
bmi,alt_log_adj,REACTOME_DEFENSINS,ppgs,0.008408617549287479,0.0057923985896459656,1.4516641800718029,0.14660607017928473
bmi,alt_log_adj,REACTOME_DEFENSINS,bmi,0.288393325845829,0.005761973815738733,50.05113439739826,0
bmi,alt_log_adj,REACTOME_DEFENSINS,ppgs:bmi,-0.0010446690076245226,0.005679429094013473,-0.18393908794911779,0.8540625558141884
bmi,alt_log_adj,REACTOME_DEGRADATION_OF_AXIN,ppgs,-0.0076519635937135335,0.006047460355817047,-1.2653185210801947,0.2057675700305726
bmi,alt_log_adj,REACTOME_DEGRADATION_OF_AXIN,bmi,0.28848191616618357,0.005761557438549695,50.07012760751032,0
bmi,alt_log_adj,REACTOME_DEGRADATION_OF_AXIN,ppgs:bmi,-0.004812555197176222,0.0060149634333392385,-0.8000971660944091,0.4236612075814802
bmi,alt_log_adj,REACTOME_DEGRADATION_OF_BETA_CATENIN_BY_THE_DESTRUCTION_COMPLEX,ppgs,0.009302204151607157,0.006246878700486867,1.4890963307614993,0.13647312836277595
bmi,alt_log_adj,REACTOME_DEGRADATION_OF_BETA_CATENIN_BY_THE_DESTRUCTION_COMPLEX,bmi,0.2883627259983638,0.005761016661314977,50.05413852292936,0
bmi,alt_log_adj,REACTOME_DEGRADATION_OF_BETA_CATENIN_BY_THE_DESTRUCTION_COMPLEX,ppgs:bmi,0.01206298663906109,0.006219390755322665,1.9395768996725882,0.052441037841975846
bmi,alt_log_adj,REACTOME_DEGRADATION_OF_CRY_AND_PER_PROTEINS,ppgs,-0.008403992657551434,0.006066247339592394,-1.3853692714936545,0.16595048214637326
bmi,alt_log_adj,REACTOME_DEGRADATION_OF_CRY_AND_PER_PROTEINS,bmi,0.28822531181071515,0.00576270609468485,50.015618890672854,0
bmi,alt_log_adj,REACTOME_DEGRADATION_OF_CRY_AND_PER_PROTEINS,ppgs:bmi,-0.005236268519371007,0.006126624169235725,-0.8546743483408764,0.3927386779282548
bmi,alt_log_adj,REACTOME_DEGRADATION_OF_CYSTEINE_AND_HOMOCYSTEINE,ppgs,0.004554783008193184,0.0057314189601521785,0.79470425035413,0.42679221241252985
bmi,alt_log_adj,REACTOME_DEGRADATION_OF_CYSTEINE_AND_HOMOCYSTEINE,bmi,0.28855040812855454,0.005762575410378195,50.07316825891518,0
bmi,alt_log_adj,REACTOME_DEGRADATION_OF_CYSTEINE_AND_HOMOCYSTEINE,ppgs:bmi,0.005803483745743265,0.005792859910187018,1.0018339534739247,0.31643234689055827
bmi,alt_log_adj,REACTOME_DEGRADATION_OF_DVL,ppgs,0.0045732011590905435,0.0056920484117006205,0.8034367996044859,0.42172904884408025
bmi,alt_log_adj,REACTOME_DEGRADATION_OF_DVL,bmi,0.28845773285581944,0.00576198285549941,50.06223379864914,0
bmi,alt_log_adj,REACTOME_DEGRADATION_OF_DVL,ppgs:bmi,3.2851409780466125e-4,0.005709948478564817,0.057533636080589035,0.9541205182590821
bmi,alt_log_adj,REACTOME_DEGRADATION_OF_GLI1_BY_THE_PROTEASOME,ppgs,9.321953638074437e-4,0.005909663297175373,0.15774085881559494,0.874662126340325
bmi,alt_log_adj,REACTOME_DEGRADATION_OF_GLI1_BY_THE_PROTEASOME,bmi,0.28841238281309706,0.0057623185857537075,50.05144691689637,0
bmi,alt_log_adj,REACTOME_DEGRADATION_OF_GLI1_BY_THE_PROTEASOME,ppgs:bmi,-7.959556670945834e-4,0.005955464555142015,-0.1336513146413316,0.8936792536617171
bmi,alt_log_adj,REACTOME_DEGRADATION_OF_THE_EXTRACELLULAR_MATRIX,ppgs,0.016847027278612346,0.006705232376913123,2.5125195267830795,0.011992752502861265
bmi,alt_log_adj,REACTOME_DEGRADATION_OF_THE_EXTRACELLULAR_MATRIX,bmi,0.2883588786418185,0.0057609589156591675,50.05397241386585,0
bmi,alt_log_adj,REACTOME_DEGRADATION_OF_THE_EXTRACELLULAR_MATRIX,ppgs:bmi,0.004374240090132807,0.006739283069357194,0.6490660868693902,0.5163009192042773
bmi,alt_log_adj,REACTOME_DEPOLYMERIZATION_OF_THE_NUCLEAR_LAMINA,ppgs,0.0013280604896722442,0.00573356397610745,0.2316291394334231,0.8168277447853227
bmi,alt_log_adj,REACTOME_DEPOLYMERIZATION_OF_THE_NUCLEAR_LAMINA,bmi,0.2884067166335582,0.005762056810236493,50.05273743937993,0
bmi,alt_log_adj,REACTOME_DEPOLYMERIZATION_OF_THE_NUCLEAR_LAMINA,ppgs:bmi,-1.2037700155787758e-4,0.005769407153232263,-0.020864709035214712,0.9833537254480484
bmi,alt_log_adj,REACTOME_DEPOSITION_OF_NEW_CENPA_CONTAINING_NUCLEOSOMES_AT_THE_CENTROMERE,ppgs,0.002115238312555629,0.005773867647737571,0.3663468651527651,0.7141089972282384
bmi,alt_log_adj,REACTOME_DEPOSITION_OF_NEW_CENPA_CONTAINING_NUCLEOSOMES_AT_THE_CENTROMERE,bmi,0.28843859245645426,0.005761903183382781,50.05960414057384,0
bmi,alt_log_adj,REACTOME_DEPOSITION_OF_NEW_CENPA_CONTAINING_NUCLEOSOMES_AT_THE_CENTROMERE,ppgs:bmi,-0.004753826265013347,0.0058139835419497585,-0.8176538909532447,0.41356171813187537
bmi,alt_log_adj,REACTOME_DERMATAN_SULFATE_BIOSYNTHESIS,ppgs,0.009808065963361354,0.005686011111257762,1.7249466755248357,0.08454798241452043
bmi,alt_log_adj,REACTOME_DERMATAN_SULFATE_BIOSYNTHESIS,bmi,0.2886076715175287,0.005763727881759386,50.073091137923534,0
bmi,alt_log_adj,REACTOME_DERMATAN_SULFATE_BIOSYNTHESIS,ppgs:bmi,0.0049878205052760515,0.0056144288484679655,0.8883932168161861,0.37433681067932545
bmi,alt_log_adj,REACTOME_DETOXIFICATION_OF_REACTIVE_OXYGEN_SPECIES,ppgs,0.0020441275636449347,0.005776850475517627,0.3538480998093989,0.7234553556409138
bmi,alt_log_adj,REACTOME_DETOXIFICATION_OF_REACTIVE_OXYGEN_SPECIES,bmi,0.2884504843076374,0.005761420521526978,50.065861922397566,0
bmi,alt_log_adj,REACTOME_DETOXIFICATION_OF_REACTIVE_OXYGEN_SPECIES,ppgs:bmi,0.00856309270449198,0.0058628460588767695,1.4605692556990888,0.1441447712274665
bmi,alt_log_adj,REACTOME_DEUBIQUITINATION,ppgs,0.007275325647531956,0.006383283424372881,1.139746610616262,0.2544015123304236
bmi,alt_log_adj,REACTOME_DEUBIQUITINATION,bmi,0.28833504421048617,0.005761809805336034,50.04244394590359,0
bmi,alt_log_adj,REACTOME_DEUBIQUITINATION,ppgs:bmi,0.0031791513984123407,0.00634739884975858,0.5008589303527473,0.616474296899391
bmi,alt_log_adj,REACTOME_DEVELOPMENTAL_CELL_LINEAGES,ppgs,0.022557291978809766,0.006219366272959369,3.6269438056550256,2.872986444525892e-4
bmi,alt_log_adj,REACTOME_DEVELOPMENTAL_CELL_LINEAGES,bmi,0.2884816866009759,0.005760181345252486,50.08204938525783,0
bmi,alt_log_adj,REACTOME_DEVELOPMENTAL_CELL_LINEAGES,ppgs:bmi,0.007201249100334137,0.006321585399579765,1.1391523874395255,0.25464922616464647
bmi,alt_log_adj,REACTOME_DEVELOPMENTAL_CELL_LINEAGES_OF_THE_EXOCRINE_PANCREAS,ppgs,0.01972971435443784,0.0061122449848042375,3.2278997984354745,0.0012484440027419564
bmi,alt_log_adj,REACTOME_DEVELOPMENTAL_CELL_LINEAGES_OF_THE_EXOCRINE_PANCREAS,bmi,0.2884879238288192,0.00576111188084455,50.07504276874559,0
bmi,alt_log_adj,REACTOME_DEVELOPMENTAL_CELL_LINEAGES_OF_THE_EXOCRINE_PANCREAS,ppgs:bmi,-0.0025004085541245466,0.006241573155338119,-0.4006055031151989,0.6887136123751731
bmi,alt_log_adj,REACTOME_DEVELOPMENTAL_LINEAGE_OF_MULTIPOTENT_PANCREATIC_PROGENITOR_CELLS,ppgs,0.017191035940710763,0.005788411529543841,2.969905621424521,0.002981407181669191
bmi,alt_log_adj,REACTOME_DEVELOPMENTAL_LINEAGE_OF_MULTIPOTENT_PANCREATIC_PROGENITOR_CELLS,bmi,0.2884173961864065,0.005760412238920194,50.068881223068715,0
bmi,alt_log_adj,REACTOME_DEVELOPMENTAL_LINEAGE_OF_MULTIPOTENT_PANCREATIC_PROGENITOR_CELLS,ppgs:bmi,-0.00995121401894848,0.005802290898162654,-1.7150491406936557,0.08634714646461603
bmi,alt_log_adj,REACTOME_DEVELOPMENTAL_LINEAGE_OF_PANCREATIC_ACINAR_CELLS,ppgs,0.017815452422949834,0.005828981865152349,3.056357496916694,0.002242523065834254
bmi,alt_log_adj,REACTOME_DEVELOPMENTAL_LINEAGE_OF_PANCREATIC_ACINAR_CELLS,bmi,0.28839374630691356,0.005760871717503823,50.0607825427979,0
bmi,alt_log_adj,REACTOME_DEVELOPMENTAL_LINEAGE_OF_PANCREATIC_ACINAR_CELLS,ppgs:bmi,-0.0032887742722192605,0.0058379756292820375,-0.5633415555425535,0.5732067819672435
bmi,alt_log_adj,REACTOME_DEVELOPMENTAL_LINEAGE_OF_PANCREATIC_DUCTAL_CELLS,ppgs,0.01631720423015845,0.005989205695071402,2.7244354361691228,0.006445100042577481
bmi,alt_log_adj,REACTOME_DEVELOPMENTAL_LINEAGE_OF_PANCREATIC_DUCTAL_CELLS,bmi,0.28844336670720777,0.0057613240870725965,50.06546452653553,0
bmi,alt_log_adj,REACTOME_DEVELOPMENTAL_LINEAGE_OF_PANCREATIC_DUCTAL_CELLS,ppgs:bmi,-0.0032806522446926557,0.006079500446190649,-0.539625298777349,0.5894597044746952
bmi,alt_log_adj,REACTOME_DEX_H_BOX_HELICASES_ACTIVATE_TYPE_I_IFN_AND_INFLAMMATORY_CYTOKINES_PRODUCTION,ppgs,-0.0012768201806000444,0.0057108580932628454,-0.22357764100395378,0.8230875742326154
bmi,alt_log_adj,REACTOME_DEX_H_BOX_HELICASES_ACTIVATE_TYPE_I_IFN_AND_INFLAMMATORY_CYTOKINES_PRODUCTION,bmi,0.2884520502358739,0.005760975833527341,50.069998307779734,0
bmi,alt_log_adj,REACTOME_DEX_H_BOX_HELICASES_ACTIVATE_TYPE_I_IFN_AND_INFLAMMATORY_CYTOKINES_PRODUCTION,ppgs:bmi,-0.01434375815458965,0.005716425661564387,-2.509217998063542,0.01210540991218102
bmi,alt_log_adj,REACTOME_DIFFERENTIATION_OF_KERATINOCYTES_IN_INTERFOLLICULAR_EPIDERMIS_IN_MAMMALIAN_SKIN,ppgs,0.010740171970165031,0.005845313385412882,1.8373988291145151,0.0661614999411589
bmi,alt_log_adj,REACTOME_DIFFERENTIATION_OF_KERATINOCYTES_IN_INTERFOLLICULAR_EPIDERMIS_IN_MAMMALIAN_SKIN,bmi,0.288129100480797,0.005761399047203798,50.01026627736119,0
bmi,alt_log_adj,REACTOME_DIFFERENTIATION_OF_KERATINOCYTES_IN_INTERFOLLICULAR_EPIDERMIS_IN_MAMMALIAN_SKIN,ppgs:bmi,0.014548898208374345,0.005796598831047548,2.5099025536230015,0.012081974176542502
bmi,alt_log_adj,REACTOME_DIGESTION,ppgs,0.012544117596560584,0.0057347707873435716,2.187379070885447,0.028723002355715378
bmi,alt_log_adj,REACTOME_DIGESTION,bmi,0.28823077602536096,0.005762137911539348,50.02149904259415,0
bmi,alt_log_adj,REACTOME_DIGESTION,ppgs:bmi,-0.00959010991325399,0.005608207847116578,-1.7100132831533124,0.08727435966013394
bmi,alt_log_adj,REACTOME_DIGESTION_AND_ABSORPTION,ppgs,0.011647701689617571,0.005888471289116689,1.9780518775977265,0.04793252154185321
bmi,alt_log_adj,REACTOME_DIGESTION_AND_ABSORPTION,bmi,0.28855692249579845,0.005764455151395768,50.05796990647575,0
bmi,alt_log_adj,REACTOME_DIGESTION_AND_ABSORPTION,ppgs:bmi,0.0014452588637513298,0.0058458363524942405,0.24722875848802744,0.8047329803052162
bmi,alt_log_adj,REACTOME_DIGESTION_OF_DIETARY_CARBOHYDRATE,ppgs,0.006519686670046397,0.0057574623836065715,1.132388930340237,0.25748053466846565
bmi,alt_log_adj,REACTOME_DIGESTION_OF_DIETARY_CARBOHYDRATE,bmi,0.2883067113794557,0.005762982366754589,50.02734574421663,0
bmi,alt_log_adj,REACTOME_DIGESTION_OF_DIETARY_CARBOHYDRATE,ppgs:bmi,-0.004715715080946689,0.005625572843910857,-0.838263979827583,0.4018895288918779
bmi,alt_log_adj,REACTOME_DIGESTION_OF_DIETARY_LIPID,ppgs,0.01161740787452004,0.00570369224592979,2.036822355345405,0.04167711860705347
bmi,alt_log_adj,REACTOME_DIGESTION_OF_DIETARY_LIPID,bmi,0.28842414219619833,0.0057610940406958334,50.06412673683106,0
bmi,alt_log_adj,REACTOME_DIGESTION_OF_DIETARY_LIPID,ppgs:bmi,-0.0073601818712665775,0.0057427495567283155,-1.2816477191911055,0.19997673501018692
bmi,alt_log_adj,REACTOME_DISASSEMBLY_OF_THE_DESTRUCTION_COMPLEX_AND_RECRUITMENT_OF_AXIN_TO_THE_MEMBRANE,ppgs,0.013441376260156531,0.005907340209814139,2.2753685724458106,0.022891259078488914
bmi,alt_log_adj,REACTOME_DISASSEMBLY_OF_THE_DESTRUCTION_COMPLEX_AND_RECRUITMENT_OF_AXIN_TO_THE_MEMBRANE,bmi,0.2883791576359756,0.005761115446696558,50.056132411186645,0
bmi,alt_log_adj,REACTOME_DISASSEMBLY_OF_THE_DESTRUCTION_COMPLEX_AND_RECRUITMENT_OF_AXIN_TO_THE_MEMBRANE,ppgs:bmi,0.005779955762168107,0.005843264754228046,0.9891654760270566,0.3225906294092603
bmi,alt_log_adj,REACTOME_DISEASES_ASSOCIATED_WITH_GLYCOSAMINOGLYCAN_METABOLISM,ppgs,0.008055735569109544,0.005960164079539566,1.3515962751367516,0.17651528732652783
bmi,alt_log_adj,REACTOME_DISEASES_ASSOCIATED_WITH_GLYCOSAMINOGLYCAN_METABOLISM,bmi,0.2883949933055205,0.0057613849374482055,50.05653960578001,0
bmi,alt_log_adj,REACTOME_DISEASES_ASSOCIATED_WITH_GLYCOSAMINOGLYCAN_METABOLISM,ppgs:bmi,-0.004997634971952323,0.006003670958652879,-0.832429859392845,0.40517336624451195
bmi,alt_log_adj,REACTOME_DISEASES_ASSOCIATED_WITH_GLYCOSYLATION_PRECURSOR_BIOSYNTHESIS,ppgs,0.0055408943013741324,0.00575032219223803,0.9635797988595162,0.3352648581938592
bmi,alt_log_adj,REACTOME_DISEASES_ASSOCIATED_WITH_GLYCOSYLATION_PRECURSOR_BIOSYNTHESIS,bmi,0.2883860619979079,0.005761232424755447,50.056314471664336,0
bmi,alt_log_adj,REACTOME_DISEASES_ASSOCIATED_WITH_GLYCOSYLATION_PRECURSOR_BIOSYNTHESIS,ppgs:bmi,0.009651332297692062,0.005713307014830347,1.6892724778555686,0.09117822193604516
bmi,alt_log_adj,REACTOME_DISEASES_ASSOCIATED_WITH_N_GLYCOSYLATION_OF_PROTEINS,ppgs,0.0014863604235145131,0.005820970832204364,0.25534579477554914,0.7984578852794145
bmi,alt_log_adj,REACTOME_DISEASES_ASSOCIATED_WITH_N_GLYCOSYLATION_OF_PROTEINS,bmi,0.288422917141728,0.005761851755471429,50.05733041775032,0
bmi,alt_log_adj,REACTOME_DISEASES_ASSOCIATED_WITH_N_GLYCOSYLATION_OF_PROTEINS,ppgs:bmi,-0.0014717278210398558,0.005780023107633051,-0.25462317254342876,0.7990160068126653
bmi,alt_log_adj,REACTOME_DISEASES_ASSOCIATED_WITH_O_GLYCOSYLATION_OF_PROTEINS,ppgs,0.008848958308043066,0.006244530375469613,1.417073466854197,0.1564724387935933
bmi,alt_log_adj,REACTOME_DISEASES_ASSOCIATED_WITH_O_GLYCOSYLATION_OF_PROTEINS,bmi,0.28825959389782163,0.005762348025835513,50.02467615725542,0
bmi,alt_log_adj,REACTOME_DISEASES_ASSOCIATED_WITH_O_GLYCOSYLATION_OF_PROTEINS,ppgs:bmi,0.005041950034643371,0.0062205475304865625,0.8105315504677122,0.41764154360850936
bmi,alt_log_adj,REACTOME_DISEASES_ASSOCIATED_WITH_SURFACTANT_METABOLISM,ppgs,0.0012169698069992372,0.006053572690616753,0.20103331853693315,0.840673963733269
bmi,alt_log_adj,REACTOME_DISEASES_ASSOCIATED_WITH_SURFACTANT_METABOLISM,bmi,0.28838472926311015,0.005761823618262815,50.05094712532313,0
bmi,alt_log_adj,REACTOME_DISEASES_ASSOCIATED_WITH_SURFACTANT_METABOLISM,ppgs:bmi,-0.0031040004985697354,0.0060334808815896675,-0.5144626393101143,0.6069325853054452
bmi,alt_log_adj,REACTOME_DISEASES_OF_BASE_EXCISION_REPAIR,ppgs,0.0020856542141813564,0.00570175768952973,0.36579145024196513,0.7145234295644897
bmi,alt_log_adj,REACTOME_DISEASES_OF_BASE_EXCISION_REPAIR,bmi,0.28845468745524194,0.005761387636599192,50.06687722638808,0
bmi,alt_log_adj,REACTOME_DISEASES_OF_BASE_EXCISION_REPAIR,ppgs:bmi,0.009927294366039455,0.005691620195127689,1.744194803184112,0.0811359655789063
bmi,alt_log_adj,REACTOME_DISEASES_OF_BRANCHED_CHAIN_AMINO_ACID_CATABOLISM,ppgs,0.002417175816389708,0.0057112458011117735,0.42323092028698384,0.6721300000161899
bmi,alt_log_adj,REACTOME_DISEASES_OF_BRANCHED_CHAIN_AMINO_ACID_CATABOLISM,bmi,0.2884039583345548,0.0057616176710867896,50.05607362353052,0
bmi,alt_log_adj,REACTOME_DISEASES_OF_BRANCHED_CHAIN_AMINO_ACID_CATABOLISM,ppgs:bmi,0.0017844096700522036,0.005754401239850169,0.31009475976316614,0.7564911766129392
bmi,alt_log_adj,REACTOME_DISEASES_OF_CARBOHYDRATE_METABOLISM,ppgs,0.010480417789012977,0.005851887743964519,1.7909464855716346,0.07331254816496617
bmi,alt_log_adj,REACTOME_DISEASES_OF_CARBOHYDRATE_METABOLISM,bmi,0.2884802689793729,0.005761131433427076,50.07354411419269,0
bmi,alt_log_adj,REACTOME_DISEASES_OF_CARBOHYDRATE_METABOLISM,ppgs:bmi,0.00983539864051335,0.005904520620659713,1.6657404169442023,0.09577617732559894
bmi,alt_log_adj,REACTOME_DISEASES_OF_DNA_REPAIR,ppgs,-0.0054682043068633255,0.006113492661177611,-0.8944484944895662,0.3710895696188774
bmi,alt_log_adj,REACTOME_DISEASES_OF_DNA_REPAIR,bmi,0.28850165272507655,0.005763221679299359,50.05909346873327,0
bmi,alt_log_adj,REACTOME_DISEASES_OF_DNA_REPAIR,ppgs:bmi,-0.0012113636398724341,0.006116234135298244,-0.19805710721265002,0.8430018036509771
bmi,alt_log_adj,REACTOME_DISEASES_OF_GLYCOSYLATION,ppgs,0.013584690102898369,0.006599442237905651,2.058460338492106,0.039555082866894936
bmi,alt_log_adj,REACTOME_DISEASES_OF_GLYCOSYLATION,bmi,0.28826953507781794,0.0057620320657585135,50.029144542754324,0
bmi,alt_log_adj,REACTOME_DISEASES_OF_GLYCOSYLATION,ppgs:bmi,0.0028232492035646407,0.006614899534337677,0.42680152418177597,0.6695271374147623
bmi,alt_log_adj,REACTOME_DISEASES_OF_HEMOSTASIS,ppgs,0.01208691607522175,0.005823610443938184,2.075502163405017,0.03794901335768957
bmi,alt_log_adj,REACTOME_DISEASES_OF_HEMOSTASIS,bmi,0.28843407543073596,0.005761617395173837,50.06130321536796,0
bmi,alt_log_adj,REACTOME_DISEASES_OF_HEMOSTASIS,ppgs:bmi,5.823288087633106e-4,0.005857515736799057,0.09941566270234801,0.9208089502996439
bmi,alt_log_adj,REACTOME_DISEASES_OF_IMMUNE_SYSTEM,ppgs,0.03667792497219296,0.005795779416674162,6.328385249906585,2.514412921151609e-10
bmi,alt_log_adj,REACTOME_DISEASES_OF_IMMUNE_SYSTEM,bmi,0.28823452603512567,0.005757891305298824,50.0590425821119,0
bmi,alt_log_adj,REACTOME_DISEASES_OF_IMMUNE_SYSTEM,ppgs:bmi,0.009108460719160162,0.005845429032764794,1.5582193656112195,0.11919241897646835
bmi,alt_log_adj,REACTOME_DISEASES_OF_METABOLISM,ppgs,0.021903059694650572,0.00693315481261098,3.159176491315362,0.0015838178152739583
bmi,alt_log_adj,REACTOME_DISEASES_OF_METABOLISM,bmi,0.2882578724942137,0.005761797295093638,50.0291589118685,0
bmi,alt_log_adj,REACTOME_DISEASES_OF_METABOLISM,ppgs:bmi,0.002891966128070501,0.006964960155305513,0.4152164640694412,0.677986589771133
bmi,alt_log_adj,REACTOME_DISEASES_OF_MISMATCH_REPAIR_MMR,ppgs,0.002363534877034151,0.005709608928906194,0.4139574017176935,0.6789084359705869
bmi,alt_log_adj,REACTOME_DISEASES_OF_MISMATCH_REPAIR_MMR,bmi,0.28836227522530755,0.005761793604351728,50.04731079008371,0
bmi,alt_log_adj,REACTOME_DISEASES_OF_MISMATCH_REPAIR_MMR,ppgs:bmi,-0.004676864438575246,0.005690921328515886,-0.8218114727997667,0.41119111477008974
bmi,alt_log_adj,REACTOME_DISEASES_OF_MITOTIC_CELL_CYCLE,ppgs,0.005661569852625239,0.005806514848599121,0.9750375225495459,0.3295499677204553
bmi,alt_log_adj,REACTOME_DISEASES_OF_MITOTIC_CELL_CYCLE,bmi,0.28847240269278396,0.0057615217535133476,50.068786517533304,0
bmi,alt_log_adj,REACTOME_DISEASES_OF_MITOTIC_CELL_CYCLE,ppgs:bmi,-0.00658416700595449,0.005740493860501457,-1.1469687392679024,0.2514042213919732
bmi,alt_log_adj,REACTOME_DISEASES_OF_PROGRAMMED_CELL_DEATH,ppgs,0.004973563888475442,0.005822477689394076,0.8542005918777548,0.39300107354519653
bmi,alt_log_adj,REACTOME_DISEASES_OF_PROGRAMMED_CELL_DEATH,bmi,0.2884200584864434,0.005761533428241484,50.05959994481435,0
bmi,alt_log_adj,REACTOME_DISEASES_OF_PROGRAMMED_CELL_DEATH,ppgs:bmi,5.1450731394925314e-5,0.005801646117747947,0.008868298815663922,0.9929242764465146
bmi,alt_log_adj,REACTOME_DISEASES_OF_SIGNAL_TRANSDUCTION_BY_GROWTH_FACTOR_RECEPTORS_AND_SECOND_MESSENGERS,ppgs,0.02642016154028511,0.007567764287458131,3.4911448793497164,4.816866884098784e-4
bmi,alt_log_adj,REACTOME_DISEASES_OF_SIGNAL_TRANSDUCTION_BY_GROWTH_FACTOR_RECEPTORS_AND_SECOND_MESSENGERS,bmi,0.2879122760069539,0.005763380771877226,49.9554493105574,0
bmi,alt_log_adj,REACTOME_DISEASES_OF_SIGNAL_TRANSDUCTION_BY_GROWTH_FACTOR_RECEPTORS_AND_SECOND_MESSENGERS,ppgs:bmi,0.011786018825974173,0.007582586018083038,1.554353461716984,0.12011129097271431
bmi,alt_log_adj,REACTOME_DISINHIBITION_OF_SNARE_FORMATION,ppgs,0.008171658041002222,0.005714139818817061,1.430076669473922,0.1527060365630883
bmi,alt_log_adj,REACTOME_DISINHIBITION_OF_SNARE_FORMATION,bmi,0.2884130659198853,0.0057621518489953585,50.053013783413334,0
bmi,alt_log_adj,REACTOME_DISINHIBITION_OF_SNARE_FORMATION,ppgs:bmi,-0.0017097341466419445,0.0057854682924570406,-0.2955221704129044,0.7675971831028947
bmi,alt_log_adj,REACTOME_DISORDERS_OF_TRANSMEMBRANE_TRANSPORTERS,ppgs,0.029710706964213355,0.006436686147572914,4.615839002095262,3.932252577104714e-6
bmi,alt_log_adj,REACTOME_DISORDERS_OF_TRANSMEMBRANE_TRANSPORTERS,bmi,0.2886395743937698,0.005760429585920887,50.10730017414606,0
bmi,alt_log_adj,REACTOME_DISORDERS_OF_TRANSMEMBRANE_TRANSPORTERS,ppgs:bmi,0.012749605892316784,0.0065082239396322085,1.9589992616383891,0.05012266124511462
bmi,alt_log_adj,REACTOME_DISPLACEMENT_OF_DNA_GLYCOSYLASE_BY_APEX1,ppgs,-4.1482192201652384e-4,0.005747784603147182,-0.0721707493682678,0.9424665322220738
bmi,alt_log_adj,REACTOME_DISPLACEMENT_OF_DNA_GLYCOSYLASE_BY_APEX1,bmi,0.2884103384463078,0.005761839396226455,50.055254687451644,0
bmi,alt_log_adj,REACTOME_DISPLACEMENT_OF_DNA_GLYCOSYLASE_BY_APEX1,ppgs:bmi,-6.831055214026983e-4,0.005803897691738836,-0.11769771930594478,0.9063080078060165
bmi,alt_log_adj,REACTOME_DISSOLUTION_OF_FIBRIN_CLOT,ppgs,0.007059129288835355,0.005729994978006195,1.2319608160095883,0.21797394019340613
bmi,alt_log_adj,REACTOME_DISSOLUTION_OF_FIBRIN_CLOT,bmi,0.28849878077070296,0.005762027065232098,50.068973558193804,0
bmi,alt_log_adj,REACTOME_DISSOLUTION_OF_FIBRIN_CLOT,ppgs:bmi,-0.0011090197692556602,0.005690412405394508,-0.19489268795427026,0.8454783552714086
bmi,alt_log_adj,REACTOME_DNA_DAMAGE_BYPASS,ppgs,0.00869635402865225,0.006034143882176487,1.4411910286626306,0.14954176771447728
bmi,alt_log_adj,REACTOME_DNA_DAMAGE_BYPASS,bmi,0.28834461104363596,0.005761380959396729,50.04782934434323,0
bmi,alt_log_adj,REACTOME_DNA_DAMAGE_BYPASS,ppgs:bmi,0.008063269848460364,0.0060428464084383016,1.3343496265602117,0.18210001867697126
bmi,alt_log_adj,REACTOME_DNA_DAMAGE_RECOGNITION_IN_GG_NER,ppgs,0.003326337341349859,0.00578235146320931,0.5752568591712136,0.5651221591529615
bmi,alt_log_adj,REACTOME_DNA_DAMAGE_RECOGNITION_IN_GG_NER,bmi,0.28842666123706356,0.005761584584831509,50.06030146574656,0
bmi,alt_log_adj,REACTOME_DNA_DAMAGE_RECOGNITION_IN_GG_NER,ppgs:bmi,0.001905437273664546,0.005808965703749049,0.32801661618260125,0.7429015217094486
bmi,alt_log_adj,REACTOME_DNA_DAMAGE_REVERSAL,ppgs,0.00636576491107769,0.0057995039025019535,1.0976395598822595,0.272371234475054
bmi,alt_log_adj,REACTOME_DNA_DAMAGE_REVERSAL,bmi,0.28841461050637995,0.0057629353812112365,50.04647656586457,0
bmi,alt_log_adj,REACTOME_DNA_DAMAGE_REVERSAL,ppgs:bmi,-0.004202244323844767,0.0058418377097077786,-0.71933602620655,0.47193983336796597
bmi,alt_log_adj,REACTOME_DNA_DAMAGE_TELOMERE_STRESS_INDUCED_SENESCENCE,ppgs,-0.002978533401199408,0.005737222058234419,-0.5191595115138399,0.6036535638941433
bmi,alt_log_adj,REACTOME_DNA_DAMAGE_TELOMERE_STRESS_INDUCED_SENESCENCE,bmi,0.28846140813675225,0.005761997484073762,50.06274454892829,0
bmi,alt_log_adj,REACTOME_DNA_DAMAGE_TELOMERE_STRESS_INDUCED_SENESCENCE,ppgs:bmi,-0.003231648612734754,0.0057914269437322075,-0.5580055907002708,0.5768449731631551
bmi,alt_log_adj,REACTOME_DNA_DOUBLE_STRAND_BREAK_REPAIR,ppgs,0.003476139033257015,0.007201696332814383,0.4826833668920554,0.6293243023629984
bmi,alt_log_adj,REACTOME_DNA_DOUBLE_STRAND_BREAK_REPAIR,bmi,0.2883883428586559,0.005762427059006876,50.046332891605935,0
bmi,alt_log_adj,REACTOME_DNA_DOUBLE_STRAND_BREAK_REPAIR,ppgs:bmi,4.321992918034392e-4,0.007116113149346795,0.060735303491220034,0.9515704435960803
bmi,alt_log_adj,REACTOME_DNA_DOUBLE_STRAND_BREAK_RESPONSE,ppgs,0.012615343032367778,0.006422679109477573,1.9641870343097245,0.049518161283614
bmi,alt_log_adj,REACTOME_DNA_DOUBLE_STRAND_BREAK_RESPONSE,bmi,0.28832835754453773,0.005761134723121189,50.04714720303071,0
bmi,alt_log_adj,REACTOME_DNA_DOUBLE_STRAND_BREAK_RESPONSE,ppgs:bmi,0.008780778820278055,0.006463569721527573,1.3585029942560662,0.17431494312341989
bmi,alt_log_adj,REACTOME_DNA_METHYLATION,ppgs,0.0011440005333915937,0.005868645049000691,0.19493435432534695,0.8454457361753661
bmi,alt_log_adj,REACTOME_DNA_METHYLATION,bmi,0.28830481470175456,0.005762205106962902,50.0337647393659,0
bmi,alt_log_adj,REACTOME_DNA_METHYLATION,ppgs:bmi,-0.00704900563379172,0.005982405823104224,-1.1782894444519723,0.23869112516449142
bmi,alt_log_adj,REACTOME_DNA_REPAIR,ppgs,0.008294575555280676,0.007302327925483312,1.1358810012262892,0.2560159733523678
bmi,alt_log_adj,REACTOME_DNA_REPAIR,bmi,0.2882571287887259,0.005763286088806337,50.01610614968244,0
bmi,alt_log_adj,REACTOME_DNA_REPAIR,ppgs:bmi,0.005900122517527898,0.0072360979337687545,0.8153735026157883,0.4148653972529225
bmi,alt_log_adj,REACTOME_DNA_REPLICATION,ppgs,-1.5981952304565725e-5,0.0062259256891100045,-0.0025670001703554453,0.9979518505086081
bmi,alt_log_adj,REACTOME_DNA_REPLICATION,bmi,0.28841579745537044,0.0057619104844080565,50.05558455582298,0
bmi,alt_log_adj,REACTOME_DNA_REPLICATION,ppgs:bmi,1.789529513835566e-4,0.006237303581678492,0.02869075539456096,0.977111431425682
bmi,alt_log_adj,REACTOME_DNA_REPLICATION_INITIATION,ppgs,8.22892147520201e-4,0.005780340423588741,0.142360499074085,0.8867962734330157
bmi,alt_log_adj,REACTOME_DNA_REPLICATION_INITIATION,bmi,0.2884993761575134,0.005762467591776144,50.06524922920917,0
bmi,alt_log_adj,REACTOME_DNA_REPLICATION_INITIATION,ppgs:bmi,0.0051019211756244565,0.005845780986654925,0.8727527061433548,0.38280527497985106
bmi,alt_log_adj,REACTOME_DNA_REPLICATION_PRE_INITIATION,ppgs,-0.006168603066941956,0.006119885043071352,-1.0079606109473838,0.3134819754346447
bmi,alt_log_adj,REACTOME_DNA_REPLICATION_PRE_INITIATION,bmi,0.2883588705085167,0.005762767511301052,50.0382619883644,0
bmi,alt_log_adj,REACTOME_DNA_REPLICATION_PRE_INITIATION,ppgs:bmi,7.939557401513861e-5,0.00619835849685396,0.012809129071097878,0.9897801632865857
bmi,alt_log_adj,REACTOME_DNA_STRAND_ELONGATION,ppgs,-0.004510669891425786,0.0057839839458743575,-0.7798551886789363,0.43548262824307926
bmi,alt_log_adj,REACTOME_DNA_STRAND_ELONGATION,bmi,0.2885611108809965,0.005762155568522667,50.07867410892889,0
bmi,alt_log_adj,REACTOME_DNA_STRAND_ELONGATION,ppgs:bmi,-0.008270441667001971,0.005710537736838162,-1.4482772110321767,0.14755059829707617
bmi,alt_log_adj,REACTOME_DOPAMINE_CLEARANCE_FROM_THE_SYNAPTIC_CLEFT,ppgs,0.004169708851617391,0.005698443547896252,0.7317276755609453,0.46434084954423804
bmi,alt_log_adj,REACTOME_DOPAMINE_CLEARANCE_FROM_THE_SYNAPTIC_CLEFT,bmi,0.28839956447270143,0.005761560475312321,50.05580792017425,0
bmi,alt_log_adj,REACTOME_DOPAMINE_CLEARANCE_FROM_THE_SYNAPTIC_CLEFT,ppgs:bmi,-0.0041954913721532275,0.0057304335300855155,-0.7321420534984581,0.46408792099518026
bmi,alt_log_adj,REACTOME_DOPAMINE_NEUROTRANSMITTER_RELEASE_CYCLE,ppgs,0.0031337416090965217,0.005769969130234588,0.5431123699909837,0.5870567064346809
bmi,alt_log_adj,REACTOME_DOPAMINE_NEUROTRANSMITTER_RELEASE_CYCLE,bmi,0.288559542361391,0.0057619570092449866,50.08012761955719,0
bmi,alt_log_adj,REACTOME_DOPAMINE_NEUROTRANSMITTER_RELEASE_CYCLE,ppgs:bmi,0.009586699206066005,0.005773668720659986,1.6604172615172408,0.09684159960947475
bmi,alt_log_adj,REACTOME_DOPAMINE_RECEPTORS,ppgs,0.0038424575972801286,0.005774688819137503,0.6653964772172835,0.5058023511209404
bmi,alt_log_adj,REACTOME_DOPAMINE_RECEPTORS,bmi,0.28840534492078024,0.005761588053478025,50.05657159863802,0
bmi,alt_log_adj,REACTOME_DOPAMINE_RECEPTORS,ppgs:bmi,3.800878541352871e-5,0.005742705530614372,0.006618619953766359,0.9947191904535775
bmi,alt_log_adj,REACTOME_DOWNREGULATION_OF_ERBB2_ERBB3_SIGNALING,ppgs,0.005974273562440125,0.005751853928401952,1.038669207668834,0.2989674656829824
bmi,alt_log_adj,REACTOME_DOWNREGULATION_OF_ERBB2_ERBB3_SIGNALING,bmi,0.28835103449627086,0.00576222335479567,50.041627465948146,0
bmi,alt_log_adj,REACTOME_DOWNREGULATION_OF_ERBB2_ERBB3_SIGNALING,ppgs:bmi,0.001288180670307291,0.005737881056793877,0.22450459630598904,0.8223663089069234
bmi,alt_log_adj,REACTOME_DOWNREGULATION_OF_ERBB2_SIGNALING,ppgs,-0.00319066398989914,0.0058768527793614375,-0.5429205239076669,0.5871887927170794
bmi,alt_log_adj,REACTOME_DOWNREGULATION_OF_ERBB2_SIGNALING,bmi,0.2887255971414564,0.005763783642737318,50.09306647123481,0
bmi,alt_log_adj,REACTOME_DOWNREGULATION_OF_ERBB2_SIGNALING,ppgs:bmi,-0.010875779639662856,0.00592612789863155,-1.8352252644048181,0.06648278987883566
bmi,alt_log_adj,REACTOME_DOWNREGULATION_OF_ERBB4_SIGNALING,ppgs,6.699974349190054e-4,0.006035064954533389,0.11101743559789198,0.9116033065327531
bmi,alt_log_adj,REACTOME_DOWNREGULATION_OF_ERBB4_SIGNALING,bmi,0.2883249831871647,0.0057623754484350575,50.03578572192269,0
bmi,alt_log_adj,REACTOME_DOWNREGULATION_OF_ERBB4_SIGNALING,ppgs:bmi,0.0054286232581818505,0.006051354279537191,0.8970922883393025,0.3696772916957485
bmi,alt_log_adj,REACTOME_DOWNREGULATION_OF_SMAD2_3_SMAD4_TRANSCRIPTIONAL_ACTIVITY,ppgs,0.01897852073136021,0.005789389559464963,3.278155760020085,0.001046134736446526
bmi,alt_log_adj,REACTOME_DOWNREGULATION_OF_SMAD2_3_SMAD4_TRANSCRIPTIONAL_ACTIVITY,bmi,0.2881629629110054,0.005760694680470337,50.02225927507029,0
bmi,alt_log_adj,REACTOME_DOWNREGULATION_OF_SMAD2_3_SMAD4_TRANSCRIPTIONAL_ACTIVITY,ppgs:bmi,-0.009391345868321507,0.005807344516332299,-1.6171497733447247,0.10585708156646047
bmi,alt_log_adj,REACTOME_DOWNREGULATION_OF_TGF_BETA_RECEPTOR_SIGNALING,ppgs,0.010811840403496066,0.005822330863835061,1.8569608385969512,0.06332709081828128
bmi,alt_log_adj,REACTOME_DOWNREGULATION_OF_TGF_BETA_RECEPTOR_SIGNALING,bmi,0.2883886618161025,0.005761264488840227,50.05648714352926,0
bmi,alt_log_adj,REACTOME_DOWNREGULATION_OF_TGF_BETA_RECEPTOR_SIGNALING,ppgs:bmi,0.0013579240644841042,0.005803034226397828,0.2340024220961766,0.8149847881132117
bmi,alt_log_adj,REACTOME_DOWNSTREAM_SIGNALING_EVENTS_OF_B_CELL_RECEPTOR_BCR,ppgs,0.02082462976637285,0.006195126391056717,3.3614535768689535,7.763579241205881e-4
bmi,alt_log_adj,REACTOME_DOWNSTREAM_SIGNALING_EVENTS_OF_B_CELL_RECEPTOR_BCR,bmi,0.28820004131478616,0.005760943061206802,50.02653875464863,0
bmi,alt_log_adj,REACTOME_DOWNSTREAM_SIGNALING_EVENTS_OF_B_CELL_RECEPTOR_BCR,ppgs:bmi,0.0059970138339968115,0.006153180116331025,0.9746202322406042,0.32975699022913674
bmi,alt_log_adj,REACTOME_DOWNSTREAM_SIGNALING_OF_ACTIVATED_FGFR1,ppgs,0.011323106454013339,0.005713773527569823,1.9817212564302094,0.04752009005758315
bmi,alt_log_adj,REACTOME_DOWNSTREAM_SIGNALING_OF_ACTIVATED_FGFR1,bmi,0.28840854797372506,0.005761227391329626,50.060261188052785,0
bmi,alt_log_adj,REACTOME_DOWNSTREAM_SIGNALING_OF_ACTIVATED_FGFR1,ppgs:bmi,9.015216230182542e-4,0.005678977194104643,0.15874718143860933,0.8738691948980896
bmi,alt_log_adj,REACTOME_DOWNSTREAM_SIGNALING_OF_ACTIVATED_FGFR2,ppgs,0.005396809996591783,0.005771237931907131,0.9351217295607813,0.3497335348189039
bmi,alt_log_adj,REACTOME_DOWNSTREAM_SIGNALING_OF_ACTIVATED_FGFR2,bmi,0.288421957195459,0.005761969005514099,50.05614520304508,0
bmi,alt_log_adj,REACTOME_DOWNSTREAM_SIGNALING_OF_ACTIVATED_FGFR2,ppgs:bmi,-6.321818090550485e-4,0.0057917503160896935,-0.10915211715857716,0.9130826108586247
bmi,alt_log_adj,REACTOME_DOWNSTREAM_SIGNALING_OF_ACTIVATED_FGFR3,ppgs,-0.0061593534593984605,0.00573026507985472,-1.0748810698220996,0.28243712678165483
bmi,alt_log_adj,REACTOME_DOWNSTREAM_SIGNALING_OF_ACTIVATED_FGFR3,bmi,0.28839515815633304,0.005761707264111942,50.053767908804666,0
bmi,alt_log_adj,REACTOME_DOWNSTREAM_SIGNALING_OF_ACTIVATED_FGFR3,ppgs:bmi,0.0038479663882947227,0.00576209934763637,0.6678063247682756,0.5042626653164822
bmi,alt_log_adj,REACTOME_DOWNSTREAM_SIGNALING_OF_ACTIVATED_FGFR4,ppgs,0.003087589649681939,0.005726094510755929,0.5392138819717684,0.589743517459426
bmi,alt_log_adj,REACTOME_DOWNSTREAM_SIGNALING_OF_ACTIVATED_FGFR4,bmi,0.2884205883082735,0.0057618126490170994,50.05726598164812,0
bmi,alt_log_adj,REACTOME_DOWNSTREAM_SIGNALING_OF_ACTIVATED_FGFR4,ppgs:bmi,-0.0016605326958788872,0.005695746115819145,-0.2915390999024672,0.7706411776848267
bmi,alt_log_adj,REACTOME_DOWNSTREAM_SIGNAL_TRANSDUCTION,ppgs,0.01266763424558454,0.005698676435069322,2.2229081419026806,0.026229850367180285
bmi,alt_log_adj,REACTOME_DOWNSTREAM_SIGNAL_TRANSDUCTION,bmi,0.2884072484410574,0.0057619468987194136,50.053784512515314,0
bmi,alt_log_adj,REACTOME_DOWNSTREAM_SIGNAL_TRANSDUCTION,ppgs:bmi,-0.005664157920845035,0.005626108483100319,-1.0067630117440873,0.31405726659053956
bmi,alt_log_adj,REACTOME_DOWNSTREAM_TCR_SIGNALING,ppgs,0.03025683569308764,0.005931373517944041,5.1011516306555915,3.397672661038372e-7
bmi,alt_log_adj,REACTOME_DOWNSTREAM_TCR_SIGNALING,bmi,0.28817799871967353,0.005759544563031289,50.03485875765208,0
bmi,alt_log_adj,REACTOME_DOWNSTREAM_TCR_SIGNALING,ppgs:bmi,0.005540118620187279,0.006002992479323474,0.9228928137540563,0.3560709207013738
bmi,alt_log_adj,REACTOME_DRUG_ADME,ppgs,0.020434981366043638,0.005852290845020725,3.4917918311305787,4.8052207249326307e-4
bmi,alt_log_adj,REACTOME_DRUG_ADME,bmi,0.2884590666481564,0.005760475925378882,50.075561530826754,0
bmi,alt_log_adj,REACTOME_DRUG_ADME,ppgs:bmi,-1.3852684131009302e-4,0.005830657355768074,-0.02375835739568079,0.98104552387142685
bmi,alt_log_adj,REACTOME_DRUG_MEDIATED_INHIBITION_OF_CDK4_CDK6_ACTIVITY,ppgs,7.390592846634804e-5,0.006132496304648183,0.012051524337704102,0.9903845923616907
bmi,alt_log_adj,REACTOME_DRUG_MEDIATED_INHIBITION_OF_CDK4_CDK6_ACTIVITY,bmi,0.288446322623021,0.005762344608528894,50.057110814943144,0
bmi,alt_log_adj,REACTOME_DRUG_MEDIATED_INHIBITION_OF_CDK4_CDK6_ACTIVITY,ppgs:bmi,0.002116287832361648,0.00614322845166608,0.34449114972888534,0.7304795061478675
bmi,alt_log_adj,REACTOME_DUAL_INCISION_IN_GG_NER,ppgs,0.008604441980154927,0.0057251627588121665,1.502916570696785,0.13287169865511722
bmi,alt_log_adj,REACTOME_DUAL_INCISION_IN_GG_NER,bmi,0.2883876186936783,0.0057624032125140065,50.046414327167724,0
bmi,alt_log_adj,REACTOME_DUAL_INCISION_IN_GG_NER,ppgs:bmi,0.0018857240295888154,0.005725266505997908,0.32936877743827153,0.7418793977701229
bmi,alt_log_adj,REACTOME_DUAL_INCISION_IN_TC_NER,ppgs,0.007896572056248776,0.005707564269214052,1.3835274880463424,0.16651407919166353
bmi,alt_log_adj,REACTOME_DUAL_INCISION_IN_TC_NER,bmi,0.2884320387971661,0.005761728478173275,50.05998458445441,0
bmi,alt_log_adj,REACTOME_DUAL_INCISION_IN_TC_NER,ppgs:bmi,9.44688166010916e-4,0.0056697903585819845,0.1666178299839613,0.8676719518569973
bmi,alt_log_adj,REACTOME_E2F_ENABLED_INHIBITION_OF_PRE_REPLICATION_COMPLEX_FORMATION,ppgs,-0.004484483915526554,0.005849011607407151,-0.7667079870122726,0.44326153857082684
bmi,alt_log_adj,REACTOME_E2F_ENABLED_INHIBITION_OF_PRE_REPLICATION_COMPLEX_FORMATION,bmi,0.28837672068176406,0.005761833473821462,50.04947157740432,0
bmi,alt_log_adj,REACTOME_E2F_ENABLED_INHIBITION_OF_PRE_REPLICATION_COMPLEX_FORMATION,ppgs:bmi,0.003173674549295772,0.0058791041021295145,0.5398228189472289,0.5893234689601141
bmi,alt_log_adj,REACTOME_E2F_MEDIATED_REGULATION_OF_DNA_REPLICATION,ppgs,8.854875465631887e-4,0.005769438029251729,0.15347899432729198,0.8780216465907761
bmi,alt_log_adj,REACTOME_E2F_MEDIATED_REGULATION_OF_DNA_REPLICATION,bmi,0.28843353340658173,0.0057623612224682735,50.05474705090302,0
bmi,alt_log_adj,REACTOME_E2F_MEDIATED_REGULATION_OF_DNA_REPLICATION,ppgs:bmi,8.210167589997106e-4,0.005754425215301078,0.14267571969075526,0.8865473073864398
bmi,alt_log_adj,REACTOME_E3_UBIQUITIN_LIGASES_UBIQUITINATE_TARGET_PROTEINS,ppgs,0.009407241113848745,0.005904537312300908,1.593222401059379,0.11112145660394777
bmi,alt_log_adj,REACTOME_E3_UBIQUITIN_LIGASES_UBIQUITINATE_TARGET_PROTEINS,bmi,0.2883680768822177,0.005761512344595647,50.05076091743684,0
bmi,alt_log_adj,REACTOME_E3_UBIQUITIN_LIGASES_UBIQUITINATE_TARGET_PROTEINS,ppgs:bmi,-0.002558437071702596,0.005961529465590595,-0.42915783381926764,0.6678116279782369
bmi,alt_log_adj,REACTOME_EARLY_PHASE_OF_HIV_LIFE_CYCLE,ppgs,0.004906005035075242,0.006042598029042684,0.811903259408518,0.4168539613517839
bmi,alt_log_adj,REACTOME_EARLY_PHASE_OF_HIV_LIFE_CYCLE,bmi,0.2884945713149169,0.005761525190401439,50.0726043505879,0
bmi,alt_log_adj,REACTOME_EARLY_PHASE_OF_HIV_LIFE_CYCLE,ppgs:bmi,0.008585796307863632,0.005980239382603692,1.435694419330339,0.15110034766254365
bmi,alt_log_adj,REACTOME_EARLY_SARS_COV_2_INFECTION_EVENTS,ppgs,-5.042310192807322e-4,0.0058809946148176044,-0.0857390717567203,0.9316744472087737
bmi,alt_log_adj,REACTOME_EARLY_SARS_COV_2_INFECTION_EVENTS,bmi,0.2884834393725719,0.005761343804030241,50.07224862553224,0
bmi,alt_log_adj,REACTOME_EARLY_SARS_COV_2_INFECTION_EVENTS,ppgs:bmi,-0.011299551060198596,0.005897644226379212,-1.9159431505985942,0.05538237899925371
bmi,alt_log_adj,REACTOME_ECM_PROTEOGLYCANS,ppgs,0.005677339803844197,0.0059337690028602435,0.9567847688556058,0.33868406079827595
bmi,alt_log_adj,REACTOME_ECM_PROTEOGLYCANS,bmi,0.2885029068360968,0.0057611448556900355,50.07735685575669,0
bmi,alt_log_adj,REACTOME_ECM_PROTEOGLYCANS,ppgs:bmi,0.013163382025117985,0.005957677199901264,2.2094822501185765,0.02714907917327268
bmi,alt_log_adj,REACTOME_EFFECTS_OF_PIP2_HYDROLYSIS,ppgs,0.006388626796221608,0.006288611348124768,1.01590421836558,0.30968367019050547
bmi,alt_log_adj,REACTOME_EFFECTS_OF_PIP2_HYDROLYSIS,bmi,0.28842063823756486,0.005761540810695409,50.05963642610264,0
bmi,alt_log_adj,REACTOME_EFFECTS_OF_PIP2_HYDROLYSIS,ppgs:bmi,0.002235979892487672,0.006220804525707276,0.3594358066143304,0.7192717694376203
bmi,alt_log_adj,REACTOME_EGFR_DOWNREGULATION,ppgs,0.007424550377674861,0.0059651442503067245,1.2446556304641074,0.21326865177126486
bmi,alt_log_adj,REACTOME_EGFR_DOWNREGULATION,bmi,0.2885201895499743,0.0057615069858660654,50.07720901107337,0
bmi,alt_log_adj,REACTOME_EGFR_DOWNREGULATION,ppgs:bmi,-0.008850151983963231,0.005901081014346779,-1.4997509714655053,0.1336900579708192
bmi,alt_log_adj,REACTOME_EGFR_INTERACTS_WITH_PHOSPHOLIPASE_C_GAMMA,ppgs,-0.0023505439192758218,0.006047926482232875,-0.38865285915446657,0.6975358777325695
bmi,alt_log_adj,REACTOME_EGFR_INTERACTS_WITH_PHOSPHOLIPASE_C_GAMMA,bmi,0.28842808531579284,0.0057616274395598304,50.06017628550933,0
bmi,alt_log_adj,REACTOME_EGFR_INTERACTS_WITH_PHOSPHOLIPASE_C_GAMMA,ppgs:bmi,-0.004425710242237592,0.005966065119740906,-0.741813934882057,0.458206222164144
bmi,alt_log_adj,REACTOME_EGFR_TRANSACTIVATION_BY_GASTRIN,ppgs,0.010176763499659586,0.00569097523076545,1.7882283944312276,0.073749843151179
bmi,alt_log_adj,REACTOME_EGFR_TRANSACTIVATION_BY_GASTRIN,bmi,0.28848849510309177,0.005761727921514537,50.069787923491404,0
bmi,alt_log_adj,REACTOME_EGFR_TRANSACTIVATION_BY_GASTRIN,ppgs:bmi,-1.121517004744649e-4,0.005725086238829553,-0.01958952158900464,0.984370960659264
bmi,alt_log_adj,REACTOME_EGR2_AND_SOX10_MEDIATED_INITIATION_OF_SCHWANN_CELL_MYELINATION,ppgs,8.416898437823432e-4,0.0059088905957359016,0.14244464847424002,0.8867298098602326
bmi,alt_log_adj,REACTOME_EGR2_AND_SOX10_MEDIATED_INITIATION_OF_SCHWANN_CELL_MYELINATION,bmi,0.28838719073570535,0.005761853113186137,50.05111811610131,0
bmi,alt_log_adj,REACTOME_EGR2_AND_SOX10_MEDIATED_INITIATION_OF_SCHWANN_CELL_MYELINATION,ppgs:bmi,0.0027862381444359804,0.005944802787535529,0.46868470561847525,0.6392986246762278
bmi,alt_log_adj,REACTOME_EICOSANOIDS,ppgs,-0.003191738509412026,0.005711981695453527,-0.5587795408995274,0.5763166006407547
bmi,alt_log_adj,REACTOME_EICOSANOIDS,bmi,0.28836592759221436,0.005762163363457369,50.04473309815903,0
bmi,alt_log_adj,REACTOME_EICOSANOIDS,ppgs:bmi,-0.0013484185166015511,0.005667662351238027,-0.23791440509983922,0.8119492020950816
bmi,alt_log_adj,REACTOME_EICOSANOID_LIGAND_BINDING_RECEPTORS,ppgs,-0.01506737595842412,0.005717229136367071,-2.635433284032842,0.008407567106492032
bmi,alt_log_adj,REACTOME_EICOSANOID_LIGAND_BINDING_RECEPTORS,bmi,0.2885258810171034,0.00576183579668178,50.0753390409467,0
bmi,alt_log_adj,REACTOME_EICOSANOID_LIGAND_BINDING_RECEPTORS,ppgs:bmi,-8.393401631229123e-4,0.005735295234589501,-0.14634646147958716,0.8836489303130917
bmi,alt_log_adj,REACTOME_ELASTIC_FIBRE_FORMATION,ppgs,0.020699008499286915,0.006107410133934636,3.3891630077824484,7.020178210363805e-4
bmi,alt_log_adj,REACTOME_ELASTIC_FIBRE_FORMATION,bmi,0.2883067855855752,0.005760859412493156,50.0457943758088,0
bmi,alt_log_adj,REACTOME_ELASTIC_FIBRE_FORMATION,ppgs:bmi,-0.005719073545886964,0.006034464807443337,-0.9477350068945058,0.3432724534411742
bmi,alt_log_adj,REACTOME_ELECTRIC_TRANSMISSION_ACROSS_GAP_JUNCTIONS,ppgs,0.029942388523709795,0.005704438777691019,5.24896307780685,1.540582148626565e-7
bmi,alt_log_adj,REACTOME_ELECTRIC_TRANSMISSION_ACROSS_GAP_JUNCTIONS,bmi,0.2887127997645756,0.005759906990622359,50.1245593435147,0
bmi,alt_log_adj,REACTOME_ELECTRIC_TRANSMISSION_ACROSS_GAP_JUNCTIONS,ppgs:bmi,0.004452216569439793,0.005742517918305412,0.7753073882882406,0.43816451189468786
bmi,alt_log_adj,REACTOME_ELEVATION_OF_CYTOSOLIC_CA2_LEVELS,ppgs,6.060340469102675e-5,0.005918810933772079,0.010239118189302255,0.9918305804795663
bmi,alt_log_adj,REACTOME_ELEVATION_OF_CYTOSOLIC_CA2_LEVELS,bmi,0.28845393758181415,0.005762326434323369,50.05859020128306,0
bmi,alt_log_adj,REACTOME_ELEVATION_OF_CYTOSOLIC_CA2_LEVELS,ppgs:bmi,0.0025289362705082597,0.005822085867037079,0.43436945594127113,0.6640234803064834
bmi,alt_log_adj,REACTOME_ENDOGENOUS_STEROLS,ppgs,0.003071550718049384,0.005892581092997393,0.5212572673288356,0.6021916370864098
bmi,alt_log_adj,REACTOME_ENDOGENOUS_STEROLS,bmi,0.288488521992637,0.0057611690832930045,50.0746494021906,0
bmi,alt_log_adj,REACTOME_ENDOGENOUS_STEROLS,ppgs:bmi,0.017280808268337357,0.005873441884267466,2.9421944762279053,0.0032615894761203234
bmi,alt_log_adj,REACTOME_ENDOSOMAL_SORTING_COMPLEX_REQUIRED_FOR_TRANSPORT_ESCRT,ppgs,0.01139498590964158,0.006013156190241355,1.8950091348257845,0.058101356233608646
bmi,alt_log_adj,REACTOME_ENDOSOMAL_SORTING_COMPLEX_REQUIRED_FOR_TRANSPORT_ESCRT,bmi,0.28845582032818695,0.0057630664770918294,50.05248880518695,0
bmi,alt_log_adj,REACTOME_ENDOSOMAL_SORTING_COMPLEX_REQUIRED_FOR_TRANSPORT_ESCRT,ppgs:bmi,-0.009014352728810895,0.006071519962061368,-1.4846945715633277,0.1376358693686334
bmi,alt_log_adj,REACTOME_ENDOSOMAL_VACUOLAR_PATHWAY,ppgs,0.004751879931296166,0.0058128001646761615,0.817485514154244,0.41365789474185577
bmi,alt_log_adj,REACTOME_ENDOSOMAL_VACUOLAR_PATHWAY,bmi,0.28840440435590237,0.005761193060605904,50.0598402660665,0
bmi,alt_log_adj,REACTOME_ENDOSOMAL_VACUOLAR_PATHWAY,ppgs:bmi,-0.011040139152236875,0.005817474549236963,-1.8977546113519195,0.0577385644406601
bmi,alt_log_adj,REACTOME_ENERGY_DEPENDENT_REGULATION_OF_MTOR_BY_LKB1_AMPK,ppgs,-9.276386553717495e-4,0.005715130537864568,-0.16231276770072822,0.8710607176917263
bmi,alt_log_adj,REACTOME_ENERGY_DEPENDENT_REGULATION_OF_MTOR_BY_LKB1_AMPK,bmi,0.28845262157566676,0.0057619026368018675,50.062043695998966,0
bmi,alt_log_adj,REACTOME_ENERGY_DEPENDENT_REGULATION_OF_MTOR_BY_LKB1_AMPK,ppgs:bmi,-0.00416247239071884,0.00571012625175494,-0.7289632850831543,0.46603014354267336
bmi,alt_log_adj,REACTOME_ENHANCED_BINDING_OF_GP1BA_VARIANT_TO_VWF_MULTIMER_COLLAGEN,ppgs,0.0026108579590994442,0.005711308938433288,0.4571382825275161,0.6475751585244618
bmi,alt_log_adj,REACTOME_ENHANCED_BINDING_OF_GP1BA_VARIANT_TO_VWF_MULTIMER_COLLAGEN,bmi,0.2884276713969015,0.0057615658440013755,50.06063962580528,0
bmi,alt_log_adj,REACTOME_ENHANCED_BINDING_OF_GP1BA_VARIANT_TO_VWF_MULTIMER_COLLAGEN,ppgs:bmi,0.004395208306228187,0.00573387429844177,0.7665337741049927,0.4433651468122508
bmi,alt_log_adj,REACTOME_ENOS_ACTIVATION,ppgs,-0.005128241165424295,0.005840669340874945,-0.8780228542532205,0.3799387576918152
bmi,alt_log_adj,REACTOME_ENOS_ACTIVATION,bmi,0.28851540431502937,0.005761742678713333,50.074330007993055,0
bmi,alt_log_adj,REACTOME_ENOS_ACTIVATION,ppgs:bmi,-0.0074419508267648295,0.005841478170328479,-1.2739841885510892,0.2026794642182097
bmi,alt_log_adj,REACTOME_EPHA_MEDIATED_GROWTH_CONE_COLLAPSE,ppgs,0.01756579599504898,0.005825305325178398,3.0154292375243066,0.0025684297567968805
bmi,alt_log_adj,REACTOME_EPHA_MEDIATED_GROWTH_CONE_COLLAPSE,bmi,0.2881363800153539,0.005761506566326925,50.01059648171964,0
bmi,alt_log_adj,REACTOME_EPHA_MEDIATED_GROWTH_CONE_COLLAPSE,ppgs:bmi,0.008337166409465984,0.005961648504961411,1.3984666158240655,0.1619839302971828
bmi,alt_log_adj,REACTOME_EPHB_MEDIATED_FORWARD_SIGNALING,ppgs,0.015076279784562314,0.005877920383735707,2.5649003049239325,0.01032564477445898
bmi,alt_log_adj,REACTOME_EPHB_MEDIATED_FORWARD_SIGNALING,bmi,0.2881795827502917,0.005762764537223311,50.00717639751876,0
bmi,alt_log_adj,REACTOME_EPHB_MEDIATED_FORWARD_SIGNALING,ppgs:bmi,0.004698362827962143,0.005908810833738735,0.7951452432924317,0.42653567657116354
bmi,alt_log_adj,REACTOME_EPHRIN_SIGNALING,ppgs,0.004257808593160462,0.005918674111936438,0.7193855435584062,0.4719093318563369
bmi,alt_log_adj,REACTOME_EPHRIN_SIGNALING,bmi,0.28831499102778935,0.005762173930529473,50.035801505439245,0
bmi,alt_log_adj,REACTOME_EPHRIN_SIGNALING,ppgs:bmi,0.007017754016850752,0.005930373157772819,1.1833579152861107,0.23667725226646594
bmi,alt_log_adj,REACTOME_EPH_EPHRIN_MEDIATED_REPULSION_OF_CELLS,ppgs,0.013332202780316185,0.0060406260566976296,2.207089572368731,0.027315784797227547
bmi,alt_log_adj,REACTOME_EPH_EPHRIN_MEDIATED_REPULSION_OF_CELLS,bmi,0.28801202463901554,0.00576365570924496,49.97037282727375,0
bmi,alt_log_adj,REACTOME_EPH_EPHRIN_MEDIATED_REPULSION_OF_CELLS,ppgs:bmi,0.010370607084042981,0.00605953966669238,1.7114513072746023,0.0870087715298082
bmi,alt_log_adj,REACTOME_EPH_EPHRIN_SIGNALING,ppgs,0.022026344266127103,0.00606644789819241,3.630847018844452,2.829900201470646e-4
bmi,alt_log_adj,REACTOME_EPH_EPHRIN_SIGNALING,bmi,0.2879956869187683,0.005762126257051207,49.98080119579875,0
bmi,alt_log_adj,REACTOME_EPH_EPHRIN_SIGNALING,ppgs:bmi,0.009225731888467523,0.0060796504463690535,1.5174773566097706,0.1291573572924964
bmi,alt_log_adj,REACTOME_EPIGENETIC_REGULATION_BY_WDR5_CONTAINING_HISTONE_MODIFYING_COMPLEXES,ppgs,0.010017497313392831,0.005969589274255526,1.678088198897423,0.09334090507468314
bmi,alt_log_adj,REACTOME_EPIGENETIC_REGULATION_BY_WDR5_CONTAINING_HISTONE_MODIFYING_COMPLEXES,bmi,0.28857120316251905,0.005761989175681948,50.081871791847966,0
bmi,alt_log_adj,REACTOME_EPIGENETIC_REGULATION_BY_WDR5_CONTAINING_HISTONE_MODIFYING_COMPLEXES,ppgs:bmi,0.0032304334083867155,0.005966383993674623,0.5414390712718996,0.5882092379058875
bmi,alt_log_adj,REACTOME_EPIGENETIC_REGULATION_OF_GENE_EXPRESSION,ppgs,0.018791380037689855,0.006310785128234428,2.97766120313894,0.0029070241935313826
bmi,alt_log_adj,REACTOME_EPIGENETIC_REGULATION_OF_GENE_EXPRESSION,bmi,0.28870888412723916,0.005761375595217643,50.11110269687821,0
bmi,alt_log_adj,REACTOME_EPIGENETIC_REGULATION_OF_GENE_EXPRESSION,ppgs:bmi,0.006081689987245067,0.006352798662294415,0.9573245290050744,0.3384116423917918
bmi,alt_log_adj,REACTOME_EPIGENETIC_REGULATION_OF_GENE_EXPRESSION_BY_MLL3_AND_MLL4_COMPLEXES,ppgs,0.010922094723009831,0.005840460743029663,1.870074160851929,0.061483818208867266
bmi,alt_log_adj,REACTOME_EPIGENETIC_REGULATION_OF_GENE_EXPRESSION_BY_MLL3_AND_MLL4_COMPLEXES,bmi,0.28853636785781145,0.005761685292614745,50.07846718522681,0
bmi,alt_log_adj,REACTOME_EPIGENETIC_REGULATION_OF_GENE_EXPRESSION_BY_MLL3_AND_MLL4_COMPLEXES,ppgs:bmi,-8.535436575099978e-4,0.005808493746856423,-0.14694750389839684,0.883174501167713
bmi,alt_log_adj,REACTOME_EPITHELIAL_MESENCHYMAL_TRANSITION_EMT_DURING_GASTRULATION,ppgs,-0.004571576246413296,0.005703589920267604,-0.8015261108040539,0.42283385250389016
bmi,alt_log_adj,REACTOME_EPITHELIAL_MESENCHYMAL_TRANSITION_EMT_DURING_GASTRULATION,bmi,0.2884590735173905,0.005761484671797471,50.06679527056641,0
bmi,alt_log_adj,REACTOME_EPITHELIAL_MESENCHYMAL_TRANSITION_EMT_DURING_GASTRULATION,ppgs:bmi,-0.007918970888857178,0.005790260624055943,-1.367636347137363,0.17143677540044472
bmi,alt_log_adj,REACTOME_ERBB2_ACTIVATES_PTK6_SIGNALING,ppgs,-0.003052532650658954,0.005933387010998377,-0.5144671407748476,0.6069294388972197
bmi,alt_log_adj,REACTOME_ERBB2_ACTIVATES_PTK6_SIGNALING,bmi,0.28863559752143175,0.00576294817759981,50.08471161398584,0
bmi,alt_log_adj,REACTOME_ERBB2_ACTIVATES_PTK6_SIGNALING,ppgs:bmi,-0.010018862018675327,0.006011178677499837,-1.6667050766892793,0.09558411014216366
bmi,alt_log_adj,REACTOME_ERBB2_REGULATES_CELL_MOTILITY,ppgs,-0.0022577767739762364,0.005876799569659933,-0.384184750086157,0.7008444019338608
bmi,alt_log_adj,REACTOME_ERBB2_REGULATES_CELL_MOTILITY,bmi,0.2885713637375895,0.005762237314362472,50.07974298773163,0
bmi,alt_log_adj,REACTOME_ERBB2_REGULATES_CELL_MOTILITY,ppgs:bmi,-0.00953104864651377,0.0059519105168149185,-1.601342731814822,0.10931217188953828
bmi,alt_log_adj,REACTOME_ERCC6_CSB_AND_EHMT2_G9A_POSITIVELY_REGULATE_RRNA_EXPRESSION,ppgs,0.02248990489759015,0.005702787096333217,3.9436690372065137,8.043726942808961e-5
bmi,alt_log_adj,REACTOME_ERCC6_CSB_AND_EHMT2_G9A_POSITIVELY_REGULATE_RRNA_EXPRESSION,bmi,0.288521909131985,0.005761232723239012,50.07989140382714,0
bmi,alt_log_adj,REACTOME_ERCC6_CSB_AND_EHMT2_G9A_POSITIVELY_REGULATE_RRNA_EXPRESSION,ppgs:bmi,0.0027068768551285626,0.005697142125796102,0.47512889714864037,0.6346987633093064
bmi,alt_log_adj,REACTOME_ERKS_ARE_INACTIVATED,ppgs,0.005760710825261048,0.0057321554211303034,1.0049816172160095,0.3149142797168805
bmi,alt_log_adj,REACTOME_ERKS_ARE_INACTIVATED,bmi,0.28848479465116184,0.0057616203170069505,50.07008077217835,0
bmi,alt_log_adj,REACTOME_ERKS_ARE_INACTIVATED,ppgs:bmi,0.01509674786206424,0.005736422828554229,2.6317355455244793,0.008499595607262576
bmi,alt_log_adj,REACTOME_ERK_MAPK_TARGETS,ppgs,-0.00536957046704775,0.005905120477039179,-0.9093075218238472,0.36319555198212083
bmi,alt_log_adj,REACTOME_ERK_MAPK_TARGETS,bmi,0.2884233210737714,0.005761819476253759,50.05768095693611,0
bmi,alt_log_adj,REACTOME_ERK_MAPK_TARGETS,ppgs:bmi,0.003026905256539644,0.005868683453242001,0.5157724523150945,0.6060173672623212
bmi,alt_log_adj,REACTOME_ERYTHROCYTES_TAKE_UP_CARBON_DIOXIDE_AND_RELEASE_OXYGEN,ppgs,0.0027453722375933363,0.0056846549378108836,0.4829443946250426,0.6291389482294814
bmi,alt_log_adj,REACTOME_ERYTHROCYTES_TAKE_UP_CARBON_DIOXIDE_AND_RELEASE_OXYGEN,bmi,0.2884391624836384,0.005761829884139414,50.06033990653294,0
bmi,alt_log_adj,REACTOME_ERYTHROCYTES_TAKE_UP_CARBON_DIOXIDE_AND_RELEASE_OXYGEN,ppgs:bmi,-0.00272170687883302,0.005680281038294334,-0.47915003861328137,0.6318355901029047
bmi,alt_log_adj,REACTOME_ERYTHROCYTES_TAKE_UP_OXYGEN_AND_RELEASE_CARBON_DIOXIDE,ppgs,-1.2200218601745803e-4,0.005687127661190104,-0.021452338207566722,0.9828849742869752
bmi,alt_log_adj,REACTOME_ERYTHROCYTES_TAKE_UP_OXYGEN_AND_RELEASE_CARBON_DIOXIDE,bmi,0.288458995512694,0.00576167069132399,50.065165290869516,0
bmi,alt_log_adj,REACTOME_ERYTHROCYTES_TAKE_UP_OXYGEN_AND_RELEASE_CARBON_DIOXIDE,ppgs:bmi,-0.005679125213963996,0.005695452998821685,-0.9971331894300476,0.3187083761273757
bmi,alt_log_adj,REACTOME_ERYTHROPOIETIN_ACTIVATES_PHOSPHOINOSITIDE_3_KINASE_PI3K,ppgs,3.6122791274152726e-4,0.005694304788920118,0.06343670142918911,0.9494192098442789
bmi,alt_log_adj,REACTOME_ERYTHROPOIETIN_ACTIVATES_PHOSPHOINOSITIDE_3_KINASE_PI3K,bmi,0.28871020836021277,0.005763680542554049,50.0912925740116,0
bmi,alt_log_adj,REACTOME_ERYTHROPOIETIN_ACTIVATES_PHOSPHOINOSITIDE_3_KINASE_PI3K,ppgs:bmi,-0.010660830648564391,0.00541819160145759,-1.9675994192779078,0.049123880459517405
bmi,alt_log_adj,REACTOME_ERYTHROPOIETIN_ACTIVATES_PHOSPHOLIPASE_C_GAMMA_PLCG,ppgs,4.600890949415678e-4,0.005756247445533326,0.07992865131233769,0.9362945664763875
bmi,alt_log_adj,REACTOME_ERYTHROPOIETIN_ACTIVATES_PHOSPHOLIPASE_C_GAMMA_PLCG,bmi,0.2885245353701723,0.005765030713130263,50.04735442484935,0
bmi,alt_log_adj,REACTOME_ERYTHROPOIETIN_ACTIVATES_PHOSPHOLIPASE_C_GAMMA_PLCG,ppgs:bmi,-0.00318949923910892,0.005664066051910249,-0.5631112366765633,0.5733635940016828
bmi,alt_log_adj,REACTOME_ERYTHROPOIETIN_ACTIVATES_RAS,ppgs,7.077168918068294e-4,0.005674651680460065,0.12471547711796332,0.9007496884052942
bmi,alt_log_adj,REACTOME_ERYTHROPOIETIN_ACTIVATES_RAS,bmi,0.2883952944341584,0.005761539963425014,50.05524499785271,0
bmi,alt_log_adj,REACTOME_ERYTHROPOIETIN_ACTIVATES_RAS,ppgs:bmi,0.005571715834772289,0.005689205616558835,0.9793486490548726,0.32741609806897276
bmi,alt_log_adj,REACTOME_ERYTHROPOIETIN_ACTIVATES_STAT5,ppgs,0.0035682880373224283,0.0058861872606504875,0.6062138153803985,0.5443776340170647
bmi,alt_log_adj,REACTOME_ERYTHROPOIETIN_ACTIVATES_STAT5,bmi,0.28843646793805294,0.005764216124979376,50.0391487210388,0
bmi,alt_log_adj,REACTOME_ERYTHROPOIETIN_ACTIVATES_STAT5,ppgs:bmi,-0.001325166529652107,0.0058085758458994155,-0.2281396619082822,0.8195393127172967
bmi,alt_log_adj,REACTOME_ER_QUALITY_CONTROL_COMPARTMENT_ERQC,ppgs,0.015362063823078892,0.005908463497499697,2.6000099399073386,0.009326940145770098
bmi,alt_log_adj,REACTOME_ER_QUALITY_CONTROL_COMPARTMENT_ERQC,bmi,0.28842626283565287,0.005760947360926279,50.06576952810032,0
bmi,alt_log_adj,REACTOME_ER_QUALITY_CONTROL_COMPARTMENT_ERQC,ppgs:bmi,-1.778861552989858e-4,0.005893574857454014,-0.03018306538925196,0.9759212667196291
bmi,alt_log_adj,REACTOME_ER_TO_GOLGI_ANTEROGRADE_TRANSPORT,ppgs,0.0037409369822989733,0.00591242187137652,0.6327249752609441,0.5269183608992385
bmi,alt_log_adj,REACTOME_ER_TO_GOLGI_ANTEROGRADE_TRANSPORT,bmi,0.2884543722144806,0.0057618303749992295,50.06297538124232,0
bmi,alt_log_adj,REACTOME_ER_TO_GOLGI_ANTEROGRADE_TRANSPORT,ppgs:bmi,-0.0026922682087155603,0.005875882956962349,-0.4581895569457327,0.6468197740996324
bmi,alt_log_adj,REACTOME_ESR_MEDIATED_SIGNALING,ppgs,0.014750951435887704,0.0067020948242154975,2.2009463940424556,0.02774785072820938
bmi,alt_log_adj,REACTOME_ESR_MEDIATED_SIGNALING,bmi,0.28813772798223813,0.0057625497723076515,50.00177688128696,0
bmi,alt_log_adj,REACTOME_ESR_MEDIATED_SIGNALING,ppgs:bmi,0.009325666648538799,0.006769045053527492,1.377693097740426,0.16830893899575308
bmi,alt_log_adj,REACTOME_ESTABLISHMENT_OF_SISTER_CHROMATID_COHESION,ppgs,0.013148997845061246,0.00571303905545089,2.3015767470582236,0.02136626831222774
bmi,alt_log_adj,REACTOME_ESTABLISHMENT_OF_SISTER_CHROMATID_COHESION,bmi,0.288347454411727,0.005762138083294611,50.0417466994923,0
bmi,alt_log_adj,REACTOME_ESTABLISHMENT_OF_SISTER_CHROMATID_COHESION,ppgs:bmi,-0.005797671746157095,0.005669549136859385,-1.0225983770851808,0.3065065035538833
bmi,alt_log_adj,REACTOME_ESTROGEN_BIOSYNTHESIS,ppgs,0.010158888417988355,0.005883189154018142,1.7267655606568364,0.08422066998357429
bmi,alt_log_adj,REACTOME_ESTROGEN_BIOSYNTHESIS,bmi,0.28827729405740277,0.0057604674347807435,50.044080158639986,0
bmi,alt_log_adj,REACTOME_ESTROGEN_BIOSYNTHESIS,ppgs:bmi,0.019749583709800997,0.006033312956242276,3.2734227203260504,0.0010638063617458067
bmi,alt_log_adj,REACTOME_ESTROGEN_DEPENDENT_GENE_EXPRESSION,ppgs,0.013492495086113325,0.006214388716077254,2.1711701186645875,0.02992658279075952
bmi,alt_log_adj,REACTOME_ESTROGEN_DEPENDENT_GENE_EXPRESSION,bmi,0.28825772241719266,0.0057610985485686645,50.03520074983092,0
bmi,alt_log_adj,REACTOME_ESTROGEN_DEPENDENT_GENE_EXPRESSION,ppgs:bmi,0.0136485673736625,0.006288380536868575,2.1704423410195015,0.029981625441016613
bmi,alt_log_adj,REACTOME_ESTROGEN_DEPENDENT_NUCLEAR_EVENTS_DOWNSTREAM_OF_ESR_MEMBRANE_SIGNALING,ppgs,0.009413795845461242,0.0060331584325049445,1.5603428868604516,0.1186900366248124
bmi,alt_log_adj,REACTOME_ESTROGEN_DEPENDENT_NUCLEAR_EVENTS_DOWNSTREAM_OF_ESR_MEMBRANE_SIGNALING,bmi,0.288357932446816,0.00576236012295116,50.04163681098347,0
bmi,alt_log_adj,REACTOME_ESTROGEN_DEPENDENT_NUCLEAR_EVENTS_DOWNSTREAM_OF_ESR_MEMBRANE_SIGNALING,ppgs:bmi,-7.727499980816752e-4,0.006002818886270721,-0.12873118658453309,0.8975712706216794
bmi,alt_log_adj,REACTOME_ESTROGEN_STIMULATED_SIGNALING_THROUGH_PRKCZ,ppgs,-0.002018200364174478,0.005760121434542557,-0.35037462093622584,0.7260601735717425
bmi,alt_log_adj,REACTOME_ESTROGEN_STIMULATED_SIGNALING_THROUGH_PRKCZ,bmi,0.2884569074176959,0.005762086837580544,50.06118712692237,0
bmi,alt_log_adj,REACTOME_ESTROGEN_STIMULATED_SIGNALING_THROUGH_PRKCZ,ppgs:bmi,0.0035388947367822445,0.005859991223719527,0.6039078561172303,0.5459097378749569
bmi,alt_log_adj,REACTOME_ETHANOL_OXIDATION,ppgs,0.019124406076358378,0.005691009402251314,3.3604594061631543,7.791562482582926e-4
bmi,alt_log_adj,REACTOME_ETHANOL_OXIDATION,bmi,0.2885159382161038,0.005760569007399908,50.08462494685545,0
bmi,alt_log_adj,REACTOME_ETHANOL_OXIDATION,ppgs:bmi,-2.7364681637412585e-4,0.005740991182182419,-0.04766543053112649,0.9619832209888814
bmi,alt_log_adj,REACTOME_EUKARYOTIC_TRANSLATION_ELONGATION,ppgs,0.026649493090611938,0.005873033817409105,4.537602526928474,5.713076488472281e-6
bmi,alt_log_adj,REACTOME_EUKARYOTIC_TRANSLATION_ELONGATION,bmi,0.28832704241891166,0.005759674200163671,50.05960969297853,0
bmi,alt_log_adj,REACTOME_EUKARYOTIC_TRANSLATION_ELONGATION,ppgs:bmi,0.006106984027348687,0.005891448781891026,1.036584421495807,0.299938418569142
bmi,alt_log_adj,REACTOME_EUKARYOTIC_TRANSLATION_INITIATION,ppgs,0.016596865108070385,0.005822480847515444,2.8504799831419905,0.004368479170997054
bmi,alt_log_adj,REACTOME_EUKARYOTIC_TRANSLATION_INITIATION,bmi,0.28835326681954704,0.005760670200341425,50.05550687530365,0
bmi,alt_log_adj,REACTOME_EUKARYOTIC_TRANSLATION_INITIATION,ppgs:bmi,0.0070848660629406245,0.005765286751792598,1.2288835521906574,0.2191256700067299
bmi,alt_log_adj,REACTOME_EVASION_BY_RSV_OF_HOST_INTERFERON_RESPONSES,ppgs,0.006305937674619713,0.005862249207688143,1.0756857054711504,0.2820769973093036
bmi,alt_log_adj,REACTOME_EVASION_BY_RSV_OF_HOST_INTERFERON_RESPONSES,bmi,0.28833764338720996,0.005761396174231249,50.04648780739041,0
bmi,alt_log_adj,REACTOME_EVASION_BY_RSV_OF_HOST_INTERFERON_RESPONSES,ppgs:bmi,0.009964400345558384,0.005895416326641787,1.6901945161240914,0.09100174176778876
bmi,alt_log_adj,REACTOME_EXPORT_OF_VIRAL_RIBONUCLEOPROTEINS_FROM_NUCLEUS,ppgs,0.003461209937772282,0.005945025858005778,0.5822026716858256,0.5604348041187048
bmi,alt_log_adj,REACTOME_EXPORT_OF_VIRAL_RIBONUCLEOPROTEINS_FROM_NUCLEUS,bmi,0.28838070222514395,0.005763962059186668,50.03167947046416,0
bmi,alt_log_adj,REACTOME_EXPORT_OF_VIRAL_RIBONUCLEOPROTEINS_FROM_NUCLEUS,ppgs:bmi,0.0022433618879940573,0.005962077927157942,0.3762718158672984,0.7067176459290927
bmi,alt_log_adj,REACTOME_EXPRESSION_OF_BMAL_ARNTL_CLOCK_AND_NPAS2,ppgs,0.011899728644127432,0.00585898024230059,2.0310238560311102,0.04226188649444179
bmi,alt_log_adj,REACTOME_EXPRESSION_OF_BMAL_ARNTL_CLOCK_AND_NPAS2,bmi,0.28848198460823704,0.0057615649895010335,50.070073866027904,0
bmi,alt_log_adj,REACTOME_EXPRESSION_OF_BMAL_ARNTL_CLOCK_AND_NPAS2,ppgs:bmi,2.7049827764537385e-4,0.005848650416779009,0.046249691530434074,0.9631115624902293
bmi,alt_log_adj,REACTOME_EXPRESSION_OF_NOTCH2NL_GENES,ppgs,-4.999628066872155e-4,0.006558412581944458,-0.07623228951219549,0.9392348320665238
bmi,alt_log_adj,REACTOME_EXPRESSION_OF_NOTCH2NL_GENES,bmi,0.28842276188814375,0.005761669000044612,50.05889124937765,0
bmi,alt_log_adj,REACTOME_EXPRESSION_OF_NOTCH2NL_GENES,ppgs:bmi,0.0016903945434862601,0.006441200066663666,0.2624347211686331,0.7929882138165968
bmi,alt_log_adj,REACTOME_EXTENSION_OF_TELOMERES,ppgs,-0.0033918259306292145,0.0057710065124345206,-0.5877355922785746,0.5567144630245384
bmi,alt_log_adj,REACTOME_EXTENSION_OF_TELOMERES,bmi,0.28847325958115716,0.00576194406758738,50.06526550715818,0
bmi,alt_log_adj,REACTOME_EXTENSION_OF_TELOMERES,ppgs:bmi,-0.0039934599465209965,0.005720234484450026,-0.6981287143694686,0.4851024284586378
bmi,alt_log_adj,REACTOME_EXTRACELLULAR_MATRIX_ORGANIZATION,ppgs,0.03367272643638886,0.0077020211204902374,4.3719337962871725,1.2358899483144058e-5
bmi,alt_log_adj,REACTOME_EXTRACELLULAR_MATRIX_ORGANIZATION,bmi,0.28834845305646173,0.0057599336038718476,50.061072381569275,0
bmi,alt_log_adj,REACTOME_EXTRACELLULAR_MATRIX_ORGANIZATION,ppgs:bmi,-0.004529750021144465,0.007713486178494961,-0.5872506822885498,0.5570400351360462
bmi,alt_log_adj,REACTOME_EXTRA_NUCLEAR_ESTROGEN_SIGNALING,ppgs,0.007596372609745265,0.006276307525118508,1.2103251122325833,0.22616425677442073
bmi,alt_log_adj,REACTOME_EXTRA_NUCLEAR_ESTROGEN_SIGNALING,bmi,0.28833426935929796,0.005762647640770952,50.035033778453155,0
bmi,alt_log_adj,REACTOME_EXTRA_NUCLEAR_ESTROGEN_SIGNALING,ppgs:bmi,3.7650223107993293e-4,0.006263365280405546,0.06011181117885477,0.9520670067532011
bmi,alt_log_adj,REACTOME_EXTRINSIC_PATHWAY_OF_FIBRIN_CLOT_FORMATION,ppgs,0.009952312431888325,0.005723124403924675,1.7389648956544528,0.08205179348056639
bmi,alt_log_adj,REACTOME_EXTRINSIC_PATHWAY_OF_FIBRIN_CLOT_FORMATION,bmi,0.28836431863891476,0.005761332462967987,50.05167129174178,0
bmi,alt_log_adj,REACTOME_EXTRINSIC_PATHWAY_OF_FIBRIN_CLOT_FORMATION,ppgs:bmi,0.003209771706754134,0.005749587423339491,0.5582612230096027,0.5766704288141598
bmi,alt_log_adj,REACTOME_FACTORS_INVOLVED_IN_MEGAKARYOCYTE_DEVELOPMENT_AND_PLATELET_PRODUCTION,ppgs,0.024777025169971777,0.006567459754796269,3.7726953944220085,1.6182179734225584e-4
bmi,alt_log_adj,REACTOME_FACTORS_INVOLVED_IN_MEGAKARYOCYTE_DEVELOPMENT_AND_PLATELET_PRODUCTION,bmi,0.2885586831282477,0.0057598394547241465,50.09838996320905,0
bmi,alt_log_adj,REACTOME_FACTORS_INVOLVED_IN_MEGAKARYOCYTE_DEVELOPMENT_AND_PLATELET_PRODUCTION,ppgs:bmi,0.014038911736563787,0.0066612476071838365,2.1075499012262346,0.035078698255022904
bmi,alt_log_adj,REACTOME_FANCONI_ANEMIA_PATHWAY,ppgs,0.0016835913180225672,0.005907429610139025,0.28499557830244643,0.7756496114768497
bmi,alt_log_adj,REACTOME_FANCONI_ANEMIA_PATHWAY,bmi,0.28826996977478875,0.005762609124347706,50.02421013717797,0
bmi,alt_log_adj,REACTOME_FANCONI_ANEMIA_PATHWAY,ppgs:bmi,0.007235143827902891,0.005951106412216269,1.2157644859199266,0.2240847751739913
bmi,alt_log_adj,REACTOME_FASL_CD95L_SIGNALING,ppgs,0.003230186074695151,0.0057060295884532155,0.5661004775074758,0.5713299598522901
bmi,alt_log_adj,REACTOME_FASL_CD95L_SIGNALING,bmi,0.2883141309646198,0.005760728189335947,50.04820944309377,0
bmi,alt_log_adj,REACTOME_FASL_CD95L_SIGNALING,ppgs:bmi,-0.01773098888278342,0.005766672496375694,-3.07473484820357,0.002108900589754419
bmi,alt_log_adj,REACTOME_FASTK_FAMILY_PROTEINS_REGULATE_PROCESSING_AND_STABILITY_OF_MITOCHONDRIAL_RNAS,ppgs,0.003923680431697851,0.005897673234669104,0.6652929512324861,0.5058685507325542
bmi,alt_log_adj,REACTOME_FASTK_FAMILY_PROTEINS_REGULATE_PROCESSING_AND_STABILITY_OF_MITOCHONDRIAL_RNAS,bmi,0.28840407194533685,0.005761900798055412,50.0536336971769,0
bmi,alt_log_adj,REACTOME_FASTK_FAMILY_PROTEINS_REGULATE_PROCESSING_AND_STABILITY_OF_MITOCHONDRIAL_RNAS,ppgs:bmi,-4.99797012290762e-4,0.005833103087778732,-0.08568286978125164,0.9317191250841417
bmi,alt_log_adj,REACTOME_FATTY_ACIDS,ppgs,0.0019065893366260582,0.005729470254428276,0.3327688690158511,0.7393112198802385
bmi,alt_log_adj,REACTOME_FATTY_ACIDS,bmi,0.28841042081149393,0.00576184321924071,50.05523577045548,0
bmi,alt_log_adj,REACTOME_FATTY_ACIDS,ppgs:bmi,-1.3428113422432475e-4,0.005688630678065784,-0.023605177031809397,0.9811677087725539
bmi,alt_log_adj,REACTOME_FATTY_ACIDS_BOUND_TO_GPR40_FFAR1_REGULATE_INSULIN_SECRETION,ppgs,-0.004591611793570217,0.005736171502603998,-0.8004662676989006,0.4234474080747568
bmi,alt_log_adj,REACTOME_FATTY_ACIDS_BOUND_TO_GPR40_FFAR1_REGULATE_INSULIN_SECRETION,bmi,0.2883794616751653,0.0057614966005471715,50.05287370086755,0
bmi,alt_log_adj,REACTOME_FATTY_ACIDS_BOUND_TO_GPR40_FFAR1_REGULATE_INSULIN_SECRETION,ppgs:bmi,0.006956979576443092,0.005694591859346705,1.2216818603117963,0.2218381177018585
bmi,alt_log_adj,REACTOME_FATTY_ACID_METABOLISM,ppgs,0.011430943866146634,0.006143103844469646,1.8607765969050627,0.06278607749679811
bmi,alt_log_adj,REACTOME_FATTY_ACID_METABOLISM,bmi,0.288538550003967,0.005761723967640469,50.07850976972935,0
bmi,alt_log_adj,REACTOME_FATTY_ACID_METABOLISM,ppgs:bmi,-0.006541251768054149,0.006154580779970904,-1.0628265355361983,0.2878696771461389
bmi,alt_log_adj,REACTOME_FATTY_ACYL_COA_BIOSYNTHESIS,ppgs,0.012316232089907588,0.005923983694029493,2.0790455757534487,0.037622130534605655
bmi,alt_log_adj,REACTOME_FATTY_ACYL_COA_BIOSYNTHESIS,bmi,0.2884836584182537,0.005761331911643463,50.07239000329727,0
bmi,alt_log_adj,REACTOME_FATTY_ACYL_COA_BIOSYNTHESIS,ppgs:bmi,-7.646091172621657e-5,0.0059781710637996695,-0.012790017366552026,0.9897954108370027
bmi,alt_log_adj,REACTOME_FBXL7_DOWN_REGULATES_AURKA_DURING_MITOTIC_ENTRY_AND_IN_EARLY_MITOSIS,ppgs,-0.0076519635937135335,0.006047460355817047,-1.2653185210801947,0.2057675700305726
bmi,alt_log_adj,REACTOME_FBXL7_DOWN_REGULATES_AURKA_DURING_MITOTIC_ENTRY_AND_IN_EARLY_MITOSIS,bmi,0.28848191616618357,0.005761557438549695,50.07012760751032,0
bmi,alt_log_adj,REACTOME_FBXL7_DOWN_REGULATES_AURKA_DURING_MITOTIC_ENTRY_AND_IN_EARLY_MITOSIS,ppgs:bmi,-0.004812555197176222,0.0060149634333392385,-0.8000971660944091,0.4236612075814802
bmi,alt_log_adj,REACTOME_FBXW7_MUTANTS_AND_NOTCH1_IN_CANCER,ppgs,0.007930263167312457,0.005764306581638686,1.3757531899106639,0.16890892759432657
bmi,alt_log_adj,REACTOME_FBXW7_MUTANTS_AND_NOTCH1_IN_CANCER,bmi,0.2884126129462222,0.0057614800242062,50.05877165840888,0
bmi,alt_log_adj,REACTOME_FBXW7_MUTANTS_AND_NOTCH1_IN_CANCER,ppgs:bmi,-0.002878532203033039,0.00573251459551511,-0.5021412776314756,0.6155720463875106
bmi,alt_log_adj,REACTOME_FCERI_MEDIATED_CA_2_MOBILIZATION,ppgs,-0.0060483260135475,0.006085333656578667,-0.9939185515339558,0.3202710054236894
bmi,alt_log_adj,REACTOME_FCERI_MEDIATED_CA_2_MOBILIZATION,bmi,0.2884095979283256,0.005761461016316977,50.05841350163155,0
bmi,alt_log_adj,REACTOME_FCERI_MEDIATED_CA_2_MOBILIZATION,ppgs:bmi,0.005426730829049638,0.006109998361906674,0.8881722232338183,0.37445565352173216
bmi,alt_log_adj,REACTOME_FCERI_MEDIATED_MAPK_ACTIVATION,ppgs,0.002864883432528007,0.005828421911111976,0.4915367274743893,0.6230506878644346
bmi,alt_log_adj,REACTOME_FCERI_MEDIATED_MAPK_ACTIVATION,bmi,0.28834150511899853,0.005761794140812625,50.04370133194862,0
bmi,alt_log_adj,REACTOME_FCERI_MEDIATED_MAPK_ACTIVATION,ppgs:bmi,0.006206938782995228,0.005823953378130844,1.0657603830247866,0.28654105074637104
bmi,alt_log_adj,REACTOME_FCERI_MEDIATED_NF_KB_ACTIVATION,ppgs,0.03025683569308764,0.005931373517944041,5.1011516306555915,3.397672661038372e-7
bmi,alt_log_adj,REACTOME_FCERI_MEDIATED_NF_KB_ACTIVATION,bmi,0.28817799871967353,0.005759544563031289,50.03485875765208,0
bmi,alt_log_adj,REACTOME_FCERI_MEDIATED_NF_KB_ACTIVATION,ppgs:bmi,0.005540118620187279,0.006002992479323474,0.9228928137540563,0.3560709207013738
bmi,alt_log_adj,REACTOME_FCGAMMA_RECEPTOR_FCGR_DEPENDENT_PHAGOCYTOSIS,ppgs,0.02607935880477191,0.006632653187723218,3.9319647909593383,8.445466896301476e-5
bmi,alt_log_adj,REACTOME_FCGAMMA_RECEPTOR_FCGR_DEPENDENT_PHAGOCYTOSIS,bmi,0.288330822913916,0.005760822996701185,50.0502832805352,0
bmi,alt_log_adj,REACTOME_FCGAMMA_RECEPTOR_FCGR_DEPENDENT_PHAGOCYTOSIS,ppgs:bmi,0.005971183153235573,0.006686209718073954,0.8930595068076398,0.37183288744804177
bmi,alt_log_adj,REACTOME_FCGR3A_MEDIATED_IL10_SYNTHESIS,ppgs,0.009630553759306248,0.0064999547956815324,1.481633959316861,0.1384488329457258
bmi,alt_log_adj,REACTOME_FCGR3A_MEDIATED_IL10_SYNTHESIS,bmi,0.2883517087771929,0.005762256524322047,50.04145642598212,0
bmi,alt_log_adj,REACTOME_FCGR3A_MEDIATED_IL10_SYNTHESIS,ppgs:bmi,0.0038734104604012934,0.006450641063277152,0.6004690731363473,0.5481984663876424
bmi,alt_log_adj,REACTOME_FCGR_ACTIVATION,ppgs,0.014965508135015019,0.00584694653366253,2.5595424977557673,0.010486144388466033
bmi,alt_log_adj,REACTOME_FCGR_ACTIVATION,bmi,0.28830813750679046,0.005764425052591167,50.01507260072591,0
bmi,alt_log_adj,REACTOME_FCGR_ACTIVATION,ppgs:bmi,-4.894322859560035e-4,0.005807352887324402,-0.08427803432167484,0.9328359714473804
bmi,alt_log_adj,REACTOME_FC_EPSILON_RECEPTOR_FCERI_SIGNALING,ppgs,0.0039182601836751435,0.006417997088433689,0.6105113682174316,0.5415280094484171
bmi,alt_log_adj,REACTOME_FC_EPSILON_RECEPTOR_FCERI_SIGNALING,bmi,0.28849055463558665,0.005761897626976952,50.068670655460195,0
bmi,alt_log_adj,REACTOME_FC_EPSILON_RECEPTOR_FCERI_SIGNALING,ppgs:bmi,0.006069231969014458,0.006470546600294829,0.9379782488140823,0.34826357950866615
bmi,alt_log_adj,REACTOME_FERTILIZATION,ppgs,-0.00802218305093924,0.005706869692768891,-1.4057063649278791,0.15982229582918633
bmi,alt_log_adj,REACTOME_FERTILIZATION,bmi,0.2884990540590006,0.005762348402208521,50.066228891753276,0
bmi,alt_log_adj,REACTOME_FERTILIZATION,ppgs:bmi,0.0038616575177230464,0.005890781437920359,0.6555424876001408,0.5121238602983242
bmi,alt_log_adj,REACTOME_FGFR1B_LIGAND_BINDING_AND_ACTIVATION,ppgs,-0.014856952108718867,0.006169954406488549,-2.4079516848770806,0.01604864788602927
bmi,alt_log_adj,REACTOME_FGFR1B_LIGAND_BINDING_AND_ACTIVATION,bmi,0.2883978862127111,0.0057605278657276195,50.06448938968603,0
bmi,alt_log_adj,REACTOME_FGFR1B_LIGAND_BINDING_AND_ACTIVATION,ppgs:bmi,-0.013744509639777228,0.006207098585270129,-2.2143211439228456,0.026814619848156127
bmi,alt_log_adj,REACTOME_FGFR1C_LIGAND_BINDING_AND_ACTIVATION,ppgs,-0.015468556504789156,0.006130491257483246,-2.5232164691381476,0.011634100898790604
bmi,alt_log_adj,REACTOME_FGFR1C_LIGAND_BINDING_AND_ACTIVATION,bmi,0.288603439763284,0.005760471907451284,50.100659182101,0
bmi,alt_log_adj,REACTOME_FGFR1C_LIGAND_BINDING_AND_ACTIVATION,ppgs:bmi,-0.01786042569372302,0.006174513276912207,-2.892604630150667,0.003823525944461991
bmi,alt_log_adj,REACTOME_FGFR1_LIGAND_BINDING_AND_ACTIVATION,ppgs,-0.01453707485051064,0.006104394499486022,-2.3814114326547267,0.017252998143669682
bmi,alt_log_adj,REACTOME_FGFR1_LIGAND_BINDING_AND_ACTIVATION,bmi,0.2886132677767436,0.005760346902505985,50.10345256310607,0
bmi,alt_log_adj,REACTOME_FGFR1_LIGAND_BINDING_AND_ACTIVATION,ppgs:bmi,-0.01960856040627823,0.006151181622278863,-3.187771327586607,0.0014352950277115072
bmi,alt_log_adj,REACTOME_FGFR1_MUTANT_RECEPTOR_ACTIVATION,ppgs,-0.010343119027273522,0.005893972337565472,-1.7548638566474486,0.07929339961042646
bmi,alt_log_adj,REACTOME_FGFR1_MUTANT_RECEPTOR_ACTIVATION,bmi,0.2884010673654942,0.005760843856709224,50.06229547944005,0
bmi,alt_log_adj,REACTOME_FGFR1_MUTANT_RECEPTOR_ACTIVATION,ppgs:bmi,-0.012423489253726659,0.005936865452475715,-2.09260077614627,0.036393676174510066
bmi,alt_log_adj,REACTOME_FGFR2B_LIGAND_BINDING_AND_ACTIVATION,ppgs,0.0048659543748997254,0.006017455236809574,0.8086398956711859,0.41872909580915185
bmi,alt_log_adj,REACTOME_FGFR2B_LIGAND_BINDING_AND_ACTIVATION,bmi,0.28843777487478456,0.0057620315665389155,50.05834687713117,0
bmi,alt_log_adj,REACTOME_FGFR2B_LIGAND_BINDING_AND_ACTIVATION,ppgs:bmi,-0.001880369579767212,0.0060258527349066945,-0.31205037070928815,0.7550045379525392
bmi,alt_log_adj,REACTOME_FGFR2C_LIGAND_BINDING_AND_ACTIVATION,ppgs,-0.011742645682533864,0.0061666075747927925,-1.9042310606133284,0.05689021160830697
bmi,alt_log_adj,REACTOME_FGFR2C_LIGAND_BINDING_AND_ACTIVATION,bmi,0.28873873107562537,0.005761644522631245,50.11394402092743,0
bmi,alt_log_adj,REACTOME_FGFR2C_LIGAND_BINDING_AND_ACTIVATION,ppgs:bmi,-0.01728010966360923,0.00623450708792787,-2.771688189603539,0.005580278658817544
bmi,alt_log_adj,REACTOME_FGFR2_ALTERNATIVE_SPLICING,ppgs,0.008970120674751881,0.005777708911034563,1.5525393911105987,0.12054437833482877
bmi,alt_log_adj,REACTOME_FGFR2_ALTERNATIVE_SPLICING,bmi,0.28847733301356815,0.005761567266972887,50.0692467251421,0
bmi,alt_log_adj,REACTOME_FGFR2_ALTERNATIVE_SPLICING,ppgs:bmi,3.4789569303334515e-4,0.005769055177197452,0.060303755528015125,0.951914136008825
bmi,alt_log_adj,REACTOME_FGFR2_LIGAND_BINDING_AND_ACTIVATION,ppgs,-0.005567358651139605,0.0061251557908488475,-0.9089333955321418,0.36339301171680904
bmi,alt_log_adj,REACTOME_FGFR2_LIGAND_BINDING_AND_ACTIVATION,bmi,0.2886644155910055,0.005762415743787054,50.09434036449711,0
bmi,alt_log_adj,REACTOME_FGFR2_LIGAND_BINDING_AND_ACTIVATION,ppgs:bmi,-0.012058335682132475,0.006186463122211203,-1.9491485593504214,0.051287535069328025
bmi,alt_log_adj,REACTOME_FGFR2_MUTANT_RECEPTOR_ACTIVATION,ppgs,-0.009511125182397351,0.006109951438451266,-1.5566613381804888,0.11956207565680085
bmi,alt_log_adj,REACTOME_FGFR2_MUTANT_RECEPTOR_ACTIVATION,bmi,0.28852369284958107,0.005761778983391982,50.07545302956519,0
bmi,alt_log_adj,REACTOME_FGFR2_MUTANT_RECEPTOR_ACTIVATION,ppgs:bmi,-0.00925080836501363,0.0061242809846995365,-1.5105133791420062,0.13092362405318853
bmi,alt_log_adj,REACTOME_FGFR3B_LIGAND_BINDING_AND_ACTIVATION,ppgs,-0.005167714724823794,0.006212954273853351,-0.8317644870768884,0.4055488990165359
bmi,alt_log_adj,REACTOME_FGFR3B_LIGAND_BINDING_AND_ACTIVATION,bmi,0.28848422029482723,0.005761764377765151,50.06872919137372,0
bmi,alt_log_adj,REACTOME_FGFR3B_LIGAND_BINDING_AND_ACTIVATION,ppgs:bmi,-0.0057940050658023936,0.006208300360777568,-0.9332675175330457,0.3506898106892612
bmi,alt_log_adj,REACTOME_FGFR3_LIGAND_BINDING_AND_ACTIVATION,ppgs,-0.00695025076291855,0.006106938427557006,-1.1380908527841338,0.25509216563714704
bmi,alt_log_adj,REACTOME_FGFR3_LIGAND_BINDING_AND_ACTIVATION,bmi,0.28858417675455383,0.005761978677567154,50.08421462545241,0
bmi,alt_log_adj,REACTOME_FGFR3_LIGAND_BINDING_AND_ACTIVATION,ppgs:bmi,-0.010235874748991448,0.006191753871504928,-1.6531462589457844,0.09831217388705028
bmi,alt_log_adj,REACTOME_FGFRL1_MODULATION_OF_FGFR1_SIGNALING,ppgs,-0.006566182489036101,0.005707728847207907,-1.1504019663176765,0.24998805471736316
bmi,alt_log_adj,REACTOME_FGFRL1_MODULATION_OF_FGFR1_SIGNALING,bmi,0.2883651260387723,0.0057612725318981674,50.052332091945765,0
bmi,alt_log_adj,REACTOME_FGFRL1_MODULATION_OF_FGFR1_SIGNALING,ppgs:bmi,0.009476978241543912,0.005704953706046629,1.6611840743772117,0.09668754122249684
bmi,alt_log_adj,REACTOME_FIBRONECTIN_MATRIX_FORMATION,ppgs,0.005882229893010368,0.005980138090086968,0.9836277698605492,0.32530696075052545
bmi,alt_log_adj,REACTOME_FIBRONECTIN_MATRIX_FORMATION,bmi,0.2884259268045071,0.005761245044346706,50.06312430462035,0
bmi,alt_log_adj,REACTOME_FIBRONECTIN_MATRIX_FORMATION,ppgs:bmi,0.00949989508023649,0.005938418376883243,1.5997348919060963,0.10966855180030141
bmi,alt_log_adj,REACTOME_FICOLINS_BIND_TO_REPETITIVE_CARBOHYDRATE_STRUCTURES_ON_THE_TARGET_CELL_SURFACE,ppgs,-0.006327842454082441,0.005691784121383979,-1.1117502560065124,0.266254973569108
bmi,alt_log_adj,REACTOME_FICOLINS_BIND_TO_REPETITIVE_CARBOHYDRATE_STRUCTURES_ON_THE_TARGET_CELL_SURFACE,bmi,0.2883955058393523,0.005761954214924864,50.05168300232892,0
bmi,alt_log_adj,REACTOME_FICOLINS_BIND_TO_REPETITIVE_CARBOHYDRATE_STRUCTURES_ON_THE_TARGET_CELL_SURFACE,ppgs:bmi,0.0018874666105081362,0.0057956625048300354,0.32566882715050166,0.74467733552455
bmi,alt_log_adj,REACTOME_FLT3_SIGNALING,ppgs,0.0010994905569365737,0.00569157029060287,0.19317877155130628,0.8468203473995214
bmi,alt_log_adj,REACTOME_FLT3_SIGNALING,bmi,0.28839306992826974,0.0057616910399816345,50.05354642014768,0
bmi,alt_log_adj,REACTOME_FLT3_SIGNALING,ppgs:bmi,0.003505308172665274,0.005705470358880792,0.6143767213178353,0.5389713455429509
bmi,alt_log_adj,REACTOME_FLT3_SIGNALING_BY_CBL_MUTANTS,ppgs,-0.001948491921832854,0.005892675366296111,-0.3306633745645477,0.740901214083593
bmi,alt_log_adj,REACTOME_FLT3_SIGNALING_BY_CBL_MUTANTS,bmi,0.2883396026163887,0.005761786593150139,50.04343669360807,0
bmi,alt_log_adj,REACTOME_FLT3_SIGNALING_BY_CBL_MUTANTS,ppgs:bmi,0.007767000625598117,0.005886405355739709,1.3194811019979586,0.1870189803254874
bmi,alt_log_adj,REACTOME_FLT3_SIGNALING_IN_DISEASE,ppgs,0.0060103210970477204,0.005736722461373436,1.0476924999451311,0.2947892365862545
bmi,alt_log_adj,REACTOME_FLT3_SIGNALING_IN_DISEASE,bmi,0.28840380929744935,0.00576189384196184,50.05364854123243,0
bmi,alt_log_adj,REACTOME_FLT3_SIGNALING_IN_DISEASE,ppgs:bmi,-0.0014549509926396564,0.005779718628909054,-0.2517338794595066,0.8012485928912232
bmi,alt_log_adj,REACTOME_FLT3_SIGNALING_THROUGH_SRC_FAMILY_KINASES,ppgs,-8.39366374269525e-4,0.005777042005012869,-0.14529345182901351,0.8844802175266552
bmi,alt_log_adj,REACTOME_FLT3_SIGNALING_THROUGH_SRC_FAMILY_KINASES,bmi,0.28838321034692643,0.005761296395023252,50.05526370697381,0
bmi,alt_log_adj,REACTOME_FLT3_SIGNALING_THROUGH_SRC_FAMILY_KINASES,ppgs:bmi,0.011482725344269171,0.005753629854483881,1.9957358458366121,0.04597223451417477
bmi,alt_log_adj,REACTOME_FOLDING_OF_ACTIN_BY_CCT_TRIC,ppgs,0.010212626140443744,0.0057259773527731945,1.7835603445929775,0.07450582894755407
bmi,alt_log_adj,REACTOME_FOLDING_OF_ACTIN_BY_CCT_TRIC,bmi,0.28829273084379947,0.005761866292206661,50.03460966002216,0
bmi,alt_log_adj,REACTOME_FOLDING_OF_ACTIN_BY_CCT_TRIC,ppgs:bmi,0.0042325465117012346,0.005811429653623497,0.7283141608815983,0.4664273117232359
bmi,alt_log_adj,REACTOME_FORMATION_OF_APOPTOSOME,ppgs,-8.542341352951797e-4,0.00571106409846502,-0.14957530165434052,0.881100759422264
bmi,alt_log_adj,REACTOME_FORMATION_OF_APOPTOSOME,bmi,0.2884062566443961,0.005761751671518348,50.055308365692674,0
bmi,alt_log_adj,REACTOME_FORMATION_OF_APOPTOSOME,ppgs:bmi,-0.004676697378410845,0.0057527850743748655,-0.8129449158882482,0.4162564680589803
bmi,alt_log_adj,REACTOME_FORMATION_OF_AXIAL_MESODERM,ppgs,0.008689012171442691,0.005858775809968597,1.4830764059376536,0.13806522874041424
bmi,alt_log_adj,REACTOME_FORMATION_OF_AXIAL_MESODERM,bmi,0.28835446842043244,0.005761984348584389,50.04429914692075,0
bmi,alt_log_adj,REACTOME_FORMATION_OF_AXIAL_MESODERM,ppgs:bmi,-0.0036566031389381115,0.005907957799370858,-0.6189284458544212,0.5359684715209428
bmi,alt_log_adj,REACTOME_FORMATION_OF_DEFINITIVE_ENDODERM,ppgs,0.01619168999052056,0.0057025214942744516,2.839391312558424,0.004523184281746375
bmi,alt_log_adj,REACTOME_FORMATION_OF_DEFINITIVE_ENDODERM,bmi,0.28828769150333816,0.005762304696849069,50.02992841752693,0
bmi,alt_log_adj,REACTOME_FORMATION_OF_DEFINITIVE_ENDODERM,ppgs:bmi,5.120498582944433e-4,0.005692537453791271,0.08995107409498279,0.9283267298428715
bmi,alt_log_adj,REACTOME_FORMATION_OF_FIBRIN_CLOT_CLOTTING_CASCADE,ppgs,0.011058013641557873,0.005772839092231798,1.9155243139269296,0.0554357206286924
bmi,alt_log_adj,REACTOME_FORMATION_OF_FIBRIN_CLOT_CLOTTING_CASCADE,bmi,0.28852644880872774,0.005760670653623502,50.08556575391835,0
bmi,alt_log_adj,REACTOME_FORMATION_OF_FIBRIN_CLOT_CLOTTING_CASCADE,ppgs:bmi,-0.014868958880306272,0.005763093361935132,-2.5800308873208277,0.00988413219691001
bmi,alt_log_adj,REACTOME_FORMATION_OF_INCISION_COMPLEX_IN_GG_NER,ppgs,0.004146948127591259,0.0059553225853041444,0.6963431565948447,0.48621966151165774
bmi,alt_log_adj,REACTOME_FORMATION_OF_INCISION_COMPLEX_IN_GG_NER,bmi,0.28845849752069413,0.005762174279462609,50.06070339607921,0
bmi,alt_log_adj,REACTOME_FORMATION_OF_INCISION_COMPLEX_IN_GG_NER,ppgs:bmi,-0.0015294948057259581,0.005892527435981405,-0.25956515643634326,0.7952011013105771
bmi,alt_log_adj,REACTOME_FORMATION_OF_INTERMEDIATE_MESODERM,ppgs,0.005135058091039925,0.005730759033918772,0.896051999507734,0.37023260041590234
bmi,alt_log_adj,REACTOME_FORMATION_OF_INTERMEDIATE_MESODERM,bmi,0.28845187637676617,0.005762031459463576,50.0607951216601,0
bmi,alt_log_adj,REACTOME_FORMATION_OF_INTERMEDIATE_MESODERM,ppgs:bmi,-0.0016845574469198387,0.005868199563279248,-0.28706546680196404,0.7740642914582498
bmi,alt_log_adj,REACTOME_FORMATION_OF_LATERAL_PLATE_MESODERM,ppgs,0.014132213945164025,0.005757571401282809,2.4545442792103827,0.014112295693182904
bmi,alt_log_adj,REACTOME_FORMATION_OF_LATERAL_PLATE_MESODERM,bmi,0.28841858406700627,0.005760991198186237,50.064055671150925,0
bmi,alt_log_adj,REACTOME_FORMATION_OF_LATERAL_PLATE_MESODERM,ppgs:bmi,0.005753875721687929,0.005709492039617763,1.007773665636486,0.31357173270640804
bmi,alt_log_adj,REACTOME_FORMATION_OF_NEURONAL_PROGENITOR_AND_NEURONAL_BAF_NPBAF_AND_NBAF,ppgs,0.015836067554825466,0.0058223893776528255,2.7198571802165254,0.006534990523284878
bmi,alt_log_adj,REACTOME_FORMATION_OF_NEURONAL_PROGENITOR_AND_NEURONAL_BAF_NPBAF_AND_NBAF,bmi,0.2884108235737295,0.005760826630966896,50.0641387163777,0
bmi,alt_log_adj,REACTOME_FORMATION_OF_NEURONAL_PROGENITOR_AND_NEURONAL_BAF_NPBAF_AND_NBAF,ppgs:bmi,-0.0050798460484262845,0.005843328593125879,-0.8693411584627023,0.38466791729732164
bmi,alt_log_adj,REACTOME_FORMATION_OF_PARAXIAL_MESODERM,ppgs,-0.013332202626369081,0.005970005198853656,-2.233197825175947,0.025543674427985014
bmi,alt_log_adj,REACTOME_FORMATION_OF_PARAXIAL_MESODERM,bmi,0.28824215274432347,0.005762809050633778,50.017647680452534,0
bmi,alt_log_adj,REACTOME_FORMATION_OF_PARAXIAL_MESODERM,ppgs:bmi,-2.8173200580628924e-4,0.005974038568619553,-0.04715938850582116,0.9623865269689673
bmi,alt_log_adj,REACTOME_FORMATION_OF_RNA_POL_II_ELONGATION_COMPLEX,ppgs,0.005132770142294716,0.005753764194449526,0.8920716888686778,0.3723620803932415
bmi,alt_log_adj,REACTOME_FORMATION_OF_RNA_POL_II_ELONGATION_COMPLEX,bmi,0.28828562321644025,0.00576395108532665,50.01527926743375,0
bmi,alt_log_adj,REACTOME_FORMATION_OF_RNA_POL_II_ELONGATION_COMPLEX,ppgs:bmi,0.003424951969193459,0.005845566104457663,0.585905951278472,0.5579433823336264
bmi,alt_log_adj,REACTOME_FORMATION_OF_SENESCENCE_ASSOCIATED_HETEROCHROMATIN_FOCI_SAHF,ppgs,0.003492060867926099,0.005750391779125435,0.607273556664899,0.5436742481435533
bmi,alt_log_adj,REACTOME_FORMATION_OF_SENESCENCE_ASSOCIATED_HETEROCHROMATIN_FOCI_SAHF,bmi,0.28842407565385836,0.005761582845470448,50.059867815769955,0
bmi,alt_log_adj,REACTOME_FORMATION_OF_SENESCENCE_ASSOCIATED_HETEROCHROMATIN_FOCI_SAHF,ppgs:bmi,-0.003294821392281763,0.005817799728082891,-0.5663346189758732,0.5711708142658791
bmi,alt_log_adj,REACTOME_FORMATION_OF_TC_NER_PRE_INCISION_COMPLEX,ppgs,0.0022220205703083824,0.005848644457583815,0.37992061005300726,0.704007193980916
bmi,alt_log_adj,REACTOME_FORMATION_OF_TC_NER_PRE_INCISION_COMPLEX,bmi,0.28839065597494123,0.005762895857073027,50.04266312065802,0
bmi,alt_log_adj,REACTOME_FORMATION_OF_TC_NER_PRE_INCISION_COMPLEX,ppgs:bmi,0.0025630308221545927,0.005869412974338097,0.4366758368103464,0.6623497812088832
bmi,alt_log_adj,REACTOME_FORMATION_OF_THE_ACTIVE_COFACTOR_UDP_GLUCURONATE,ppgs,0.0014257913642222804,0.005696762125980456,0.2502810074726248,0.8023718567190637
bmi,alt_log_adj,REACTOME_FORMATION_OF_THE_ACTIVE_COFACTOR_UDP_GLUCURONATE,bmi,0.2883982571503901,0.005761527705907289,50.055865713306495,0
bmi,alt_log_adj,REACTOME_FORMATION_OF_THE_ACTIVE_COFACTOR_UDP_GLUCURONATE,ppgs:bmi,0.006212767463229328,0.00573037397652777,1.0841818507269323,0.2782933977066848
bmi,alt_log_adj,REACTOME_FORMATION_OF_THE_ANTERIOR_NEURAL_PLATE,ppgs,0.001300622673173832,0.005688970002094155,0.22862181953764255,0.819164513248024
bmi,alt_log_adj,REACTOME_FORMATION_OF_THE_ANTERIOR_NEURAL_PLATE,bmi,0.2883499221342076,0.00576188424556537,50.044379554507,0
bmi,alt_log_adj,REACTOME_FORMATION_OF_THE_ANTERIOR_NEURAL_PLATE,ppgs:bmi,0.00605032766785518,0.005704302007772199,1.0606604733780778,0.2888532656938651
bmi,alt_log_adj,REACTOME_FORMATION_OF_THE_BETA_CATENIN_TCF_TRANSACTIVATING_COMPLEX,ppgs,0.01357817056797977,0.005859725109432314,2.317202652752974,0.020499782529728176
bmi,alt_log_adj,REACTOME_FORMATION_OF_THE_BETA_CATENIN_TCF_TRANSACTIVATING_COMPLEX,bmi,0.2883371685995003,0.005760983106983454,50.049993767553055,0
bmi,alt_log_adj,REACTOME_FORMATION_OF_THE_BETA_CATENIN_TCF_TRANSACTIVATING_COMPLEX,ppgs:bmi,0.008512729873056872,0.005912750731570218,1.43972412494991,0.14995650754961082
bmi,alt_log_adj,REACTOME_FORMATION_OF_THE_CANONICAL_BAF_CBAF_COMPLEX,ppgs,0.013205736841472556,0.0057763165385080395,2.2861864915878476,0.022250692331810068
bmi,alt_log_adj,REACTOME_FORMATION_OF_THE_CANONICAL_BAF_CBAF_COMPLEX,bmi,0.28843746687145944,0.005761058568163021,50.06674788300772,0
bmi,alt_log_adj,REACTOME_FORMATION_OF_THE_CANONICAL_BAF_CBAF_COMPLEX,ppgs:bmi,-0.002852217680553533,0.0057917245201565964,-0.49246432053650485,0.6223949527511878
bmi,alt_log_adj,REACTOME_FORMATION_OF_THE_CORNIFIED_ENVELOPE,ppgs,4.0019963205136855e-4,0.0057415130255411145,0.06970281705729499,0.9444306912001779
bmi,alt_log_adj,REACTOME_FORMATION_OF_THE_CORNIFIED_ENVELOPE,bmi,0.2885397548369659,0.005762159051451851,50.07493758164565,0
bmi,alt_log_adj,REACTOME_FORMATION_OF_THE_CORNIFIED_ENVELOPE,ppgs:bmi,-0.010531698429747431,0.005744969005346469,-1.8332036987399347,0.06678276420641095
bmi,alt_log_adj,REACTOME_FORMATION_OF_THE_DYSTROPHIN_GLYCOPROTEIN_COMPLEX_DGC,ppgs,0.004598729695865975,0.0063525438366171085,0.7239193957793948,0.46912119539158437
bmi,alt_log_adj,REACTOME_FORMATION_OF_THE_DYSTROPHIN_GLYCOPROTEIN_COMPLEX_DGC,bmi,0.2884412718647796,0.0057616465348701296,50.062299052727504,0
bmi,alt_log_adj,REACTOME_FORMATION_OF_THE_DYSTROPHIN_GLYCOPROTEIN_COMPLEX_DGC,ppgs:bmi,0.0016618622036116777,0.006326388453712101,0.26268734772942304,0.7927934783886613
bmi,alt_log_adj,REACTOME_FORMATION_OF_THE_EARLY_ELONGATION_COMPLEX,ppgs,0.007064375935224386,0.00573389946202308,1.2320369378663427,0.21794550526700432
bmi,alt_log_adj,REACTOME_FORMATION_OF_THE_EARLY_ELONGATION_COMPLEX,bmi,0.2882971472378712,0.005762714862934466,50.02800834241966,0
bmi,alt_log_adj,REACTOME_FORMATION_OF_THE_EARLY_ELONGATION_COMPLEX,ppgs:bmi,0.005063668033002528,0.005791192677290628,0.8743739528575887,0.3819220448917582
bmi,alt_log_adj,REACTOME_FORMATION_OF_THE_EMBRYONIC_STEM_CELL_BAF_ESBAF_COMPLEX,ppgs,0.011992648062343542,0.005706997660998395,2.1013935478371164,0.0356152373190971
bmi,alt_log_adj,REACTOME_FORMATION_OF_THE_EMBRYONIC_STEM_CELL_BAF_ESBAF_COMPLEX,bmi,0.28838290487608415,0.005760980620965483,50.0579543396822,0
bmi,alt_log_adj,REACTOME_FORMATION_OF_THE_EMBRYONIC_STEM_CELL_BAF_ESBAF_COMPLEX,ppgs:bmi,0.008076872335406613,0.005753246245134447,1.4038808685161477,0.16036528218037746
bmi,alt_log_adj,REACTOME_FORMATION_OF_THE_NEPHRIC_DUCT,ppgs,0.005135058091039925,0.005730759033918772,0.896051999507734,0.37023260041590234
bmi,alt_log_adj,REACTOME_FORMATION_OF_THE_NEPHRIC_DUCT,bmi,0.28845187637676617,0.005762031459463576,50.0607951216601,0
bmi,alt_log_adj,REACTOME_FORMATION_OF_THE_NEPHRIC_DUCT,ppgs:bmi,-0.0016845574469198387,0.005868199563279248,-0.28706546680196404,0.7740642914582498
bmi,alt_log_adj,REACTOME_FORMATION_OF_THE_NON_CANONICAL_BAF_NCBAF_COMPLEX,ppgs,0.010193402110487379,0.005850200684095922,1.742402126169565,0.0814489484611605
bmi,alt_log_adj,REACTOME_FORMATION_OF_THE_NON_CANONICAL_BAF_NCBAF_COMPLEX,bmi,0.2884445161714076,0.00576133545863246,50.06556522224697,0
bmi,alt_log_adj,REACTOME_FORMATION_OF_THE_NON_CANONICAL_BAF_NCBAF_COMPLEX,ppgs:bmi,0.0019441115790339452,0.005936761058254982,0.3274700733206511,0.7433147924436272
bmi,alt_log_adj,REACTOME_FORMATION_OF_THE_POLYBROMO_BAF_PBAF_COMPLEX,ppgs,0.00912528099204094,0.00601486785337347,1.5171207771294557,0.12924734426428322
bmi,alt_log_adj,REACTOME_FORMATION_OF_THE_POLYBROMO_BAF_PBAF_COMPLEX,bmi,0.2883850631636013,0.00576148409264282,50.053954593375906,0
bmi,alt_log_adj,REACTOME_FORMATION_OF_THE_POLYBROMO_BAF_PBAF_COMPLEX,ppgs:bmi,-0.00132286981350695,0.006083753353812177,-0.21744303829773415,0.8278646586806913
bmi,alt_log_adj,REACTOME_FORMATION_OF_THE_POSTERIOR_NEURAL_PLATE,ppgs,0.001300622673173832,0.005688970002094155,0.22862181953764255,0.819164513248024
bmi,alt_log_adj,REACTOME_FORMATION_OF_THE_POSTERIOR_NEURAL_PLATE,bmi,0.2883499221342076,0.00576188424556537,50.044379554507,0
bmi,alt_log_adj,REACTOME_FORMATION_OF_THE_POSTERIOR_NEURAL_PLATE,ppgs:bmi,0.00605032766785518,0.005704302007772199,1.0606604733780778,0.2888532656938651
bmi,alt_log_adj,REACTOME_FORMATION_OF_THE_URETERIC_BUD,ppgs,0.004407486713496444,0.006023047420444588,0.7317702162755191,0.4643148799536696
bmi,alt_log_adj,REACTOME_FORMATION_OF_THE_URETERIC_BUD,bmi,0.28862354413131147,0.005762668696976083,50.08504901258066,0
bmi,alt_log_adj,REACTOME_FORMATION_OF_THE_URETERIC_BUD,ppgs:bmi,0.00911432070713995,0.005981117052848458,1.5238492453177002,0.1275575296380027
bmi,alt_log_adj,REACTOME_FORMATION_OF_TUBULIN_FOLDING_INTERMEDIATES_BY_CCT_TRIC,ppgs,0.012838299159805184,0.00570205242343234,2.25152247058388,0.02436008960890157
bmi,alt_log_adj,REACTOME_FORMATION_OF_TUBULIN_FOLDING_INTERMEDIATES_BY_CCT_TRIC,bmi,0.28866413389584245,0.005761506611586916,50.1021960671385,0
bmi,alt_log_adj,REACTOME_FORMATION_OF_TUBULIN_FOLDING_INTERMEDIATES_BY_CCT_TRIC,ppgs:bmi,0.010894138645667678,0.005753987422111242,1.8933198574268733,0.05832552001350382
bmi,alt_log_adj,REACTOME_FORMATION_OF_WDR5_CONTAINING_HISTONE_MODIFYING_COMPLEXES,ppgs,0.0078064761363028385,0.0058289038722344555,1.3392700081208062,0.18049352638285796
bmi,alt_log_adj,REACTOME_FORMATION_OF_WDR5_CONTAINING_HISTONE_MODIFYING_COMPLEXES,bmi,0.2885790609082649,0.005762083236297492,50.082417950924196,0
bmi,alt_log_adj,REACTOME_FORMATION_OF_WDR5_CONTAINING_HISTONE_MODIFYING_COMPLEXES,ppgs:bmi,0.006545055503794046,0.005872106932511544,1.114600871376618,0.2650309461715794
bmi,alt_log_adj,REACTOME_FORMATION_OF_XYLULOSE_5_PHOSPHATE,ppgs,9.820989131471996e-4,0.005704447637721083,0.17216371777225156,0.8633100499401616
bmi,alt_log_adj,REACTOME_FORMATION_OF_XYLULOSE_5_PHOSPHATE,bmi,0.2883018892281659,0.0057621753395896555,50.033515510601745,0
bmi,alt_log_adj,REACTOME_FORMATION_OF_XYLULOSE_5_PHOSPHATE,ppgs:bmi,-0.007302465713029453,0.005984356728538789,-1.2202590928787278,0.22237682257353675
bmi,alt_log_adj,REACTOME_FORMYL_PEPTIDE_RECEPTORS_BIND_FORMYL_PEPTIDES_AND_MANY_OTHER_LIGANDS,ppgs,-0.00584707416173741,0.005724667764351269,-1.0213822709762113,0.30708207780377034
bmi,alt_log_adj,REACTOME_FORMYL_PEPTIDE_RECEPTORS_BIND_FORMYL_PEPTIDES_AND_MANY_OTHER_LIGANDS,bmi,0.28849026221060653,0.00576156223972615,50.07153445665435,0
bmi,alt_log_adj,REACTOME_FORMYL_PEPTIDE_RECEPTORS_BIND_FORMYL_PEPTIDES_AND_MANY_OTHER_LIGANDS,ppgs:bmi,0.00718802078862385,0.005757977072780533,1.248358702677631,0.21191003544412554
bmi,alt_log_adj,REACTOME_FOXO_MEDIATED_TRANSCRIPTION,ppgs,0.0027531763243420888,0.0056912723595140815,0.48375409757707566,0.6285641320074787
bmi,alt_log_adj,REACTOME_FOXO_MEDIATED_TRANSCRIPTION,bmi,0.28830090443703066,0.005761628681073375,50.038091726404176,0
bmi,alt_log_adj,REACTOME_FOXO_MEDIATED_TRANSCRIPTION,ppgs:bmi,0.010829304910863508,0.005631088534276555,1.9231281562961229,0.05447396214304909
bmi,alt_log_adj,REACTOME_FOXO_MEDIATED_TRANSCRIPTION_OF_CELL_CYCLE_GENES,ppgs,0.0010771560254574212,0.005679928874518847,0.18964252004804696,0.8495906233687343
bmi,alt_log_adj,REACTOME_FOXO_MEDIATED_TRANSCRIPTION_OF_CELL_CYCLE_GENES,bmi,0.28828310162450455,0.005761324217963595,50.0376459852144,0
bmi,alt_log_adj,REACTOME_FOXO_MEDIATED_TRANSCRIPTION_OF_CELL_CYCLE_GENES,ppgs:bmi,0.013094290535404661,0.0056094378573531625,2.3343320433151673,0.019585288938504957
bmi,alt_log_adj,REACTOME_FOXO_MEDIATED_TRANSCRIPTION_OF_CELL_DEATH_GENES,ppgs,0.008267770986755754,0.005713007588666909,1.4471836171120827,0.14785656145796153
bmi,alt_log_adj,REACTOME_FOXO_MEDIATED_TRANSCRIPTION_OF_CELL_DEATH_GENES,bmi,0.28838083098367634,0.0057619973530814465,50.048761447183544,0
bmi,alt_log_adj,REACTOME_FOXO_MEDIATED_TRANSCRIPTION_OF_CELL_DEATH_GENES,ppgs:bmi,4.004823636758399e-4,0.0057204722929114675,0.07000861872403408,0.9441872935389142
bmi,alt_log_adj,REACTOME_FOXO_MEDIATED_TRANSCRIPTION_OF_OXIDATIVE_STRESS_METABOLIC_AND_NEURONAL_GENES,ppgs,-0.0026832624812279586,0.005771630211332651,-0.4649054743596267,0.6420027208605656
bmi,alt_log_adj,REACTOME_FOXO_MEDIATED_TRANSCRIPTION_OF_OXIDATIVE_STRESS_METABOLIC_AND_NEURONAL_GENES,bmi,0.28841189549639074,0.00576157382046914,50.05783219712467,0
bmi,alt_log_adj,REACTOME_FOXO_MEDIATED_TRANSCRIPTION_OF_OXIDATIVE_STRESS_METABOLIC_AND_NEURONAL_GENES,ppgs:bmi,0.0027014673597558964,0.005695016586716168,0.4743563637825335,0.635249458354801
bmi,alt_log_adj,REACTOME_FREE_FATTY_ACIDS_REGULATE_INSULIN_SECRETION,ppgs,-0.004591611793570217,0.005736171502603998,-0.8004662676989006,0.4234474080747568
bmi,alt_log_adj,REACTOME_FREE_FATTY_ACIDS_REGULATE_INSULIN_SECRETION,bmi,0.2883794616751653,0.0057614966005471715,50.05287370086755,0
bmi,alt_log_adj,REACTOME_FREE_FATTY_ACIDS_REGULATE_INSULIN_SECRETION,ppgs:bmi,0.006956979576443092,0.005694591859346705,1.2216818603117963,0.2218381177018585
bmi,alt_log_adj,REACTOME_FREE_FATTY_ACID_RECEPTORS,ppgs,1.934201715371615e-5,0.005903691121491431,0.0032762583196984463,0.9973859517994921
bmi,alt_log_adj,REACTOME_FREE_FATTY_ACID_RECEPTORS,bmi,0.2884357885430919,0.005761664521122795,50.061191082136006,0
bmi,alt_log_adj,REACTOME_FREE_FATTY_ACID_RECEPTORS,ppgs:bmi,-0.004191058501015218,0.005908218564463096,-0.7093607752129727,0.47810645660096984
bmi,alt_log_adj,REACTOME_FRS_MEDIATED_FGFR1_SIGNALING,ppgs,-0.004349976893337643,0.005781093324458946,-0.7524488274447219,0.4517874403892109
bmi,alt_log_adj,REACTOME_FRS_MEDIATED_FGFR1_SIGNALING,bmi,0.28846944560557325,0.0057615943402108275,50.067642491300006,0
bmi,alt_log_adj,REACTOME_FRS_MEDIATED_FGFR1_SIGNALING,ppgs:bmi,-0.00690317138647411,0.005795029534843114,-1.1912228134417948,0.2335760994203689
bmi,alt_log_adj,REACTOME_FRS_MEDIATED_FGFR2_SIGNALING,ppgs,-0.005665423178998463,0.005866083158680453,-0.9657931921089358,0.33415591468803807
bmi,alt_log_adj,REACTOME_FRS_MEDIATED_FGFR2_SIGNALING,bmi,0.28848138803049855,0.005761732581065666,50.06851393598386,0
bmi,alt_log_adj,REACTOME_FRS_MEDIATED_FGFR2_SIGNALING,ppgs:bmi,-0.0070286547278687475,0.005885235022617279,-1.1942861586423048,0.2323760429193656
bmi,alt_log_adj,REACTOME_FRS_MEDIATED_FGFR3_SIGNALING,ppgs,-0.003015599296256985,0.005810962899623959,-0.518950017122314,0.6037996481805514
bmi,alt_log_adj,REACTOME_FRS_MEDIATED_FGFR3_SIGNALING,bmi,0.2884348182734894,0.005761741150629939,50.060356883952416,0
bmi,alt_log_adj,REACTOME_FRS_MEDIATED_FGFR3_SIGNALING,ppgs:bmi,-0.0027708108184305714,0.005838066660606492,-0.4746110278471407,0.6350679005300688
bmi,alt_log_adj,REACTOME_FRS_MEDIATED_FGFR4_SIGNALING,ppgs,0.002726643470107506,0.00578507457877917,0.4713238235699482,0.6374131325079646
bmi,alt_log_adj,REACTOME_FRS_MEDIATED_FGFR4_SIGNALING,bmi,0.2884194312249262,0.005761847823906822,50.056759574285906,0
bmi,alt_log_adj,REACTOME_FRS_MEDIATED_FGFR4_SIGNALING,ppgs:bmi,-2.2583615582163257e-4,0.005757304209260952,-0.03922602447485096,0.9687104612948823
bmi,alt_log_adj,REACTOME_FRUCTOSE_CATABOLISM,ppgs,0.02043574967819168,0.0057179264783749385,3.5739790911057003,3.5218058403428307e-4
bmi,alt_log_adj,REACTOME_FRUCTOSE_CATABOLISM,bmi,0.2880969955733559,0.005760617096425147,50.011481539389166,0
bmi,alt_log_adj,REACTOME_FRUCTOSE_CATABOLISM,ppgs:bmi,0.00974820964768711,0.005665013353755841,1.7207743457875797,0.08530269143994353
bmi,alt_log_adj,REACTOME_FRUCTOSE_METABOLISM,ppgs,0.008792741065510774,0.005697587160654298,1.5432394130326978,0.12278386006121311
bmi,alt_log_adj,REACTOME_FRUCTOSE_METABOLISM,bmi,0.28815916176029566,0.005761248401952978,50.016791788150286,0
bmi,alt_log_adj,REACTOME_FRUCTOSE_METABOLISM,ppgs:bmi,0.014656926152880967,0.005614316009764797,2.6106343368254747,0.009042201965503564
bmi,alt_log_adj,REACTOME_G0_AND_EARLY_G1,ppgs,0.0038319439940224637,0.005763780249059199,0.6648317299480558,0.5061635337322143
bmi,alt_log_adj,REACTOME_G0_AND_EARLY_G1,bmi,0.28842154396611824,0.0057616279828202315,50.0590362352656,0
bmi,alt_log_adj,REACTOME_G0_AND_EARLY_G1,ppgs:bmi,-4.434682255696618e-4,0.005823904149657351,-0.07614620951406853,0.9393033143036614
bmi,alt_log_adj,REACTOME_G1_S_DNA_DAMAGE_CHECKPOINTS,ppgs,-0.002845874294776113,0.005920472850014868,-0.48068361545969535,0.6307450872823953
bmi,alt_log_adj,REACTOME_G1_S_DNA_DAMAGE_CHECKPOINTS,bmi,0.28843847010418733,0.0057616032896783045,50.06218852674463,0
bmi,alt_log_adj,REACTOME_G1_S_DNA_DAMAGE_CHECKPOINTS,ppgs:bmi,0.005839320254620713,0.005944975934319379,0.9822277363498256,0.32599604875074595
bmi,alt_log_adj,REACTOME_G1_S_SPECIFIC_TRANSCRIPTION,ppgs,0.008595525744143722,0.005773689319928471,1.4887406072362428,0.13656681155412384
bmi,alt_log_adj,REACTOME_G1_S_SPECIFIC_TRANSCRIPTION,bmi,0.288434616931177,0.005761526145257668,50.062190062018296,0
bmi,alt_log_adj,REACTOME_G1_S_SPECIFIC_TRANSCRIPTION,ppgs:bmi,0.004564161162880426,0.005781078258115377,0.7894999789136803,0.4298264453464814
bmi,alt_log_adj,REACTOME_G2_M_CHECKPOINTS,ppgs,-0.005722391261790574,0.006339997759680634,-0.9025856914622677,0.3667534923218756
bmi,alt_log_adj,REACTOME_G2_M_CHECKPOINTS,bmi,0.2884125045223508,0.0057622376531076365,50.05217102887224,0
bmi,alt_log_adj,REACTOME_G2_M_CHECKPOINTS,ppgs:bmi,-1.333356174204659e-4,0.006254490720209952,-0.021318381205622777,0.9829918311297028
bmi,alt_log_adj,REACTOME_G2_M_DNA_DAMAGE_CHECKPOINT,ppgs,0.004236956236328376,0.006163607768943296,0.6874149678500341,0.49182689188246365
bmi,alt_log_adj,REACTOME_G2_M_DNA_DAMAGE_CHECKPOINT,bmi,0.2883922342595865,0.005762816845476396,50.04362310871706,0
bmi,alt_log_adj,REACTOME_G2_M_DNA_DAMAGE_CHECKPOINT,ppgs:bmi,5.020586933419532e-4,0.006098287109217049,0.08232782162439248,0.9343866123054398
bmi,alt_log_adj,REACTOME_G2_M_DNA_REPLICATION_CHECKPOINT,ppgs,5.038596274154025e-4,0.005710405637639399,0.08823534778234965,0.9296902466695338
bmi,alt_log_adj,REACTOME_G2_M_DNA_REPLICATION_CHECKPOINT,bmi,0.28865864955434617,0.005762851176089548,50.089554759284795,0
bmi,alt_log_adj,REACTOME_G2_M_DNA_REPLICATION_CHECKPOINT,ppgs:bmi,-0.010360573438093561,0.005698621059820996,-1.8180842925567338,0.06906179969116803
bmi,alt_log_adj,REACTOME_G2_PHASE,ppgs,0.005096353415807825,0.005684343704072985,0.8965596876480483,0.3699615305412116
bmi,alt_log_adj,REACTOME_G2_PHASE,bmi,0.28848086378385024,0.005761579347215711,50.06975455840227,0
bmi,alt_log_adj,REACTOME_G2_PHASE,ppgs:bmi,0.007480202219658024,0.005792554483040229,1.291347753665328,0.19659364806926855
bmi,alt_log_adj,REACTOME_GAB1_SIGNALOSOME,ppgs,0.004651134684114976,0.005742655421076285,0.8099275236060155,0.4179886303636908
bmi,alt_log_adj,REACTOME_GAB1_SIGNALOSOME,bmi,0.2884390867670033,0.005761643362312972,50.061947369684376,0
bmi,alt_log_adj,REACTOME_GAB1_SIGNALOSOME,ppgs:bmi,4.244045806738971e-4,0.005681355870034985,0.07470128440859025,0.9404529128153389
bmi,alt_log_adj,REACTOME_GABA_B_RECEPTOR_ACTIVATION,ppgs,-0.009658967655728094,0.005744429999692999,-1.681449274557145,0.09268669666966568
bmi,alt_log_adj,REACTOME_GABA_B_RECEPTOR_ACTIVATION,bmi,0.28854293944502146,0.005761874624355914,50.077962166223976,0
bmi,alt_log_adj,REACTOME_GABA_B_RECEPTOR_ACTIVATION,ppgs:bmi,3.8369190911610105e-4,0.0057600888213483106,0.06661215148176955,0.9468909415019744
bmi,alt_log_adj,REACTOME_GABA_RECEPTOR_ACTIVATION,ppgs,0.003974595183992618,0.00620828040237752,0.6402087093989036,0.5220420956676414
bmi,alt_log_adj,REACTOME_GABA_RECEPTOR_ACTIVATION,bmi,0.2884107018424873,0.0057614954613007495,50.05830583044042,0
bmi,alt_log_adj,REACTOME_GABA_RECEPTOR_ACTIVATION,ppgs:bmi,-0.005015680655150607,0.006203603871749688,-0.8085107880584202,0.41880338320425425
bmi,alt_log_adj,REACTOME_GABA_SYNTHESIS_RELEASE_REUPTAKE_AND_DEGRADATION,ppgs,0.0076732649835014695,0.005803611687518759,1.3221534100917856,0.1861277393549629
bmi,alt_log_adj,REACTOME_GABA_SYNTHESIS_RELEASE_REUPTAKE_AND_DEGRADATION,bmi,0.2884807110644759,0.005761539003433259,50.07007865304259,0
bmi,alt_log_adj,REACTOME_GABA_SYNTHESIS_RELEASE_REUPTAKE_AND_DEGRADATION,ppgs:bmi,0.004094635623244093,0.00575963243110721,0.7109196068015325,0.47713990429245956
bmi,alt_log_adj,REACTOME_GALACTOSE_CATABOLISM,ppgs,-0.008117079429389551,0.005797722207625842,-1.400046283471985,0.16151040295795896
bmi,alt_log_adj,REACTOME_GALACTOSE_CATABOLISM,bmi,0.2883506467438532,0.005761442247611566,50.048344555287414,0
bmi,alt_log_adj,REACTOME_GALACTOSE_CATABOLISM,ppgs:bmi,0.007744009077838757,0.005622850942524006,1.3772389054941936,0.16844927118391972
bmi,alt_log_adj,REACTOME_GAMMA_CARBOXYLATION_HYPUSINYLATION_HYDROXYLATION_AND_ARYLSULFATASE_ACTIVATION,ppgs,0.009911363195346109,0.0060370778351151915,1.6417484528186463,0.10065323827539342
bmi,alt_log_adj,REACTOME_GAMMA_CARBOXYLATION_HYPUSINYLATION_HYDROXYLATION_AND_ARYLSULFATASE_ACTIVATION,bmi,0.2885185007939177,0.005761715368333058,50.07510478210068,0
bmi,alt_log_adj,REACTOME_GAMMA_CARBOXYLATION_HYPUSINYLATION_HYDROXYLATION_AND_ARYLSULFATASE_ACTIVATION,ppgs:bmi,-2.2960810553991433e-4,0.006060634937459871,-0.03788515690340318,0.9697795143981334
bmi,alt_log_adj,REACTOME_GAMMA_CARBOXYLATION_TRANSPORT_AND_AMINO_TERMINAL_CLEAVAGE_OF_PROTEINS,ppgs,0.0016505332329263072,0.005753639718771318,0.2868676722217109,0.7742157410053268
bmi,alt_log_adj,REACTOME_GAMMA_CARBOXYLATION_TRANSPORT_AND_AMINO_TERMINAL_CLEAVAGE_OF_PROTEINS,bmi,0.28840740382176205,0.005761585310168123,50.056952782210274,0
bmi,alt_log_adj,REACTOME_GAMMA_CARBOXYLATION_TRANSPORT_AND_AMINO_TERMINAL_CLEAVAGE_OF_PROTEINS,ppgs:bmi,0.004593843953737428,0.0057091620296808405,0.804644171921363,0.4210317924638478
bmi,alt_log_adj,REACTOME_GAP_FILLING_DNA_REPAIR_SYNTHESIS_AND_LIGATION_IN_GG_NER,ppgs,0.005152953539047452,0.005724125745313026,0.9002166913029023,0.36801259236489514
bmi,alt_log_adj,REACTOME_GAP_FILLING_DNA_REPAIR_SYNTHESIS_AND_LIGATION_IN_GG_NER,bmi,0.2883356497494891,0.005761799209142311,50.04264107155691,0
bmi,alt_log_adj,REACTOME_GAP_FILLING_DNA_REPAIR_SYNTHESIS_AND_LIGATION_IN_GG_NER,ppgs:bmi,-0.004841552621304798,0.0056180217948147764,-0.861789576141084,0.3888106116510127
bmi,alt_log_adj,REACTOME_GAP_JUNCTION_ASSEMBLY,ppgs,0.004065031939389619,0.005697653400247202,0.7134572171787864,0.475568751372753
bmi,alt_log_adj,REACTOME_GAP_JUNCTION_ASSEMBLY,bmi,0.2885173579594076,0.005761619189640438,50.075742332671055,0
bmi,alt_log_adj,REACTOME_GAP_JUNCTION_ASSEMBLY,ppgs:bmi,0.008856251428343202,0.0057088634585421485,1.5513160356097901,0.12083712908072682
bmi,alt_log_adj,REACTOME_GAP_JUNCTION_DEGRADATION,ppgs,0.017085947397000034,0.005725667054840384,2.9840972647118655,0.0028465870149056555
bmi,alt_log_adj,REACTOME_GAP_JUNCTION_DEGRADATION,bmi,0.2883844330338869,0.0057606886984721195,50.060756296443124,0
bmi,alt_log_adj,REACTOME_GAP_JUNCTION_DEGRADATION,ppgs:bmi,-0.007571046999653635,0.005645556843964002,-1.3410629294696212,0.17991076650438229
bmi,alt_log_adj,REACTOME_GAP_JUNCTION_TRAFFICKING_AND_REGULATION,ppgs,0.005187443649303872,0.005774712139913434,0.8983034173165962,0.3690314406775358
bmi,alt_log_adj,REACTOME_GAP_JUNCTION_TRAFFICKING_AND_REGULATION,bmi,0.28832817633428254,0.005761535097430742,50.043637929561086,0
bmi,alt_log_adj,REACTOME_GAP_JUNCTION_TRAFFICKING_AND_REGULATION,ppgs:bmi,0.008537842324556373,0.005784386916417457,1.4760150812740342,0.1399509508083395
bmi,alt_log_adj,REACTOME_GASTRIN_CREB_SIGNALLING_PATHWAY_VIA_PKC_AND_MAPK,ppgs,-0.007495790485529633,0.005962778906862906,-1.2570968339782473,0.20872893049270708
bmi,alt_log_adj,REACTOME_GASTRIN_CREB_SIGNALLING_PATHWAY_VIA_PKC_AND_MAPK,bmi,0.28839649936376743,0.005761481753125188,50.05595985916872,0
bmi,alt_log_adj,REACTOME_GASTRIN_CREB_SIGNALLING_PATHWAY_VIA_PKC_AND_MAPK,ppgs:bmi,-0.004858901042941585,0.0059556107839155385,-0.8158526840041556,0.41459125179255596
bmi,alt_log_adj,REACTOME_GASTRULATION,ppgs,0.0021956869413146925,0.005920619403613693,0.37085426230480867,0.7107488542227081
bmi,alt_log_adj,REACTOME_GASTRULATION,bmi,0.28841334052010964,0.005762126061825407,50.05328544109325,0
bmi,alt_log_adj,REACTOME_GASTRULATION,ppgs:bmi,-0.001748426519442436,0.005934637065081009,-0.2946138913414025,0.7682910064851145
bmi,alt_log_adj,REACTOME_GDP_FUCOSE_BIOSYNTHESIS,ppgs,-4.6507634662894617e-4,0.005721330884155452,-0.08128814012783633,0.9352133794467854
bmi,alt_log_adj,REACTOME_GDP_FUCOSE_BIOSYNTHESIS,bmi,0.28844394793744904,0.005762693481678499,50.05366828107505,0
bmi,alt_log_adj,REACTOME_GDP_FUCOSE_BIOSYNTHESIS,ppgs:bmi,0.001936329744853647,0.005993559963085479,0.3230683861977792,0.7466458345758802
bmi,alt_log_adj,REACTOME_GENERATION_OF_SECOND_MESSENGER_MOLECULES,ppgs,0.01266763424558454,0.005698676435069322,2.2229081419026806,0.026229850367180285
bmi,alt_log_adj,REACTOME_GENERATION_OF_SECOND_MESSENGER_MOLECULES,bmi,0.2884072484410574,0.0057619468987194136,50.053784512515314,0
bmi,alt_log_adj,REACTOME_GENERATION_OF_SECOND_MESSENGER_MOLECULES,ppgs:bmi,-0.005664157920845035,0.005626108483100319,-1.0067630117440873,0.31405726659053956
bmi,alt_log_adj,REACTOME_GENE_AND_PROTEIN_EXPRESSION_BY_JAK_STAT_SIGNALING_AFTER_INTERLEUKIN_12_STIMULATION,ppgs,-6.417388925044576e-5,0.005731691951942985,-0.011196325585622491,0.9910668901062821
bmi,alt_log_adj,REACTOME_GENE_AND_PROTEIN_EXPRESSION_BY_JAK_STAT_SIGNALING_AFTER_INTERLEUKIN_12_STIMULATION,bmi,0.288405707489101,0.005761474626692425,50.05761999765507,0
bmi,alt_log_adj,REACTOME_GENE_AND_PROTEIN_EXPRESSION_BY_JAK_STAT_SIGNALING_AFTER_INTERLEUKIN_12_STIMULATION,ppgs:bmi,0.006980434634115641,0.005755413040329795,1.2128468600258184,0.225198482368715
bmi,alt_log_adj,REACTOME_GENE_SILENCING_BY_RNA,ppgs,0.011720586297031075,0.006114579238587205,1.916826299848419,0.05527004426827406
bmi,alt_log_adj,REACTOME_GENE_SILENCING_BY_RNA,bmi,0.2884131761964872,0.005763308159667158,50.04299062383359,0
bmi,alt_log_adj,REACTOME_GENE_SILENCING_BY_RNA,ppgs:bmi,1.2245411175986298e-4,0.0061244027122533875,0.019994457829310138,0.9840479344133589
bmi,alt_log_adj,REACTOME_GERM_LAYER_FORMATION_AT_GASTRULATION,ppgs,0.003097928663159342,0.005726619464865481,0.5409698832209925,0.588532591977164
bmi,alt_log_adj,REACTOME_GERM_LAYER_FORMATION_AT_GASTRULATION,bmi,0.28869920866707716,0.005763008996364846,50.0952208905419,0
bmi,alt_log_adj,REACTOME_GERM_LAYER_FORMATION_AT_GASTRULATION,ppgs:bmi,-0.012525106773966115,0.00584586857302062,-2.1425570242497365,0.03215717562148623
bmi,alt_log_adj,REACTOME_GLI_PROTEINS_BIND_PROMOTERS_OF_HH_RESPONSIVE_GENES_TO_PROMOTE_TRANSCRIPTION,ppgs,-3.732662427854977e-4,0.005727900252943378,-0.0651663308196906,0.9480420277520026
bmi,alt_log_adj,REACTOME_GLI_PROTEINS_BIND_PROMOTERS_OF_HH_RESPONSIVE_GENES_TO_PROMOTE_TRANSCRIPTION,bmi,0.2885013553249222,0.00576177434772657,50.071616469804404,0
bmi,alt_log_adj,REACTOME_GLI_PROTEINS_BIND_PROMOTERS_OF_HH_RESPONSIVE_GENES_TO_PROMOTE_TRANSCRIPTION,ppgs:bmi,-0.007684737134072164,0.0055224518835098385,-1.3915444255872933,0.1640713168226555
bmi,alt_log_adj,REACTOME_GLOBAL_GENOME_NUCLEOTIDE_EXCISION_REPAIR_GG_NER,ppgs,0.002509866064629931,0.005762594325951581,0.4355444653334113,0.6631705870492652
bmi,alt_log_adj,REACTOME_GLOBAL_GENOME_NUCLEOTIDE_EXCISION_REPAIR_GG_NER,bmi,0.28846972956713346,0.005762065172301253,50.06360062601035,0
bmi,alt_log_adj,REACTOME_GLOBAL_GENOME_NUCLEOTIDE_EXCISION_REPAIR_GG_NER,ppgs:bmi,-0.004169269720307575,0.0056456625586664404,-0.738490775348854,0.4602223844526059
bmi,alt_log_adj,REACTOME_GLUCAGON_LIKE_PEPTIDE_1_GLP1_REGULATES_INSULIN_SECRETION,ppgs,-0.0011779885386711728,0.005976118169597917,-0.19711600494513476,0.8437381721765432
bmi,alt_log_adj,REACTOME_GLUCAGON_LIKE_PEPTIDE_1_GLP1_REGULATES_INSULIN_SECRETION,bmi,0.2884252015675048,0.005762074640170476,50.055790592634786,0
bmi,alt_log_adj,REACTOME_GLUCAGON_LIKE_PEPTIDE_1_GLP1_REGULATES_INSULIN_SECRETION,ppgs:bmi,-2.6516337315296253e-4,0.00599430778251268,-0.044235862216906716,0.9647167076744896
bmi,alt_log_adj,REACTOME_GLUCAGON_SIGNALING_IN_METABOLIC_REGULATION,ppgs,0.0032078259267034823,0.006269069133734361,0.5116909477743538,0.6088713082088679
bmi,alt_log_adj,REACTOME_GLUCAGON_SIGNALING_IN_METABOLIC_REGULATION,bmi,0.2884642618886938,0.005761651487421699,50.06624620014628,0
bmi,alt_log_adj,REACTOME_GLUCAGON_SIGNALING_IN_METABOLIC_REGULATION,ppgs:bmi,-0.006057291938394041,0.00617761187906644,-0.9805232275792337,0.3268362776349324
bmi,alt_log_adj,REACTOME_GLUCAGON_TYPE_LIGAND_RECEPTORS,ppgs,0.0014063783382160572,0.006013375921631331,0.23387500740757441,0.8150837052264467
bmi,alt_log_adj,REACTOME_GLUCAGON_TYPE_LIGAND_RECEPTORS,bmi,0.2886235643368253,0.005761821955729582,50.092412878155095,0
bmi,alt_log_adj,REACTOME_GLUCAGON_TYPE_LIGAND_RECEPTORS,ppgs:bmi,-0.013956709387472791,0.006004649010081487,-2.3243172688428944,0.020115524979309553
bmi,alt_log_adj,REACTOME_GLUCOCORTICOID_BIOSYNTHESIS,ppgs,0.002731118280455648,0.005688983819485249,0.4800713742762526,0.6311803462764399
bmi,alt_log_adj,REACTOME_GLUCOCORTICOID_BIOSYNTHESIS,bmi,0.2884399380299482,0.005761667783032731,50.06188292899525,0
bmi,alt_log_adj,REACTOME_GLUCOCORTICOID_BIOSYNTHESIS,ppgs:bmi,0.0028732605204184664,0.005718271935364854,0.5024700736333797,0.6153408013437489
bmi,alt_log_adj,REACTOME_GLUCONEOGENESIS,ppgs,0.0014937096573381303,0.005701361969370976,0.2619917250233683,0.793329725479751
bmi,alt_log_adj,REACTOME_GLUCONEOGENESIS,bmi,0.28855470097142516,0.005762775964541958,50.07217055580267,0
bmi,alt_log_adj,REACTOME_GLUCONEOGENESIS,ppgs:bmi,0.0067339991425698475,0.005529954842913934,1.2177313077336918,0.22333623144294765
bmi,alt_log_adj,REACTOME_GLUCOSE_METABOLISM,ppgs,0.005861754053298562,0.005963602790506529,0.9829216095059012,0.32565441006745055
bmi,alt_log_adj,REACTOME_GLUCOSE_METABOLISM,bmi,0.2884098132027024,0.005761568921084015,50.057513353227286,0
bmi,alt_log_adj,REACTOME_GLUCOSE_METABOLISM,ppgs:bmi,0.00433884106429992,0.005966342640426356,0.7272195590814854,0.46709747176962324
bmi,alt_log_adj,REACTOME_GLUCURONIDATION,ppgs,0.004299424214477273,0.005810778573211676,0.739905016222454,0.45936375779542615
bmi,alt_log_adj,REACTOME_GLUCURONIDATION,bmi,0.28842637603567617,0.005761167723121228,50.06387418268312,0
bmi,alt_log_adj,REACTOME_GLUCURONIDATION,ppgs:bmi,0.011095676872800641,0.0057039223153035265,1.9452713868544684,0.05175219674789174
bmi,alt_log_adj,REACTOME_GLUTAMATE_AND_GLUTAMINE_METABOLISM,ppgs,-0.00409799124718245,0.005680210730501084,-0.721450566116751,0.4706382949513165
bmi,alt_log_adj,REACTOME_GLUTAMATE_AND_GLUTAMINE_METABOLISM,bmi,0.2885384278698491,0.005762648549441731,50.07045378427631,0
bmi,alt_log_adj,REACTOME_GLUTAMATE_AND_GLUTAMINE_METABOLISM,ppgs:bmi,-0.005088672085176162,0.005888657914704221,-0.8641480213122142,0.38751389355950916
bmi,alt_log_adj,REACTOME_GLUTAMATE_NEUROTRANSMITTER_RELEASE_CYCLE,ppgs,-0.003028918027417914,0.005895764280457292,-0.5137447637548669,0.6074344550894333
bmi,alt_log_adj,REACTOME_GLUTAMATE_NEUROTRANSMITTER_RELEASE_CYCLE,bmi,0.2886007013339631,0.005763555657210313,50.07337804969721,0
bmi,alt_log_adj,REACTOME_GLUTAMATE_NEUROTRANSMITTER_RELEASE_CYCLE,ppgs:bmi,0.010062309698993197,0.0059694914603213,1.6856225971469279,0.09187951951327572
bmi,alt_log_adj,REACTOME_GLUTATHIONE_CONJUGATION,ppgs,0.0020617775679601866,0.0057090323222202454,0.3611430889847126,0.7179951746792786
bmi,alt_log_adj,REACTOME_GLUTATHIONE_CONJUGATION,bmi,0.2884531989192982,0.005762233944923887,50.05926549952119,0
bmi,alt_log_adj,REACTOME_GLUTATHIONE_CONJUGATION,ppgs:bmi,0.0014644821447547475,0.005725939261993051,0.25576278017399007,0.7981358709918527
bmi,alt_log_adj,REACTOME_GLUTATHIONE_SYNTHESIS_AND_RECYCLING,ppgs,0.011614614245400105,0.005713110927217203,2.03297544776668,0.04206430183621355
bmi,alt_log_adj,REACTOME_GLUTATHIONE_SYNTHESIS_AND_RECYCLING,bmi,0.28852458601903597,0.005761583628772764,50.0773059299484,0
bmi,alt_log_adj,REACTOME_GLUTATHIONE_SYNTHESIS_AND_RECYCLING,ppgs:bmi,-2.1616273157619786e-4,0.005707198618197105,-0.0378754527461116,0.9697872515738366
bmi,alt_log_adj,REACTOME_GLYCEROPHOSPHOLIPID_BIOSYNTHESIS,ppgs,0.0350396757862442,0.005962962198592392,5.876219673925757,4.244297241646725e-9
bmi,alt_log_adj,REACTOME_GLYCEROPHOSPHOLIPID_BIOSYNTHESIS,bmi,0.2883298894031991,0.00575744486813882,50.07948769058835,0
bmi,alt_log_adj,REACTOME_GLYCEROPHOSPHOLIPID_BIOSYNTHESIS,ppgs:bmi,0.016942118170688823,0.006001952796088835,2.822767646844729,0.00476442197742487
bmi,alt_log_adj,REACTOME_GLYCEROPHOSPHOLIPID_CATABOLISM,ppgs,0.003140679534010831,0.005681519502222204,0.5527886567638151,0.5804124954622034
bmi,alt_log_adj,REACTOME_GLYCEROPHOSPHOLIPID_CATABOLISM,bmi,0.2883546304660306,0.005761678480837586,50.04698395182092,0
bmi,alt_log_adj,REACTOME_GLYCEROPHOSPHOLIPID_CATABOLISM,ppgs:bmi,0.009505614712757798,0.0057886832984245596,1.6421030867839728,0.10057973408341432
bmi,alt_log_adj,REACTOME_GLYCINE_DEGRADATION,ppgs,0.004631553217894351,0.005700284882968221,0.8125125871748772,0.4165043900689711
bmi,alt_log_adj,REACTOME_GLYCINE_DEGRADATION,bmi,0.28854359731997875,0.005762201449876836,50.07523597186041,0
bmi,alt_log_adj,REACTOME_GLYCINE_DEGRADATION,ppgs:bmi,0.007784691936588338,0.005779083068808015,1.34704620852491,0.17797611857607742
bmi,alt_log_adj,REACTOME_GLYCOGEN_BREAKDOWN_GLYCOGENOLYSIS,ppgs,0.0031658830498699055,0.005821188561458568,0.5438550935853306,0.5865454700625642
bmi,alt_log_adj,REACTOME_GLYCOGEN_BREAKDOWN_GLYCOGENOLYSIS,bmi,0.28836324065682545,0.005761957950081424,50.046050865878065,0
bmi,alt_log_adj,REACTOME_GLYCOGEN_BREAKDOWN_GLYCOGENOLYSIS,ppgs:bmi,0.002941487881344929,0.0057803436007786224,0.5088776869507732,0.6108419214681746
bmi,alt_log_adj,REACTOME_GLYCOGEN_METABOLISM,ppgs,0.003963368535449824,0.005880672576204207,0.6739651772974677,0.5003389482165903
bmi,alt_log_adj,REACTOME_GLYCOGEN_METABOLISM,bmi,0.2883864400301111,0.005761995730724677,50.04974899449313,0
bmi,alt_log_adj,REACTOME_GLYCOGEN_METABOLISM,ppgs:bmi,-5.832397142066347e-4,0.005872260899837874,-0.09932115145339289,0.9208839873111484
bmi,alt_log_adj,REACTOME_GLYCOGEN_STORAGE_DISEASES,ppgs,0.0034928789831568116,0.005803339776167225,0.6018739411917837,0.5472628648956042
bmi,alt_log_adj,REACTOME_GLYCOGEN_STORAGE_DISEASES,bmi,0.2883812288408355,0.005761645765014392,50.0518845833826,0
bmi,alt_log_adj,REACTOME_GLYCOGEN_STORAGE_DISEASES,ppgs:bmi,-0.0038812981144843517,0.0058456826537987725,-0.6639597707142244,0.5067214592983553
bmi,alt_log_adj,REACTOME_GLYCOGEN_SYNTHESIS,ppgs,-7.177381194142334e-4,0.005911792283857698,-0.1214078717505072,0.903368842759541
bmi,alt_log_adj,REACTOME_GLYCOGEN_SYNTHESIS,bmi,0.2884450980983637,0.005761724093593699,50.062289240659375,0
bmi,alt_log_adj,REACTOME_GLYCOGEN_SYNTHESIS,ppgs:bmi,-0.004459360126187288,0.005909811940760007,-0.7545688713766093,0.4505139753098303
bmi,alt_log_adj,REACTOME_GLYCOSAMINOGLYCAN_METABOLISM,ppgs,0.012996839201915758,0.006093857752508849,2.132776925514046,0.032951595712718676
bmi,alt_log_adj,REACTOME_GLYCOSAMINOGLYCAN_METABOLISM,bmi,0.2884456676926916,0.0057625347649001716,50.05534534032239,0
bmi,alt_log_adj,REACTOME_GLYCOSAMINOGLYCAN_METABOLISM,ppgs:bmi,-0.003995191278774178,0.006094920007216434,-0.6554952770575888,0.5121542455880873
bmi,alt_log_adj,REACTOME_GLYCOSPHINGOLIPID_BIOSYNTHESIS,ppgs,-0.0015225461997349025,0.0058676844672364385,-0.2594799035695236,0.795266870037614
bmi,alt_log_adj,REACTOME_GLYCOSPHINGOLIPID_BIOSYNTHESIS,bmi,0.2884271068854526,0.005761975687096353,50.056980894829216,0
bmi,alt_log_adj,REACTOME_GLYCOSPHINGOLIPID_BIOSYNTHESIS,ppgs:bmi,4.8321850980296584e-4,0.00590455704675573,0.08183823205984117,0.9347759310119514
bmi,alt_log_adj,REACTOME_GLYCOSPHINGOLIPID_CATABOLISM,ppgs,0.00711823042155833,0.005798260852961171,1.2276492213907642,0.2195888697650993
bmi,alt_log_adj,REACTOME_GLYCOSPHINGOLIPID_CATABOLISM,bmi,0.28843414950336355,0.005761466747083747,50.06262505105298,0
bmi,alt_log_adj,REACTOME_GLYCOSPHINGOLIPID_CATABOLISM,ppgs:bmi,-6.50779828608839e-4,0.005810369327746876,-0.11200317775000992,0.9108216799525323
bmi,alt_log_adj,REACTOME_GLYCOSPHINGOLIPID_METABOLISM,ppgs,0.005056494942345005,0.005952587761984157,0.8494616366075282,0.3956316420844619
bmi,alt_log_adj,REACTOME_GLYCOSPHINGOLIPID_METABOLISM,bmi,0.28840923844213434,0.005761618421244124,50.05698353412603,0
bmi,alt_log_adj,REACTOME_GLYCOSPHINGOLIPID_METABOLISM,ppgs:bmi,-3.0311658146989917e-4,0.005937769694899702,-0.05104889496308079,0.9592869184368958
bmi,alt_log_adj,REACTOME_GLYCOSPHINGOLIPID_TRANSPORT,ppgs,0.0035656453107562255,0.005790856049974414,0.6157371690791692,0.5380729449997119
bmi,alt_log_adj,REACTOME_GLYCOSPHINGOLIPID_TRANSPORT,bmi,0.2884364727907417,0.005761721722797949,50.060812838193456,0
bmi,alt_log_adj,REACTOME_GLYCOSPHINGOLIPID_TRANSPORT,ppgs:bmi,-0.002630204990652411,0.0057769609988359795,-0.45529214948523633,0.6489025602867549
bmi,alt_log_adj,REACTOME_GLYOXYLATE_METABOLISM_AND_GLYCINE_DEGRADATION,ppgs,-1.6364720242953293e-4,0.005986469543628491,-0.027336178900919265,0.9781917934748261
bmi,alt_log_adj,REACTOME_GLYOXYLATE_METABOLISM_AND_GLYCINE_DEGRADATION,bmi,0.2886415095756161,0.005761577805608987,50.09765021217261,0
bmi,alt_log_adj,REACTOME_GLYOXYLATE_METABOLISM_AND_GLYCINE_DEGRADATION,ppgs:bmi,0.0158023683818099,0.006047344817031565,2.6131085393550855,0.00897701701886447
bmi,alt_log_adj,REACTOME_GOLGI_ASSOCIATED_VESICLE_BIOGENESIS,ppgs,0.001961443384278663,0.0059643307746739885,0.3288622744746875,0.7422622195950639
bmi,alt_log_adj,REACTOME_GOLGI_ASSOCIATED_VESICLE_BIOGENESIS,bmi,0.28837011945733515,0.005761878650214591,50.047933488949006,0
bmi,alt_log_adj,REACTOME_GOLGI_ASSOCIATED_VESICLE_BIOGENESIS,ppgs:bmi,0.004230775421768168,0.005955167420105736,0.7104376960896676,0.47743859838386227
bmi,alt_log_adj,REACTOME_GOLGI_CISTERNAE_PERICENTRIOLAR_STACK_REORGANIZATION,ppgs,-0.005828088753953943,0.005708559495520187,-1.0209386025542095,0.30729224096627644
bmi,alt_log_adj,REACTOME_GOLGI_CISTERNAE_PERICENTRIOLAR_STACK_REORGANIZATION,bmi,0.2886005882792148,0.005761951340572935,50.08730050304764,0
bmi,alt_log_adj,REACTOME_GOLGI_CISTERNAE_PERICENTRIOLAR_STACK_REORGANIZATION,ppgs:bmi,-0.009881961193450474,0.0057265625153678085,-1.7256357835841718,0.08442385498660122
bmi,alt_log_adj,REACTOME_GOLGI_TO_ER_RETROGRADE_TRANSPORT,ppgs,0.019225796117265197,0.006054976783261853,3.1752055879738887,0.0014989055895299822
bmi,alt_log_adj,REACTOME_GOLGI_TO_ER_RETROGRADE_TRANSPORT,bmi,0.2884524804867919,0.005760762026200865,50.07193131305615,0
bmi,alt_log_adj,REACTOME_GOLGI_TO_ER_RETROGRADE_TRANSPORT,ppgs:bmi,-0.0032843768175737126,0.006051992978332004,-0.5426934283190333,0.5873451661133628
bmi,alt_log_adj,REACTOME_GP1B_IX_V_ACTIVATION_SIGNALLING,ppgs,0.010974850703544122,0.005788345060942822,1.8960256494723393,0.057966812088684296
bmi,alt_log_adj,REACTOME_GP1B_IX_V_ACTIVATION_SIGNALLING,bmi,0.28815343899474744,0.005761589365397683,50.012838597159934,0
bmi,alt_log_adj,REACTOME_GP1B_IX_V_ACTIVATION_SIGNALLING,ppgs:bmi,0.013101796201157147,0.0057461321763068755,2.2801070005281128,0.02260873448287946
bmi,alt_log_adj,REACTOME_GPCR_LIGAND_BINDING,ppgs,-0.008104199570026761,0.0068658497941566895,-1.1803636567936562,0.23786551423224134
bmi,alt_log_adj,REACTOME_GPCR_LIGAND_BINDING,bmi,0.28844944180684895,0.005762318591289351,50.05787813309829,0
bmi,alt_log_adj,REACTOME_GPCR_LIGAND_BINDING,ppgs:bmi,-0.0016332365188785676,0.00684430963023361,-0.23862691887345577,0.8113966146874851
bmi,alt_log_adj,REACTOME_GPER1_SIGNALING,ppgs,0.003753916408180433,0.006613973717490339,0.5675735297002132,0.5703290799795988
bmi,alt_log_adj,REACTOME_GPER1_SIGNALING,bmi,0.2884184039778708,0.005761695301832102,50.05790637456299,0
bmi,alt_log_adj,REACTOME_GPER1_SIGNALING,ppgs:bmi,-7.740650690440952e-4,0.006521674848329055,-0.11869114714334793,0.9055208915123865
bmi,alt_log_adj,REACTOME_GPVI_MEDIATED_ACTIVATION_CASCADE,ppgs,0.009391503495802936,0.005795853571806497,1.620383154862161,0.10516111876335167
bmi,alt_log_adj,REACTOME_GPVI_MEDIATED_ACTIVATION_CASCADE,bmi,0.2883114958865108,0.005761983562148441,50.03684803623591,0
bmi,alt_log_adj,REACTOME_GPVI_MEDIATED_ACTIVATION_CASCADE,ppgs:bmi,0.0043760003601875175,0.005776680248745621,0.7575285755408993,0.4487395493737768
bmi,alt_log_adj,REACTOME_GRB2_EVENTS_IN_ERBB2_SIGNALING,ppgs,-0.002675528966375203,0.005895437818684304,-0.45383041067716756,0.6499543678813069
bmi,alt_log_adj,REACTOME_GRB2_EVENTS_IN_ERBB2_SIGNALING,bmi,0.2885835741422459,0.0057630738217947786,50.07459266804483,0
bmi,alt_log_adj,REACTOME_GRB2_EVENTS_IN_ERBB2_SIGNALING,ppgs:bmi,-0.007692809327007679,0.005994627975685302,-1.2832838598509095,0.19940313575679383
bmi,alt_log_adj,REACTOME_GRB2_SOS_PROVIDES_LINKAGE_TO_MAPK_SIGNALING_FOR_INTEGRINS,ppgs,0.014986524322836944,0.0056854425475291815,2.6359468409983124,0.008394856550731576
bmi,alt_log_adj,REACTOME_GRB2_SOS_PROVIDES_LINKAGE_TO_MAPK_SIGNALING_FOR_INTEGRINS,bmi,0.2884333031526712,0.005760752124906908,50.068688410600934,0
bmi,alt_log_adj,REACTOME_GRB2_SOS_PROVIDES_LINKAGE_TO_MAPK_SIGNALING_FOR_INTEGRINS,ppgs:bmi,0.009392525630488108,0.005591598929455029,1.6797566758607858,0.0930156867884099
bmi,alt_log_adj,REACTOME_GRB7_EVENTS_IN_ERBB2_SIGNALING,ppgs,0.004343744888335014,0.005778882547659561,0.7516582751961666,0.4522628287827257
bmi,alt_log_adj,REACTOME_GRB7_EVENTS_IN_ERBB2_SIGNALING,bmi,0.28848284776911765,0.005761836235740687,50.067866556091566,0
bmi,alt_log_adj,REACTOME_GRB7_EVENTS_IN_ERBB2_SIGNALING,ppgs:bmi,-0.005577905034384819,0.005807666631138625,-0.9604382256512612,0.3368428989570229
bmi,alt_log_adj,REACTOME_GROWTH_HORMONE_RECEPTOR_SIGNALING,ppgs,0.008349027757409819,0.005806628992298507,1.4378441895432559,0.15048930644005226
bmi,alt_log_adj,REACTOME_GROWTH_HORMONE_RECEPTOR_SIGNALING,bmi,0.2882286791987996,0.005762414488887323,50.01873429178717,0
bmi,alt_log_adj,REACTOME_GROWTH_HORMONE_RECEPTOR_SIGNALING,ppgs:bmi,0.006156705863291711,0.0058006653668219756,1.061379251164216,0.2885266246548286
bmi,alt_log_adj,REACTOME_G_ALPHA_12_13_SIGNALLING_EVENTS,ppgs,0.004591064292876914,0.006298747089600696,0.7288853207738432,0.4660778362631549
bmi,alt_log_adj,REACTOME_G_ALPHA_12_13_SIGNALLING_EVENTS,bmi,0.2885189811116141,0.005762048346320781,50.07229439437818,0
bmi,alt_log_adj,REACTOME_G_ALPHA_12_13_SIGNALLING_EVENTS,ppgs:bmi,-0.00654282809956586,0.006310965483889216,-1.0367396424950428,0.2998660547182643
bmi,alt_log_adj,REACTOME_G_ALPHA_I_SIGNALLING_EVENTS,ppgs,-0.0048306162137171154,0.007347252967441644,-0.6574724233837241,0.5108825351382913
bmi,alt_log_adj,REACTOME_G_ALPHA_I_SIGNALLING_EVENTS,bmi,0.2884463068275586,0.005761673402410847,50.0629394763793,0
bmi,alt_log_adj,REACTOME_G_ALPHA_I_SIGNALLING_EVENTS,ppgs:bmi,-0.004008743655002895,0.007299470592367035,-0.5491827940501313,0.5828843367335821
bmi,alt_log_adj,REACTOME_G_ALPHA_Q_SIGNALLING_EVENTS,ppgs,-0.005854397089212163,0.007172312963251152,-0.8162495305501019,0.41436429220835613
bmi,alt_log_adj,REACTOME_G_ALPHA_Q_SIGNALLING_EVENTS,bmi,0.2884561518915305,0.005761703019335338,50.06439084477603,0
bmi,alt_log_adj,REACTOME_G_ALPHA_Q_SIGNALLING_EVENTS,ppgs:bmi,-0.006109543471293481,0.007108418761287209,-0.8594799598141782,0.3900830396193772
bmi,alt_log_adj,REACTOME_G_ALPHA_S_SIGNALLING_EVENTS,ppgs,0.0064080714763176064,0.006905602405327344,0.9279525666542985,0.35344007564537394
bmi,alt_log_adj,REACTOME_G_ALPHA_S_SIGNALLING_EVENTS,bmi,0.2884952227313769,0.005763218304466775,50.058007087425274,0
bmi,alt_log_adj,REACTOME_G_ALPHA_S_SIGNALLING_EVENTS,ppgs:bmi,-0.005838416638190415,0.006972885414246846,-0.8373028224817076,0.40242943183862656
bmi,alt_log_adj,REACTOME_G_ALPHA_Z_SIGNALLING_EVENTS,ppgs,-9.009006492966492e-4,0.00628351064996359,-0.14337536760630293,0.8859947548436482
bmi,alt_log_adj,REACTOME_G_ALPHA_Z_SIGNALLING_EVENTS,bmi,0.2885096545707602,0.005761775751544049,50.07304466742653,0
bmi,alt_log_adj,REACTOME_G_ALPHA_Z_SIGNALLING_EVENTS,ppgs:bmi,-0.00919720289162093,0.0062482158584338575,-1.4719726558752804,0.14103936289209767
bmi,alt_log_adj,REACTOME_G_BETA_GAMMA_SIGNALLING_THROUGH_CDC42,ppgs,8.214434612230415e-4,0.0059702819327233396,0.1375887220200907,0.890566446450893
bmi,alt_log_adj,REACTOME_G_BETA_GAMMA_SIGNALLING_THROUGH_CDC42,bmi,0.28852434955475137,0.00576150864924005,50.07791658749103,0
bmi,alt_log_adj,REACTOME_G_BETA_GAMMA_SIGNALLING_THROUGH_CDC42,ppgs:bmi,-0.011666732038821282,0.005948346548870559,-1.9613403393648108,0.049849107874886764
bmi,alt_log_adj,REACTOME_G_BETA_GAMMA_SIGNALLING_THROUGH_PI3KGAMMA,ppgs,0.0030790199111629573,0.005938155539340199,0.5185145270723363,0.6041033742107849
bmi,alt_log_adj,REACTOME_G_BETA_GAMMA_SIGNALLING_THROUGH_PI3KGAMMA,bmi,0.28847442868982515,0.005761731203993539,50.06731804668002,0
bmi,alt_log_adj,REACTOME_G_BETA_GAMMA_SIGNALLING_THROUGH_PI3KGAMMA,ppgs:bmi,-0.008216860100146868,0.005902582177815103,-1.3920788991350252,0.16390942778414505
bmi,alt_log_adj,REACTOME_G_PROTEIN_ACTIVATION,ppgs,-0.0070465955588685835,0.005733882047882967,-1.228939747979345,0.21910459846908312
bmi,alt_log_adj,REACTOME_G_PROTEIN_ACTIVATION,bmi,0.28847106970784836,0.005761662436801988,50.06733262699859,0
bmi,alt_log_adj,REACTOME_G_PROTEIN_ACTIVATION,ppgs:bmi,0.001629310393698451,0.005662786226251781,0.2877223911694257,0.7735613520641967
bmi,alt_log_adj,REACTOME_G_PROTEIN_BETA_GAMMA_SIGNALLING,ppgs,7.989986427285982e-4,0.006122438416030682,0.13050333681373433,0.8961691403304828
bmi,alt_log_adj,REACTOME_G_PROTEIN_BETA_GAMMA_SIGNALLING,bmi,0.2885511875075775,0.00576220745775117,50.07650099779487,0
bmi,alt_log_adj,REACTOME_G_PROTEIN_BETA_GAMMA_SIGNALLING,ppgs:bmi,-0.010809564168889143,0.006147361707031763,-1.7584070507067189,0.07868906364289477
bmi,alt_log_adj,REACTOME_G_PROTEIN_MEDIATED_EVENTS,ppgs,-6.03268572479919e-4,0.0068295960593871986,-0.08833151583697743,0.929613814785534
bmi,alt_log_adj,REACTOME_G_PROTEIN_MEDIATED_EVENTS,bmi,0.28841848491482586,0.005761628763557106,50.05849851679137,0
bmi,alt_log_adj,REACTOME_G_PROTEIN_MEDIATED_EVENTS,ppgs:bmi,-0.0012163721245043075,0.0068235010359195495,-0.17826217334784747,0.858518358060854
bmi,alt_log_adj,REACTOME_HATS_ACETYLATE_HISTONES,ppgs,0.005463708830923295,0.005795158539314947,0.9428057565391761,0.34578830131433747
bmi,alt_log_adj,REACTOME_HATS_ACETYLATE_HISTONES,bmi,0.28825008789698464,0.005762166285775163,50.024604220217746,0
bmi,alt_log_adj,REACTOME_HATS_ACETYLATE_HISTONES,ppgs:bmi,0.009931597180923391,0.00585456505138856,1.6963851445408158,0.0898239443320261
bmi,alt_log_adj,REACTOME_HCMV_EARLY_EVENTS,ppgs,0.0022818694451947627,0.006080183240633518,0.37529616376446673,0.7074430267207426
bmi,alt_log_adj,REACTOME_HCMV_EARLY_EVENTS,bmi,0.2884989490937836,0.005762613270040673,50.06390947552643,0
bmi,alt_log_adj,REACTOME_HCMV_EARLY_EVENTS,ppgs:bmi,-0.0040418139321142885,0.006097881676040458,-0.6628226237965906,0.5074495513642376
bmi,alt_log_adj,REACTOME_HCMV_INFECTION,ppgs,0.008923626871207091,0.0062155264836570474,1.4356992757847074,0.15109896515786347
bmi,alt_log_adj,REACTOME_HCMV_INFECTION,bmi,0.28858990940870083,0.005762998347768625,50.076347760960225,0
bmi,alt_log_adj,REACTOME_HCMV_INFECTION,ppgs:bmi,-0.007306329858093347,0.0062342257653932994,-1.1719706877879503,0.24121867413119527
bmi,alt_log_adj,REACTOME_HCMV_LATE_EVENTS,ppgs,0.010939258662916257,0.006091520544319816,1.7958174126354758,0.07253420566052855
bmi,alt_log_adj,REACTOME_HCMV_LATE_EVENTS,bmi,0.28851755464755297,0.005763637835968658,50.05823801888198,0
bmi,alt_log_adj,REACTOME_HCMV_LATE_EVENTS,ppgs:bmi,-0.003993898108876509,0.006103177891932086,-0.654396476654584,0.5128617126881313
bmi,alt_log_adj,REACTOME_HDACS_DEACETYLATE_HISTONES,ppgs,0.021110353153409034,0.005697275844543426,3.7053415929698232,2.1150719087076884e-4
bmi,alt_log_adj,REACTOME_HDACS_DEACETYLATE_HISTONES,bmi,0.28861186467287814,0.005760842631025883,50.098897532544214,0
bmi,alt_log_adj,REACTOME_HDACS_DEACETYLATE_HISTONES,ppgs:bmi,0.0058007543726091345,0.005788524308114647,1.0021128121509904,0.31629766430398637
bmi,alt_log_adj,REACTOME_HDL_ASSEMBLY,ppgs,0.019442387373063953,0.005755552975190914,3.3780224866089505,7.310731499026455e-4
bmi,alt_log_adj,REACTOME_HDL_ASSEMBLY,bmi,0.2885150673415601,0.005760524426219484,50.084861376224865,0
bmi,alt_log_adj,REACTOME_HDL_ASSEMBLY,ppgs:bmi,-0.0023084600628117003,0.005802182144914811,-0.39786066778942764,0.6907358902392695
bmi,alt_log_adj,REACTOME_HDL_CLEARANCE,ppgs,2.4798804404976686e-4,0.005938758352843565,0.04175755760983717,0.9666922636830331
bmi,alt_log_adj,REACTOME_HDL_CLEARANCE,bmi,0.28840876400320337,0.005761772653111377,50.055561259860134,0
bmi,alt_log_adj,REACTOME_HDL_CLEARANCE,ppgs:bmi,-0.0035047872285981023,0.005984004244175631,-0.5856926375026208,0.5580867451528209
bmi,alt_log_adj,REACTOME_HDL_REMODELING,ppgs,0.011654427873686984,0.006042238845884067,1.9288260810189426,0.053762428444624866
bmi,alt_log_adj,REACTOME_HDL_REMODELING,bmi,0.2883846989914013,0.005760939371944135,50.05862418824251,0
bmi,alt_log_adj,REACTOME_HDL_REMODELING,ppgs:bmi,0.010272284657198028,0.0060262493452674865,1.7045900474173084,0.08828186653539964
bmi,alt_log_adj,REACTOME_HDMS_DEMETHYLATE_HISTONES,ppgs,0.008615105040761274,0.005825630869183701,1.4788278272715965,0.13919744768158332
bmi,alt_log_adj,REACTOME_HDMS_DEMETHYLATE_HISTONES,bmi,0.28832535410711685,0.005761942341478402,50.039611127579974,0
bmi,alt_log_adj,REACTOME_HDMS_DEMETHYLATE_HISTONES,ppgs:bmi,0.002345661518178095,0.005895804411801108,0.39785266849812595,0.6907417870122201
bmi,alt_log_adj,REACTOME_HDR_THROUGH_HOMOLOGOUS_RECOMBINATION_HRR,ppgs,-0.007731892401677738,0.006268742397801924,-1.2334040723046544,0.21743527318424824
bmi,alt_log_adj,REACTOME_HDR_THROUGH_HOMOLOGOUS_RECOMBINATION_HRR,bmi,0.2886844060230822,0.005763694497647844,50.08669459161896,0
bmi,alt_log_adj,REACTOME_HDR_THROUGH_HOMOLOGOUS_RECOMBINATION_HRR,ppgs:bmi,-0.0071783660878994415,0.006151438877059491,-1.1669409761461926,0.24324402260638858
bmi,alt_log_adj,REACTOME_HDR_THROUGH_MMEJ_ALT_NHEJ,ppgs,0.0017187975475928899,0.005787630506715284,0.29697776069128806,0.7664856638734355
bmi,alt_log_adj,REACTOME_HDR_THROUGH_MMEJ_ALT_NHEJ,bmi,0.2884546865317051,0.005761731199471219,50.063891657802074,0
bmi,alt_log_adj,REACTOME_HDR_THROUGH_MMEJ_ALT_NHEJ,ppgs:bmi,-0.0066164780440066875,0.005743025475654284,-1.1520892728153698,0.2492941063968925
bmi,alt_log_adj,REACTOME_HDR_THROUGH_SINGLE_STRAND_ANNEALING_SSA,ppgs,0.011785795663791157,0.0060044334202327895,1.9628489216113627,0.04967349520951697
bmi,alt_log_adj,REACTOME_HDR_THROUGH_SINGLE_STRAND_ANNEALING_SSA,bmi,0.28846204642953927,0.005761911091938202,50.0636059506614,0
bmi,alt_log_adj,REACTOME_HDR_THROUGH_SINGLE_STRAND_ANNEALING_SSA,ppgs:bmi,-6.955701017050378e-4,0.005910777209775653,-0.11767828104815992,0.9063234101164755
bmi,alt_log_adj,REACTOME_HEDGEHOG_LIGAND_BIOGENESIS,ppgs,-0.004814081056132023,0.005969715911006548,-0.8064171106126096,0.4200091492197491
bmi,alt_log_adj,REACTOME_HEDGEHOG_LIGAND_BIOGENESIS,bmi,0.2883724736775301,0.005761786704324378,50.049140739815776,0
bmi,alt_log_adj,REACTOME_HEDGEHOG_LIGAND_BIOGENESIS,ppgs:bmi,1.4185187924617196e-4,0.006008640049869128,0.0236079841809232,0.9811654696353802
bmi,alt_log_adj,REACTOME_HEDGEHOG_OFF_STATE,ppgs,8.125750387028601e-4,0.006196704295134055,0.13113019437460205,0.8956732462586136
bmi,alt_log_adj,REACTOME_HEDGEHOG_OFF_STATE,bmi,0.2883084233552976,0.005763277460877189,50.02508126884736,0
bmi,alt_log_adj,REACTOME_HEDGEHOG_OFF_STATE,ppgs:bmi,-0.005726534611722835,0.006247383539871382,-0.9166292697055589,0.35934473889477503
bmi,alt_log_adj,REACTOME_HEDGEHOG_ON_STATE,ppgs,0.0031129845979878438,0.005832322213373656,0.5337470194718829,0.5935207583778317
bmi,alt_log_adj,REACTOME_HEDGEHOG_ON_STATE,bmi,0.2882595808671546,0.00576346818549528,50.01495134346494,0
bmi,alt_log_adj,REACTOME_HEDGEHOG_ON_STATE,ppgs:bmi,-0.007698007226941213,0.005764445389740358,-1.3354289452793213,0.18174671885804913
bmi,alt_log_adj,REACTOME_HEME_BIOSYNTHESIS,ppgs,9.237629797613394e-4,0.005691118648244423,0.16231659131659446,0.8710577068403773
bmi,alt_log_adj,REACTOME_HEME_BIOSYNTHESIS,bmi,0.28842113503086175,0.005762068821709952,50.05513539584379,0
bmi,alt_log_adj,REACTOME_HEME_BIOSYNTHESIS,ppgs:bmi,-0.0018483792772467653,0.00571014692166457,-0.3237008263717219,0.7461669330981249
bmi,alt_log_adj,REACTOME_HEME_DEGRADATION,ppgs,0.029231768570576952,0.005697919119991708,5.130253335470212,2.9125762321972737e-7
bmi,alt_log_adj,REACTOME_HEME_DEGRADATION,bmi,0.2884664830836807,0.005759974815647338,50.08120561569873,0
bmi,alt_log_adj,REACTOME_HEME_DEGRADATION,ppgs:bmi,0.0015238395971631663,0.005680709593040109,0.26824810742484423,0.7885102988821739
bmi,alt_log_adj,REACTOME_HEME_SIGNALING,ppgs,0.019554882924590983,0.005875762597716977,3.328058715678713,8.75647389532853e-4
bmi,alt_log_adj,REACTOME_HEME_SIGNALING,bmi,0.2884689113121889,0.005761231602898906,50.07070209901623,0
bmi,alt_log_adj,REACTOME_HEME_SIGNALING,ppgs:bmi,0.005408931377936701,0.0058968906071384004,0.9172514361024423,0.3590187025046778
bmi,alt_log_adj,REACTOME_HEMOSTASIS,ppgs,0.04452021264914083,0.008616952420630151,5.166584480906893,2.400237018539473e-7
bmi,alt_log_adj,REACTOME_HEMOSTASIS,bmi,0.2882909435609576,0.0057581535856023715,50.066560274077666,0
bmi,alt_log_adj,REACTOME_HEMOSTASIS,ppgs:bmi,0.023072391792792742,0.00850470013208752,2.7128989187687576,0.0066737709066523486
bmi,alt_log_adj,REACTOME_HEPARAN_SULFATE_HEPARIN_HS_GAG_METABOLISM,ppgs,0.01109125219620755,0.0059701976189291866,1.857769692755476,0.063212087640507
bmi,alt_log_adj,REACTOME_HEPARAN_SULFATE_HEPARIN_HS_GAG_METABOLISM,bmi,0.28838929899271365,0.005761039939279538,50.05854880929344,0
bmi,alt_log_adj,REACTOME_HEPARAN_SULFATE_HEPARIN_HS_GAG_METABOLISM,ppgs:bmi,-0.009780075383970835,0.005969507648096322,-1.6383386973446135,0.10136215736535302
bmi,alt_log_adj,REACTOME_HH_MUTANTS_ABROGATE_LIGAND_SECRETION,ppgs,-0.0076519635937135335,0.006047460355817047,-1.2653185210801947,0.2057675700305726
bmi,alt_log_adj,REACTOME_HH_MUTANTS_ABROGATE_LIGAND_SECRETION,bmi,0.28848191616618357,0.005761557438549695,50.07012760751032,0
bmi,alt_log_adj,REACTOME_HH_MUTANTS_ABROGATE_LIGAND_SECRETION,ppgs:bmi,-0.004812555197176222,0.0060149634333392385,-0.8000971660944091,0.4236612075814802
bmi,alt_log_adj,REACTOME_HIGHLY_CALCIUM_PERMEABLE_NICOTINIC_ACETYLCHOLINE_RECEPTORS,ppgs,0.002465476909388376,0.005708582941156256,0.43188947849271353,0.6658250269111946
bmi,alt_log_adj,REACTOME_HIGHLY_CALCIUM_PERMEABLE_NICOTINIC_ACETYLCHOLINE_RECEPTORS,bmi,0.2884777412006498,0.005761782218446563,50.06744966463283,0
bmi,alt_log_adj,REACTOME_HIGHLY_CALCIUM_PERMEABLE_NICOTINIC_ACETYLCHOLINE_RECEPTORS,ppgs:bmi,0.005523923703271607,0.005619223665105413,0.9830403686499248,0.3255959605957516
bmi,alt_log_adj,REACTOME_HIGHLY_CALCIUM_PERMEABLE_POSTSYNAPTIC_NICOTINIC_ACETYLCHOLINE_RECEPTORS,ppgs,-0.006308582728338792,0.005810335558410048,-1.0857518752436883,0.27759801575067855
bmi,alt_log_adj,REACTOME_HIGHLY_CALCIUM_PERMEABLE_POSTSYNAPTIC_NICOTINIC_ACETYLCHOLINE_RECEPTORS,bmi,0.28853459129735026,0.005761980775525124,50.07559076263221,0
bmi,alt_log_adj,REACTOME_HIGHLY_CALCIUM_PERMEABLE_POSTSYNAPTIC_NICOTINIC_ACETYLCHOLINE_RECEPTORS,ppgs:bmi,-0.007442413479713673,0.005815153988426055,-1.279830851345702,0.20061510464980395
bmi,alt_log_adj,REACTOME_HIGHLY_SODIUM_PERMEABLE_POSTSYNAPTIC_ACETYLCHOLINE_NICOTINIC_RECEPTORS,ppgs,0.002465476909388376,0.005708582941156256,0.43188947849271353,0.6658250269111946
bmi,alt_log_adj,REACTOME_HIGHLY_SODIUM_PERMEABLE_POSTSYNAPTIC_ACETYLCHOLINE_NICOTINIC_RECEPTORS,bmi,0.2884777412006498,0.005761782218446563,50.06744966463283,0
bmi,alt_log_adj,REACTOME_HIGHLY_SODIUM_PERMEABLE_POSTSYNAPTIC_ACETYLCHOLINE_NICOTINIC_RECEPTORS,ppgs:bmi,0.005523923703271607,0.005619223665105413,0.9830403686499248,0.3255959605957516
bmi,alt_log_adj,REACTOME_HIGH_LAMINAR_FLOW_SHEAR_STRESS_ACTIVATES_SIGNALING_BY_PIEZO1_AND_PECAM1_CDH5_KDR_IN_ENDOTHELIAL_CELLS,ppgs,0.013532639604714285,0.005981249032580868,2.2625106446830294,0.02367340683852313
bmi,alt_log_adj,REACTOME_HIGH_LAMINAR_FLOW_SHEAR_STRESS_ACTIVATES_SIGNALING_BY_PIEZO1_AND_PECAM1_CDH5_KDR_IN_ENDOTHELIAL_CELLS,bmi,0.2884255071397023,0.005761058418380604,50.06467322384431,0
bmi,alt_log_adj,REACTOME_HIGH_LAMINAR_FLOW_SHEAR_STRESS_ACTIVATES_SIGNALING_BY_PIEZO1_AND_PECAM1_CDH5_KDR_IN_ENDOTHELIAL_CELLS,ppgs:bmi,0.0035862021635155385,0.0059303154155741136,0.6047236803117594,0.5453674512686055
bmi,alt_log_adj,REACTOME_HISTIDINE_CATABOLISM,ppgs,0.005774815917612461,0.005690077735612757,1.0148922714129807,0.3101658444831003
bmi,alt_log_adj,REACTOME_HISTIDINE_CATABOLISM,bmi,0.2884515291794174,0.005761650316456927,50.06404646868573,0
bmi,alt_log_adj,REACTOME_HISTIDINE_CATABOLISM,ppgs:bmi,3.8074541802497226e-4,0.00594870618725568,0.06400474423172373,0.9489669004932215
bmi,alt_log_adj,REACTOME_HIV_ELONGATION_ARREST_AND_RECOVERY,ppgs,0.010440869273816931,0.0057472885013190745,1.8166600252311367,0.06927974191267018
bmi,alt_log_adj,REACTOME_HIV_ELONGATION_ARREST_AND_RECOVERY,bmi,0.2883251112774792,0.0057612402740020285,50.04566682951325,0
bmi,alt_log_adj,REACTOME_HIV_ELONGATION_ARREST_AND_RECOVERY,ppgs:bmi,0.007705039967451052,0.005801630188509336,1.3280818868309798,0.18416174908785177
bmi,alt_log_adj,REACTOME_HIV_INFECTION,ppgs,0.01628252122763532,0.006891638685967867,2.3626487065824158,0.018151574596442923
bmi,alt_log_adj,REACTOME_HIV_INFECTION,bmi,0.28823610649113696,0.005761699660635089,50.026228972054035,0
bmi,alt_log_adj,REACTOME_HIV_INFECTION,ppgs:bmi,0.014631661667617417,0.006899618271616106,2.120647996978277,0.03396009409880981
bmi,alt_log_adj,REACTOME_HIV_LIFE_CYCLE,ppgs,0.015677287510161217,0.006519381116300109,2.404720207408034,0.016191222266866288
bmi,alt_log_adj,REACTOME_HIV_LIFE_CYCLE,bmi,0.28826608189403075,0.005763082155549044,50.019429554109465,0
bmi,alt_log_adj,REACTOME_HIV_LIFE_CYCLE,ppgs:bmi,0.005461781646570092,0.006575549153111558,0.8306198492920657,0.4061954132058798
bmi,alt_log_adj,REACTOME_HIV_TRANSCRIPTION_ELONGATION,ppgs,0.008717981802480903,0.0057520014289506325,1.5156431913598063,0.1296207492765849
bmi,alt_log_adj,REACTOME_HIV_TRANSCRIPTION_ELONGATION,bmi,0.2882930590959267,0.0057626089726199176,50.02821820215521,0
bmi,alt_log_adj,REACTOME_HIV_TRANSCRIPTION_ELONGATION,ppgs:bmi,0.004337307980889655,0.005810744876439742,0.7464289128362378,0.4554145490064796
bmi,alt_log_adj,REACTOME_HIV_TRANSCRIPTION_INITIATION,ppgs,0.00161972716924571,0.005844068812832743,0.27715744306244644,0.7816612364119992
bmi,alt_log_adj,REACTOME_HIV_TRANSCRIPTION_INITIATION,bmi,0.28834707418330374,0.005761618381469791,50.04619450511859,0
bmi,alt_log_adj,REACTOME_HIV_TRANSCRIPTION_INITIATION,ppgs:bmi,0.008262163185805207,0.0058522484203496405,1.4117929712408872,0.15802190470058017
bmi,alt_log_adj,REACTOME_HOMOLOGOUS_DNA_PAIRING_AND_STRAND_EXCHANGE,ppgs,-0.004787446656555365,0.006160231037721105,-0.777153750766857,0.43707454985084304
bmi,alt_log_adj,REACTOME_HOMOLOGOUS_DNA_PAIRING_AND_STRAND_EXCHANGE,bmi,0.28852927693880565,0.005763692710642428,50.05979524308225,0
bmi,alt_log_adj,REACTOME_HOMOLOGOUS_DNA_PAIRING_AND_STRAND_EXCHANGE,ppgs:bmi,-0.0025852378034116096,0.006101618648988421,-0.4236970469860834,0.6717899837178949
bmi,alt_log_adj,REACTOME_HOMOLOGY_DIRECTED_REPAIR,ppgs,-0.0025744965652567072,0.0065672999475956265,-0.3920175088392702,0.6950482239254944
bmi,alt_log_adj,REACTOME_HOMOLOGY_DIRECTED_REPAIR,bmi,0.2884954935350705,0.005762298337655804,50.066045981998755,0
bmi,alt_log_adj,REACTOME_HOMOLOGY_DIRECTED_REPAIR,ppgs:bmi,-0.0049146289823318754,0.00646093910196666,-0.7606679005588988,0.4468617788789411
bmi,alt_log_adj,REACTOME_HORMONE_LIGAND_BINDING_RECEPTORS,ppgs,0.0016364215072454157,0.005833137176540021,0.28053883488748577,0.7790661823854925
bmi,alt_log_adj,REACTOME_HORMONE_LIGAND_BINDING_RECEPTORS,bmi,0.28852734683888726,0.005763765869186261,50.05882497437775,0
bmi,alt_log_adj,REACTOME_HORMONE_LIGAND_BINDING_RECEPTORS,ppgs:bmi,-0.004188029018779218,0.005783272701425716,-0.7241624656134178,0.46897197502932797
bmi,alt_log_adj,REACTOME_HOST_INTERACTIONS_OF_HIV_FACTORS,ppgs,8.508123962789275e-4,0.006317488923467647,0.13467572426101215,0.8928692236563165
bmi,alt_log_adj,REACTOME_HOST_INTERACTIONS_OF_HIV_FACTORS,bmi,0.2883268455765669,0.005762948257148031,50.031135576992696,0
bmi,alt_log_adj,REACTOME_HOST_INTERACTIONS_OF_HIV_FACTORS,ppgs:bmi,0.004259444458033658,0.006292848457241087,0.6768706551533715,0.4984935471825097
bmi,alt_log_adj,REACTOME_HSF1_ACTIVATION,ppgs,0.004744999955829217,0.005887716616789289,0.8059151390368338,0.4202985416544307
bmi,alt_log_adj,REACTOME_HSF1_ACTIVATION,bmi,0.2885629776162601,0.005762236376500308,50.07829577993097,0
bmi,alt_log_adj,REACTOME_HSF1_ACTIVATION,ppgs:bmi,-0.008638936971327954,0.005934159421910662,-1.455797924712042,0.14545956374528743
bmi,alt_log_adj,REACTOME_HSF1_DEPENDENT_TRANSACTIVATION,ppgs,0.010315450862894466,0.005785555206307494,1.782966456123073,0.07460246098273518
bmi,alt_log_adj,REACTOME_HSF1_DEPENDENT_TRANSACTIVATION,bmi,0.2885715054389217,0.005763344932741022,50.07014308645211,0
bmi,alt_log_adj,REACTOME_HSF1_DEPENDENT_TRANSACTIVATION,ppgs:bmi,-0.005342433802827112,0.00577082553680164,-0.9257659530265482,0.35457550534723925
bmi,alt_log_adj,REACTOME_HSP90_CHAPERONE_CYCLE_FOR_STEROID_HORMONE_RECEPTORS_SHR_IN_THE_PRESENCE_OF_LIGAND,ppgs,0.013489152642030164,0.005982685354371158,2.254698658383316,0.024159848416949202
bmi,alt_log_adj,REACTOME_HSP90_CHAPERONE_CYCLE_FOR_STEROID_HORMONE_RECEPTORS_SHR_IN_THE_PRESENCE_OF_LIGAND,bmi,0.28855562027905246,0.005761456486831038,50.08379754990845,0
bmi,alt_log_adj,REACTOME_HSP90_CHAPERONE_CYCLE_FOR_STEROID_HORMONE_RECEPTORS_SHR_IN_THE_PRESENCE_OF_LIGAND,ppgs:bmi,-0.0011558078043138245,0.0060516013081429116,-0.19099206068955552,0.8485331810754455
bmi,alt_log_adj,REACTOME_HS_GAG_BIOSYNTHESIS,ppgs,0.009288703201360993,0.006027299140033477,1.541105391578325,0.12330229972264149
bmi,alt_log_adj,REACTOME_HS_GAG_BIOSYNTHESIS,bmi,0.28837640866794767,0.00576118282555224,50.055069835473454,0
bmi,alt_log_adj,REACTOME_HS_GAG_BIOSYNTHESIS,ppgs:bmi,-0.00964423503432365,0.006066211979956557,-1.5898282266081836,0.11188468085874112
bmi,alt_log_adj,REACTOME_HS_GAG_DEGRADATION,ppgs,0.0031030446608306915,0.0058446919234017075,0.5309167192211336,0.5954806506163048
bmi,alt_log_adj,REACTOME_HS_GAG_DEGRADATION,bmi,0.2884479972477776,0.005761300043612184,50.06647719512422,0
bmi,alt_log_adj,REACTOME_HS_GAG_DEGRADATION,ppgs:bmi,-0.009974893126989097,0.005809877296461922,-1.7168853347494226,0.08601104835619734
bmi,alt_log_adj,REACTOME_HUR_ELAVL1_BINDS_AND_STABILIZES_MRNA,ppgs,0.005323058840843788,0.005739970854074786,0.9273668762734163,0.3537439779213999
bmi,alt_log_adj,REACTOME_HUR_ELAVL1_BINDS_AND_STABILIZES_MRNA,bmi,0.28845118719122564,0.005761713491039059,50.06343818376966,0
bmi,alt_log_adj,REACTOME_HUR_ELAVL1_BINDS_AND_STABILIZES_MRNA,ppgs:bmi,-3.179484828288998e-4,0.0057578839441042706,-0.055219675477214174,0.9559638432288418
bmi,alt_log_adj,REACTOME_HYALURONAN_BIOSYNTHESIS_AND_EXPORT,ppgs,-0.005846898443326071,0.005686979197532162,-1.028120244551502,0.3039020409699
bmi,alt_log_adj,REACTOME_HYALURONAN_BIOSYNTHESIS_AND_EXPORT,bmi,0.28840638584881995,0.0057614513378307225,50.05794008101603,0
bmi,alt_log_adj,REACTOME_HYALURONAN_BIOSYNTHESIS_AND_EXPORT,ppgs:bmi,-0.004532658692528558,0.005615212236745681,-0.8072105739596191,0.41955194729849776
bmi,alt_log_adj,REACTOME_HYALURONAN_METABOLISM,ppgs,0.00973167799986248,0.0056855289805028434,1.7116574435263514,0.08697075382311933
bmi,alt_log_adj,REACTOME_HYALURONAN_METABOLISM,bmi,0.28833130127375733,0.005761519181779423,50.04431855153649,0
bmi,alt_log_adj,REACTOME_HYALURONAN_METABOLISM,ppgs:bmi,-6.410033204491257e-4,0.005794428808029808,-0.11062407386226501,0.9119152395954968
bmi,alt_log_adj,REACTOME_HYALURONAN_UPTAKE_AND_DEGRADATION,ppgs,0.00973167799986248,0.0056855289805028434,1.7116574435263514,0.08697075382311933
bmi,alt_log_adj,REACTOME_HYALURONAN_UPTAKE_AND_DEGRADATION,bmi,0.28833130127375733,0.005761519181779423,50.04431855153649,0
bmi,alt_log_adj,REACTOME_HYALURONAN_UPTAKE_AND_DEGRADATION,ppgs:bmi,-6.410033204491257e-4,0.005794428808029808,-0.11062407386226501,0.9119152395954968
bmi,alt_log_adj,REACTOME_HYDROLYSIS_OF_LPC,ppgs,-0.0011166288083628722,0.0057969233365623655,-0.19262438771961482,0.8472545238181628
bmi,alt_log_adj,REACTOME_HYDROLYSIS_OF_LPC,bmi,0.2884270732663553,0.00576161643350972,50.06009625855263,0
bmi,alt_log_adj,REACTOME_HYDROLYSIS_OF_LPC,ppgs:bmi,-0.005233410481263091,0.005835323796445608,-0.8968500573097328,0.36980654895055753
bmi,alt_log_adj,REACTOME_IFNG_SIGNALING_ACTIVATES_MAPKS,ppgs,0.014879878268619745,0.005820972727535353,2.5562528747527744,0.010585785253365398
bmi,alt_log_adj,REACTOME_IFNG_SIGNALING_ACTIVATES_MAPKS,bmi,0.28823894049604554,0.005760109685882423,50.04052981881518,0
bmi,alt_log_adj,REACTOME_IFNG_SIGNALING_ACTIVATES_MAPKS,ppgs:bmi,0.018047145734650716,0.005788022631132272,3.1180157516281644,0.0018225526215496506
bmi,alt_log_adj,REACTOME_IKBA_VARIANT_LEADS_TO_EDA_ID,ppgs,0.028189286036606316,0.005811575850569403,4.850540844931827,1.2377800389048188e-6
bmi,alt_log_adj,REACTOME_IKBA_VARIANT_LEADS_TO_EDA_ID,bmi,0.2884171316565288,0.005758997702858374,50.081133304390484,0
bmi,alt_log_adj,REACTOME_IKBA_VARIANT_LEADS_TO_EDA_ID,ppgs:bmi,0.009436097522670772,0.0058444521653928765,1.6145392682902484,0.10642163587381984
bmi,alt_log_adj,REACTOME_IKK_COMPLEX_RECRUITMENT_MEDIATED_BY_RIP1,ppgs,0.03667792497219296,0.005795779416674162,6.328385249906585,2.514412921151609e-10
bmi,alt_log_adj,REACTOME_IKK_COMPLEX_RECRUITMENT_MEDIATED_BY_RIP1,bmi,0.28823452603512567,0.005757891305298824,50.0590425821119,0
bmi,alt_log_adj,REACTOME_IKK_COMPLEX_RECRUITMENT_MEDIATED_BY_RIP1,ppgs:bmi,0.009108460719160162,0.005845429032764794,1.5582193656112195,0.11919241897646835
bmi,alt_log_adj,REACTOME_IL_6_TYPE_CYTOKINE_RECEPTOR_LIGAND_INTERACTIONS,ppgs,0.0069065272692969614,0.005959746237758903,1.1588626417580634,0.2465219406076191
bmi,alt_log_adj,REACTOME_IL_6_TYPE_CYTOKINE_RECEPTOR_LIGAND_INTERACTIONS,bmi,0.2884299376390658,0.005761358577171611,50.06283392634502,0
bmi,alt_log_adj,REACTOME_IL_6_TYPE_CYTOKINE_RECEPTOR_LIGAND_INTERACTIONS,ppgs:bmi,0.011382392993842066,0.005870557865888983,1.9388946082926348,0.05252408407040579
bmi,alt_log_adj,REACTOME_IMMUNOREGULATORY_INTERACTIONS_BETWEEN_A_LYMPHOID_AND_A_NON_LYMPHOID_CELL,ppgs,0.020784678614777435,0.006131601307828035,3.389763549734104,7.004824640937813e-4
bmi,alt_log_adj,REACTOME_IMMUNOREGULATORY_INTERACTIONS_BETWEEN_A_LYMPHOID_AND_A_NON_LYMPHOID_CELL,bmi,0.2882686065159329,0.00576109919760001,50.037084352934144,0
bmi,alt_log_adj,REACTOME_IMMUNOREGULATORY_INTERACTIONS_BETWEEN_A_LYMPHOID_AND_A_NON_LYMPHOID_CELL,ppgs:bmi,0.007489085646038189,0.0061075398611045726,1.2262033185787113,0.22013235821689936
bmi,alt_log_adj,REACTOME_INACTIVATION_OF_CDC42_AND_RAC1,ppgs,0.016450095390647797,0.005719918584687749,2.8759317369804505,0.004031369590293099
bmi,alt_log_adj,REACTOME_INACTIVATION_OF_CDC42_AND_RAC1,bmi,0.28848074570445786,0.00576101313395444,50.074655099152785,0
bmi,alt_log_adj,REACTOME_INACTIVATION_OF_CDC42_AND_RAC1,ppgs:bmi,0.002419736597205876,0.005682976069089419,0.4257868707853963,0.6702663871936378
bmi,alt_log_adj,REACTOME_INACTIVATION_OF_CSF3_G_CSF_SIGNALING,ppgs,0.008404183327142552,0.006070788945330588,1.384364273379446,0.16625783960566
bmi,alt_log_adj,REACTOME_INACTIVATION_OF_CSF3_G_CSF_SIGNALING,bmi,0.2884734867075493,0.0057622775791196,50.06240722468358,0
bmi,alt_log_adj,REACTOME_INACTIVATION_OF_CSF3_G_CSF_SIGNALING,ppgs:bmi,-0.005657003366064129,0.0060540815717986,-0.9344114873535635,0.3500996334899168
bmi,alt_log_adj,REACTOME_INCRETIN_SYNTHESIS_SECRETION_AND_INACTIVATION,ppgs,0.018069835300580286,0.005862068394357001,3.0825016163193935,0.0020546556169881713
bmi,alt_log_adj,REACTOME_INCRETIN_SYNTHESIS_SECRETION_AND_INACTIVATION,bmi,0.28816855161135435,0.0057641250632510755,49.99345927598973,0
bmi,alt_log_adj,REACTOME_INCRETIN_SYNTHESIS_SECRETION_AND_INACTIVATION,ppgs:bmi,7.907186347695721e-4,0.005856212763888921,0.135022183559547,0.8925952936197832
bmi,alt_log_adj,REACTOME_INDUCTION_OF_CELL_CELL_FUSION,ppgs,-3.844175704644908e-4,0.0057507253256082,-0.06684679735139926,0.9467041392135864
bmi,alt_log_adj,REACTOME_INDUCTION_OF_CELL_CELL_FUSION,bmi,0.2884892018088566,0.005761753151099564,50.06969133236848,0
bmi,alt_log_adj,REACTOME_INDUCTION_OF_CELL_CELL_FUSION,ppgs:bmi,-0.007553307313940987,0.005836496638808743,-1.2941508890310358,0.19562384925563228
bmi,alt_log_adj,REACTOME_INFECTION_WITH_MYCOBACTERIUM_TUBERCULOSIS,ppgs,0.0055624784942591874,0.005687010637994269,0.9781023543541318,0.32803205029626215
bmi,alt_log_adj,REACTOME_INFECTION_WITH_MYCOBACTERIUM_TUBERCULOSIS,bmi,0.2884934160575813,0.005761709855486279,50.07079899777995,0
bmi,alt_log_adj,REACTOME_INFECTION_WITH_MYCOBACTERIUM_TUBERCULOSIS,ppgs:bmi,0.006069994932515767,0.0056647738642646335,1.0715334941801313,0.28393874110262446
bmi,alt_log_adj,REACTOME_INFECTIOUS_DISEASE,ppgs,0.05484755907539377,0.009035020593192566,6.070551639552283,1.2908901496472973e-9
bmi,alt_log_adj,REACTOME_INFECTIOUS_DISEASE,bmi,0.28850457716495087,0.005762630704220298,50.0647346625323,0
bmi,alt_log_adj,REACTOME_INFECTIOUS_DISEASE,ppgs:bmi,-0.005927112186320179,0.00908301242997316,-0.6525491660411273,0.5140522578460116
bmi,alt_log_adj,REACTOME_INFLAMMASOMES,ppgs,0.021687949305736268,0.005713161694487873,3.796137841969546,1.4727371195854565e-4
bmi,alt_log_adj,REACTOME_INFLAMMASOMES,bmi,0.28877787462361465,0.005761244483506319,50.124218031424896,0
bmi,alt_log_adj,REACTOME_INFLAMMASOMES,ppgs:bmi,0.009409272876604709,0.0057197966519960996,1.6450362572454482,0.09997342148242445
bmi,alt_log_adj,REACTOME_INFLUENZA_INFECTION,ppgs,0.025472083123144997,0.006151622609115811,4.140709653644726,3.472342893833825e-5
bmi,alt_log_adj,REACTOME_INFLUENZA_INFECTION,bmi,0.2882072160660336,0.005760758463922333,50.02938725360162,0
bmi,alt_log_adj,REACTOME_INFLUENZA_INFECTION,ppgs:bmi,0.015457870283890767,0.006173846147533965,2.503766681983992,0.01229347799059312
bmi,alt_log_adj,REACTOME_INHIBITION_OF_DNA_RECOMBINATION_AT_TELOMERE,ppgs,-0.004210198820130282,0.005713748749718501,-0.7368540348116822,0.4612172171386788
bmi,alt_log_adj,REACTOME_INHIBITION_OF_DNA_RECOMBINATION_AT_TELOMERE,bmi,0.2883929164701744,0.005761645175740426,50.05391822538138,0
bmi,alt_log_adj,REACTOME_INHIBITION_OF_DNA_RECOMBINATION_AT_TELOMERE,ppgs:bmi,-3.47803508246085e-5,0.005744455785959862,-0.006054594572668806,0.9951692045873091
bmi,alt_log_adj,REACTOME_INHIBITION_OF_REPLICATION_INITIATION_OF_DAMAGED_DNA_BY_RB1_E2F1,ppgs,0.0037659049595741923,0.005699499084410121,0.660743146687241,0.5087824178464906
bmi,alt_log_adj,REACTOME_INHIBITION_OF_REPLICATION_INITIATION_OF_DAMAGED_DNA_BY_RB1_E2F1,bmi,0.28844901846828297,0.005762028261113446,50.060326919074065,0
bmi,alt_log_adj,REACTOME_INHIBITION_OF_REPLICATION_INITIATION_OF_DAMAGED_DNA_BY_RB1_E2F1,ppgs:bmi,-0.0010118560435252717,0.005756308271700235,-0.17578211516222372,0.8604663764362829
bmi,alt_log_adj,REACTOME_INHIBITION_OF_THE_PROTEOLYTIC_ACTIVITY_OF_APC_C_REQUIRED_FOR_THE_ONSET_OF_ANAPHASE_BY_MITOTIC_SPINDLE_CHECKPOINT_COMPONENTS,ppgs,0.0037127739496127916,0.005687484572695621,0.6527971904199993,0.5138923288697594
bmi,alt_log_adj,REACTOME_INHIBITION_OF_THE_PROTEOLYTIC_ACTIVITY_OF_APC_C_REQUIRED_FOR_THE_ONSET_OF_ANAPHASE_BY_MITOTIC_SPINDLE_CHECKPOINT_COMPONENTS,bmi,0.28856943690251063,0.005762705954729565,50.07533599136289,0
bmi,alt_log_adj,REACTOME_INHIBITION_OF_THE_PROTEOLYTIC_ACTIVITY_OF_APC_C_REQUIRED_FOR_THE_ONSET_OF_ANAPHASE_BY_MITOTIC_SPINDLE_CHECKPOINT_COMPONENTS,ppgs:bmi,-0.008689114079006513,0.005566071835239251,-1.5610855080947805,0.11851473975154789
bmi,alt_log_adj,REACTOME_INITIAL_TRIGGERING_OF_COMPLEMENT,ppgs,0.009747773262588338,0.005852887616443189,1.665463938723648,0.0958312820533912
bmi,alt_log_adj,REACTOME_INITIAL_TRIGGERING_OF_COMPLEMENT,bmi,0.28842906725041145,0.005761497385236231,50.06147672469791,0
bmi,alt_log_adj,REACTOME_INITIAL_TRIGGERING_OF_COMPLEMENT,ppgs:bmi,1.6564836645495e-4,0.00589489266640884,0.028100319349132905,0.9775823371768738
bmi,alt_log_adj,REACTOME_INITIATION_OF_NUCLEAR_ENVELOPE_NE_REFORMATION,ppgs,0.0029071394530444925,0.005777177889649843,0.5032109982718042,0.6148198427673588
bmi,alt_log_adj,REACTOME_INITIATION_OF_NUCLEAR_ENVELOPE_NE_REFORMATION,bmi,0.28841392532760146,0.005761528851994328,50.058575204004796,0
bmi,alt_log_adj,REACTOME_INITIATION_OF_NUCLEAR_ENVELOPE_NE_REFORMATION,ppgs:bmi,-0.00470711275226624,0.005902961023649087,-0.7974155230583585,0.4252164258283545
bmi,alt_log_adj,REACTOME_INLA_MEDIATED_ENTRY_OF_LISTERIA_MONOCYTOGENES_INTO_HOST_CELLS,ppgs,0.001602579649973821,0.006284318273811919,0.255012489843506,0.7987153025266306
bmi,alt_log_adj,REACTOME_INLA_MEDIATED_ENTRY_OF_LISTERIA_MONOCYTOGENES_INTO_HOST_CELLS,bmi,0.28841619644357713,0.0057616593247291435,50.057835805336445,0
bmi,alt_log_adj,REACTOME_INLA_MEDIATED_ENTRY_OF_LISTERIA_MONOCYTOGENES_INTO_HOST_CELLS,ppgs:bmi,0.005934752107111984,0.006132273807542475,0.9677898106592131,0.3331576100916659
bmi,alt_log_adj,REACTOME_INLB_MEDIATED_ENTRY_OF_LISTERIA_MONOCYTOGENES_INTO_HOST_CELL,ppgs,0.006575821285768881,0.005849760372777072,1.1241180606936765,0.26097246305529176
bmi,alt_log_adj,REACTOME_INLB_MEDIATED_ENTRY_OF_LISTERIA_MONOCYTOGENES_INTO_HOST_CELL,bmi,0.28850737467494303,0.005761666095602969,50.073601956058894,0
bmi,alt_log_adj,REACTOME_INLB_MEDIATED_ENTRY_OF_LISTERIA_MONOCYTOGENES_INTO_HOST_CELL,ppgs:bmi,-0.007504772321877364,0.0058078413556972176,-1.2921792904201037,0.19630559521826763
bmi,alt_log_adj,REACTOME_INNATE_IMMUNE_SYSTEM,ppgs,0.06996991964916537,0.009300375911434509,7.523343176176312,5.497536193451908e-14
bmi,alt_log_adj,REACTOME_INNATE_IMMUNE_SYSTEM,bmi,0.28840983699735834,0.005756403659545546,50.102434446045706,0
bmi,alt_log_adj,REACTOME_INNATE_IMMUNE_SYSTEM,ppgs:bmi,0.015229854676042062,0.009452419763550426,1.6112122670186593,0.10714459804507288
bmi,alt_log_adj,REACTOME_INOSITOL_PHOSPHATE_METABOLISM,ppgs,0.006601494586306917,0.006401708116353687,1.031208306645981,0.3024519438324923
bmi,alt_log_adj,REACTOME_INOSITOL_PHOSPHATE_METABOLISM,bmi,0.288403954430243,0.005761403560307264,50.05793317746032,0
bmi,alt_log_adj,REACTOME_INOSITOL_PHOSPHATE_METABOLISM,ppgs:bmi,-0.00611164672979867,0.0064369415147062055,-0.9494643870595456,0.34239257062940587
bmi,alt_log_adj,REACTOME_INSERTION_OF_TAIL_ANCHORED_PROTEINS_INTO_THE_ENDOPLASMIC_RETICULUM_MEMBRANE,ppgs,-0.0010531069735261129,0.0057429092153313,-0.18337517345994833,0.8545049657394168
bmi,alt_log_adj,REACTOME_INSERTION_OF_TAIL_ANCHORED_PROTEINS_INTO_THE_ENDOPLASMIC_RETICULUM_MEMBRANE,bmi,0.2885142010972818,0.005761233107813834,50.07855014683859,0
bmi,alt_log_adj,REACTOME_INSERTION_OF_TAIL_ANCHORED_PROTEINS_INTO_THE_ENDOPLASMIC_RETICULUM_MEMBRANE,ppgs:bmi,0.013046941079793171,0.005722100165570693,2.2800965908103663,0.022609351816393543
bmi,alt_log_adj,REACTOME_INSULIN_PROCESSING,ppgs,7.00464939077332e-4,0.0058691587056219465,0.11934673676593052,0.9050015031847246
bmi,alt_log_adj,REACTOME_INSULIN_PROCESSING,bmi,0.28841206970891226,0.005762360018172598,50.05103270176715,0
bmi,alt_log_adj,REACTOME_INSULIN_PROCESSING,ppgs:bmi,2.1922410438405358e-4,0.005942085193142123,0.0368934637014401,0.970570211188472
bmi,alt_log_adj,REACTOME_INSULIN_RECEPTOR_RECYCLING,ppgs,0.00439277176853156,0.006079403219352355,0.7225662799513283,0.46995235189667806
bmi,alt_log_adj,REACTOME_INSULIN_RECEPTOR_RECYCLING,bmi,0.28850222406146003,0.005764178922716519,50.05087939315664,0
bmi,alt_log_adj,REACTOME_INSULIN_RECEPTOR_RECYCLING,ppgs:bmi,-0.003490539174244182,0.006075269303295316,-0.5745488800555494,0.5656009926296354
bmi,alt_log_adj,REACTOME_INSULIN_RECEPTOR_SIGNALLING_CASCADE,ppgs,4.5322095620743853e-4,0.006100672032887587,0.07429033289516446,0.9407798931879058
bmi,alt_log_adj,REACTOME_INSULIN_RECEPTOR_SIGNALLING_CASCADE,bmi,0.2884183163476536,0.005761635044076858,50.05841469326605,0
bmi,alt_log_adj,REACTOME_INSULIN_RECEPTOR_SIGNALLING_CASCADE,ppgs:bmi,-9.882339287918263e-4,0.006178377135453685,-0.1599504056042476,0.8729212813103849
bmi,alt_log_adj,REACTOME_INTEGRATION_OF_ENERGY_METABOLISM,ppgs,0.008130806300685717,0.0068774427613677415,1.182242671121659,0.23711934196924256
bmi,alt_log_adj,REACTOME_INTEGRATION_OF_ENERGY_METABOLISM,bmi,0.28838114115321145,0.005761553252888303,50.05267303719603,0
bmi,alt_log_adj,REACTOME_INTEGRATION_OF_ENERGY_METABOLISM,ppgs:bmi,0.005569797148684023,0.006844133971001676,0.8138059792930753,0.4157629446253379
bmi,alt_log_adj,REACTOME_INTEGRATION_OF_PROVIRUS,ppgs,0.003193337895867139,0.006021636368982955,0.5303106498286426,0.5959007177740971
bmi,alt_log_adj,REACTOME_INTEGRATION_OF_PROVIRUS,bmi,0.28843296074715497,0.005761395178119121,50.06304060561204,0
bmi,alt_log_adj,REACTOME_INTEGRATION_OF_PROVIRUS,ppgs:bmi,0.008309666105452508,0.005989136026706551,1.3874565660887195,0.1653134931767592
bmi,alt_log_adj,REACTOME_INTEGRIN_CELL_SURFACE_INTERACTIONS,ppgs,-0.00469285916377257,0.006074618710316977,-0.7725355923660424,0.43980371550500585
bmi,alt_log_adj,REACTOME_INTEGRIN_CELL_SURFACE_INTERACTIONS,bmi,0.28839244868500824,0.005761855550756681,50.052009486273015,0
bmi,alt_log_adj,REACTOME_INTEGRIN_CELL_SURFACE_INTERACTIONS,ppgs:bmi,-4.089421160050749e-5,0.006144563174701246,-0.006655348873111033,0.9946898859197973
bmi,alt_log_adj,REACTOME_INTEGRIN_SIGNALING,ppgs,0.018178239367105102,0.005688103618395007,3.195834778451943,0.0013957968849766798
bmi,alt_log_adj,REACTOME_INTEGRIN_SIGNALING,bmi,0.28831790724298606,0.005760614467644109,50.04985299092547,0
bmi,alt_log_adj,REACTOME_INTEGRIN_SIGNALING,ppgs:bmi,0.00912961618498915,0.005636218527768176,1.6198123156527586,0.10528372324142289
bmi,alt_log_adj,REACTOME_INTERACTIONS_OF_REV_WITH_HOST_CELLULAR_PROTEINS,ppgs,0.005367976466842068,0.005877341187273837,0.9133341583887127,0.36107459002356557
bmi,alt_log_adj,REACTOME_INTERACTIONS_OF_REV_WITH_HOST_CELLULAR_PROTEINS,bmi,0.28825054684282153,0.00576269809128919,50.02006738450117,0
bmi,alt_log_adj,REACTOME_INTERACTIONS_OF_REV_WITH_HOST_CELLULAR_PROTEINS,ppgs:bmi,0.0102975634023306,0.005875635705388601,1.7525871103422235,0.07968371517577726
bmi,alt_log_adj,REACTOME_INTERACTIONS_OF_VPR_WITH_HOST_CELLULAR_PROTEINS,ppgs,0.005776562319771729,0.00611278167121231,0.9449973237185976,0.34466829656160713
bmi,alt_log_adj,REACTOME_INTERACTIONS_OF_VPR_WITH_HOST_CELLULAR_PROTEINS,bmi,0.2883759794989246,0.005762818866633485,50.04078493055042,0
bmi,alt_log_adj,REACTOME_INTERACTIONS_OF_VPR_WITH_HOST_CELLULAR_PROTEINS,ppgs:bmi,0.0047902694864066665,0.00610880695231064,0.7841579417720443,0.43295399236499876
bmi,alt_log_adj,REACTOME_INTERACTION_BETWEEN_L1_AND_ANKYRINS,ppgs,0.01394989376771584,0.005749468254024375,2.4262928589877033,0.015260150290231042
bmi,alt_log_adj,REACTOME_INTERACTION_BETWEEN_L1_AND_ANKYRINS,bmi,0.28856250840488273,0.005761193191875095,50.08728206022272,0
bmi,alt_log_adj,REACTOME_INTERACTION_BETWEEN_L1_AND_ANKYRINS,ppgs:bmi,-0.005447944489243145,0.005700665558697729,-0.9556681466659629,0.33924806971190236
bmi,alt_log_adj,REACTOME_INTERACTION_WITH_CUMULUS_CELLS_AND_THE_ZONA_PELLUCIDA,ppgs,-0.003977310452765781,0.005700305193330125,-0.697736404959439,0.4853477793110742
bmi,alt_log_adj,REACTOME_INTERACTION_WITH_CUMULUS_CELLS_AND_THE_ZONA_PELLUCIDA,bmi,0.2884458625782343,0.005762005783402214,50.059974498657915,0
bmi,alt_log_adj,REACTOME_INTERACTION_WITH_CUMULUS_CELLS_AND_THE_ZONA_PELLUCIDA,ppgs:bmi,0.002856168765972589,0.005945983309542431,0.4803526376182148,0.630980372581494
bmi,alt_log_adj,REACTOME_INTERCONVERSION_OF_NUCLEOTIDE_DI_AND_TRIPHOSPHATES,ppgs,-0.003230682189650348,0.0058876976330361,-0.5487174089108898,0.5832037186191004
bmi,alt_log_adj,REACTOME_INTERCONVERSION_OF_NUCLEOTIDE_DI_AND_TRIPHOSPHATES,bmi,0.2884182518427176,0.005761669050590531,50.058108043042964,0
bmi,alt_log_adj,REACTOME_INTERCONVERSION_OF_NUCLEOTIDE_DI_AND_TRIPHOSPHATES,ppgs:bmi,0.003474006871885427,0.00590515281039586,0.5883009269073499,0.5563350103600501
bmi,alt_log_adj,REACTOME_INTERFERON_ALPHA_BETA_SIGNALING,ppgs,0.013917354760222054,0.006131774293254485,2.2697108690925596,0.023232607737330845
bmi,alt_log_adj,REACTOME_INTERFERON_ALPHA_BETA_SIGNALING,bmi,0.2885097494028512,0.005760836905079413,50.081221558011464,0
bmi,alt_log_adj,REACTOME_INTERFERON_ALPHA_BETA_SIGNALING,ppgs:bmi,0.01070749865206306,0.006048195211638887,1.770362608577516,0.0766775000697099
bmi,alt_log_adj,REACTOME_INTERFERON_GAMMA_SIGNALING,ppgs,0.014797393427484238,0.005887160940435696,2.513502446629073,0.011959392562144653
bmi,alt_log_adj,REACTOME_INTERFERON_GAMMA_SIGNALING,bmi,0.2883765525724038,0.005761888667164884,50.04896297558946,0
bmi,alt_log_adj,REACTOME_INTERFERON_GAMMA_SIGNALING,ppgs:bmi,0.005230441787374374,0.005886781510163365,0.8885061859938509,0.37427606870386754
bmi,alt_log_adj,REACTOME_INTERFERON_SIGNALING,ppgs,0.046863431579538636,0.0065989242686433705,7.101677435854705,1.2615537976588204e-12
bmi,alt_log_adj,REACTOME_INTERFERON_SIGNALING,bmi,0.2881620310278378,0.005758186979357029,50.04388222558458,0
bmi,alt_log_adj,REACTOME_INTERFERON_SIGNALING,ppgs:bmi,0.01291726006142194,0.006491715758305437,1.98980678488514,0.046621814234496566
bmi,alt_log_adj,REACTOME_INTERLEUKIN_10_SIGNALING,ppgs,0.01151055466725867,0.0057293605700602605,2.0090470003596934,0.04454161187959176
bmi,alt_log_adj,REACTOME_INTERLEUKIN_10_SIGNALING,bmi,0.2884049391774443,0.005761575093953993,50.05661376870484,0
bmi,alt_log_adj,REACTOME_INTERLEUKIN_10_SIGNALING,ppgs:bmi,-0.003978351896182177,0.0057446590252393966,-0.6925305538071317,0.4886098778724737
bmi,alt_log_adj,REACTOME_INTERLEUKIN_12_FAMILY_SIGNALING,ppgs,0.007831686578484104,0.0058759067413345035,1.3328473243782992,0.18259262384583302
bmi,alt_log_adj,REACTOME_INTERLEUKIN_12_FAMILY_SIGNALING,bmi,0.28830045853364233,0.005761320636341582,50.04068975350625,0
bmi,alt_log_adj,REACTOME_INTERLEUKIN_12_FAMILY_SIGNALING,ppgs:bmi,0.01270603019846154,0.005828185739757033,2.1801004233250865,0.029258215611855626
bmi,alt_log_adj,REACTOME_INTERLEUKIN_12_SIGNALING,ppgs,0.008107738402089565,0.005933121769781027,1.3665214901511782,0.17178617866455279
bmi,alt_log_adj,REACTOME_INTERLEUKIN_12_SIGNALING,bmi,0.288273359619792,0.00576120523888824,50.036988384642434,0
bmi,alt_log_adj,REACTOME_INTERLEUKIN_12_SIGNALING,ppgs:bmi,0.01258016735427061,0.00589553398438745,2.133846974266522,0.032863866764934045
bmi,alt_log_adj,REACTOME_INTERLEUKIN_15_SIGNALING,ppgs,-0.005980205674140685,0.005683980421280369,-1.0521158116152673,0.2927553867272007
bmi,alt_log_adj,REACTOME_INTERLEUKIN_15_SIGNALING,bmi,0.2884089343448601,0.005761430341066065,50.05856484789061,0
bmi,alt_log_adj,REACTOME_INTERLEUKIN_15_SIGNALING,ppgs:bmi,-0.005215305068248147,0.005727728411278051,-0.9105363756387386,0.3625474491084334
bmi,alt_log_adj,REACTOME_INTERLEUKIN_17_SIGNALING,ppgs,0.0163542966437597,0.006448315798554576,2.536212114088085,0.011211203989051857
bmi,alt_log_adj,REACTOME_INTERLEUKIN_17_SIGNALING,bmi,0.28839476428569466,0.005760980231444221,50.06001629923957,0
bmi,alt_log_adj,REACTOME_INTERLEUKIN_17_SIGNALING,ppgs:bmi,0.0018965423862861604,0.006495954345851654,0.29195746849688087,0.7703212795224923
bmi,alt_log_adj,REACTOME_INTERLEUKIN_18_SIGNALING,ppgs,0.013205481981286024,0.005827346851413424,2.2661225284853317,0.023451387743975306
bmi,alt_log_adj,REACTOME_INTERLEUKIN_18_SIGNALING,bmi,0.28838536560555944,0.005760960735978334,50.058554262405586,0
bmi,alt_log_adj,REACTOME_INTERLEUKIN_18_SIGNALING,ppgs:bmi,0.006019484347507473,0.005775720749600779,1.0422048794383876,0.2973255891635285
bmi,alt_log_adj,REACTOME_INTERLEUKIN_1_FAMILY_SIGNALING,ppgs,0.03637855236261464,0.00578233240817426,6.291328445799429,3.1935578422904866e-10
bmi,alt_log_adj,REACTOME_INTERLEUKIN_1_FAMILY_SIGNALING,bmi,0.28829209223465263,0.005757548170405174,50.072024358654176,0
bmi,alt_log_adj,REACTOME_INTERLEUKIN_1_FAMILY_SIGNALING,ppgs:bmi,0.010585396660556053,0.005838662118881619,1.8129832562709862,0.06984497576361724
bmi,alt_log_adj,REACTOME_INTERLEUKIN_1_PROCESSING,ppgs,0.0055624784942591874,0.005687010637994269,0.9781023543541318,0.32803205029626215
bmi,alt_log_adj,REACTOME_INTERLEUKIN_1_PROCESSING,bmi,0.2884934160575813,0.005761709855486279,50.07079899777995,0
bmi,alt_log_adj,REACTOME_INTERLEUKIN_1_PROCESSING,ppgs:bmi,0.006069994932515767,0.0056647738642646335,1.0715334941801313,0.28393874110262446
bmi,alt_log_adj,REACTOME_INTERLEUKIN_1_SIGNALING,ppgs,0.026107844936178803,0.006087288646028843,4.288911936714344,1.801442172808452e-5
bmi,alt_log_adj,REACTOME_INTERLEUKIN_1_SIGNALING,bmi,0.28851894710839315,0.0057602599731048105,50.0878343087838,0
bmi,alt_log_adj,REACTOME_INTERLEUKIN_1_SIGNALING,ppgs:bmi,-0.0014604673758104444,0.006176722555521396,-0.2364469769659521,0.813087555388896
bmi,alt_log_adj,REACTOME_INTERLEUKIN_20_FAMILY_SIGNALING,ppgs,0.009826248570525439,0.005804055671733308,1.6929969535579859,0.09046703476424768
bmi,alt_log_adj,REACTOME_INTERLEUKIN_20_FAMILY_SIGNALING,bmi,0.28845446080051795,0.005761301280462913,50.067588337845265,0
bmi,alt_log_adj,REACTOME_INTERLEUKIN_20_FAMILY_SIGNALING,ppgs:bmi,0.005264201018279838,0.005755578588331495,0.9146258603699989,0.36039585724309353
bmi,alt_log_adj,REACTOME_INTERLEUKIN_21_SIGNALING,ppgs,-8.292214177949016e-4,0.0058010070183242635,-0.14294439140920723,0.8863351152071258
bmi,alt_log_adj,REACTOME_INTERLEUKIN_21_SIGNALING,bmi,0.2884133904988584,0.005761716243839835,50.05685429358256,0
bmi,alt_log_adj,REACTOME_INTERLEUKIN_21_SIGNALING,ppgs:bmi,-0.0012274098081886543,0.005802879246136139,-0.21151737889530065,0.8324850931069065
bmi,alt_log_adj,REACTOME_INTERLEUKIN_23_SIGNALING,ppgs,0.010356767275799358,0.00602458796020053,1.719083088207518,0.08561016076333487
bmi,alt_log_adj,REACTOME_INTERLEUKIN_23_SIGNALING,bmi,0.2884413279219636,0.005761247046445995,50.065780133469126,0
bmi,alt_log_adj,REACTOME_INTERLEUKIN_23_SIGNALING,ppgs:bmi,0.0073006368584541065,0.0058909498846055845,1.2392970575988704,0.2152457679698317
bmi,alt_log_adj,REACTOME_INTERLEUKIN_27_SIGNALING,ppgs,0.009222795778951302,0.0057447308032184214,1.6054356757298938,0.10840909728335503
bmi,alt_log_adj,REACTOME_INTERLEUKIN_27_SIGNALING,bmi,0.2882796257642563,0.005761466432588022,50.035807573864936,0
bmi,alt_log_adj,REACTOME_INTERLEUKIN_27_SIGNALING,ppgs:bmi,0.010413403721921954,0.005656789002153392,1.8408683297110504,0.06565130033384788
bmi,alt_log_adj,REACTOME_INTERLEUKIN_2_FAMILY_SIGNALING,ppgs,-0.009050996246893999,0.005682517384186135,-1.5927793326390864,0.11122085243749691
bmi,alt_log_adj,REACTOME_INTERLEUKIN_2_FAMILY_SIGNALING,bmi,0.28849347452957147,0.0057616983925218275,50.070908762598606,0
bmi,alt_log_adj,REACTOME_INTERLEUKIN_2_FAMILY_SIGNALING,ppgs:bmi,9.219189890317448e-4,0.005669319298395022,0.1626154641338933,0.8708223695218421
bmi,alt_log_adj,REACTOME_INTERLEUKIN_2_SIGNALING,ppgs,-0.00556458997236506,0.005698021966988446,-0.9765827518046744,0.3287840950904577
bmi,alt_log_adj,REACTOME_INTERLEUKIN_2_SIGNALING,bmi,0.28843920651742433,0.005761516108728842,50.063073863567205,0
bmi,alt_log_adj,REACTOME_INTERLEUKIN_2_SIGNALING,ppgs:bmi,0.003359736472942705,0.005706397353371646,0.5887666534398611,0.5560225094498084
bmi,alt_log_adj,REACTOME_INTERLEUKIN_35_SIGNALLING,ppgs,-6.54280990234327e-4,0.0057783379258612,-0.11322996311899036,0.9098490430841981
bmi,alt_log_adj,REACTOME_INTERLEUKIN_35_SIGNALLING,bmi,0.2885004958158389,0.0057617248552335075,50.07189740304716,0
bmi,alt_log_adj,REACTOME_INTERLEUKIN_35_SIGNALLING,ppgs:bmi,0.00820917964010274,0.00575733074839145,1.4258655614663647,0.15391816316999724
bmi,alt_log_adj,REACTOME_INTERLEUKIN_36_PATHWAY,ppgs,0.005876229104421109,0.006049300682689442,0.9713898205186607,0.3313624837804914
bmi,alt_log_adj,REACTOME_INTERLEUKIN_36_PATHWAY,bmi,0.28817741944184583,0.005761995993267628,50.01347098792765,0
bmi,alt_log_adj,REACTOME_INTERLEUKIN_36_PATHWAY,ppgs:bmi,0.012887399860943009,0.006072397377541961,2.1222919153159383,0.033821877781248816
bmi,alt_log_adj,REACTOME_INTERLEUKIN_37_SIGNALING,ppgs,0.006689448583650954,0.005784180203975662,1.1565076376861618,0.24748332315613258
bmi,alt_log_adj,REACTOME_INTERLEUKIN_37_SIGNALING,bmi,0.2883981251985802,0.005761471047256233,50.05633506323409,0
bmi,alt_log_adj,REACTOME_INTERLEUKIN_37_SIGNALING,ppgs:bmi,-0.002196996033501452,0.005860822639447976,-0.3748613750421194,0.707766370371059
bmi,alt_log_adj,REACTOME_INTERLEUKIN_3_INTERLEUKIN_5_AND_GM_CSF_SIGNALING,ppgs,0.005623899476917088,0.006005936786947726,0.9363900547769847,0.349080373478452
bmi,alt_log_adj,REACTOME_INTERLEUKIN_3_INTERLEUKIN_5_AND_GM_CSF_SIGNALING,bmi,0.28836705536872775,0.005761565991606485,50.050117587618395,0
bmi,alt_log_adj,REACTOME_INTERLEUKIN_3_INTERLEUKIN_5_AND_GM_CSF_SIGNALING,ppgs:bmi,0.004957023257566681,0.005992306607353116,0.8272312453912077,0.40811296822991905
bmi,alt_log_adj,REACTOME_INTERLEUKIN_4_AND_INTERLEUKIN_13_SIGNALING,ppgs,0.017998426932649313,0.006485762378335601,2.7750672754785897,0.005522643228581112
bmi,alt_log_adj,REACTOME_INTERLEUKIN_4_AND_INTERLEUKIN_13_SIGNALING,bmi,0.28847094010955837,0.005762737162734515,50.05797279372605,0
bmi,alt_log_adj,REACTOME_INTERLEUKIN_4_AND_INTERLEUKIN_13_SIGNALING,ppgs:bmi,-0.004145096372711231,0.006510057228093969,-0.636721956117864,0.5243111106857806
bmi,alt_log_adj,REACTOME_INTERLEUKIN_6_FAMILY_SIGNALING,ppgs,0.011646046733638409,0.005831748150584709,1.9970078324577065,0.04583387509674055
bmi,alt_log_adj,REACTOME_INTERLEUKIN_6_FAMILY_SIGNALING,bmi,0.28835786063639063,0.005761102526530102,50.05254798165653,0
bmi,alt_log_adj,REACTOME_INTERLEUKIN_6_FAMILY_SIGNALING,ppgs:bmi,0.0068314933547342395,0.005750136033625021,1.1880576937285963,0.23482063398448355
bmi,alt_log_adj,REACTOME_INTERLEUKIN_6_SIGNALING,ppgs,0.011549230594801122,0.005738996467825109,2.012412912179035,0.04418586808286583
bmi,alt_log_adj,REACTOME_INTERLEUKIN_6_SIGNALING,bmi,0.28842904128792657,0.0057609811243290315,50.06595839550147,0
bmi,alt_log_adj,REACTOME_INTERLEUKIN_6_SIGNALING,ppgs:bmi,0.00799009690842644,0.005674230164271389,1.4081376111137052,0.15910129217282395
bmi,alt_log_adj,REACTOME_INTERLEUKIN_7_SIGNALING,ppgs,0.005579174603318431,0.005745591212736975,0.9710357727765896,0.3315387500343814
bmi,alt_log_adj,REACTOME_INTERLEUKIN_7_SIGNALING,bmi,0.28831910669014116,0.005762406837986652,50.034493362998646,0
bmi,alt_log_adj,REACTOME_INTERLEUKIN_7_SIGNALING,ppgs:bmi,0.0029349164368070273,0.005724483131151719,0.5126954468318167,0.608168369932633
bmi,alt_log_adj,REACTOME_INTERLEUKIN_9_SIGNALING,ppgs,-9.750607096183314e-4,0.005731064394290209,-0.17013605894740472,0.8649043500703932
bmi,alt_log_adj,REACTOME_INTERLEUKIN_9_SIGNALING,bmi,0.28839811360982837,0.00576189260010323,50.05267081942163,0
bmi,alt_log_adj,REACTOME_INTERLEUKIN_9_SIGNALING,ppgs:bmi,0.0012642039813693152,0.005751712534357248,0.21979609965166483,0.8260315400025567
bmi,alt_log_adj,REACTOME_INTERLEUKIN_RECEPTOR_SHC_SIGNALING,ppgs,-0.009050996246893999,0.005682517384186135,-1.5927793326390864,0.11122085243749691
bmi,alt_log_adj,REACTOME_INTERLEUKIN_RECEPTOR_SHC_SIGNALING,bmi,0.28849347452957147,0.0057616983925218275,50.070908762598606,0
bmi,alt_log_adj,REACTOME_INTERLEUKIN_RECEPTOR_SHC_SIGNALING,ppgs:bmi,9.219189890317448e-4,0.005669319298395022,0.1626154641338933,0.8708223695218421
bmi,alt_log_adj,REACTOME_INTESTINAL_ABSORPTION,ppgs,-7.894715043859202e-4,0.005729464656290977,-0.13779149567125387,0.8904061843588216
bmi,alt_log_adj,REACTOME_INTESTINAL_ABSORPTION,bmi,0.2884843998859651,0.005762340324712237,50.06375597928114,0
bmi,alt_log_adj,REACTOME_INTESTINAL_ABSORPTION,ppgs:bmi,0.004533837493724275,0.005803855436214186,0.7811768476234936,0.43470501234089665
bmi,alt_log_adj,REACTOME_INTRACELLULAR_SIGNALING_BY_SECOND_MESSENGERS,ppgs,0.02161360637351375,0.0074108935910944355,2.9164642708521025,0.003543007822250108
bmi,alt_log_adj,REACTOME_INTRACELLULAR_SIGNALING_BY_SECOND_MESSENGERS,bmi,0.2881700792292546,0.005761788689958288,50.013996474997555,0
bmi,alt_log_adj,REACTOME_INTRACELLULAR_SIGNALING_BY_SECOND_MESSENGERS,ppgs:bmi,0.011236934658811216,0.007417491942810396,1.5149237431532256,0.12980286610513975
bmi,alt_log_adj,REACTOME_INTRAFLAGELLAR_TRANSPORT,ppgs,0.006506495261650734,0.00577506816585659,1.1266525476042852,0.25989894959152804
bmi,alt_log_adj,REACTOME_INTRAFLAGELLAR_TRANSPORT,bmi,0.28881701161448,0.005763172465206003,50.114240612814335,0
bmi,alt_log_adj,REACTOME_INTRAFLAGELLAR_TRANSPORT,ppgs:bmi,0.013122279784781372,0.0057944570913267554,2.2646262761049747,0.023543140745041814
bmi,alt_log_adj,REACTOME_INTRA_GOLGI_AND_RETROGRADE_GOLGI_TO_ER_TRAFFIC,ppgs,0.01163300004076221,0.00653668290882035,1.7796488223507194,0.07514416095040179
bmi,alt_log_adj,REACTOME_INTRA_GOLGI_AND_RETROGRADE_GOLGI_TO_ER_TRAFFIC,bmi,0.28840294638749003,0.005761308199679159,50.05858676394901,0
bmi,alt_log_adj,REACTOME_INTRA_GOLGI_AND_RETROGRADE_GOLGI_TO_ER_TRAFFIC,ppgs:bmi,-0.004668983973832018,0.006489507897544379,-0.7194665678115216,0.4718594251859922
bmi,alt_log_adj,REACTOME_INTRA_GOLGI_TRAFFIC,ppgs,-0.007955870903301264,0.0058722474587221485,-1.3548255517543415,0.1754839403112554
bmi,alt_log_adj,REACTOME_INTRA_GOLGI_TRAFFIC,bmi,0.2884458735982483,0.00576160409501804,50.06346650018221,0
bmi,alt_log_adj,REACTOME_INTRA_GOLGI_TRAFFIC,ppgs:bmi,-0.0014335083488166832,0.0058629119215409175,-0.24450450015287317,0.8068418867164804
bmi,alt_log_adj,REACTOME_INTRINSIC_PATHWAY_FOR_APOPTOSIS,ppgs,0.02453792640053406,0.00578930420730199,4.238493180162242,2.2573625070492374e-5
bmi,alt_log_adj,REACTOME_INTRINSIC_PATHWAY_FOR_APOPTOSIS,bmi,0.2883833195064665,0.005761589526234111,50.0527360016498,0
bmi,alt_log_adj,REACTOME_INTRINSIC_PATHWAY_FOR_APOPTOSIS,ppgs:bmi,-0.004785030030943639,0.005831443005034143,-0.820556769021465,0.4119056805330591
bmi,alt_log_adj,REACTOME_INTRINSIC_PATHWAY_OF_FIBRIN_CLOT_FORMATION,ppgs,0.0067714988659587074,0.0057802245643755416,1.1714940813359658,0.24141008168633493
bmi,alt_log_adj,REACTOME_INTRINSIC_PATHWAY_OF_FIBRIN_CLOT_FORMATION,bmi,0.28849206254485876,0.005761689631132501,50.07073983750034,0
bmi,alt_log_adj,REACTOME_INTRINSIC_PATHWAY_OF_FIBRIN_CLOT_FORMATION,ppgs:bmi,-0.004762137327915781,0.005758607175626068,-0.826959919765329,0.4082667397720654
bmi,alt_log_adj,REACTOME_INWARDLY_RECTIFYING_K_CHANNELS,ppgs,-0.0037144140550170856,0.005837176297296077,-0.6363374799451736,0.5245616186974214
bmi,alt_log_adj,REACTOME_INWARDLY_RECTIFYING_K_CHANNELS,bmi,0.28862839657043843,0.0057619826824175414,50.09185422427186,0
bmi,alt_log_adj,REACTOME_INWARDLY_RECTIFYING_K_CHANNELS,ppgs:bmi,-0.012382563379339441,0.005810393881656103,-2.131105675715415,0.033089015777522914
bmi,alt_log_adj,REACTOME_IONOTROPIC_ACTIVITY_OF_KAINATE_RECEPTORS,ppgs,-0.007053965535468644,0.005776168977828859,-1.2212186940071277,0.2220133844234881
bmi,alt_log_adj,REACTOME_IONOTROPIC_ACTIVITY_OF_KAINATE_RECEPTORS,bmi,0.28841517806373307,0.0057618819776203405,50.05572470660856,0
bmi,alt_log_adj,REACTOME_IONOTROPIC_ACTIVITY_OF_KAINATE_RECEPTORS,ppgs:bmi,0.004627302196416737,0.005770285911376169,0.801919050023842,0.4226065077675899
bmi,alt_log_adj,REACTOME_ION_CHANNEL_TRANSPORT,ppgs,0.02028080340473487,0.006455961473325887,3.141407130220513,0.0016831105368063592
bmi,alt_log_adj,REACTOME_ION_CHANNEL_TRANSPORT,bmi,0.28859060069188897,0.005764357578395132,50.064659724360155,0
bmi,alt_log_adj,REACTOME_ION_CHANNEL_TRANSPORT,ppgs:bmi,-0.012356751701015911,0.006400378038350416,-1.930628413974223,0.05353898231177439
bmi,alt_log_adj,REACTOME_ION_HOMEOSTASIS,ppgs,0.015093176078033106,0.006355171626235166,2.3749438985606712,0.017558231300500392
bmi,alt_log_adj,REACTOME_ION_HOMEOSTASIS,bmi,0.28812002391320546,0.005761911834194387,50.00424029457395,0
bmi,alt_log_adj,REACTOME_ION_HOMEOSTASIS,ppgs:bmi,0.009469352644956738,0.00628652591081362,1.5062934249055193,0.13200300768769954
bmi,alt_log_adj,REACTOME_ION_TRANSPORT_BY_P_TYPE_ATPASES,ppgs,0.021688889731107455,0.006188237925517356,3.504857116380863,4.5755730207561125e-4
bmi,alt_log_adj,REACTOME_ION_TRANSPORT_BY_P_TYPE_ATPASES,bmi,0.2879409455607041,0.005763386994790863,49.96036980007668,0
bmi,alt_log_adj,REACTOME_ION_TRANSPORT_BY_P_TYPE_ATPASES,ppgs:bmi,0.006463574495683235,0.006119788719066148,1.0561760858746683,0.29089677490421106
bmi,alt_log_adj,REACTOME_IRAK1_RECRUITS_IKK_COMPLEX,ppgs,0.033551312881531015,0.005893211191455864,5.693214071502242,1.2590049323486528e-8
bmi,alt_log_adj,REACTOME_IRAK1_RECRUITS_IKK_COMPLEX,bmi,0.28859064055369094,0.0057579150015387714,50.12068439297327,0
bmi,alt_log_adj,REACTOME_IRAK1_RECRUITS_IKK_COMPLEX,ppgs:bmi,0.012497308708481761,0.005898038069885351,2.1188925131377947,0.034108223451337676
bmi,alt_log_adj,REACTOME_IRAK2_MEDIATED_ACTIVATION_OF_TAK1_COMPLEX,ppgs,-0.013497611306260855,0.005840319247057275,-2.3111084746029613,0.020834001445840803
bmi,alt_log_adj,REACTOME_IRAK2_MEDIATED_ACTIVATION_OF_TAK1_COMPLEX,bmi,0.28849071557413264,0.005761346291776183,50.0734899386152,0
bmi,alt_log_adj,REACTOME_IRAK2_MEDIATED_ACTIVATION_OF_TAK1_COMPLEX,ppgs:bmi,-0.0033857984515024858,0.005876114820863728,-0.5761967821801018,0.564486754396949
bmi,alt_log_adj,REACTOME_IRAK4_DEFICIENCY_TLR2_4,ppgs,0.008232265513720223,0.005745761972864767,1.4327543592300458,0.15193907590340716
bmi,alt_log_adj,REACTOME_IRAK4_DEFICIENCY_TLR2_4,bmi,0.28847465286343754,0.0057615132980471054,50.069250549368256,0
bmi,alt_log_adj,REACTOME_IRAK4_DEFICIENCY_TLR2_4,ppgs:bmi,0.002346030514697062,0.0057096722575713,0.41088707177300987,0.6811584483911948
bmi,alt_log_adj,REACTOME_IRE1ALPHA_ACTIVATES_CHAPERONES,ppgs,0.007251970544680705,0.005976686674563792,1.213376397251072,0.22499605593502323
bmi,alt_log_adj,REACTOME_IRE1ALPHA_ACTIVATES_CHAPERONES,bmi,0.28844395341688117,0.005761675492757861,50.06251285401978,0
bmi,alt_log_adj,REACTOME_IRE1ALPHA_ACTIVATES_CHAPERONES,ppgs:bmi,-0.002580383310564267,0.006084046742741615,-0.42412286093013896,0.6714794322602509
bmi,alt_log_adj,REACTOME_IRF3_MEDIATED_ACTIVATION_OF_TYPE_1_IFN,ppgs,0.0016599611814851038,0.005713627682558596,0.2905266625181575,0.771415481439168
bmi,alt_log_adj,REACTOME_IRF3_MEDIATED_ACTIVATION_OF_TYPE_1_IFN,bmi,0.28845692482545104,0.00576198353694429,50.06208764324694,0
bmi,alt_log_adj,REACTOME_IRF3_MEDIATED_ACTIVATION_OF_TYPE_1_IFN,ppgs:bmi,0.005343346065319384,0.005713638524991816,0.9351914794657119,0.34969759491280683
bmi,alt_log_adj,REACTOME_IRF3_MEDIATED_INDUCTION_OF_TYPE_I_IFN,ppgs,0.0016410429279539022,0.005742968175614609,0.2857482189997124,0.7750730581590333
bmi,alt_log_adj,REACTOME_IRF3_MEDIATED_INDUCTION_OF_TYPE_I_IFN,bmi,0.2883787683521079,0.005761869111211531,50.04951740243044,0
bmi,alt_log_adj,REACTOME_IRF3_MEDIATED_INDUCTION_OF_TYPE_I_IFN,ppgs:bmi,0.003470247033999022,0.005722204597358529,0.6064528058994867,0.5442189684913388
bmi,alt_log_adj,REACTOME_IRON_UPTAKE_AND_TRANSPORT,ppgs,0.0018277365176597126,0.006158877117671253,0.2967645696998095,0.7666484310042282
bmi,alt_log_adj,REACTOME_IRON_UPTAKE_AND_TRANSPORT,bmi,0.288215417227571,0.0057661017735468586,49.984448514214,0
bmi,alt_log_adj,REACTOME_IRON_UPTAKE_AND_TRANSPORT,ppgs:bmi,0.004994794430832581,0.006128841789431513,0.8149654702207411,0.41509892196969356
bmi,alt_log_adj,REACTOME_IRS_ACTIVATION,ppgs,0.00854493920644109,0.006292151919104379,1.3580312929979879,0.1744645630645538
bmi,alt_log_adj,REACTOME_IRS_ACTIVATION,bmi,0.2884924908916567,0.005761704303449858,50.070686674933995,0
bmi,alt_log_adj,REACTOME_IRS_ACTIVATION,ppgs:bmi,3.022018586179247e-4,0.006289582124440826,0.04804800265562824,0.9616783246502263
bmi,alt_log_adj,REACTOME_IRS_MEDIATED_SIGNALLING,ppgs,0.004029804030585194,0.005735315627651464,0.7026298624536808,0.4822922168426166
bmi,alt_log_adj,REACTOME_IRS_MEDIATED_SIGNALLING,bmi,0.28844381669176783,0.005761856807560739,50.06091375149593,0
bmi,alt_log_adj,REACTOME_IRS_MEDIATED_SIGNALLING,ppgs:bmi,-0.0033389702705379767,0.0057472658485841445,-0.5809667341837931,0.5612674925316303
bmi,alt_log_adj,REACTOME_ISG15_ANTIVIRAL_MECHANISM,ppgs,0.01895462034317286,0.0061548019732240765,3.079647472921674,0.0020744390868168623
bmi,alt_log_adj,REACTOME_ISG15_ANTIVIRAL_MECHANISM,bmi,0.2884078705219512,0.00576100326687377,50.062091125745326,0
bmi,alt_log_adj,REACTOME_ISG15_ANTIVIRAL_MECHANISM,ppgs:bmi,0.010593618151067078,0.006114046745199129,1.73266881863234,0.08316542546642705
bmi,alt_log_adj,REACTOME_JNK_C_JUN_KINASES_PHOSPHORYLATION_AND_ACTIVATION_MEDIATED_BY_ACTIVATED_HUMAN_TAK1,ppgs,0.0033525709864238975,0.005762631713687127,0.5817777628337816,0.5607210105203695
bmi,alt_log_adj,REACTOME_JNK_C_JUN_KINASES_PHOSPHORYLATION_AND_ACTIVATION_MEDIATED_BY_ACTIVATED_HUMAN_TAK1,bmi,0.28854854624393694,0.005762296369507263,50.075269951554205,0
bmi,alt_log_adj,REACTOME_JNK_C_JUN_KINASES_PHOSPHORYLATION_AND_ACTIVATION_MEDIATED_BY_ACTIVATED_HUMAN_TAK1,ppgs:bmi,0.007867591881097513,0.005801552981110943,1.3561182508740863,0.17507234818877718
bmi,alt_log_adj,REACTOME_JOSEPHIN_DOMAIN_DUBS,ppgs,0.005209730844103522,0.0059996489664472475,0.868339276720804,0.3852159774890833
bmi,alt_log_adj,REACTOME_JOSEPHIN_DOMAIN_DUBS,bmi,0.2884124792337835,0.005761530060607281,50.05831371178926,0
bmi,alt_log_adj,REACTOME_JOSEPHIN_DOMAIN_DUBS,ppgs:bmi,-0.00518569563326137,0.005925824563512864,-0.8751011066360795,0.3815263091785259
bmi,alt_log_adj,REACTOME_KEAP1_NFE2L2_PATHWAY,ppgs,0.013545733983386923,0.005793847747131479,2.3379513191545955,0.019396690722392924
bmi,alt_log_adj,REACTOME_KEAP1_NFE2L2_PATHWAY,bmi,0.2884502258724013,0.005761079368019296,50.0687818108593,0
bmi,alt_log_adj,REACTOME_KEAP1_NFE2L2_PATHWAY,ppgs:bmi,0.0015649421187257165,0.005781867263583256,0.2706637920559696,0.7866515978900429
bmi,alt_log_adj,REACTOME_KERATAN_SULFATE_BIOSYNTHESIS,ppgs,0.005863449834409664,0.005879137919343842,0.9973315671192948,0.31861210893909264
bmi,alt_log_adj,REACTOME_KERATAN_SULFATE_BIOSYNTHESIS,bmi,0.28843077894819225,0.005761973716282012,50.05763530874034,0
bmi,alt_log_adj,REACTOME_KERATAN_SULFATE_BIOSYNTHESIS,ppgs:bmi,-3.4399267900498976e-4,0.0058821463852304105,-0.0584808089558477,0.9533660607651296
bmi,alt_log_adj,REACTOME_KERATAN_SULFATE_DEGRADATION,ppgs,0.0040440178536373375,0.005711026850887832,0.7081069585601156,0.47888466068997537
bmi,alt_log_adj,REACTOME_KERATAN_SULFATE_DEGRADATION,bmi,0.2883380786592589,0.005761720099374106,50.04374972858904,0
bmi,alt_log_adj,REACTOME_KERATAN_SULFATE_DEGRADATION,ppgs:bmi,-0.006492803088418392,0.005725176238048903,-1.1340791651561613,0.25677093228146675
bmi,alt_log_adj,REACTOME_KERATAN_SULFATE_KERATIN_METABOLISM,ppgs,0.006021512578653567,0.005777222458977121,1.0422850463888313,0.29728843168212554
bmi,alt_log_adj,REACTOME_KERATAN_SULFATE_KERATIN_METABOLISM,bmi,0.28839974191243567,0.005762617155004021,50.04666007735758,0
bmi,alt_log_adj,REACTOME_KERATAN_SULFATE_KERATIN_METABOLISM,ppgs:bmi,-0.0013651532096626254,0.005773662255134305,-0.23644493725774227,0.8130891379623459
bmi,alt_log_adj,REACTOME_KERATINIZATION,ppgs,-5.572825267635723e-4,0.005734840162510591,-0.09717490130005749,0.9225881865336766
bmi,alt_log_adj,REACTOME_KERATINIZATION,bmi,0.2885691730820534,0.005762352778766517,50.07835933707346,0
bmi,alt_log_adj,REACTOME_KERATINIZATION,ppgs:bmi,-0.010816347337478592,0.005718842688450513,-1.8913524862858606,0.05858749147073565
bmi,alt_log_adj,REACTOME_KETONE_BODY_METABOLISM,ppgs,0.0016279303380386382,0.00569316986211299,0.28594445229400556,0.774922755857548
bmi,alt_log_adj,REACTOME_KETONE_BODY_METABOLISM,bmi,0.2883827614268964,0.005761627108816312,50.05231265064336,0
bmi,alt_log_adj,REACTOME_KETONE_BODY_METABOLISM,ppgs:bmi,0.005009164797195319,0.005808481165893565,0.8623880587938033,0.38848130461271946
bmi,alt_log_adj,REACTOME_KIDNEY_DEVELOPMENT,ppgs,0.009003852536965005,0.0060138540184255995,1.497185084536218,0.13435623889568085
bmi,alt_log_adj,REACTOME_KIDNEY_DEVELOPMENT,bmi,0.288696716822851,0.005763010249183622,50.09477761448493,0
bmi,alt_log_adj,REACTOME_KIDNEY_DEVELOPMENT,ppgs:bmi,0.008019041156884116,0.005996522587293698,1.3372819063295158,0.18114136458495161
bmi,alt_log_adj,REACTOME_KILLING_MECHANISMS,ppgs,0.02088282067607742,0.005714383936561982,3.654430802673966,2.5821817764320267e-4
bmi,alt_log_adj,REACTOME_KILLING_MECHANISMS,bmi,0.2884096586398385,0.005760110409233671,50.0701615332767,0
bmi,alt_log_adj,REACTOME_KILLING_MECHANISMS,ppgs:bmi,-0.0062139676047826,0.00569122824195778,-1.0918500085747744,0.27490831331722626
bmi,alt_log_adj,REACTOME_KINESINS,ppgs,0.01066461822980427,0.005919508238594726,1.8016054374705996,0.07161812613797619
bmi,alt_log_adj,REACTOME_KINESINS,bmi,0.28843394994849203,0.005761278447205191,50.0642266454613,0
bmi,alt_log_adj,REACTOME_KINESINS,ppgs:bmi,5.859984060298237e-4,0.005989844711469215,0.09783198634645195,0.9220663994392596
bmi,alt_log_adj,REACTOME_KSRP_KHSRP_BINDS_AND_DESTABILIZES_MRNA,ppgs,0.01338414132475607,0.005795417991292697,2.309435030374862,0.02092660419310275
bmi,alt_log_adj,REACTOME_KSRP_KHSRP_BINDS_AND_DESTABILIZES_MRNA,bmi,0.288461700949665,0.005762452052786082,50.058846183405024,0
bmi,alt_log_adj,REACTOME_KSRP_KHSRP_BINDS_AND_DESTABILIZES_MRNA,ppgs:bmi,-0.005898483780865113,0.005869719664012982,-1.0049004242959818,0.3149533775026084
bmi,alt_log_adj,REACTOME_L1CAM_INTERACTIONS,ppgs,0.010192354521051708,0.006751718986286592,1.509594007356258,0.13115819662755088
bmi,alt_log_adj,REACTOME_L1CAM_INTERACTIONS,bmi,0.28848247760298057,0.005761572277674825,50.070096095262784,0
bmi,alt_log_adj,REACTOME_L1CAM_INTERACTIONS,ppgs:bmi,9.702486738771112e-4,0.00673041295115188,0.14415886230443817,0.8853760494341959
bmi,alt_log_adj,REACTOME_LAGGING_STRAND_SYNTHESIS,ppgs,0.003929265443404958,0.0057353544679479085,0.6850954836991683,0.49328927160250247
bmi,alt_log_adj,REACTOME_LAGGING_STRAND_SYNTHESIS,bmi,0.28840488009056864,0.005761571357426313,50.05663597636995,0
bmi,alt_log_adj,REACTOME_LAGGING_STRAND_SYNTHESIS,ppgs:bmi,0.0016422846909081986,0.0057204555898205086,0.2870898419053593,0.7740456282539004
bmi,alt_log_adj,REACTOME_LAMININ_INTERACTIONS,ppgs,-0.0047217470537301125,0.005892278524432436,-0.8013448505788221,0.4229387492430571
bmi,alt_log_adj,REACTOME_LAMININ_INTERACTIONS,bmi,0.28839989373233965,0.0057619962796826235,50.05207912911478,0
bmi,alt_log_adj,REACTOME_LAMININ_INTERACTIONS,ppgs:bmi,0.0018772012216341806,0.005885439903791391,0.31895682435307693,0.7497616032697281
bmi,alt_log_adj,REACTOME_LATE_ENDOSOMAL_MICROAUTOPHAGY,ppgs,0.014775256582443684,0.006147063170690627,2.4036285576000798,0.01623963732609003
bmi,alt_log_adj,REACTOME_LATE_ENDOSOMAL_MICROAUTOPHAGY,bmi,0.2883590047395244,0.005761954495531238,50.04534571787492,0
bmi,alt_log_adj,REACTOME_LATE_ENDOSOMAL_MICROAUTOPHAGY,ppgs:bmi,-0.0011952566633410056,0.006180812475135092,-0.19338180346830233,0.846661350653198
bmi,alt_log_adj,REACTOME_LATE_SARS_COV_2_INFECTION_EVENTS,ppgs,5.957129933870376e-4,0.0061304328794337115,0.09717307164156826,0.9225896395005744
bmi,alt_log_adj,REACTOME_LATE_SARS_COV_2_INFECTION_EVENTS,bmi,0.2885672493149389,0.005761935501122891,50.08165212170505,0
bmi,alt_log_adj,REACTOME_LATE_SARS_COV_2_INFECTION_EVENTS,ppgs:bmi,-0.010826820826916913,0.006151001307425368,-1.760172090005409,0.07838941568047272
bmi,alt_log_adj,REACTOME_LDL_CLEARANCE,ppgs,0.013335390192621444,0.00590184599982217,2.259528661544753,0.023858078703816336
bmi,alt_log_adj,REACTOME_LDL_CLEARANCE,bmi,0.2884485379275448,0.005760934786378905,50.069745383952196,0
bmi,alt_log_adj,REACTOME_LDL_CLEARANCE,ppgs:bmi,0.008933820171033027,0.005877325779238799,1.520048489159995,0.12850994211885816
bmi,alt_log_adj,REACTOME_LDL_REMODELING,ppgs,0.0038220192184876237,0.005742630986810252,0.6655519442684175,0.5057029464003708
bmi,alt_log_adj,REACTOME_LDL_REMODELING,bmi,0.2883644425232955,0.005761650485768437,50.0489301174325,0
bmi,alt_log_adj,REACTOME_LDL_REMODELING,ppgs:bmi,0.008754232914485358,0.005575551956537392,1.5701105438038168,0.11640055691051462
bmi,alt_log_adj,REACTOME_LECTIN_PATHWAY_OF_COMPLEMENT_ACTIVATION,ppgs,0.00344969399400395,0.005739918410129704,0.6010005277977458,0.5478444400377736
bmi,alt_log_adj,REACTOME_LECTIN_PATHWAY_OF_COMPLEMENT_ACTIVATION,bmi,0.2885168254467187,0.005761922529631057,50.073013644838575,0
bmi,alt_log_adj,REACTOME_LECTIN_PATHWAY_OF_COMPLEMENT_ACTIVATION,ppgs:bmi,-0.01193401997525001,0.005706394387071356,-2.0913416013250363,0.03650633138379297
bmi,alt_log_adj,REACTOME_LEISHMANIA_INFECTION,ppgs,0.027919117887454038,0.0069069582907917695,4.042172648512341,5.3097983636937015e-5
bmi,alt_log_adj,REACTOME_LEISHMANIA_INFECTION,bmi,0.2884274014945971,0.0057607357640990535,50.0678061458883,0
bmi,alt_log_adj,REACTOME_LEISHMANIA_INFECTION,ppgs:bmi,-0.002368527440659857,0.0068831250614570325,-0.3441064079923143,0.7307688163066994
bmi,alt_log_adj,REACTOME_LEUKOTRIENE_RECEPTORS,ppgs,-0.00370392391727734,0.005674674013371736,-0.6527113114426408,0.5139477016932743
bmi,alt_log_adj,REACTOME_LEUKOTRIENE_RECEPTORS,bmi,0.28841776209376935,0.0057616635159275,50.05807112762997,0
bmi,alt_log_adj,REACTOME_LEUKOTRIENE_RECEPTORS,ppgs:bmi,-0.003656291948429612,0.005611397778917844,-0.6515830979165991,0.5146754364333364
bmi,alt_log_adj,REACTOME_LGI_ADAM_INTERACTIONS,ppgs,-0.001196073457304665,0.005906732814247466,-0.20249323863433427,0.8395325968826943
bmi,alt_log_adj,REACTOME_LGI_ADAM_INTERACTIONS,bmi,0.2883581882404518,0.005762658725624621,50.03908820042026,0
bmi,alt_log_adj,REACTOME_LGI_ADAM_INTERACTIONS,ppgs:bmi,0.0029352828671127596,0.005908342083453386,0.4968031345600603,0.6193317371000211
bmi,alt_log_adj,REACTOME_LIGAND_RECEPTOR_INTERACTIONS,ppgs,0.014317768723715244,0.005743184374045275,2.4930017549881245,0.012672481466099667
bmi,alt_log_adj,REACTOME_LIGAND_RECEPTOR_INTERACTIONS,bmi,0.2884151848612827,0.005760725796253367,50.065772102685536,0
bmi,alt_log_adj,REACTOME_LIGAND_RECEPTOR_INTERACTIONS,ppgs:bmi,-0.010002527501137894,0.005746754190599564,-1.740552522239397,0.08177289642730823
bmi,alt_log_adj,REACTOME_LINOLEIC_ACID_LA_METABOLISM,ppgs,-0.0039427774623981,0.005712230257624792,-0.690234336603502,0.49005248434796345
bmi,alt_log_adj,REACTOME_LINOLEIC_ACID_LA_METABOLISM,bmi,0.28850517960616334,0.0057620644454821094,50.06975925657566,0
bmi,alt_log_adj,REACTOME_LINOLEIC_ACID_LA_METABOLISM,ppgs:bmi,0.010792730733621473,0.005720886597935412,1.8865486229907824,0.059231273538192776
bmi,alt_log_adj,REACTOME_LIPID_PARTICLE_ORGANIZATION,ppgs,0.021966960577547674,0.0057087633147711305,3.8479368238492735,1.1937769696906192e-4
bmi,alt_log_adj,REACTOME_LIPID_PARTICLE_ORGANIZATION,bmi,0.2883629438836123,0.005759522234612317,50.06716393083297,0
bmi,alt_log_adj,REACTOME_LIPID_PARTICLE_ORGANIZATION,ppgs:bmi,0.01423683926293276,0.005799993057292294,2.454630397364506,0.014108916508713817
bmi,alt_log_adj,REACTOME_LIPOPHAGY,ppgs,-0.00813417287926931,0.005695386332712668,-1.4282038836503417,0.1532441999064102
bmi,alt_log_adj,REACTOME_LIPOPHAGY,bmi,0.28838962505402,0.005761415952487363,50.055338380752424,0
bmi,alt_log_adj,REACTOME_LIPOPHAGY,ppgs:bmi,-9.543636060517005e-4,0.00575514667692497,-0.16582785107427117,0.8682936101382115
bmi,alt_log_adj,REACTOME_LISTERIA_MONOCYTOGENES_ENTRY_INTO_HOST_CELLS,ppgs,0.00673984123746796,0.005961101699447497,1.130636848234386,0.25821753707943873
bmi,alt_log_adj,REACTOME_LISTERIA_MONOCYTOGENES_ENTRY_INTO_HOST_CELLS,bmi,0.28844940396853025,0.005761629457450357,50.063858861235275,0
bmi,alt_log_adj,REACTOME_LISTERIA_MONOCYTOGENES_ENTRY_INTO_HOST_CELLS,ppgs:bmi,-0.004131510279971479,0.005909374241346472,-0.6991451397788101,0.48446706718562693
bmi,alt_log_adj,REACTOME_LONG_TERM_POTENTIATION,ppgs,-0.003277452023829732,0.006247379330567461,-0.5246122974786669,0.5998568383632741
bmi,alt_log_adj,REACTOME_LONG_TERM_POTENTIATION,bmi,0.2883113243479651,0.005761784964126596,50.0385429416436,0
bmi,alt_log_adj,REACTOME_LONG_TERM_POTENTIATION,ppgs:bmi,0.008977162817440976,0.0062398395752861,1.4386848746875627,0.15025086687407213
bmi,alt_log_adj,REACTOME_LOSS_OF_FUNCTION_OF_MECP2_IN_RETT_SYNDROME,ppgs,6.892267132257544e-4,0.0057408977301650925,0.12005556371510805,0.9044399835209889
bmi,alt_log_adj,REACTOME_LOSS_OF_FUNCTION_OF_MECP2_IN_RETT_SYNDROME,bmi,0.28842995611013794,0.005761660239642164,50.06021599913905,0
bmi,alt_log_adj,REACTOME_LOSS_OF_FUNCTION_OF_MECP2_IN_RETT_SYNDROME,ppgs:bmi,-0.0031622084148153215,0.005801990903349942,-0.5450212638198954,0.5857431807954028
bmi,alt_log_adj,REACTOME_LOSS_OF_FUNCTION_OF_SMAD2_3_IN_CANCER,ppgs,0.003742028658371667,0.005706094246427327,0.6557951020024965,0.5119612905199913
bmi,alt_log_adj,REACTOME_LOSS_OF_FUNCTION_OF_SMAD2_3_IN_CANCER,bmi,0.2883960552328195,0.005761918072373624,50.05209230856257,0
bmi,alt_log_adj,REACTOME_LOSS_OF_FUNCTION_OF_SMAD2_3_IN_CANCER,ppgs:bmi,-0.0018821686403674611,0.00570362443423965,-0.32999519201659583,0.741406033455601
bmi,alt_log_adj,REACTOME_LOSS_OF_MECP2_BINDING_ABILITY_TO_THE_NCOR_SMRT_COMPLEX,ppgs,0.008818092801333041,0.0057715320871948445,1.5278599630239473,0.12655846767273496
bmi,alt_log_adj,REACTOME_LOSS_OF_MECP2_BINDING_ABILITY_TO_THE_NCOR_SMRT_COMPLEX,bmi,0.28848969226768717,0.0057615961462481385,50.07114086875859,0
bmi,alt_log_adj,REACTOME_LOSS_OF_MECP2_BINDING_ABILITY_TO_THE_NCOR_SMRT_COMPLEX,ppgs:bmi,-0.004323534083490579,0.005802989488173895,-0.7450528890844369,0.456245924247191
bmi,alt_log_adj,REACTOME_LRR_FLII_INTERACTING_PROTEIN_1_LRRFIP1_ACTIVATES_TYPE_I_IFN_PRODUCTION,ppgs,-3.115946554233629e-4,0.005737116878110647,-0.05431206336622125,0.9566869212922964
bmi,alt_log_adj,REACTOME_LRR_FLII_INTERACTING_PROTEIN_1_LRRFIP1_ACTIVATES_TYPE_I_IFN_PRODUCTION,bmi,0.28840728990064224,0.005761737198922303,50.055613427593855,0
bmi,alt_log_adj,REACTOME_LRR_FLII_INTERACTING_PROTEIN_1_LRRFIP1_ACTIVATES_TYPE_I_IFN_PRODUCTION,ppgs:bmi,-0.002681042912963393,0.005694877099283472,-0.47078152280068014,0.637800383019911
bmi,alt_log_adj,REACTOME_LTC4_CYSLTR_MEDIATED_IL4_PRODUCTION,ppgs,-6.923940174599965e-4,0.0057149935774105124,-0.12115394498373577,0.9035699605873873
bmi,alt_log_adj,REACTOME_LTC4_CYSLTR_MEDIATED_IL4_PRODUCTION,bmi,0.28845510993329565,0.005761715869817407,50.06409834340495,0
bmi,alt_log_adj,REACTOME_LTC4_CYSLTR_MEDIATED_IL4_PRODUCTION,ppgs:bmi,-0.005200184240528121,0.005693561470042352,-0.9133447083850381,0.3610690432173619
bmi,alt_log_adj,REACTOME_LYSINE_CATABOLISM,ppgs,-0.0017227317950034597,0.005703879613439179,-0.30202807768671175,0.76263287463636
bmi,alt_log_adj,REACTOME_LYSINE_CATABOLISM,bmi,0.2884536810744034,0.005762264944709556,50.05907986567646,0
bmi,alt_log_adj,REACTOME_LYSINE_CATABOLISM,ppgs:bmi,-0.003059780231695987,0.005780121785273762,-0.529362588776504,0.5965580904027654
bmi,alt_log_adj,REACTOME_LYSOSOME_VESICLE_BIOGENESIS,ppgs,0.0018331219004701714,0.005838824900558672,0.31395390882414953,0.7535583556357595
bmi,alt_log_adj,REACTOME_LYSOSOME_VESICLE_BIOGENESIS,bmi,0.2884117255921659,0.0057611415007902895,50.06155907689522,0
bmi,alt_log_adj,REACTOME_LYSOSOME_VESICLE_BIOGENESIS,ppgs:bmi,0.012275991602277958,0.005842089275814269,2.1013016102132287,0.03562330263926627
bmi,alt_log_adj,REACTOME_LYSOSPHINGOLIPID_AND_LPA_RECEPTORS,ppgs,0.007872626552994203,0.005771623344738737,1.364022924359866,0.1725711803615478
bmi,alt_log_adj,REACTOME_LYSOSPHINGOLIPID_AND_LPA_RECEPTORS,bmi,0.2884208871953786,0.00576123477436975,50.06233880252353,0
bmi,alt_log_adj,REACTOME_LYSOSPHINGOLIPID_AND_LPA_RECEPTORS,ppgs:bmi,0.008297288442825068,0.0058074230754266145,1.4287384154831095,0.1530904500547398
bmi,alt_log_adj,REACTOME_MALATE_ASPARTATE_SHUTTLE,ppgs,5.120545689059583e-4,0.005707045357985835,0.08972323449110901,0.928507785814129
bmi,alt_log_adj,REACTOME_MALATE_ASPARTATE_SHUTTLE,bmi,0.2884620877892665,0.0057640449282755,50.045079692945635,0
bmi,alt_log_adj,REACTOME_MALATE_ASPARTATE_SHUTTLE,ppgs:bmi,0.0015214367333056117,0.005684717668368749,0.2676362876860679,0.7889812431582108
bmi,alt_log_adj,REACTOME_MAP2K_AND_MAPK_ACTIVATION,ppgs,0.020125591683564835,0.005838705237936988,3.446927163371564,5.678235794524471e-4
bmi,alt_log_adj,REACTOME_MAP2K_AND_MAPK_ACTIVATION,bmi,0.28812968498825037,0.005760713848710664,50.01631612942174,0
bmi,alt_log_adj,REACTOME_MAP2K_AND_MAPK_ACTIVATION,ppgs:bmi,0.008116628951160979,0.0058329186291822075,1.3915210321216078,0.16407840532308238
bmi,alt_log_adj,REACTOME_MAP3K8_TPL2_DEPENDENT_MAPK1_3_ACTIVATION,ppgs,0.02787071804578284,0.006085631096669067,4.579758056816442,4.674926189078795e-6
bmi,alt_log_adj,REACTOME_MAP3K8_TPL2_DEPENDENT_MAPK1_3_ACTIVATION,bmi,0.2884216580084404,0.005759718836348011,50.0756488647137,0
bmi,alt_log_adj,REACTOME_MAP3K8_TPL2_DEPENDENT_MAPK1_3_ACTIVATION,ppgs:bmi,0.002942677242790155,0.006101467104563723,0.4822901102898869,0.629603595471778
bmi,alt_log_adj,REACTOME_MAPK1_ERK2_ACTIVATION,ppgs,0.01119119523700875,0.005747643272045937,1.9470928704705643,0.05153346324620807
bmi,alt_log_adj,REACTOME_MAPK1_ERK2_ACTIVATION,bmi,0.288541228923811,0.00576089936690706,50.08614290006674,0
bmi,alt_log_adj,REACTOME_MAPK1_ERK2_ACTIVATION,ppgs:bmi,0.013294660284246002,0.005706298385837719,2.3298221343001617,0.01982253764197185
bmi,alt_log_adj,REACTOME_MAPK1_MAPK3_SIGNALING,ppgs,0.005855861396344932,0.0070326369802582,0.8326693689413124,0.40503823916119075
bmi,alt_log_adj,REACTOME_MAPK1_MAPK3_SIGNALING,bmi,0.2884190143572765,0.005761496365125016,50.05974074775247,0
bmi,alt_log_adj,REACTOME_MAPK1_MAPK3_SIGNALING,ppgs:bmi,0.004213590677842515,0.007094360398015616,0.5939352445389031,0.5525601641928721
bmi,alt_log_adj,REACTOME_MAPK3_ERK1_ACTIVATION,ppgs,0.011614944570896837,0.0057484540102750005,2.020533616540352,0.04333745105331466
bmi,alt_log_adj,REACTOME_MAPK3_ERK1_ACTIVATION,bmi,0.2884471852994656,0.005760993639007933,50.068999095291034,0
bmi,alt_log_adj,REACTOME_MAPK3_ERK1_ACTIVATION,ppgs:bmi,0.010054179485099131,0.005773461194511146,1.741447486415546,0.08161601808136741
bmi,alt_log_adj,REACTOME_MAPK6_MAPK4_SIGNALING,ppgs,0.0073579158704501,0.005949093567245327,1.236812934152104,0.21616678516105045
bmi,alt_log_adj,REACTOME_MAPK6_MAPK4_SIGNALING,bmi,0.2885664688300491,0.0057620677443022605,50.08036726319193,0
bmi,alt_log_adj,REACTOME_MAPK6_MAPK4_SIGNALING,ppgs:bmi,0.007371239378471219,0.005921112376138577,1.2449078670042628,0.21317590988933974
bmi,alt_log_adj,REACTOME_MAPK_FAMILY_SIGNALING_CASCADES,ppgs,0.011108829728315188,0.007160718453133559,1.5513568646807947,0.12082734965836006
bmi,alt_log_adj,REACTOME_MAPK_FAMILY_SIGNALING_CASCADES,bmi,0.2884266673485581,0.005761269470891359,50.06304058607659,0
bmi,alt_log_adj,REACTOME_MAPK_FAMILY_SIGNALING_CASCADES,ppgs:bmi,0.007033245912573289,0.007225346691322268,0.973412932699867,0.33035641965033347
bmi,alt_log_adj,REACTOME_MAPK_TARGETS_NUCLEAR_EVENTS_MEDIATED_BY_MAP_KINASES,ppgs,-0.002615185479921302,0.006037685103796261,-0.4331437355480787,0.6649136467009276
bmi,alt_log_adj,REACTOME_MAPK_TARGETS_NUCLEAR_EVENTS_MEDIATED_BY_MAP_KINASES,bmi,0.28846467095251305,0.00576190602912418,50.06410543567303,0
bmi,alt_log_adj,REACTOME_MAPK_TARGETS_NUCLEAR_EVENTS_MEDIATED_BY_MAP_KINASES,ppgs:bmi,0.004767261157043578,0.0060304006304696765,0.7905380503172773,0.4292202228541332
bmi,alt_log_adj,REACTOME_MAPLE_SYRUP_URINE_DISEASE,ppgs,-0.002765828536720067,0.005756400001880237,-0.4804788645362818,0.6308906360630147
bmi,alt_log_adj,REACTOME_MAPLE_SYRUP_URINE_DISEASE,bmi,0.2884455920200577,0.005761802244749777,50.06169593600558,0
bmi,alt_log_adj,REACTOME_MAPLE_SYRUP_URINE_DISEASE,ppgs:bmi,-0.0020917068177809532,0.005779714699947007,-0.3619048562725997,0.717425828314751
bmi,alt_log_adj,REACTOME_MASTL_FACILITATES_MITOTIC_PROGRESSION,ppgs,0.007679017162455247,0.005756938857381674,1.333871585696805,0.1822566613185297
bmi,alt_log_adj,REACTOME_MASTL_FACILITATES_MITOTIC_PROGRESSION,bmi,0.28835839001610536,0.00576165532341785,50.04783761432112,0
bmi,alt_log_adj,REACTOME_MASTL_FACILITATES_MITOTIC_PROGRESSION,ppgs:bmi,-0.0032727192259138504,0.00575652700706421,-0.568523212328837,0.5696842521130823
bmi,alt_log_adj,REACTOME_MATERNAL_TO_ZYGOTIC_TRANSITION_MZT,ppgs,0.01669364595620178,0.00612837942450843,2.723990275380316,0.006453791340882502
bmi,alt_log_adj,REACTOME_MATERNAL_TO_ZYGOTIC_TRANSITION_MZT,bmi,0.28831874530397605,0.005761289158359843,50.04413723716938,0
bmi,alt_log_adj,REACTOME_MATERNAL_TO_ZYGOTIC_TRANSITION_MZT,ppgs:bmi,-0.0028799138020007896,0.006068663836012678,-0.4745548410361436,0.6351079559451283
bmi,alt_log_adj,REACTOME_MATURATION_OF_PROTEIN_3A,ppgs,2.070430497758264e-4,0.005710202555579607,0.036258442281266984,0.971076541688784
bmi,alt_log_adj,REACTOME_MATURATION_OF_PROTEIN_3A,bmi,0.2885201465145953,0.005762605518603331,50.06765526169892,0
bmi,alt_log_adj,REACTOME_MATURATION_OF_PROTEIN_3A,ppgs:bmi,-0.005418796836908854,0.005678667967030649,-0.9542373085324655,0.3399716701604062
bmi,alt_log_adj,REACTOME_MATURATION_OF_SARS_COV_1_NUCLEOPROTEIN,ppgs,0.0028988048996450915,0.005730119582459849,0.5058890757739964,0.6129384553279931
bmi,alt_log_adj,REACTOME_MATURATION_OF_SARS_COV_1_NUCLEOPROTEIN,bmi,0.28842070758478744,0.005761686132791263,50.058385850508195,0
bmi,alt_log_adj,REACTOME_MATURATION_OF_SARS_COV_1_NUCLEOPROTEIN,ppgs:bmi,0.0030484478857310615,0.005815587681780942,0.5241856975660828,0.6001534860178522
bmi,alt_log_adj,REACTOME_MATURATION_OF_SARS_COV_1_SPIKE_PROTEIN,ppgs,5.267883297677846e-4,0.005733215565017183,0.09188357280373877,0.9267911924968618
bmi,alt_log_adj,REACTOME_MATURATION_OF_SARS_COV_1_SPIKE_PROTEIN,bmi,0.2883973565560907,0.005761795471357081,50.05338318407269,0
bmi,alt_log_adj,REACTOME_MATURATION_OF_SARS_COV_1_SPIKE_PROTEIN,ppgs:bmi,-0.0019697485446807193,0.0057129404977231965,-0.3447871626644338,0.7302569425408063
bmi,alt_log_adj,REACTOME_MATURATION_OF_SARS_COV_2_NUCLEOPROTEIN,ppgs,0.0028988048996450915,0.005730119582459849,0.5058890757739964,0.6129384553279931
bmi,alt_log_adj,REACTOME_MATURATION_OF_SARS_COV_2_NUCLEOPROTEIN,bmi,0.28842070758478744,0.005761686132791263,50.058385850508195,0
bmi,alt_log_adj,REACTOME_MATURATION_OF_SARS_COV_2_NUCLEOPROTEIN,ppgs:bmi,0.0030484478857310615,0.005815587681780942,0.5241856975660828,0.6001534860178522
bmi,alt_log_adj,REACTOME_MATURATION_OF_SARS_COV_2_SPIKE_PROTEIN,ppgs,8.817092328543321e-4,0.00583275507594798,0.15116513917928065,0.8798465247608832
bmi,alt_log_adj,REACTOME_MATURATION_OF_SARS_COV_2_SPIKE_PROTEIN,bmi,0.28851204146272896,0.005761842029861606,50.07288293699693,0
bmi,alt_log_adj,REACTOME_MATURATION_OF_SARS_COV_2_SPIKE_PROTEIN,ppgs:bmi,-0.008078958893274616,0.0057488987313189304,-1.405305480380434,0.15994141797852957
bmi,alt_log_adj,REACTOME_MATURATION_OF_TCA_ENZYMES_AND_REGULATION_OF_TCA_CYCLE,ppgs,0.003650204703726481,0.005911278254325232,0.6174983728867199,0.5369110141626582
bmi,alt_log_adj,REACTOME_MATURATION_OF_TCA_ENZYMES_AND_REGULATION_OF_TCA_CYCLE,bmi,0.28839723741167583,0.005761999317078834,50.051591737758976,0
bmi,alt_log_adj,REACTOME_MATURATION_OF_TCA_ENZYMES_AND_REGULATION_OF_TCA_CYCLE,ppgs:bmi,-5.25359122534395e-5,0.006003046852133576,-0.008751541266876406,0.9930174310551529
bmi,alt_log_adj,REACTOME_MECHANICAL_LOAD_ACTIVATES_SIGNALING_BY_PIEZO1_AND_INTEGRINS_IN_OSTEOCYTES,ppgs,0.012295461568649135,0.0060878761786449884,2.019663542399084,0.04342768936638379
bmi,alt_log_adj,REACTOME_MECHANICAL_LOAD_ACTIVATES_SIGNALING_BY_PIEZO1_AND_INTEGRINS_IN_OSTEOCYTES,bmi,0.2886535284260357,0.005761076726048005,50.10409375749571,0
bmi,alt_log_adj,REACTOME_MECHANICAL_LOAD_ACTIVATES_SIGNALING_BY_PIEZO1_AND_INTEGRINS_IN_OSTEOCYTES,ppgs:bmi,0.014638611696973865,0.006034204602177732,2.425938903644537,0.015275038255149233
bmi,alt_log_adj,REACTOME_MECP2_REGULATES_NEURONAL_RECEPTORS_AND_CHANNELS,ppgs,-0.001217172981047984,0.005806886703076546,-0.20960852919742928,0.8339747284413588
bmi,alt_log_adj,REACTOME_MECP2_REGULATES_NEURONAL_RECEPTORS_AND_CHANNELS,bmi,0.2884943479020961,0.005761675839211084,50.07125634155741,0
bmi,alt_log_adj,REACTOME_MECP2_REGULATES_NEURONAL_RECEPTORS_AND_CHANNELS,ppgs:bmi,-0.008810357868615854,0.00588005189044915,-1.4983469589658454,0.13405426425259018
bmi,alt_log_adj,REACTOME_MECP2_REGULATES_TRANSCRIPTION_FACTORS,ppgs,-0.002753221956771168,0.0059214398852848035,-0.46495818755386153,0.6419649710139237
bmi,alt_log_adj,REACTOME_MECP2_REGULATES_TRANSCRIPTION_FACTORS,bmi,0.28844459816502716,0.005761820713346015,50.06136298148039,0
bmi,alt_log_adj,REACTOME_MECP2_REGULATES_TRANSCRIPTION_FACTORS,ppgs:bmi,-0.0024461942627916947,0.005926052180321129,-0.4127864872528235,0.6797661743713644
bmi,alt_log_adj,REACTOME_MECP2_REGULATES_TRANSCRIPTION_OF_NEURONAL_LIGANDS,ppgs,-0.005353648829322432,0.006014306867435257,-0.8901522564985853,0.37339169089767554
bmi,alt_log_adj,REACTOME_MECP2_REGULATES_TRANSCRIPTION_OF_NEURONAL_LIGANDS,bmi,0.2886708253238841,0.0057618026874078675,50.10078285998231,0
bmi,alt_log_adj,REACTOME_MECP2_REGULATES_TRANSCRIPTION_OF_NEURONAL_LIGANDS,ppgs:bmi,-0.014288585450785785,0.005918287682401815,-2.414310729313357,0.015771303508149325
bmi,alt_log_adj,REACTOME_MEIOSIS,ppgs,0.007595679601301322,0.005837872155461616,1.3011041350392012,0.19323338754144317
bmi,alt_log_adj,REACTOME_MEIOSIS,bmi,0.2882353152146098,0.005763014868506556,50.01467492123683,0
bmi,alt_log_adj,REACTOME_MEIOSIS,ppgs:bmi,0.006608826143311411,0.00584301591889337,1.131064202981511,0.25803763823826575
bmi,alt_log_adj,REACTOME_MEIOTIC_RECOMBINATION,ppgs,0.017130755875594844,0.005874210770715609,2.916265102538692,0.003545269815604443
bmi,alt_log_adj,REACTOME_MEIOTIC_RECOMBINATION,bmi,0.28845014620958154,0.005760894014979714,50.07037891333213,0
bmi,alt_log_adj,REACTOME_MEIOTIC_RECOMBINATION,ppgs:bmi,-0.0015321709668117305,0.0059322343035855965,-0.2582789027543377,0.7961935422086868
bmi,alt_log_adj,REACTOME_MEIOTIC_SYNAPSIS,ppgs,0.008297696358514111,0.005731909353540372,1.447632167000156,0.14773100861900526
bmi,alt_log_adj,REACTOME_MEIOTIC_SYNAPSIS,bmi,0.2883303708132585,0.0057626385240151555,50.03443641513757,0
bmi,alt_log_adj,REACTOME_MEIOTIC_SYNAPSIS,ppgs:bmi,-8.577219289085e-4,0.0056669660797994915,-0.15135469611613556,0.879697001931753
bmi,alt_log_adj,REACTOME_MELANIN_BIOSYNTHESIS,ppgs,0.001399004963248457,0.006561301605393952,0.21322064544302538,0.8311563990566205
bmi,alt_log_adj,REACTOME_MELANIN_BIOSYNTHESIS,bmi,0.2884598810117709,0.005761981982542076,50.062614198683754,0
bmi,alt_log_adj,REACTOME_MELANIN_BIOSYNTHESIS,ppgs:bmi,-0.00431282305309396,0.006503449065638938,-0.6631593496873558,0.5072338953802249
bmi,alt_log_adj,REACTOME_MEMBRANE_TRAFFICKING,ppgs,0.014988635094905172,0.007372619606695229,2.033013486996356,0.0420604584173364
bmi,alt_log_adj,REACTOME_MEMBRANE_TRAFFICKING,bmi,0.28842601397650275,0.005761831508122169,50.058043795609585,0
bmi,alt_log_adj,REACTOME_MEMBRANE_TRAFFICKING,ppgs:bmi,0.0017533790769186817,0.0073280667457339835,0.23926898290594953,0.8108987447814315
bmi,alt_log_adj,REACTOME_METABOLIC_DISORDERS_OF_BIOLOGICAL_OXIDATION_ENZYMES,ppgs,0.010341425606596162,0.005801361471252562,1.782585977074682,0.07466442280700387
bmi,alt_log_adj,REACTOME_METABOLIC_DISORDERS_OF_BIOLOGICAL_OXIDATION_ENZYMES,bmi,0.28843990203229475,0.005761692989631136,50.061657667525374,0
bmi,alt_log_adj,REACTOME_METABOLIC_DISORDERS_OF_BIOLOGICAL_OXIDATION_ENZYMES,ppgs:bmi,0.0032727725181996817,0.005824916968615293,0.5618573682394805,0.5742176438750538
bmi,alt_log_adj,REACTOME_METABOLISM_OF_AMINE_DERIVED_HORMONES,ppgs,0.002452017460908743,0.005708211700893692,0.4295596571032656,0.6675192536857961
bmi,alt_log_adj,REACTOME_METABOLISM_OF_AMINE_DERIVED_HORMONES,bmi,0.2885060571120965,0.005761247178751678,50.07701425763314,0
bmi,alt_log_adj,REACTOME_METABOLISM_OF_AMINE_DERIVED_HORMONES,ppgs:bmi,-0.013223709186617926,0.0057067159829524965,-2.3172187342283586,0.020498906806621836
bmi,alt_log_adj,REACTOME_METABOLISM_OF_AMINO_ACIDS_AND_DERIVATIVES,ppgs,0.01776225522715513,0.007095332414559562,2.5033718209885603,0.01230720053459811
bmi,alt_log_adj,REACTOME_METABOLISM_OF_AMINO_ACIDS_AND_DERIVATIVES,bmi,0.28836610473450036,0.005761559913948443,50.05000538766953,0
bmi,alt_log_adj,REACTOME_METABOLISM_OF_AMINO_ACIDS_AND_DERIVATIVES,ppgs:bmi,0.002001192186720924,0.007177058981189199,0.2788317877790852,0.7803759523139521
bmi,alt_log_adj,REACTOME_METABOLISM_OF_ANGIOTENSINOGEN_TO_ANGIOTENSINS,ppgs,0.0055624784942591874,0.005687010637994269,0.9781023543541318,0.32803205029626215
bmi,alt_log_adj,REACTOME_METABOLISM_OF_ANGIOTENSINOGEN_TO_ANGIOTENSINS,bmi,0.2884934160575813,0.005761709855486279,50.07079899777995,0
bmi,alt_log_adj,REACTOME_METABOLISM_OF_ANGIOTENSINOGEN_TO_ANGIOTENSINS,ppgs:bmi,0.006069994932515767,0.0056647738642646335,1.0715334941801313,0.28393874110262446
bmi,alt_log_adj,REACTOME_METABOLISM_OF_CARBOHYDRATES_AND_CARBOHYDRATE_DERIVATIVES,ppgs,0.020204762800881317,0.0066631868151535234,3.0322972117382827,0.0024291938126011258
bmi,alt_log_adj,REACTOME_METABOLISM_OF_CARBOHYDRATES_AND_CARBOHYDRATE_DERIVATIVES,bmi,0.2884913587687651,0.00576087063601019,50.07773598758776,0
bmi,alt_log_adj,REACTOME_METABOLISM_OF_CARBOHYDRATES_AND_CARBOHYDRATE_DERIVATIVES,ppgs:bmi,-0.003198220530782344,0.006593202652138018,-0.48507845117505033,0.6276244454928688
bmi,alt_log_adj,REACTOME_METABOLISM_OF_COFACTORS,ppgs,0.005646573768297274,0.005800572544047893,0.9734511076999389,0.3303374548065543
bmi,alt_log_adj,REACTOME_METABOLISM_OF_COFACTORS,bmi,0.28840997421040643,0.005762242777999188,50.05168739359337,0
bmi,alt_log_adj,REACTOME_METABOLISM_OF_COFACTORS,ppgs:bmi,-8.43728030691037e-4,0.005859845606458472,-0.14398468617690474,0.8855135857698149
bmi,alt_log_adj,REACTOME_METABOLISM_OF_FAT_SOLUBLE_VITAMINS,ppgs,0.006674162114036651,0.006010475392293385,1.110421668574543,0.266826783747047
bmi,alt_log_adj,REACTOME_METABOLISM_OF_FAT_SOLUBLE_VITAMINS,bmi,0.288402342814421,0.00576139860513486,50.05769650400195,0
bmi,alt_log_adj,REACTOME_METABOLISM_OF_FAT_SOLUBLE_VITAMINS,ppgs:bmi,-0.005492215400071522,0.0060101005541901755,-0.9138308669798229,0.3608134966063663
bmi,alt_log_adj,REACTOME_METABOLISM_OF_FOLATE_AND_PTERINES,ppgs,7.383956425279583e-4,0.005713997872394627,0.12922574684447877,0.8971799407722811
bmi,alt_log_adj,REACTOME_METABOLISM_OF_FOLATE_AND_PTERINES,bmi,0.28840422703022695,0.005761660080397704,50.05575181559818,0
bmi,alt_log_adj,REACTOME_METABOLISM_OF_FOLATE_AND_PTERINES,ppgs:bmi,-0.0038848063148996005,0.005767724158945715,-0.6735423206524679,0.5006078254243849
bmi,alt_log_adj,REACTOME_METABOLISM_OF_INGESTED_SEMET_SEC_MESEC_INTO_H2SE,ppgs,0.007916137084314614,0.005786045101921411,1.3681429966188563,0.17127816418213435
bmi,alt_log_adj,REACTOME_METABOLISM_OF_INGESTED_SEMET_SEC_MESEC_INTO_H2SE,bmi,0.28842929715088295,0.0057614207614257,50.062182418961065,0
bmi,alt_log_adj,REACTOME_METABOLISM_OF_INGESTED_SEMET_SEC_MESEC_INTO_H2SE,ppgs:bmi,-0.0018611212935010445,0.005750934116605201,-0.3236206946150292,0.7462276056966728
bmi,alt_log_adj,REACTOME_METABOLISM_OF_LIPIDS,ppgs,0.04798252882760359,0.0077023903671629215,6.22956336154608,4.74305777493427e-10
bmi,alt_log_adj,REACTOME_METABOLISM_OF_LIPIDS,bmi,0.28814547975042337,0.005758729063630667,50.03629734383757,0
bmi,alt_log_adj,REACTOME_METABOLISM_OF_LIPIDS,ppgs:bmi,0.013341069653553438,0.0077248285619501,1.7270376354068293,0.08417179782191182
bmi,alt_log_adj,REACTOME_METABOLISM_OF_NITRIC_OXIDE_NOS3_ACTIVATION_AND_REGULATION,ppgs,-0.0025796239749278594,0.005898091492707361,-0.4373658798133957,0.6618493565433445
bmi,alt_log_adj,REACTOME_METABOLISM_OF_NITRIC_OXIDE_NOS3_ACTIVATION_AND_REGULATION,bmi,0.28850788578526454,0.005762355622548945,50.06769881683296,0
bmi,alt_log_adj,REACTOME_METABOLISM_OF_NITRIC_OXIDE_NOS3_ACTIVATION_AND_REGULATION,ppgs:bmi,-0.0052491976449175505,0.005941376594936491,-0.8834985564441671,0.3769744545272634
bmi,alt_log_adj,REACTOME_METABOLISM_OF_NUCLEOTIDES,ppgs,0.00639519333890654,0.005993510694870164,1.0670195924368961,0.28597207561124965
bmi,alt_log_adj,REACTOME_METABOLISM_OF_NUCLEOTIDES,bmi,0.2883852192589427,0.005761281405369967,50.055742632211135,0
bmi,alt_log_adj,REACTOME_METABOLISM_OF_NUCLEOTIDES,ppgs:bmi,0.008997258125050088,0.006035552009469813,1.4907100644536475,0.13604875895080165
bmi,alt_log_adj,REACTOME_METABOLISM_OF_POLYAMINES,ppgs,-0.010319993618439724,0.006359308833656907,-1.622816863968098,0.10463967924700539
bmi,alt_log_adj,REACTOME_METABOLISM_OF_POLYAMINES,bmi,0.28841842340196705,0.005761644225322661,50.05835350512555,0
bmi,alt_log_adj,REACTOME_METABOLISM_OF_POLYAMINES,ppgs:bmi,-0.001163732278825514,0.0063243956989076705,-0.18400687341978145,0.8540093789144019
bmi,alt_log_adj,REACTOME_METABOLISM_OF_PORPHYRINS,ppgs,0.027357836972514198,0.0057102494091721585,4.791005613269769,1.6678633039759955e-6
bmi,alt_log_adj,REACTOME_METABOLISM_OF_PORPHYRINS,bmi,0.28831325598890184,0.005762145329901626,50.0357487501663,0
bmi,alt_log_adj,REACTOME_METABOLISM_OF_PORPHYRINS,ppgs:bmi,-2.0448140759732317e-4,0.005714908375852404,-0.035780347496266525,0.9714577553869337
bmi,alt_log_adj,REACTOME_METABOLISM_OF_RNA,ppgs,0.029837165572328756,0.007526844434249465,3.964100205998738,7.385389105495504e-5
bmi,alt_log_adj,REACTOME_METABOLISM_OF_RNA,bmi,0.28842367006339775,0.005761360841437137,50.061726387450534,0
bmi,alt_log_adj,REACTOME_METABOLISM_OF_RNA,ppgs:bmi,0.0025190262061316024,0.007541937694461426,0.33400252139201575,0.7383801266896288
bmi,alt_log_adj,REACTOME_METABOLISM_OF_STEROIDS,ppgs,0.012930101636753196,0.006078527074384849,2.127176777946939,0.0334140064170138
bmi,alt_log_adj,REACTOME_METABOLISM_OF_STEROIDS,bmi,0.288747917847154,0.005760180002438584,50.12828031848171,0
bmi,alt_log_adj,REACTOME_METABOLISM_OF_STEROIDS,ppgs:bmi,0.023697271472903143,0.006108890265449033,3.879145056333939,1.0506097291371262e-4
bmi,alt_log_adj,REACTOME_METABOLISM_OF_STEROID_HORMONES,ppgs,-0.0025106523288468733,0.005885787629851782,-0.4265618277005515,0.6697017451146792
bmi,alt_log_adj,REACTOME_METABOLISM_OF_STEROID_HORMONES,bmi,0.28823003353321314,0.005761293582951413,50.02870091295674,0
bmi,alt_log_adj,REACTOME_METABOLISM_OF_STEROID_HORMONES,ppgs:bmi,0.015833371409668576,0.005907351629061788,2.6802825367250485,0.00736025623849879
bmi,alt_log_adj,REACTOME_METABOLISM_OF_VITAMINS_AND_COFACTORS,ppgs,0.018921751311024262,0.006149138396911752,3.0771386314100897,0.002091973251051477
bmi,alt_log_adj,REACTOME_METABOLISM_OF_VITAMINS_AND_COFACTORS,bmi,0.2884348368216846,0.005760720964964251,50.06922546255883,0
bmi,alt_log_adj,REACTOME_METABOLISM_OF_VITAMINS_AND_COFACTORS,ppgs:bmi,-0.003832334742968336,0.006162351362298528,-0.6218948770780401,0.5340159952925089
bmi,alt_log_adj,REACTOME_METABOLISM_OF_WATER_SOLUBLE_VITAMINS_AND_COFACTORS,ppgs,0.01082458153006393,0.005709825754613384,1.8957814117738991,0.05799911531782216
bmi,alt_log_adj,REACTOME_METABOLISM_OF_WATER_SOLUBLE_VITAMINS_AND_COFACTORS,bmi,0.2883400328355423,0.005761394591880132,50.04691628688593,0
bmi,alt_log_adj,REACTOME_METABOLISM_OF_WATER_SOLUBLE_VITAMINS_AND_COFACTORS,ppgs:bmi,-0.003769792445026915,0.005752340186329419,-0.6553493574642755,0.5122481671898774
bmi,alt_log_adj,REACTOME_METALLOPROTEASE_DUBS,ppgs,0.010120354194885548,0.005762178235507133,1.7563417480776435,0.07904086950513604
bmi,alt_log_adj,REACTOME_METALLOPROTEASE_DUBS,bmi,0.28842733954989647,0.005761300159211651,50.062890594015414,0
bmi,alt_log_adj,REACTOME_METALLOPROTEASE_DUBS,ppgs:bmi,0.0027390475587993224,0.00577498066986146,0.47429553714247,0.6352928267781945
bmi,alt_log_adj,REACTOME_METALLOTHIONEINS_BIND_METALS,ppgs,0.004645899335704179,0.0058756647806280345,0.7907019050885321,0.4291245788729465
bmi,alt_log_adj,REACTOME_METALLOTHIONEINS_BIND_METALS,bmi,0.2884008684597887,0.005761765231033068,50.05425540534897,0
bmi,alt_log_adj,REACTOME_METALLOTHIONEINS_BIND_METALS,ppgs:bmi,0.005012649607605348,0.005884849930442069,0.85178885899454,0.394338486510334
bmi,alt_log_adj,REACTOME_METAL_ION_SLC_TRANSPORTERS,ppgs,-0.013747826420758287,0.006056052869066781,-2.270096830062315,0.02320918171226518
bmi,alt_log_adj,REACTOME_METAL_ION_SLC_TRANSPORTERS,bmi,0.2884417603710878,0.005761155344186063,50.066652110357026,0
bmi,alt_log_adj,REACTOME_METAL_ION_SLC_TRANSPORTERS,ppgs:bmi,0.0011969925533700228,0.006059353586469473,0.1975445955230118,0.843402803107776
bmi,alt_log_adj,REACTOME_METAL_SEQUESTRATION_BY_ANTIMICROBIAL_PROTEINS,ppgs,0.007413885932438926,0.005776972399913121,1.2833514545699443,0.1993794642411292
bmi,alt_log_adj,REACTOME_METAL_SEQUESTRATION_BY_ANTIMICROBIAL_PROTEINS,bmi,0.28837065083897273,0.005762882876517306,50.03930446236039,0
bmi,alt_log_adj,REACTOME_METAL_SEQUESTRATION_BY_ANTIMICROBIAL_PROTEINS,ppgs:bmi,-0.0012729806754350971,0.005843147021860181,-0.21785874472654299,0.827540740044415
bmi,alt_log_adj,REACTOME_METHIONINE_SALVAGE_PATHWAY,ppgs,-0.0019982538151289814,0.005689420531367214,-0.3512227307002713,0.7254238685923078
bmi,alt_log_adj,REACTOME_METHIONINE_SALVAGE_PATHWAY,bmi,0.28846214965617306,0.005762446771730133,50.05896992772818,0
bmi,alt_log_adj,REACTOME_METHIONINE_SALVAGE_PATHWAY,ppgs:bmi,-0.0025628565891728833,0.005585571103607679,-0.458835191896054,0.6463560387838636
bmi,alt_log_adj,REACTOME_METHYLATION,ppgs,0.00999557515092241,0.006057337524463677,1.6501598450727621,0.09892132578133539
bmi,alt_log_adj,REACTOME_METHYLATION,bmi,0.2883815425062914,0.0057614087479463,50.05399809709514,0
bmi,alt_log_adj,REACTOME_METHYLATION,ppgs:bmi,0.0019576216674605457,0.0059429539888376385,0.3294021241183175,0.7418541961357241
bmi,alt_log_adj,REACTOME_MET_ACTIVATES_PI3K_AKT_SIGNALING,ppgs,0.010948962230756866,0.005729917327575912,1.9108412224490006,0.056035064456782295
bmi,alt_log_adj,REACTOME_MET_ACTIVATES_PI3K_AKT_SIGNALING,bmi,0.28836910329723026,0.00576125486781363,50.053175898927904,0
bmi,alt_log_adj,REACTOME_MET_ACTIVATES_PI3K_AKT_SIGNALING,ppgs:bmi,-0.0031179909259340132,0.005714494836474261,-0.5456284440109419,0.5853256612509206
bmi,alt_log_adj,REACTOME_MET_ACTIVATES_PTK2_SIGNALING,ppgs,0.014568885869107179,0.005975175469639043,2.438235654021266,0.014765247160209652
bmi,alt_log_adj,REACTOME_MET_ACTIVATES_PTK2_SIGNALING,bmi,0.2884884182399367,0.005761132248469177,50.07495155428737,0
bmi,alt_log_adj,REACTOME_MET_ACTIVATES_PTK2_SIGNALING,ppgs:bmi,0.003052662352229467,0.006078187024772286,0.502232382746372,0.6155079675550006
bmi,alt_log_adj,REACTOME_MET_ACTIVATES_PTPN11,ppgs,0.019236132722188524,0.005790746222070082,3.3218745882654086,8.95278941191657e-4
bmi,alt_log_adj,REACTOME_MET_ACTIVATES_PTPN11,bmi,0.28844978875892185,0.005760578165173296,50.07306219761092,0
bmi,alt_log_adj,REACTOME_MET_ACTIVATES_PTPN11,ppgs:bmi,0.002358925720934934,0.005784449995328591,0.4078046699063794,0.6834201645556182
bmi,alt_log_adj,REACTOME_MET_ACTIVATES_RAP1_AND_RAC1,ppgs,0.02098075830604944,0.005702328678287196,3.679331636202951,2.3427878054521227e-4
bmi,alt_log_adj,REACTOME_MET_ACTIVATES_RAP1_AND_RAC1,bmi,0.28852085941215566,0.005760156262126091,50.08906812289529,0
bmi,alt_log_adj,REACTOME_MET_ACTIVATES_RAP1_AND_RAC1,ppgs:bmi,0.007073489267965466,0.005704261261331635,1.240035991323825,0.21497234628090756
bmi,alt_log_adj,REACTOME_MET_ACTIVATES_RAS_SIGNALING,ppgs,0.003959695553952892,0.005714250022856302,0.6929510501141172,0.4883459478032135
bmi,alt_log_adj,REACTOME_MET_ACTIVATES_RAS_SIGNALING,bmi,0.2885375052771801,0.005761487487041387,50.080383915812085,0
bmi,alt_log_adj,REACTOME_MET_ACTIVATES_RAS_SIGNALING,ppgs:bmi,0.011171766595817758,0.005750310364862932,1.9428110635701408,0.052048878410105755
bmi,alt_log_adj,REACTOME_MET_INTERACTS_WITH_TNS_PROTEINS,ppgs,0.0056046985592341945,0.005704199599558382,0.9825565289945515,0.3258341338065014
bmi,alt_log_adj,REACTOME_MET_INTERACTS_WITH_TNS_PROTEINS,bmi,0.28828233339909337,0.00576236846133869,50.02844495857191,0
bmi,alt_log_adj,REACTOME_MET_INTERACTS_WITH_TNS_PROTEINS,ppgs:bmi,0.00577841835981633,0.005695236513686734,1.0146055121555873,0.3103025701381287
bmi,alt_log_adj,REACTOME_MET_PROMOTES_CELL_MOTILITY,ppgs,0.004083825990999043,0.005754646398463145,0.7096571549712739,0.47792260419468224
bmi,alt_log_adj,REACTOME_MET_PROMOTES_CELL_MOTILITY,bmi,0.28839134091257357,0.005761244106948934,50.057129251775656,0
bmi,alt_log_adj,REACTOME_MET_PROMOTES_CELL_MOTILITY,ppgs:bmi,0.010586546237285685,0.005766325868471777,1.8359257660357284,0.06637910373184419
bmi,alt_log_adj,REACTOME_MET_RECEPTOR_ACTIVATION,ppgs,0.005580304406862827,0.005690749649745323,0.9805921452040262,0.3268022777791735
bmi,alt_log_adj,REACTOME_MET_RECEPTOR_ACTIVATION,bmi,0.2884365193819351,0.0057617665743989665,50.06043123363134,0
bmi,alt_log_adj,REACTOME_MET_RECEPTOR_ACTIVATION,ppgs:bmi,-0.0037035084351574933,0.005665436361051746,-0.6537022391810902,0.5133089626723578
bmi,alt_log_adj,REACTOME_MET_RECEPTOR_RECYCLING,ppgs,7.077168918068294e-4,0.005674651680460065,0.12471547711796332,0.9007496884052942
bmi,alt_log_adj,REACTOME_MET_RECEPTOR_RECYCLING,bmi,0.2883952944341584,0.005761539963425014,50.05524499785271,0
bmi,alt_log_adj,REACTOME_MET_RECEPTOR_RECYCLING,ppgs:bmi,0.005571715834772289,0.005689205616558835,0.9793486490548726,0.32741609806897276
bmi,alt_log_adj,REACTOME_MHC_CLASS_II_ANTIGEN_PRESENTATION,ppgs,0.003571246440026096,0.006274862445853462,0.5691354146553503,0.569268755498302
bmi,alt_log_adj,REACTOME_MHC_CLASS_II_ANTIGEN_PRESENTATION,bmi,0.2883890946289866,0.005761865162421269,50.05134387903636,0
bmi,alt_log_adj,REACTOME_MHC_CLASS_II_ANTIGEN_PRESENTATION,ppgs:bmi,0.003980717324692176,0.006296275993279844,0.6322336137966131,0.5272393345984268
bmi,alt_log_adj,REACTOME_MICRORNA_MIRNA_BIOGENESIS,ppgs,-0.006800953870027864,0.006183319670384131,-1.0998871532717254,0.2713906328432784
bmi,alt_log_adj,REACTOME_MICRORNA_MIRNA_BIOGENESIS,bmi,0.2884459772195297,0.005761446021050756,50.064858052236644,0
bmi,alt_log_adj,REACTOME_MICRORNA_MIRNA_BIOGENESIS,ppgs:bmi,-0.006304972885360792,0.006163502211866902,-1.0229529687231247,0.30633881258716583
bmi,alt_log_adj,REACTOME_MINERALOCORTICOID_BIOSYNTHESIS,ppgs,0.0021445560840639174,0.005699435517153219,0.3762751727973037,0.7067151505678531
bmi,alt_log_adj,REACTOME_MINERALOCORTICOID_BIOSYNTHESIS,bmi,0.2883531157085221,0.005762003968666783,50.04389397795599,0
bmi,alt_log_adj,REACTOME_MINERALOCORTICOID_BIOSYNTHESIS,ppgs:bmi,0.004984533154566876,0.005644847275677778,0.8830235631075389,0.3772310285369117
bmi,alt_log_adj,REACTOME_MIRO_GTPASE_CYCLE,ppgs,1.3221373491800441e-5,0.005686210992600438,0.0023251640695369264,0.9981448055202731
bmi,alt_log_adj,REACTOME_MIRO_GTPASE_CYCLE,bmi,0.2884088227819551,0.0057616785454536745,50.05638903779659,0
bmi,alt_log_adj,REACTOME_MIRO_GTPASE_CYCLE,ppgs:bmi,-0.001331146271177374,0.005691631564858048,-0.23387780041777412,0.8150815368694363
bmi,alt_log_adj,REACTOME_MISCELLANEOUS_SUBSTRATES,ppgs,-0.0011491338394541654,0.00569221481925235,-0.2018781574383905,0.8400134269242755
bmi,alt_log_adj,REACTOME_MISCELLANEOUS_SUBSTRATES,bmi,0.2884259373045991,0.0057617261354417524,50.058945969407034,0
bmi,alt_log_adj,REACTOME_MISCELLANEOUS_SUBSTRATES,ppgs:bmi,0.0025477617184098823,0.005612847417132832,0.4539160837747013,0.6498927017429863
bmi,alt_log_adj,REACTOME_MISCELLANEOUS_TRANSPORT_AND_BINDING_EVENTS,ppgs,0.018983606408060676,0.005903147699075722,3.2158447282342286,0.001302069988325479
bmi,alt_log_adj,REACTOME_MISCELLANEOUS_TRANSPORT_AND_BINDING_EVENTS,bmi,0.28855121345922846,0.005761532009928535,50.08237617390372,0
bmi,alt_log_adj,REACTOME_MISCELLANEOUS_TRANSPORT_AND_BINDING_EVENTS,ppgs:bmi,-6.976141744045584e-4,0.0058522726238061104,-0.11920397753972968,0.9051146001727086
bmi,alt_log_adj,REACTOME_MISMATCH_REPAIR,ppgs,-0.0028917187865186537,0.005750967934604079,-0.5028229716112531,0.6150926476794285
bmi,alt_log_adj,REACTOME_MISMATCH_REPAIR,bmi,0.2884195942054316,0.005761672251549884,50.05831321416227,0
bmi,alt_log_adj,REACTOME_MISMATCH_REPAIR,ppgs:bmi,-0.00433659037857285,0.005773949075158598,-0.7510614177790844,0.45262192850159855
bmi,alt_log_adj,REACTOME_MITF_M_DEPENDENT_GENE_EXPRESSION,ppgs,0.021044281392592467,0.006117331970565505,3.4401077943538625,5.823195009024728e-4
bmi,alt_log_adj,REACTOME_MITF_M_DEPENDENT_GENE_EXPRESSION,bmi,0.2884106914950046,0.0057603864318925575,50.067941605134315,0
bmi,alt_log_adj,REACTOME_MITF_M_DEPENDENT_GENE_EXPRESSION,ppgs:bmi,-0.0022184937693969092,0.006140239325500663,-0.36130412053865957,0.7178748063126303
bmi,alt_log_adj,REACTOME_MITF_M_REGULATED_MELANOCYTE_DEVELOPMENT,ppgs,0.022024939426196242,0.006141524142777297,3.5862334681364954,3.3605263058525354e-4
bmi,alt_log_adj,REACTOME_MITF_M_REGULATED_MELANOCYTE_DEVELOPMENT,bmi,0.28843816043145304,0.005760288032651511,50.07356555722135,0
bmi,alt_log_adj,REACTOME_MITF_M_REGULATED_MELANOCYTE_DEVELOPMENT,ppgs:bmi,0.0016941254902001835,0.006163066261195154,0.27488354309396235,0.7834077142321596
bmi,alt_log_adj,REACTOME_MITOCHONDRIAL_BIOGENESIS,ppgs,0.03887465231065406,0.005733028713462466,6.780822886752245,1.2183739173838853e-11
bmi,alt_log_adj,REACTOME_MITOCHONDRIAL_BIOGENESIS,bmi,0.2886554084012154,0.005755655654651429,50.151611861619756,0
bmi,alt_log_adj,REACTOME_MITOCHONDRIAL_BIOGENESIS,ppgs:bmi,0.022862814523284765,0.005776917606201634,3.9576147838323132,7.588632655783727e-5
bmi,alt_log_adj,REACTOME_MITOCHONDRIAL_CALCIUM_ION_TRANSPORT,ppgs,0.0060292614900339415,0.005760150168214439,1.0467194975756895,0.29523789301878256
bmi,alt_log_adj,REACTOME_MITOCHONDRIAL_CALCIUM_ION_TRANSPORT,bmi,0.28834634019649674,0.005762354336340253,50.03967534208063,0
bmi,alt_log_adj,REACTOME_MITOCHONDRIAL_CALCIUM_ION_TRANSPORT,ppgs:bmi,-1.693642199771182e-4,0.005725058322950784,-0.02958296849102233,0.9763998567955096
bmi,alt_log_adj,REACTOME_MITOCHONDRIAL_FATTY_ACID_BETA_OXIDATION,ppgs,0.009685840215626516,0.005711232368187613,1.6959282325086336,0.08991045253301795
bmi,alt_log_adj,REACTOME_MITOCHONDRIAL_FATTY_ACID_BETA_OXIDATION,bmi,0.2883823319493951,0.005762029660703128,50.048741316997045,0
bmi,alt_log_adj,REACTOME_MITOCHONDRIAL_FATTY_ACID_BETA_OXIDATION,ppgs:bmi,-0.0016065732466139532,0.005687258156036993,-0.28248642887936865,0.7775726135914005
bmi,alt_log_adj,REACTOME_MITOCHONDRIAL_FATTY_ACID_BETA_OXIDATION_OF_SATURATED_FATTY_ACIDS,ppgs,0.003984341863617039,0.005690665362415676,0.7001539556221057,0.48383690890250675
bmi,alt_log_adj,REACTOME_MITOCHONDRIAL_FATTY_ACID_BETA_OXIDATION_OF_SATURATED_FATTY_ACIDS,bmi,0.2884326568987965,0.005762007503877491,50.057667697360394,0
bmi,alt_log_adj,REACTOME_MITOCHONDRIAL_FATTY_ACID_BETA_OXIDATION_OF_SATURATED_FATTY_ACIDS,ppgs:bmi,-0.004908931397227434,0.005702879107388048,-0.8607812483466362,0.3893658146964395
bmi,alt_log_adj,REACTOME_MITOCHONDRIAL_FATTY_ACID_BETA_OXIDATION_OF_UNSATURATED_FATTY_ACIDS,ppgs,1.881629097405598e-4,0.005726970006883002,0.03285557799576649,0.9737899885896588
bmi,alt_log_adj,REACTOME_MITOCHONDRIAL_FATTY_ACID_BETA_OXIDATION_OF_UNSATURATED_FATTY_ACIDS,bmi,0.28847547155520087,0.005761708538787731,50.06769599905801,0
bmi,alt_log_adj,REACTOME_MITOCHONDRIAL_FATTY_ACID_BETA_OXIDATION_OF_UNSATURATED_FATTY_ACIDS,ppgs:bmi,-0.007724764528957174,0.00587130497537162,-1.3156810217422303,0.18829176669479314
bmi,alt_log_adj,REACTOME_MITOCHONDRIAL_IRON_SULFUR_CLUSTER_BIOGENESIS,ppgs,0.006211743815268789,0.006041867876331142,1.0281164604083999,0.3039038207624864
bmi,alt_log_adj,REACTOME_MITOCHONDRIAL_IRON_SULFUR_CLUSTER_BIOGENESIS,bmi,0.28843454777953564,0.005761541488088738,50.062044745462266,0
bmi,alt_log_adj,REACTOME_MITOCHONDRIAL_IRON_SULFUR_CLUSTER_BIOGENESIS,ppgs:bmi,-0.00787410792315447,0.005948924906042286,-1.3236186449684022,0.1856404036830213
bmi,alt_log_adj,REACTOME_MITOCHONDRIAL_PROTEIN_DEGRADATION,ppgs,0.006034105040913466,0.005711410827537482,1.056499912739619,0.29074888395839893
bmi,alt_log_adj,REACTOME_MITOCHONDRIAL_PROTEIN_DEGRADATION,bmi,0.2883211765517132,0.005763197194567352,50.0279908560994,0
bmi,alt_log_adj,REACTOME_MITOCHONDRIAL_PROTEIN_DEGRADATION,ppgs:bmi,2.0698911483345726e-4,0.0058458144735625715,0.0354080882603367,0.9717545845629695
bmi,alt_log_adj,REACTOME_MITOCHONDRIAL_PROTEIN_IMPORT,ppgs,0.0353529669513661,0.005772391745258128,6.124491980366311,9.216845667515453e-10
bmi,alt_log_adj,REACTOME_MITOCHONDRIAL_PROTEIN_IMPORT,bmi,0.28854799251017327,0.005757132060802251,50.12009268899146,0
bmi,alt_log_adj,REACTOME_MITOCHONDRIAL_PROTEIN_IMPORT,ppgs:bmi,0.017991298869614515,0.005809594441967327,3.096825268843043,0.0019579602647088906
bmi,alt_log_adj,REACTOME_MITOCHONDRIAL_RNA_DEGRADATION,ppgs,9.996509268099306e-5,0.005800372919618883,0.017234252705179743,0.9862498578221404
bmi,alt_log_adj,REACTOME_MITOCHONDRIAL_RNA_DEGRADATION,bmi,0.28841067786672286,0.005761730237514907,50.05626191744745,0
bmi,alt_log_adj,REACTOME_MITOCHONDRIAL_RNA_DEGRADATION,ppgs:bmi,-0.002596953477969785,0.005812783788857738,-0.4467658822865161,0.6550475204671962
bmi,alt_log_adj,REACTOME_MITOCHONDRIAL_TRANSLATION,ppgs,0.01390565170447964,0.005866544088379896,2.3703310662955954,0.017778814974879226
bmi,alt_log_adj,REACTOME_MITOCHONDRIAL_TRANSLATION,bmi,0.2885286415236681,0.005761192704725434,50.081407845811455,0
bmi,alt_log_adj,REACTOME_MITOCHONDRIAL_TRANSLATION,ppgs:bmi,0.004038534592606968,0.005902537924396291,0.68420307405649194,0.4938525344739403
bmi,alt_log_adj,REACTOME_MITOCHONDRIAL_TRNA_AMINOACYLATION,ppgs,-0.01169230028130429,0.0057290213525327165,-2.0408896322467527,0.04127104145380635
bmi,alt_log_adj,REACTOME_MITOCHONDRIAL_TRNA_AMINOACYLATION,bmi,0.28847169963668745,0.0057612539966714876,50.07099145487239,0
bmi,alt_log_adj,REACTOME_MITOCHONDRIAL_TRNA_AMINOACYLATION,ppgs:bmi,0.001821357592791272,0.005864158061994853,0.3105914904639674,0.7561134805506198
bmi,alt_log_adj,REACTOME_MITOCHONDRIAL_UNCOUPLING,ppgs,-0.004384172712256033,0.005737671998359945,-0.7641030566942838,0.4448121906274225
bmi,alt_log_adj,REACTOME_MITOCHONDRIAL_UNCOUPLING,bmi,0.2884486464216312,0.005761084095441241,50.06846656688821,0
bmi,alt_log_adj,REACTOME_MITOCHONDRIAL_UNCOUPLING,ppgs:bmi,-0.012334947709990154,0.005665421280489113,-2.1772339777219956,0.029471334199018116
bmi,alt_log_adj,REACTOME_MITOCHONDRIAL_UNFOLDED_PROTEIN_RESPONSE_UPRMT,ppgs,0.013113389406904307,0.005800308078335996,2.2608091207917878,0.023778628338287
bmi,alt_log_adj,REACTOME_MITOCHONDRIAL_UNFOLDED_PROTEIN_RESPONSE_UPRMT,bmi,0.28805141716984056,0.005761896933179719,49.99246264040315,0
bmi,alt_log_adj,REACTOME_MITOCHONDRIAL_UNFOLDED_PROTEIN_RESPONSE_UPRMT,ppgs:bmi,0.012596397933623837,0.00581250793587839,2.167119266344754,0.030234060574543517
bmi,alt_log_adj,REACTOME_MITOPHAGY,ppgs,0.014900069004319432,0.0060903541343332295,2.4465028922247867,0.014430995403925579
bmi,alt_log_adj,REACTOME_MITOPHAGY,bmi,0.28825645575147424,0.005761641986420746,50.030261587035064,0
bmi,alt_log_adj,REACTOME_MITOPHAGY,ppgs:bmi,9.880524937125393e-4,0.006188369771807401,0.1596628078389641,0.8731478375381143
bmi,alt_log_adj,REACTOME_MITOTIC_G1_PHASE_AND_G1_S_TRANSITION,ppgs,1.0900745645690535e-4,0.006728379009131851,0.01620114686003254,0.9870740345364004
bmi,alt_log_adj,REACTOME_MITOTIC_G1_PHASE_AND_G1_S_TRANSITION,bmi,0.28842891001468746,0.005762024259612159,50.05687185949154,0
bmi,alt_log_adj,REACTOME_MITOTIC_G1_PHASE_AND_G1_S_TRANSITION,ppgs:bmi,0.001724637636647784,0.006766230822037849,0.25488897467561694,0.7988107010162355
bmi,alt_log_adj,REACTOME_MITOTIC_G2_G2_M_PHASES,ppgs,0.00800614353017735,0.006283854645636616,1.2740815918994335,0.20264494641869757
bmi,alt_log_adj,REACTOME_MITOTIC_G2_G2_M_PHASES,bmi,0.2884565692665893,0.0057617638760954415,50.06393449466847,0
bmi,alt_log_adj,REACTOME_MITOTIC_G2_G2_M_PHASES,ppgs:bmi,0.007128600156928191,0.006296860618058788,1.1320879703902058,0.2576070276667345
bmi,alt_log_adj,REACTOME_MITOTIC_METAPHASE_AND_ANAPHASE,ppgs,0.011527274374800393,0.006497406460249111,1.774134717494407,0.0760516007344767
bmi,alt_log_adj,REACTOME_MITOTIC_METAPHASE_AND_ANAPHASE,bmi,0.28831609763247035,0.005761390349615946,50.042798723348,0
bmi,alt_log_adj,REACTOME_MITOTIC_METAPHASE_AND_ANAPHASE,ppgs:bmi,0.012047572085181785,0.006506505242565992,1.8516195155527984,0.06409087019254493
bmi,alt_log_adj,REACTOME_MITOTIC_PROMETAPHASE,ppgs,0.014854015119433293,0.006492717181355635,2.287796419361651,0.022156707923098755
bmi,alt_log_adj,REACTOME_MITOTIC_PROMETAPHASE,bmi,0.28826779937508545,0.005763000239858024,50.02043855236542,0
bmi,alt_log_adj,REACTOME_MITOTIC_PROMETAPHASE,ppgs:bmi,0.006271556345191594,0.006503607995374559,0.9643195514938782,0.33489396749149436
bmi,alt_log_adj,REACTOME_MITOTIC_PROPHASE,ppgs,0.003740682629402822,0.006166909565357751,0.6065732908450425,0.544138987395381
bmi,alt_log_adj,REACTOME_MITOTIC_PROPHASE,bmi,0.28848977152291766,0.005762320234552275,50.06486272544569,0
bmi,alt_log_adj,REACTOME_MITOTIC_PROPHASE,ppgs:bmi,-0.003612076022673783,0.006163981307634451,-0.5859972382135579,0.5578820361566075
bmi,alt_log_adj,REACTOME_MITOTIC_SPINDLE_CHECKPOINT,ppgs,0.006837029811445492,0.006573169616514295,1.040142003070829,0.298282802800004
bmi,alt_log_adj,REACTOME_MITOTIC_SPINDLE_CHECKPOINT,bmi,0.2883268043824881,0.005761904157125879,50.04019444264926,0
bmi,alt_log_adj,REACTOME_MITOTIC_SPINDLE_CHECKPOINT,ppgs:bmi,0.007795523647727763,0.0066435730991073055,1.1733932225078165,0.24064801254124984
bmi,alt_log_adj,REACTOME_MITOTIC_TELOPHASE_CYTOKINESIS,ppgs,0.02350816579298967,0.005711009815022356,4.116288809582032,3.861105178013853e-5
bmi,alt_log_adj,REACTOME_MITOTIC_TELOPHASE_CYTOKINESIS,bmi,0.28820349678380125,0.005761236077626013,50.02459418440617,0
bmi,alt_log_adj,REACTOME_MITOTIC_TELOPHASE_CYTOKINESIS,ppgs:bmi,0.003728115043655727,0.005710212124866969,0.6528855604891528,0.5138353530871986
bmi,alt_log_adj,REACTOME_MODULATION_BY_MTB_OF_HOST_IMMUNE_SYSTEM,ppgs,0.003229595961852998,0.005916831310629667,0.5458320158715672,0.5851857086667781
bmi,alt_log_adj,REACTOME_MODULATION_BY_MTB_OF_HOST_IMMUNE_SYSTEM,bmi,0.2883846595763178,0.0057614049707180115,50.054571938965445,0
bmi,alt_log_adj,REACTOME_MODULATION_BY_MTB_OF_HOST_IMMUNE_SYSTEM,ppgs:bmi,-0.008304060104168988,0.005905165001056797,-1.4062367609851512,0.1596647926849193
bmi,alt_log_adj,REACTOME_MODULATION_OF_HOST_RESPONSES_BY_IFN_STIMULATED_GENES,ppgs,0.03667792497219296,0.005795779416674162,6.328385249906585,2.514412921151609e-10
bmi,alt_log_adj,REACTOME_MODULATION_OF_HOST_RESPONSES_BY_IFN_STIMULATED_GENES,bmi,0.28823452603512567,0.005757891305298824,50.0590425821119,0
bmi,alt_log_adj,REACTOME_MODULATION_OF_HOST_RESPONSES_BY_IFN_STIMULATED_GENES,ppgs:bmi,0.009108460719160162,0.005845429032764794,1.5582193656112195,0.11919241897646835
bmi,alt_log_adj,REACTOME_MOLECULES_ASSOCIATED_WITH_ELASTIC_FIBRES,ppgs,0.013434598900208292,0.0059227069443586414,2.268320723348418,0.023317153302687518
bmi,alt_log_adj,REACTOME_MOLECULES_ASSOCIATED_WITH_ELASTIC_FIBRES,bmi,0.2884012383683753,0.0057614092575003885,50.05741225428922,0
bmi,alt_log_adj,REACTOME_MOLECULES_ASSOCIATED_WITH_ELASTIC_FIBRES,ppgs:bmi,-0.007806538782856888,0.0058423556819555906,-1.336197110861938,0.18149558061819016
bmi,alt_log_adj,REACTOME_MOLYBDENUM_COFACTOR_BIOSYNTHESIS,ppgs,0.003708206684091342,0.005700130269085983,0.6505477083922775,0.5153437676059818
bmi,alt_log_adj,REACTOME_MOLYBDENUM_COFACTOR_BIOSYNTHESIS,bmi,0.2883942289815085,0.005761988069124083,50.051167326583716,0
bmi,alt_log_adj,REACTOME_MOLYBDENUM_COFACTOR_BIOSYNTHESIS,ppgs:bmi,-0.0022874153095382675,0.005681417432078578,-0.4026134915950726,0.6872356188486827
bmi,alt_log_adj,REACTOME_MRNA_CAPPING,ppgs,0.0012024883364730545,0.005724887913148424,0.21004574320333574,0.8336334809008976
bmi,alt_log_adj,REACTOME_MRNA_CAPPING,bmi,0.2883276664341927,0.005762216165323589,50.03763450759073,0
bmi,alt_log_adj,REACTOME_MRNA_CAPPING,ppgs:bmi,0.0060854857066446775,0.005721073865274825,1.06369640559646,0.2874753138598213
bmi,alt_log_adj,REACTOME_MRNA_DECAY_BY_3_TO_5_EXORIBONUCLEASE,ppgs,0.01538156076253661,0.0057079771404355915,2.6947481365285917,0.007048336466813594
bmi,alt_log_adj,REACTOME_MRNA_DECAY_BY_3_TO_5_EXORIBONUCLEASE,bmi,0.2884200466766977,0.005760885322107871,50.06522965660539,0
bmi,alt_log_adj,REACTOME_MRNA_DECAY_BY_3_TO_5_EXORIBONUCLEASE,ppgs:bmi,0.0015343955590815248,0.005702385806374605,0.26907957672142224,0.787870404703352
bmi,alt_log_adj,REACTOME_MRNA_DECAY_BY_5_TO_3_EXORIBONUCLEASE,ppgs,6.044164761708196e-4,0.00574133831150132,0.10527449235311982,0.9161587474733961
bmi,alt_log_adj,REACTOME_MRNA_DECAY_BY_5_TO_3_EXORIBONUCLEASE,bmi,0.2886543037988528,0.005761891138321421,50.09714638290526,0
bmi,alt_log_adj,REACTOME_MRNA_DECAY_BY_5_TO_3_EXORIBONUCLEASE,ppgs:bmi,0.013824355255053558,0.005763797120340684,2.398480544408273,0.016469672248733466
bmi,alt_log_adj,REACTOME_MRNA_EDITING,ppgs,-0.001597014945949994,0.005692346987510957,-0.2805547429652223,0.7790539795022109
bmi,alt_log_adj,REACTOME_MRNA_EDITING,bmi,0.28839041451543196,0.005761666737324543,50.053296669731964,0
bmi,alt_log_adj,REACTOME_MRNA_EDITING,ppgs:bmi,-0.0055531308272363245,0.005708468250889877,-0.9727882477704352,0.33066685512349503
bmi,alt_log_adj,REACTOME_MRNA_EDITING_C_TO_U_CONVERSION,ppgs,0.0019848959553647565,0.005716742003062212,0.347207544839619,0.728437980565166
bmi,alt_log_adj,REACTOME_MRNA_EDITING_C_TO_U_CONVERSION,bmi,0.2884351895129391,0.005761723075983815,50.06057835636066,0
bmi,alt_log_adj,REACTOME_MRNA_EDITING_C_TO_U_CONVERSION,ppgs:bmi,0.0020378422094595285,0.005673950280087345,0.3591575725665608,0.7194798891174388
bmi,alt_log_adj,REACTOME_MRNA_SPLICING,ppgs,0.013428657397509177,0.006125445258026131,2.19227449301154,0.028367793146909535
bmi,alt_log_adj,REACTOME_MRNA_SPLICING,bmi,0.2884235052796475,0.005761093827303961,50.06401803641897,0
bmi,alt_log_adj,REACTOME_MRNA_SPLICING,ppgs:bmi,-0.005132989565668156,0.006185983248611016,-0.8297774758476275,0.40667159532249897
bmi,alt_log_adj,REACTOME_MRNA_SPLICING_MINOR_PATHWAY,ppgs,0.007470227878185471,0.005719570674330945,1.3060819252940365,0.19153529647300263
bmi,alt_log_adj,REACTOME_MRNA_SPLICING_MINOR_PATHWAY,bmi,0.28840542314246076,0.005761411718844219,50.05811721442414,0
bmi,alt_log_adj,REACTOME_MRNA_SPLICING_MINOR_PATHWAY,ppgs:bmi,0.003176380000564579,0.005696866129217116,0.5575662001734782,0.577145044800309
bmi,alt_log_adj,REACTOME_MTORC1_MEDIATED_SIGNALLING,ppgs,-0.0016441185081330733,0.005693321119577021,-0.2887802169597666,0.772751683557175
bmi,alt_log_adj,REACTOME_MTORC1_MEDIATED_SIGNALLING,bmi,0.28839799032478697,0.00576185693947545,50.0529592029479,0
bmi,alt_log_adj,REACTOME_MTORC1_MEDIATED_SIGNALLING,ppgs:bmi,0.001317253465982614,0.005572040578122947,0.23640414090924605,0.8131207912863976
bmi,alt_log_adj,REACTOME_MTOR_SIGNALLING,ppgs,0.004269451894951006,0.005715221801644995,0.7470317064023907,0.45505061794995605
bmi,alt_log_adj,REACTOME_MTOR_SIGNALLING,bmi,0.28850864298968115,0.005761838224601172,50.07232618191938,0
bmi,alt_log_adj,REACTOME_MTOR_SIGNALLING,ppgs:bmi,-0.0064625308185526815,0.005743906145521495,-1.125110796525026,0.26055161265372934
bmi,alt_log_adj,REACTOME_MUCOPOLYSACCHARIDOSES,ppgs,0.003772856679040692,0.0057179222560840804,0.6598300064374315,0.5093682856054581
bmi,alt_log_adj,REACTOME_MUCOPOLYSACCHARIDOSES,bmi,0.28851415242921674,0.0057615663202545435,50.07564547421027,0
bmi,alt_log_adj,REACTOME_MUCOPOLYSACCHARIDOSES,ppgs:bmi,0.009476397484940526,0.005764579584030473,1.643900885884696,0.10020776623656605
bmi,alt_log_adj,REACTOME_MULTIFUNCTIONAL_ANION_EXCHANGERS,ppgs,-0.007081553793059297,0.0058988000348756476,-1.2005075186802094,0.22995232591938866
bmi,alt_log_adj,REACTOME_MULTIFUNCTIONAL_ANION_EXCHANGERS,bmi,0.28839364966827424,0.005761334644607587,50.056743351681696,0
bmi,alt_log_adj,REACTOME_MULTIFUNCTIONAL_ANION_EXCHANGERS,ppgs:bmi,0.011963393534454124,0.005849471201399961,2.0452094082608547,0.04084342978194465
bmi,alt_log_adj,REACTOME_MUSCARINIC_ACETYLCHOLINE_RECEPTORS,ppgs,-0.0064248039104988644,0.005710901480555926,-1.1250069594745389,0.26059561028251155
bmi,alt_log_adj,REACTOME_MUSCARINIC_ACETYLCHOLINE_RECEPTORS,bmi,0.2884110594066585,0.0057619086237244346,50.05477841476645,0
bmi,alt_log_adj,REACTOME_MUSCARINIC_ACETYLCHOLINE_RECEPTORS,ppgs:bmi,0.007889322739711739,0.005695011035560666,1.3853042058126663,0.16597036816208594
bmi,alt_log_adj,REACTOME_MUSCLE_CONTRACTION,ppgs,0.01376474501829539,0.007383504972411434,1.864256212967628,0.06229606074930113
bmi,alt_log_adj,REACTOME_MUSCLE_CONTRACTION,bmi,0.288264900642236,0.005761623001985628,50.03189214964104,0
bmi,alt_log_adj,REACTOME_MUSCLE_CONTRACTION,ppgs:bmi,0.006451286652673639,0.007234089763952586,0.8917896878775753,0.37251323932123026
bmi,alt_log_adj,REACTOME_MYD88_INDEPENDENT_TLR4_CASCADE,ppgs,0.026129497376129407,0.0062705662704818635,4.167007611279336,3.095384853090424e-5
bmi,alt_log_adj,REACTOME_MYD88_INDEPENDENT_TLR4_CASCADE,bmi,0.28848712600469006,0.005760395983474415,50.0811275530901,0
bmi,alt_log_adj,REACTOME_MYD88_INDEPENDENT_TLR4_CASCADE,ppgs:bmi,0.005612635513456286,0.006402567731075573,0.8766225909980985,0.3806990929125501
bmi,alt_log_adj,REACTOME_MYOCLONIC_EPILEPSY_OF_LAFORA,ppgs,-0.004943729070076733,0.005917609983539977,-0.8354266475532984,0.4034845722700603
bmi,alt_log_adj,REACTOME_MYOCLONIC_EPILEPSY_OF_LAFORA,bmi,0.2884455625253694,0.005761646169013515,50.063046925138735,0
bmi,alt_log_adj,REACTOME_MYOCLONIC_EPILEPSY_OF_LAFORA,ppgs:bmi,-0.0016150905889626228,0.005910747551473576,-0.27324641678529704,0.7846657921540704
bmi,alt_log_adj,REACTOME_MYOGENESIS,ppgs,0.0032426647514782352,0.005910774441209669,0.5486023504585987,0.5832826928624626
bmi,alt_log_adj,REACTOME_MYOGENESIS,bmi,0.28836530566271884,0.00576206363041792,50.045491365357215,0
bmi,alt_log_adj,REACTOME_MYOGENESIS,ppgs:bmi,-0.0059549550115052825,0.0057999159722336635,-1.0267312561102346,0.3045557878389475
bmi,alt_log_adj,REACTOME_M_DECAY_DEGRADATION_OF_MATERNAL_MRNAS_BY_MATERNALLY_STORED_FACTORS,ppgs,0.013874191323097557,0.005722130970667399,2.424654625037243,0.015329164639152603
bmi,alt_log_adj,REACTOME_M_DECAY_DEGRADATION_OF_MATERNAL_MRNAS_BY_MATERNALLY_STORED_FACTORS,bmi,0.28848993779349497,0.0057613540399947235,50.073287597121734,0
bmi,alt_log_adj,REACTOME_M_DECAY_DEGRADATION_OF_MATERNAL_MRNAS_BY_MATERNALLY_STORED_FACTORS,ppgs:bmi,0.0037817594700808722,0.005646710872661634,0.6697278389779326,0.5030367565243101
bmi,alt_log_adj,REACTOME_M_PHASE,ppgs,0.018509355752135512,0.0068032557477274045,2.7206614654047767,0.006519117820233203
bmi,alt_log_adj,REACTOME_M_PHASE,bmi,0.2883349108443385,0.0057622094469205985,50.03895007642051,0
bmi,alt_log_adj,REACTOME_M_PHASE,ppgs:bmi,0.007221602491345297,0.006746691875281349,1.070391626717671,0.2844521800520071
bmi,alt_log_adj,REACTOME_NADE_MODULATES_DEATH_SIGNALLING,ppgs,0.006617291442484219,0.0057549613758290175,1.1498411562372963,0.25021900083821297
bmi,alt_log_adj,REACTOME_NADE_MODULATES_DEATH_SIGNALLING,bmi,0.2884544214992952,0.005761593039011996,50.06504616798823,0
bmi,alt_log_adj,REACTOME_NADE_MODULATES_DEATH_SIGNALLING,ppgs:bmi,-0.0036207344835914694,0.005692951378810548,-0.6360030575824037,0.524779563663055
bmi,alt_log_adj,REACTOME_NA_CL_DEPENDENT_NEUROTRANSMITTER_TRANSPORTERS,ppgs,9.473400785957432e-4,0.006074337695967933,0.1559577563862765,0.8760674297127418
bmi,alt_log_adj,REACTOME_NA_CL_DEPENDENT_NEUROTRANSMITTER_TRANSPORTERS,bmi,0.28839017135501044,0.005762279862089667,50.04792864233202,0
bmi,alt_log_adj,REACTOME_NA_CL_DEPENDENT_NEUROTRANSMITTER_TRANSPORTERS,ppgs:bmi,0.0013844004208293718,0.006040116062326723,0.2292009634490508,0.8187143772743262
bmi,alt_log_adj,REACTOME_NCAM1_INTERACTIONS,ppgs,0.005089028839771204,0.006038225612024521,0.8428020360214619,0.3993462798398555
bmi,alt_log_adj,REACTOME_NCAM1_INTERACTIONS,bmi,0.28842966766019523,0.005761552427009728,50.061102682682964,0
bmi,alt_log_adj,REACTOME_NCAM1_INTERACTIONS,ppgs:bmi,-7.787581141733434e-4,0.006092100000209907,-0.12783081599883633,0.8982837692166137
bmi,alt_log_adj,REACTOME_NCAM_SIGNALING_FOR_NEURITE_OUT_GROWTH,ppgs,0.003568381822153135,0.006210134966728586,0.5746061625505877,0.5655622430315836
bmi,alt_log_adj,REACTOME_NCAM_SIGNALING_FOR_NEURITE_OUT_GROWTH,bmi,0.28843814328766215,0.005761719447141524,50.061122540557,0
bmi,alt_log_adj,REACTOME_NCAM_SIGNALING_FOR_NEURITE_OUT_GROWTH,ppgs:bmi,-0.0011820150799137963,0.006268056304844529,-0.18857761041492666,0.8504252321402586
bmi,alt_log_adj,REACTOME_NECTIN_NECL_TRANS_HETERODIMERIZATION,ppgs,0.0021382694396843943,0.0057084368122327905,0.3745805568176263,0.7079752372682919
bmi,alt_log_adj,REACTOME_NECTIN_NECL_TRANS_HETERODIMERIZATION,bmi,0.2884719122825908,0.005761531384985271,50.06861770021031,0
bmi,alt_log_adj,REACTOME_NECTIN_NECL_TRANS_HETERODIMERIZATION,ppgs:bmi,-0.008005842420752047,0.005792605340940252,-1.382079729162516,0.16695811160316548
bmi,alt_log_adj,REACTOME_NEDDYLATION,ppgs,0.022207544516120885,0.005767400682072245,3.8505291621496367,1.181217422162479e-4
bmi,alt_log_adj,REACTOME_NEDDYLATION,bmi,0.2882268198710339,0.005760330310214525,50.03650908003222,0
bmi,alt_log_adj,REACTOME_NEDDYLATION,ppgs:bmi,0.0020201856499107076,0.005822169791191673,0.34698157600402424,0.7286077358004031
bmi,alt_log_adj,REACTOME_NEF_AND_SIGNAL_TRANSDUCTION,ppgs,0.002623832510685561,0.0058958727506293225,0.44502868729748185,0.6563024207485102
bmi,alt_log_adj,REACTOME_NEF_AND_SIGNAL_TRANSDUCTION,bmi,0.28841844798800303,0.005761911540617636,50.05603538944414,0
bmi,alt_log_adj,REACTOME_NEF_AND_SIGNAL_TRANSDUCTION,ppgs:bmi,-5.859158636294986e-4,0.005864091148249762,-0.0999158861649644,0.9204118106686288
bmi,alt_log_adj,REACTOME_NEF_MEDIATED_CD4_DOWN_REGULATION,ppgs,0.0013509999513086602,0.00567586415800063,0.23802542021804854,0.8118630985650486
bmi,alt_log_adj,REACTOME_NEF_MEDIATED_CD4_DOWN_REGULATION,bmi,0.28841824387761233,0.005761667213700805,50.05812261974724,0
bmi,alt_log_adj,REACTOME_NEF_MEDIATED_CD4_DOWN_REGULATION,ppgs:bmi,-0.0010702784357605754,0.005687822550180762,-0.18817015234178874,0.8507446163785626
bmi,alt_log_adj,REACTOME_NEF_MEDIATED_CD8_DOWN_REGULATION,ppgs,0.0015047954431199105,0.005685803054396964,0.2646583831207831,0.7912745641116087
bmi,alt_log_adj,REACTOME_NEF_MEDIATED_CD8_DOWN_REGULATION,bmi,0.28843301114187625,0.005761466080160247,50.06243326418297,0
bmi,alt_log_adj,REACTOME_NEF_MEDIATED_CD8_DOWN_REGULATION,ppgs:bmi,-0.006796383949674825,0.0056894034890144106,-1.1945688089793365,0.23226553638157563
bmi,alt_log_adj,REACTOME_NEF_MEDIATED_DOWNREGULATION_OF_MHC_CLASS_I_COMPLEX_CELL_SURFACE_EXPRESSION,ppgs,-0.002688147249627652,0.00653905549572094,-0.41109105915781496,0.6810088731957276
bmi,alt_log_adj,REACTOME_NEF_MEDIATED_DOWNREGULATION_OF_MHC_CLASS_I_COMPLEX_CELL_SURFACE_EXPRESSION,bmi,0.2883375078482135,0.005761553760405397,50.045095444518665,0
bmi,alt_log_adj,REACTOME_NEF_MEDIATED_DOWNREGULATION_OF_MHC_CLASS_I_COMPLEX_CELL_SURFACE_EXPRESSION,ppgs:bmi,0.011057036954412035,0.006286032797098172,1.7589849291776376,0.0785908556638834
bmi,alt_log_adj,REACTOME_NEF_MEDIATES_DOWN_MODULATION_OF_CELL_SURFACE_RECEPTORS_BY_RECRUITING_THEM_TO_CLATHRIN_ADAPTERS,ppgs,-0.008896631252276672,0.006125771819532615,-1.4523282150191923,0.14642143346968461
bmi,alt_log_adj,REACTOME_NEF_MEDIATES_DOWN_MODULATION_OF_CELL_SURFACE_RECEPTORS_BY_RECRUITING_THEM_TO_CLATHRIN_ADAPTERS,bmi,0.28842643124867157,0.0057616545035297515,50.05965405804417,0
bmi,alt_log_adj,REACTOME_NEF_MEDIATES_DOWN_MODULATION_OF_CELL_SURFACE_RECEPTORS_BY_RECRUITING_THEM_TO_CLATHRIN_ADAPTERS,ppgs:bmi,0.0015583572036062853,0.006059013991213967,0.25719650191698223,0.7970289509694632
bmi,alt_log_adj,REACTOME_NEGATIVE_EPIGENETIC_REGULATION_OF_RRNA_EXPRESSION,ppgs,0.0012444626495391553,0.005913520357469856,0.2104436231401777,0.8333229610163237
bmi,alt_log_adj,REACTOME_NEGATIVE_EPIGENETIC_REGULATION_OF_RRNA_EXPRESSION,bmi,0.28841670336899244,0.005761724432556195,50.05735813037418,0
bmi,alt_log_adj,REACTOME_NEGATIVE_EPIGENETIC_REGULATION_OF_RRNA_EXPRESSION,ppgs:bmi,0.0020769069746494084,0.005881008110868829,0.35315492437615037,0.7239749244231192
bmi,alt_log_adj,REACTOME_NEGATIVE_FEEDBACK_REGULATION_OF_MAPK_PATHWAY,ppgs,0.013299664141377919,0.0057710582657900964,2.3045451161386095,0.021199254074867047
bmi,alt_log_adj,REACTOME_NEGATIVE_FEEDBACK_REGULATION_OF_MAPK_PATHWAY,bmi,0.2883717756752559,0.005760871066706294,50.056974429064745,0
bmi,alt_log_adj,REACTOME_NEGATIVE_FEEDBACK_REGULATION_OF_MAPK_PATHWAY,ppgs:bmi,0.008914578992943912,0.005765598024650224,1.5461672761143845,0.12207533718402794
bmi,alt_log_adj,REACTOME_NEGATIVE_REGULATION_OF_ACTIVITY_OF_TFAP2_AP_2_FAMILY_TRANSCRIPTION_FACTORS,ppgs,-0.0018265234342152213,0.006003273537352768,-0.3042545742502771,0.7609361833285478
bmi,alt_log_adj,REACTOME_NEGATIVE_REGULATION_OF_ACTIVITY_OF_TFAP2_AP_2_FAMILY_TRANSCRIPTION_FACTORS,bmi,0.28842667154993895,0.005761633212961825,50.05988074719362,0
bmi,alt_log_adj,REACTOME_NEGATIVE_REGULATION_OF_ACTIVITY_OF_TFAP2_AP_2_FAMILY_TRANSCRIPTION_FACTORS,ppgs:bmi,0.003487422112715977,0.005971246461511001,0.5840358684229388,0.5592008274596119
bmi,alt_log_adj,REACTOME_NEGATIVE_REGULATION_OF_FGFR1_SIGNALING,ppgs,0.006349425272503056,0.006077057320223031,1.044819052697372,0.2961155165280756
bmi,alt_log_adj,REACTOME_NEGATIVE_REGULATION_OF_FGFR1_SIGNALING,bmi,0.2883965183712483,0.005761648735686426,50.05451244970587,0
bmi,alt_log_adj,REACTOME_NEGATIVE_REGULATION_OF_FGFR1_SIGNALING,ppgs:bmi,-0.0012432608088708173,0.006066082151571279,-0.20495284729185198,0.8376104368209937
bmi,alt_log_adj,REACTOME_NEGATIVE_REGULATION_OF_FGFR2_SIGNALING,ppgs,0.004510373540553967,0.006176699955701556,0.7302238368225341,0.4652594087639156
bmi,alt_log_adj,REACTOME_NEGATIVE_REGULATION_OF_FGFR2_SIGNALING,bmi,0.28841818895851506,0.005761794717793239,50.05700534033932,0
bmi,alt_log_adj,REACTOME_NEGATIVE_REGULATION_OF_FGFR2_SIGNALING,ppgs:bmi,-0.0017372341200924352,0.006192701109243823,-0.2805293020680866,0.7790734949156135
bmi,alt_log_adj,REACTOME_NEGATIVE_REGULATION_OF_FGFR3_SIGNALING,ppgs,0.007637727849753785,0.006117065988270838,1.2485933394210131,0.21182416101341833
bmi,alt_log_adj,REACTOME_NEGATIVE_REGULATION_OF_FGFR3_SIGNALING,bmi,0.2883709145336242,0.005761578903396714,50.05067523480697,0
bmi,alt_log_adj,REACTOME_NEGATIVE_REGULATION_OF_FGFR3_SIGNALING,ppgs:bmi,0.002533300879603431,0.006131413152008535,0.41316753851003657,0.6794869945864646
bmi,alt_log_adj,REACTOME_NEGATIVE_REGULATION_OF_FGFR4_SIGNALING,ppgs,0.012309396244639254,0.006069325724694568,2.0281324158555867,0.042556067184880725
bmi,alt_log_adj,REACTOME_NEGATIVE_REGULATION_OF_FGFR4_SIGNALING,bmi,0.2883400453228987,0.005761326880641214,50.047506641526915,0
bmi,alt_log_adj,REACTOME_NEGATIVE_REGULATION_OF_FGFR4_SIGNALING,ppgs:bmi,0.004426353343306441,0.006062432496902065,0.7301282687383869,0.46531781679002604
bmi,alt_log_adj,REACTOME_NEGATIVE_REGULATION_OF_FLT3,ppgs,0.0010994905569365737,0.00569157029060287,0.19317877155130628,0.8468203473995214
bmi,alt_log_adj,REACTOME_NEGATIVE_REGULATION_OF_FLT3,bmi,0.28839306992826974,0.0057616910399816345,50.05354642014768,0
bmi,alt_log_adj,REACTOME_NEGATIVE_REGULATION_OF_FLT3,ppgs:bmi,0.003505308172665274,0.005705470358880792,0.6143767213178353,0.5389713455429509
bmi,alt_log_adj,REACTOME_NEGATIVE_REGULATION_OF_MAPK_PATHWAY,ppgs,0.014124542268116928,0.006258132849135908,2.2569898416373784,0.0240162893807852
bmi,alt_log_adj,REACTOME_NEGATIVE_REGULATION_OF_MAPK_PATHWAY,bmi,0.28805740375464867,0.005762575876775733,49.98761142835,0
bmi,alt_log_adj,REACTOME_NEGATIVE_REGULATION_OF_MAPK_PATHWAY,ppgs:bmi,0.008204021452009179,0.006204332071796915,1.3223053436005254,0.1860771625198078
bmi,alt_log_adj,REACTOME_NEGATIVE_REGULATION_OF_MET_ACTIVITY,ppgs,0.010716892916944038,0.005996469359198869,1.7872004799797425,0.07391577205359094
bmi,alt_log_adj,REACTOME_NEGATIVE_REGULATION_OF_MET_ACTIVITY,bmi,0.2884440066788927,0.005761808831541944,50.061363559974424,0
bmi,alt_log_adj,REACTOME_NEGATIVE_REGULATION_OF_MET_ACTIVITY,ppgs:bmi,4.58282498701754e-4,0.005950906443709031,0.07701053663618336,0.9386157063220218
bmi,alt_log_adj,REACTOME_NEGATIVE_REGULATION_OF_NMDA_RECEPTOR_MEDIATED_NEURONAL_TRANSMISSION,ppgs,-0.004369249305016619,0.00597320287881758,-0.7314751220841724,0.46449504108878004
bmi,alt_log_adj,REACTOME_NEGATIVE_REGULATION_OF_NMDA_RECEPTOR_MEDIATED_NEURONAL_TRANSMISSION,bmi,0.2883856572721262,0.0057616267018679,50.05281879484356,0
bmi,alt_log_adj,REACTOME_NEGATIVE_REGULATION_OF_NMDA_RECEPTOR_MEDIATED_NEURONAL_TRANSMISSION,ppgs:bmi,0.0025784159642160682,0.0060544028558717254,0.42587452893317956,0.6702025091566914
bmi,alt_log_adj,REACTOME_NEGATIVE_REGULATION_OF_NOTCH4_SIGNALING,ppgs,-0.0060566368552972824,0.005993048887471807,-1.0106102868538922,0.3122116161109631
bmi,alt_log_adj,REACTOME_NEGATIVE_REGULATION_OF_NOTCH4_SIGNALING,bmi,0.28836342458035613,0.005761883493115995,50.046729498241,0
bmi,alt_log_adj,REACTOME_NEGATIVE_REGULATION_OF_NOTCH4_SIGNALING,ppgs:bmi,-0.0012348911344301345,0.006050347970502115,-0.20410249798040156,0.8382748674735748
bmi,alt_log_adj,REACTOME_NEGATIVE_REGULATION_OF_TCF_DEPENDENT_SIGNALING_BY_DVL_INTERACTING_PROTEINS,ppgs,0.00860855944445657,0.005703257284149413,1.5094110287434552,0.13120492146048435
bmi,alt_log_adj,REACTOME_NEGATIVE_REGULATION_OF_TCF_DEPENDENT_SIGNALING_BY_DVL_INTERACTING_PROTEINS,bmi,0.2884311400132538,0.005761740065722317,50.05972791608308,0
bmi,alt_log_adj,REACTOME_NEGATIVE_REGULATION_OF_TCF_DEPENDENT_SIGNALING_BY_DVL_INTERACTING_PROTEINS,ppgs:bmi,0.0015549415790782686,0.005730195288749665,0.2713592645142743,0.7861167050925317
bmi,alt_log_adj,REACTOME_NEGATIVE_REGULATION_OF_TCF_DEPENDENT_SIGNALING_BY_WNT_LIGAND_ANTAGONISTS,ppgs,0.01231544431031412,0.005693441485365995,2.163093155865189,0.030542346292594256
bmi,alt_log_adj,REACTOME_NEGATIVE_REGULATION_OF_TCF_DEPENDENT_SIGNALING_BY_WNT_LIGAND_ANTAGONISTS,bmi,0.2882913211827603,0.005761364418151416,50.038723513910455,0
bmi,alt_log_adj,REACTOME_NEGATIVE_REGULATION_OF_TCF_DEPENDENT_SIGNALING_BY_WNT_LIGAND_ANTAGONISTS,ppgs:bmi,0.0031609984786462025,0.005727020430030992,0.5519446834990768,0.5809906039784254
bmi,alt_log_adj,REACTOME_NEGATIVE_REGULATION_OF_THE_PI3K_AKT_NETWORK,ppgs,0.0052003308190797974,0.006788478936978017,0.7660524349206856,0.4436514817205367
bmi,alt_log_adj,REACTOME_NEGATIVE_REGULATION_OF_THE_PI3K_AKT_NETWORK,bmi,0.2883559007614973,0.005763103780493918,50.034827021071656,0
bmi,alt_log_adj,REACTOME_NEGATIVE_REGULATION_OF_THE_PI3K_AKT_NETWORK,ppgs:bmi,0.001589904276205596,0.006819629842401154,0.2331364477174907,0.815657136638377
bmi,alt_log_adj,REACTOME_NEGATIVE_REGULATORS_OF_DDX58_IFIH1_SIGNALING,ppgs,0.018103432472101437,0.005965732022158499,3.034570175941514,0.002410969328644822
bmi,alt_log_adj,REACTOME_NEGATIVE_REGULATORS_OF_DDX58_IFIH1_SIGNALING,bmi,0.2883599731218163,0.005760632799457689,50.056996021159826,0
bmi,alt_log_adj,REACTOME_NEGATIVE_REGULATORS_OF_DDX58_IFIH1_SIGNALING,ppgs:bmi,0.008383307852741054,0.00598379361593661,1.4010021720023613,0.16122437016982055
bmi,alt_log_adj,REACTOME_NEPHRIN_FAMILY_INTERACTIONS,ppgs,0.0024986747916697204,0.005788983913811226,0.43162579631780273,0.6660166890274926
bmi,alt_log_adj,REACTOME_NEPHRIN_FAMILY_INTERACTIONS,bmi,0.28852363713066215,0.005762030454525261,50.07325792665112,0
bmi,alt_log_adj,REACTOME_NEPHRIN_FAMILY_INTERACTIONS,ppgs:bmi,-0.00726768969532362,0.005788276815203979,-1.255587790175081,0.20927580945275678
bmi,alt_log_adj,REACTOME_NEPHRON_DEVELOPMENT,ppgs,0.008844268777860655,0.00582799896886421,1.5175481027211422,0.12913950947720862
bmi,alt_log_adj,REACTOME_NEPHRON_DEVELOPMENT,bmi,0.28875046380905534,0.005761727201621208,50.11526122371918,0
bmi,alt_log_adj,REACTOME_NEPHRON_DEVELOPMENT,ppgs:bmi,-0.015924396809744445,0.0058017382848741415,-2.7447630395982086,0.0060592722912035215
bmi,alt_log_adj,REACTOME_NERVOUS_SYSTEM_DEVELOPMENT,ppgs,0.02992779826683035,0.008078055113770658,3.7048271948296616,2.119366587432637e-4
bmi,alt_log_adj,REACTOME_NERVOUS_SYSTEM_DEVELOPMENT,bmi,0.28851872978328336,0.005760467764619797,50.08598981411472,0
bmi,alt_log_adj,REACTOME_NERVOUS_SYSTEM_DEVELOPMENT,ppgs:bmi,-3.071332972209638e-4,0.008092245455912958,-0.03795402634463383,0.9697246045117982
bmi,alt_log_adj,REACTOME_NETRIN_1_SIGNALING,ppgs,0.010108133908031426,0.005939462013533911,1.7018601827907311,0.08879254638152326
bmi,alt_log_adj,REACTOME_NETRIN_1_SIGNALING,bmi,0.288516101366082,0.00576199839357825,50.072228705865896,0
bmi,alt_log_adj,REACTOME_NETRIN_1_SIGNALING,ppgs:bmi,-0.01063332663732925,0.0059439672546072585,-1.788927526322962,0.07363716139295223
bmi,alt_log_adj,REACTOME_NETRIN_MEDIATED_REPULSION_SIGNALS,ppgs,0.0015858437772259689,0.0057354422202324975,0.27649895445406186,0.7821668783607857
bmi,alt_log_adj,REACTOME_NETRIN_MEDIATED_REPULSION_SIGNALS,bmi,0.28841855595178645,0.005761756702152852,50.05739930740572,0
bmi,alt_log_adj,REACTOME_NETRIN_MEDIATED_REPULSION_SIGNALS,ppgs:bmi,-0.0019572006666747984,0.005756513354659935,-0.33999758987624545,0.7338608619844897
bmi,alt_log_adj,REACTOME_NEUREXINS_AND_NEUROLIGINS,ppgs,-0.007116434189529529,0.006004225994293815,-1.1852375637247354,0.23593346730140088
bmi,alt_log_adj,REACTOME_NEUREXINS_AND_NEUROLIGINS,bmi,0.2884299233797946,0.005761226674318622,50.06397763613547,0
bmi,alt_log_adj,REACTOME_NEUREXINS_AND_NEUROLIGINS,ppgs:bmi,-0.009730770223331162,0.006052403997547808,-1.60775292384211,0.10790043902684747
bmi,alt_log_adj,REACTOME_NEUROFASCIN_INTERACTIONS,ppgs,0.007097306351051092,0.005806391725233633,1.222326478629982,0.22159435274834166
bmi,alt_log_adj,REACTOME_NEUROFASCIN_INTERACTIONS,bmi,0.28838844763509336,0.005761335537658594,50.055832671098756,0
bmi,alt_log_adj,REACTOME_NEUROFASCIN_INTERACTIONS,ppgs:bmi,0.0068132391850676995,0.00584529626862924,1.1655934741294898,0.24378865461878912
bmi,alt_log_adj,REACTOME_NEURONAL_SYSTEM,ppgs,-0.006024085936930604,0.008830169918106002,-0.682216309855872,0.49510775713139565
bmi,alt_log_adj,REACTOME_NEURONAL_SYSTEM,bmi,0.2883673340787917,0.0057632667924412285,50.03539562961025,0
bmi,alt_log_adj,REACTOME_NEURONAL_SYSTEM,ppgs:bmi,0.004634507129582482,0.00881701203799029,0.5256323921997106,0.5991477574585251
bmi,alt_log_adj,REACTOME_NEUROTOXICITY_OF_CLOSTRIDIUM_TOXINS,ppgs,3.060954605684074e-4,0.006093201297470354,0.05023557332587807,0.9599350178415357
bmi,alt_log_adj,REACTOME_NEUROTOXICITY_OF_CLOSTRIDIUM_TOXINS,bmi,0.2884099075844125,0.0057620840124573995,50.05305492958478,0
bmi,alt_log_adj,REACTOME_NEUROTOXICITY_OF_CLOSTRIDIUM_TOXINS,ppgs:bmi,3.171246642399443e-4,0.006078584422158132,0.052170808565878704,0.9583929602341228
bmi,alt_log_adj,REACTOME_NEUROTRANSMITTER_CLEARANCE,ppgs,0.014409976655334264,0.00573312220588622,2.513460578345859,0.011960811877003302
bmi,alt_log_adj,REACTOME_NEUROTRANSMITTER_CLEARANCE,bmi,0.28854404942290185,0.0057615371383053495,50.08108817081613,0
bmi,alt_log_adj,REACTOME_NEUROTRANSMITTER_CLEARANCE,ppgs:bmi,0.0017444851574542214,0.005618421782399261,0.3104938050253083,0.7561877524256617
bmi,alt_log_adj,REACTOME_NEUROTRANSMITTER_RECEPTORS_AND_POSTSYNAPTIC_SIGNAL_TRANSMISSION,ppgs,4.981665309778683e-4,0.006163485784766276,0.08082545305923167,0.9355813362503724
bmi,alt_log_adj,REACTOME_NEUROTRANSMITTER_RECEPTORS_AND_POSTSYNAPTIC_SIGNAL_TRANSMISSION,bmi,0.28836445669488475,0.005762134390304473,50.04472946345972,0
bmi,alt_log_adj,REACTOME_NEUROTRANSMITTER_RECEPTORS_AND_POSTSYNAPTIC_SIGNAL_TRANSMISSION,ppgs:bmi,0.004601888650895041,0.006239214569003723,0.7375749944163036,0.46077886027930437
bmi,alt_log_adj,REACTOME_NEUROTRANSMITTER_RELEASE_CYCLE,ppgs,0.002318670416246206,0.005893923781464879,0.393400135837848,0.6940269278807633
bmi,alt_log_adj,REACTOME_NEUROTRANSMITTER_RELEASE_CYCLE,bmi,0.2885819746222862,0.005762062336314937,50.083105280469006,0
bmi,alt_log_adj,REACTOME_NEUROTRANSMITTER_RELEASE_CYCLE,ppgs:bmi,0.011322608584532642,0.005934517336432306,1.907924089297468,0.056411120892117625
bmi,alt_log_adj,REACTOME_NEUTROPHIL_DEGRANULATION,ppgs,0.03380507560162939,0.007232082330245414,4.674321178597844,2.9628334173708186e-6
bmi,alt_log_adj,REACTOME_NEUTROPHIL_DEGRANULATION,bmi,0.288593987246734,0.005759647287564405,50.10619102836979,0
bmi,alt_log_adj,REACTOME_NEUTROPHIL_DEGRANULATION,ppgs:bmi,0.002752490220694526,0.007280958139220682,0.3780395612862483,0.7054040358408236
bmi,alt_log_adj,REACTOME_NFE2L2_REGULATES_PENTOSE_PHOSPHATE_PATHWAY_GENES,ppgs,0.011728418069764995,0.00569134711946047,2.0607455183434373,0.039336426303957055
bmi,alt_log_adj,REACTOME_NFE2L2_REGULATES_PENTOSE_PHOSPHATE_PATHWAY_GENES,bmi,0.28849664957756155,0.0057613161027913595,50.07478229458454,0
bmi,alt_log_adj,REACTOME_NFE2L2_REGULATES_PENTOSE_PHOSPHATE_PATHWAY_GENES,ppgs:bmi,9.059765470497783e-4,0.005604622258712108,0.16164810137587463,0.8715841279926891
bmi,alt_log_adj,REACTOME_NFE2L2_REGULATING_ANTI_OXIDANT_DETOXIFICATION_ENZYMES,ppgs,0.013729010829946662,0.0057405505809815785,2.391584332595347,0.016782306981502834
bmi,alt_log_adj,REACTOME_NFE2L2_REGULATING_ANTI_OXIDANT_DETOXIFICATION_ENZYMES,bmi,0.28842939161904335,0.005760927352746443,50.066486514803664,0
bmi,alt_log_adj,REACTOME_NFE2L2_REGULATING_ANTI_OXIDANT_DETOXIFICATION_ENZYMES,ppgs:bmi,0.006008159561558838,0.00578997495523877,1.0376831692722013,0.299426434128976
bmi,alt_log_adj,REACTOME_NFE2L2_REGULATING_ER_STRESS_ASSOCIATED_GENES,ppgs,0.008599295582984588,0.005690491991662572,1.5111690861851401,0.13075652295064394
bmi,alt_log_adj,REACTOME_NFE2L2_REGULATING_ER_STRESS_ASSOCIATED_GENES,bmi,0.2884319825773909,0.005761438173563105,50.06249722523933,0
bmi,alt_log_adj,REACTOME_NFE2L2_REGULATING_ER_STRESS_ASSOCIATED_GENES,ppgs:bmi,0.0013262697278231923,0.0056308868933159974,0.2355347839427404,0.813795385853912
bmi,alt_log_adj,REACTOME_NFE2L2_REGULATING_INFLAMMATION_ASSOCIATED_GENES,ppgs,0.008599295582984588,0.005690491991662572,1.5111690861851401,0.13075652295064394
bmi,alt_log_adj,REACTOME_NFE2L2_REGULATING_INFLAMMATION_ASSOCIATED_GENES,bmi,0.2884319825773909,0.005761438173563105,50.06249722523933,0
bmi,alt_log_adj,REACTOME_NFE2L2_REGULATING_INFLAMMATION_ASSOCIATED_GENES,ppgs:bmi,0.0013262697278231923,0.0056308868933159974,0.2355347839427404,0.813795385853912
bmi,alt_log_adj,REACTOME_NFE2L2_REGULATING_MDR_ASSOCIATED_ENZYMES,ppgs,0.012902890978686826,0.005823775267297066,2.215554410408306,0.026729948885671897
bmi,alt_log_adj,REACTOME_NFE2L2_REGULATING_MDR_ASSOCIATED_ENZYMES,bmi,0.28844983374463506,0.005761704408794917,50.06328219551365,0
bmi,alt_log_adj,REACTOME_NFE2L2_REGULATING_MDR_ASSOCIATED_ENZYMES,ppgs:bmi,0.0036262032962911853,0.005838545875556108,0.621079867073203,0.5345520688719547
bmi,alt_log_adj,REACTOME_NFE2L2_REGULATING_TUMORIGENIC_GENES,ppgs,0.022397275702777344,0.0057342724022755405,3.9058618306813253,9.410776569047e-5
bmi,alt_log_adj,REACTOME_NFE2L2_REGULATING_TUMORIGENIC_GENES,bmi,0.28869792595931587,0.005761279742675774,50.11003437670824,0
bmi,alt_log_adj,REACTOME_NFE2L2_REGULATING_TUMORIGENIC_GENES,ppgs:bmi,0.0010151498184660928,0.005732734724151382,0.17707950346793094,0.85944720645434
bmi,alt_log_adj,REACTOME_NF_KB_ACTIVATION_THROUGH_FADD_RIP_1_PATHWAY_MEDIATED_BY_CASPASE_8_AND_10,ppgs,0.03667792497219296,0.005795779416674162,6.328385249906585,2.514412921151609e-10
bmi,alt_log_adj,REACTOME_NF_KB_ACTIVATION_THROUGH_FADD_RIP_1_PATHWAY_MEDIATED_BY_CASPASE_8_AND_10,bmi,0.28823452603512567,0.005757891305298824,50.0590425821119,0
bmi,alt_log_adj,REACTOME_NF_KB_ACTIVATION_THROUGH_FADD_RIP_1_PATHWAY_MEDIATED_BY_CASPASE_8_AND_10,ppgs:bmi,0.009108460719160162,0.005845429032764794,1.5582193656112195,0.11919241897646835
bmi,alt_log_adj,REACTOME_NF_KB_IS_ACTIVATED_AND_SIGNALS_SURVIVAL,ppgs,-0.002242693009126007,0.005849297875155721,-0.38341234400997254,0.7014169273647763
bmi,alt_log_adj,REACTOME_NF_KB_IS_ACTIVATED_AND_SIGNALS_SURVIVAL,bmi,0.2884112454123099,0.005761641342586379,50.05713272718971,0
bmi,alt_log_adj,REACTOME_NF_KB_IS_ACTIVATED_AND_SIGNALS_SURVIVAL,ppgs:bmi,-0.004084300399323745,0.0058225318301517205,-0.7014646752420276,0.4830188306445212
bmi,alt_log_adj,REACTOME_NGF_INDEPENDANT_TRKA_ACTIVATION,ppgs,7.36441757950914e-4,0.0058044450488642435,0.12687548107549293,0.8990398529126398
bmi,alt_log_adj,REACTOME_NGF_INDEPENDANT_TRKA_ACTIVATION,bmi,0.2884238597133692,0.005762193763968872,50.05452290009581,0
bmi,alt_log_adj,REACTOME_NGF_INDEPENDANT_TRKA_ACTIVATION,ppgs:bmi,4.761321763805013e-4,0.005859271231811976,0.08126133055514102,0.9352346996671393
bmi,alt_log_adj,REACTOME_NGF_STIMULATED_TRANSCRIPTION,ppgs,-0.007361982525790484,0.00615610429647374,-1.19588333323194,0.23175209284075024
bmi,alt_log_adj,REACTOME_NGF_STIMULATED_TRANSCRIPTION,bmi,0.2883408759113205,0.005762014416233188,50.041679017495085,0
bmi,alt_log_adj,REACTOME_NGF_STIMULATED_TRANSCRIPTION,ppgs:bmi,0.006710960424502156,0.006127470105492797,1.0952253228434856,0.27342723922258716
bmi,alt_log_adj,REACTOME_NICOTINAMIDE_SALVAGE,ppgs,0.0019875772691584593,0.005743914428860518,0.34603183835257034,0.7293213554706965
bmi,alt_log_adj,REACTOME_NICOTINAMIDE_SALVAGE,bmi,0.28839974719425826,0.005761777505758803,50.05395416709642,0
bmi,alt_log_adj,REACTOME_NICOTINAMIDE_SALVAGE,ppgs:bmi,-3.930970940435843e-4,0.0058752799665992015,-0.06690695529035723,0.9466562477674496
bmi,alt_log_adj,REACTOME_NICOTINATE_METABOLISM,ppgs,0.0019875772691584593,0.005743914428860518,0.34603183835257034,0.7293213554706965
bmi,alt_log_adj,REACTOME_NICOTINATE_METABOLISM,bmi,0.28839974719425826,0.005761777505758803,50.05395416709642,0
bmi,alt_log_adj,REACTOME_NICOTINATE_METABOLISM,ppgs:bmi,-3.930970940435843e-4,0.0058752799665992015,-0.06690695529035723,0.9466562477674496
bmi,alt_log_adj,REACTOME_NITRIC_OXIDE_STIMULATES_GUANYLATE_CYCLASE,ppgs,-0.005867417873400779,0.006134200785744063,-0.9565089370789281,0.3388233281733549
bmi,alt_log_adj,REACTOME_NITRIC_OXIDE_STIMULATES_GUANYLATE_CYCLASE,bmi,0.28847410015696506,0.005760925124259526,50.074266534412516,0
bmi,alt_log_adj,REACTOME_NITRIC_OXIDE_STIMULATES_GUANYLATE_CYCLASE,ppgs:bmi,0.015364885350342875,0.0061435760455613025,2.500967715935398,0.012391043243878123
bmi,alt_log_adj,REACTOME_NOD1_2_SIGNALING_PATHWAY,ppgs,0.03667792497219296,0.005795779416674162,6.328385249906585,2.514412921151609e-10
bmi,alt_log_adj,REACTOME_NOD1_2_SIGNALING_PATHWAY,bmi,0.28823452603512567,0.005757891305298824,50.0590425821119,0
bmi,alt_log_adj,REACTOME_NOD1_2_SIGNALING_PATHWAY,ppgs:bmi,0.009108460719160162,0.005845429032764794,1.5582193656112195,0.11919241897646835
bmi,alt_log_adj,REACTOME_NONCANONICAL_ACTIVATION_OF_NOTCH3,ppgs,0.006076771600603149,0.005728144370092832,1.06086215849072,0.28876158686340325
bmi,alt_log_adj,REACTOME_NONCANONICAL_ACTIVATION_OF_NOTCH3,bmi,0.2884305312502275,0.005761065751878022,50.06548157451656,0
bmi,alt_log_adj,REACTOME_NONCANONICAL_ACTIVATION_OF_NOTCH3,ppgs:bmi,0.011859554055967503,0.005804859803084484,2.043038843016636,0.04105782087623241
bmi,alt_log_adj,REACTOME_NONHOMOLOGOUS_END_JOINING_NHEJ,ppgs,-0.002072817750993432,0.0061007420433571635,-0.339764857498021,0.7340361319570583
bmi,alt_log_adj,REACTOME_NONHOMOLOGOUS_END_JOINING_NHEJ,bmi,0.2883641017755568,0.005761757793064011,50.04793886384616,0
bmi,alt_log_adj,REACTOME_NONHOMOLOGOUS_END_JOINING_NHEJ,ppgs:bmi,-0.005665152623925252,0.006084153677131305,-0.9311324014084383,0.3517930093018854
bmi,alt_log_adj,REACTOME_NONSENSE_MEDIATED_DECAY_NMD,ppgs,0.02725817583967073,0.005910986517110808,4.611442736464585,4.0162897747253935e-6
bmi,alt_log_adj,REACTOME_NONSENSE_MEDIATED_DECAY_NMD,bmi,0.28828435215026604,0.00575972993498098,50.0517134318066,0
bmi,alt_log_adj,REACTOME_NONSENSE_MEDIATED_DECAY_NMD,ppgs:bmi,0.003111959639449866,0.005932546465018142,0.5245571455360442,0.59989518600555
bmi,alt_log_adj,REACTOME_NON_INTEGRIN_MEMBRANE_ECM_INTERACTIONS,ppgs,0.00686541769648445,0.006062865148607426,1.1323718288640088,0.257487721237263
bmi,alt_log_adj,REACTOME_NON_INTEGRIN_MEMBRANE_ECM_INTERACTIONS,bmi,0.28846586878363506,0.005761613287470368,50.06685704001592,0
bmi,alt_log_adj,REACTOME_NON_INTEGRIN_MEMBRANE_ECM_INTERACTIONS,ppgs:bmi,-0.0025487163836667476,0.00601766399526523,-0.4235391649769924,0.671905143292601
bmi,alt_log_adj,REACTOME_NOREPINEPHRINE_NEUROTRANSMITTER_RELEASE_CYCLE,ppgs,0.003911128383545709,0.005768730023653309,0.677987766373024,0.4977849836268635
bmi,alt_log_adj,REACTOME_NOREPINEPHRINE_NEUROTRANSMITTER_RELEASE_CYCLE,bmi,0.2885101466483907,0.005763423103700816,50.058817729889064,0
bmi,alt_log_adj,REACTOME_NOREPINEPHRINE_NEUROTRANSMITTER_RELEASE_CYCLE,ppgs:bmi,0.002431472445658255,0.005648836167980216,0.43043777042796527,0.666880497355268
bmi,alt_log_adj,REACTOME_NOSTRIN_MEDIATED_ENOS_TRAFFICKING,ppgs,-7.499629868942893e-4,0.005868735690631207,-0.12778953192448642,0.8983164408963293
bmi,alt_log_adj,REACTOME_NOSTRIN_MEDIATED_ENOS_TRAFFICKING,bmi,0.28835494427838065,0.0057623084642763195,50.0415668591936,0
bmi,alt_log_adj,REACTOME_NOSTRIN_MEDIATED_ENOS_TRAFFICKING,ppgs:bmi,0.0037652075943493536,0.005914456833519085,0.6366108842000062,0.5243834740362721
bmi,alt_log_adj,REACTOME_NOTCH1_INTRACELLULAR_DOMAIN_REGULATES_TRANSCRIPTION,ppgs,8.961910535029883e-4,0.0061515886515488664,0.14568448969313683,0.8841715019691925
bmi,alt_log_adj,REACTOME_NOTCH1_INTRACELLULAR_DOMAIN_REGULATES_TRANSCRIPTION,bmi,0.2883930866676368,0.005762753649509039,50.044319817871546,0
bmi,alt_log_adj,REACTOME_NOTCH1_INTRACELLULAR_DOMAIN_REGULATES_TRANSCRIPTION,ppgs:bmi,9.033014422996531e-4,0.006096868503385676,0.14815826219608266,0.8822189239285798
bmi,alt_log_adj,REACTOME_NOTCH2_ACTIVATION_AND_TRANSMISSION_OF_SIGNAL_TO_THE_NUCLEUS,ppgs,-0.0044081487600018034,0.005804075039864138,-0.7594920344284504,0.44756459273145965
bmi,alt_log_adj,REACTOME_NOTCH2_ACTIVATION_AND_TRANSMISSION_OF_SIGNAL_TO_THE_NUCLEUS,bmi,0.28837734947206606,0.005761776129988033,50.050078823986695,0
bmi,alt_log_adj,REACTOME_NOTCH2_ACTIVATION_AND_TRANSMISSION_OF_SIGNAL_TO_THE_NUCLEUS,ppgs:bmi,0.004731157276304236,0.005794344230631902,0.816512980242508,0.41421366390401426
bmi,alt_log_adj,REACTOME_NOTCH2_INTRACELLULAR_DOMAIN_REGULATES_TRANSCRIPTION,ppgs,-0.008402430127366358,0.005927306087112127,-1.4175799265092701,0.1563244351076441
bmi,alt_log_adj,REACTOME_NOTCH2_INTRACELLULAR_DOMAIN_REGULATES_TRANSCRIPTION,bmi,0.2883846620376252,0.005761411150731607,50.05451867482239,0
bmi,alt_log_adj,REACTOME_NOTCH2_INTRACELLULAR_DOMAIN_REGULATES_TRANSCRIPTION,ppgs:bmi,-0.0031004101037135088,0.005842671722740659,-0.5306493759774646,0.5956659297696708
bmi,alt_log_adj,REACTOME_NOTCH3_ACTIVATION_AND_TRANSMISSION_OF_SIGNAL_TO_THE_NUCLEUS,ppgs,0.0011803026245194525,0.00593864125616622,0.1987496084721263,0.8424600414079695
bmi,alt_log_adj,REACTOME_NOTCH3_ACTIVATION_AND_TRANSMISSION_OF_SIGNAL_TO_THE_NUCLEUS,bmi,0.2884293268275592,0.005761912665272782,50.05791367958963,0
bmi,alt_log_adj,REACTOME_NOTCH3_ACTIVATION_AND_TRANSMISSION_OF_SIGNAL_TO_THE_NUCLEUS,ppgs:bmi,-0.0018849597993064746,0.005965636071860535,-0.31596962613889423,0.7520278890070276
bmi,alt_log_adj,REACTOME_NOTCH3_INTRACELLULAR_DOMAIN_REGULATES_TRANSCRIPTION,ppgs,-7.955056580892372e-4,0.006029612570940597,-0.1319331298205021,0.8950381201788611
bmi,alt_log_adj,REACTOME_NOTCH3_INTRACELLULAR_DOMAIN_REGULATES_TRANSCRIPTION,bmi,0.2884663291773232,0.005761846579914913,50.064909777862056,0
bmi,alt_log_adj,REACTOME_NOTCH3_INTRACELLULAR_DOMAIN_REGULATES_TRANSCRIPTION,ppgs:bmi,-0.005257499423314615,0.005989135123589093,-0.8778395068441813,0.3800382611756461
bmi,alt_log_adj,REACTOME_NOTCH4_ACTIVATION_AND_TRANSMISSION_OF_SIGNAL_TO_THE_NUCLEUS,ppgs,0.007540060283761413,0.005733748132231321,1.3150316529210981,0.18850990197537618
bmi,alt_log_adj,REACTOME_NOTCH4_ACTIVATION_AND_TRANSMISSION_OF_SIGNAL_TO_THE_NUCLEUS,bmi,0.2883624265315063,0.005761879830811031,50.046588092573415,0
bmi,alt_log_adj,REACTOME_NOTCH4_ACTIVATION_AND_TRANSMISSION_OF_SIGNAL_TO_THE_NUCLEUS,ppgs:bmi,0.0022705098176608496,0.005750373993790865,0.3948455909324331,0.6929598168470328
bmi,alt_log_adj,REACTOME_NOTCH4_INTRACELLULAR_DOMAIN_REGULATES_TRANSCRIPTION,ppgs,-0.002890896678517398,0.0059124596625177136,-0.48894991991985315,0.6248809352475054
bmi,alt_log_adj,REACTOME_NOTCH4_INTRACELLULAR_DOMAIN_REGULATES_TRANSCRIPTION,bmi,0.2884119979762858,0.005761594370075356,50.05767144494653,0
bmi,alt_log_adj,REACTOME_NOTCH4_INTRACELLULAR_DOMAIN_REGULATES_TRANSCRIPTION,ppgs:bmi,1.0891298566614798e-4,0.005844897778271964,0.018633856364610017,0.9851333251865899
bmi,alt_log_adj,REACTOME_NOTCH_HLH_TRANSCRIPTION_PATHWAY,ppgs,-0.004450808667032036,0.005976633184773926,-0.7447016621951835,0.4564582675036857
bmi,alt_log_adj,REACTOME_NOTCH_HLH_TRANSCRIPTION_PATHWAY,bmi,0.28840969563416746,0.0057621719908236,50.052253923254455,0
bmi,alt_log_adj,REACTOME_NOTCH_HLH_TRANSCRIPTION_PATHWAY,ppgs:bmi,0.0011582400526268313,0.0058828306096601005,0.19688482118198408,0.8439190835893399
bmi,alt_log_adj,REACTOME_NPAS4_REGULATES_EXPRESSION_OF_TARGET_GENES,ppgs,0.003012344724117406,0.005708085237198419,0.5277329610438496,0.5976888229993645
bmi,alt_log_adj,REACTOME_NPAS4_REGULATES_EXPRESSION_OF_TARGET_GENES,bmi,0.28835801418440227,0.0057618881485084,50.04575006528902,0
bmi,alt_log_adj,REACTOME_NPAS4_REGULATES_EXPRESSION_OF_TARGET_GENES,ppgs:bmi,0.004120861370758789,0.00573241476922724,0.7188700637784281,0.4722269083581355
bmi,alt_log_adj,REACTOME_NR1H2_AND_NR1H3_MEDIATED_SIGNALING,ppgs,0.02117673820692072,0.005949013739149794,3.5597057151774547,3.718776718953411e-4
bmi,alt_log_adj,REACTOME_NR1H2_AND_NR1H3_MEDIATED_SIGNALING,bmi,0.2882193059203053,0.005760590989203768,50.03294045011572,0
bmi,alt_log_adj,REACTOME_NR1H2_AND_NR1H3_MEDIATED_SIGNALING,ppgs:bmi,0.00928995010100986,0.005882341013096632,1.5792947196237719,0.11427962979489137
bmi,alt_log_adj,REACTOME_NR1H2_NR1H3_REGULATE_GENE_EXPRESSION_LINKED_TO_GLUCONEOGENESIS,ppgs,0.002409260405703905,0.005753077031797203,0.41877770667556596,0.675381771691937
bmi,alt_log_adj,REACTOME_NR1H2_NR1H3_REGULATE_GENE_EXPRESSION_LINKED_TO_GLUCONEOGENESIS,bmi,0.28841758959907443,0.005761732852924462,50.057438788173485,0
bmi,alt_log_adj,REACTOME_NR1H2_NR1H3_REGULATE_GENE_EXPRESSION_LINKED_TO_GLUCONEOGENESIS,ppgs:bmi,-6.554041932245553e-4,0.005678992182894204,-0.11540853942336991,0.9081221281342455
bmi,alt_log_adj,REACTOME_NR1H2_NR1H3_REGULATE_GENE_EXPRESSION_LINKED_TO_LIPOGENESIS,ppgs,0.004082329110579927,0.005718705629280965,0.71385543778955,0.47532245228460546
bmi,alt_log_adj,REACTOME_NR1H2_NR1H3_REGULATE_GENE_EXPRESSION_LINKED_TO_LIPOGENESIS,bmi,0.28848539887269176,0.005761982328914223,50.06703984929669,0
bmi,alt_log_adj,REACTOME_NR1H2_NR1H3_REGULATE_GENE_EXPRESSION_LINKED_TO_LIPOGENESIS,ppgs:bmi,0.0036800045109742535,0.00566212222581591,0.6499337817533541,0.5157402623819191
bmi,alt_log_adj,REACTOME_NR1H2_NR1H3_REGULATE_GENE_EXPRESSION_LINKED_TO_TRIGLYCERIDE_LIPOLYSIS_IN_ADIPOSE,ppgs,0.006382252268929127,0.005825574428116706,1.0955575879565895,0.273281738169223
bmi,alt_log_adj,REACTOME_NR1H2_NR1H3_REGULATE_GENE_EXPRESSION_LINKED_TO_TRIGLYCERIDE_LIPOLYSIS_IN_ADIPOSE,bmi,0.288449326552027,0.005761551200263268,50.06452542482771,0
bmi,alt_log_adj,REACTOME_NR1H2_NR1H3_REGULATE_GENE_EXPRESSION_LINKED_TO_TRIGLYCERIDE_LIPOLYSIS_IN_ADIPOSE,ppgs:bmi,0.001585015885950014,0.005734048610026215,0.2764217734705893,0.7822261503278709
bmi,alt_log_adj,REACTOME_NR1H2_NR1H3_REGULATE_GENE_EXPRESSION_TO_CONTROL_BILE_ACID_HOMEOSTASIS,ppgs,0.007945549413882532,0.005790445993797834,1.3721826302141555,0.17001744880434766
bmi,alt_log_adj,REACTOME_NR1H2_NR1H3_REGULATE_GENE_EXPRESSION_TO_CONTROL_BILE_ACID_HOMEOSTASIS,bmi,0.2884410668766409,0.005761393805202389,50.06445950911845,0
bmi,alt_log_adj,REACTOME_NR1H2_NR1H3_REGULATE_GENE_EXPRESSION_TO_CONTROL_BILE_ACID_HOMEOSTASIS,ppgs:bmi,-0.004101702560158301,0.005772399370177317,-0.7105715140482917,0.477355646134508
bmi,alt_log_adj,REACTOME_NR1H2_NR1H3_REGULATE_GENE_EXPRESSION_TO_LIMIT_CHOLESTEROL_UPTAKE,ppgs,0.0071370657370897666,0.005699733958722033,1.2521752398931274,0.21051634681560502
bmi,alt_log_adj,REACTOME_NR1H2_NR1H3_REGULATE_GENE_EXPRESSION_TO_LIMIT_CHOLESTEROL_UPTAKE,bmi,0.2887095370523394,0.0057629633755107304,50.097409655454065,0
bmi,alt_log_adj,REACTOME_NR1H2_NR1H3_REGULATE_GENE_EXPRESSION_TO_LIMIT_CHOLESTEROL_UPTAKE,ppgs:bmi,0.009224478020954961,0.0056386443172972475,1.6359389778599298,0.10186346083693872
bmi,alt_log_adj,REACTOME_NR1H3_NR1H2_REGULATE_GENE_EXPRESSION_LINKED_TO_CHOLESTEROL_TRANSPORT_AND_EFFLUX,ppgs,0.0196753260130145,0.005865585412269007,3.3543669779080787,7.965103264102717e-4
bmi,alt_log_adj,REACTOME_NR1H3_NR1H2_REGULATE_GENE_EXPRESSION_LINKED_TO_CHOLESTEROL_TRANSPORT_AND_EFFLUX,bmi,0.2881382112477114,0.005760818182445846,50.01689033091091,0
bmi,alt_log_adj,REACTOME_NR1H3_NR1H2_REGULATE_GENE_EXPRESSION_LINKED_TO_CHOLESTEROL_TRANSPORT_AND_EFFLUX,ppgs:bmi,0.011743139021105199,0.005833809597603415,2.012945198953595,0.04412983081169171
bmi,alt_log_adj,REACTOME_NRAGE_SIGNALS_DEATH_THROUGH_JNK,ppgs,0.009993538771366836,0.0060972921423837,1.6390126203564066,0.10122172822711854
bmi,alt_log_adj,REACTOME_NRAGE_SIGNALS_DEATH_THROUGH_JNK,bmi,0.2885263441155002,0.0057619582390366405,50.07435530524425,0
bmi,alt_log_adj,REACTOME_NRAGE_SIGNALS_DEATH_THROUGH_JNK,ppgs:bmi,-0.0016340586889195805,0.006131018696511867,-0.2665231945629605,0.789838237048559
bmi,alt_log_adj,REACTOME_NRCAM_INTERACTIONS,ppgs,0.018322119754000443,0.006105354174326117,3.0009921178770536,0.002693356102037803
bmi,alt_log_adj,REACTOME_NRCAM_INTERACTIONS,bmi,0.28844429381382425,0.005761170640356577,50.0669589255512,0
bmi,alt_log_adj,REACTOME_NRCAM_INTERACTIONS,ppgs:bmi,0.00423623355919436,0.006145925206517221,0.6892751566033055,0.49065577033670904
bmi,alt_log_adj,REACTOME_NRIF_SIGNALS_CELL_DEATH_FROM_THE_NUCLEUS,ppgs,0.0023291523608660793,0.005930485795948893,0.39274225434569293,0.6945128117427894
bmi,alt_log_adj,REACTOME_NRIF_SIGNALS_CELL_DEATH_FROM_THE_NUCLEUS,bmi,0.28839108232998933,0.005762112206820986,50.049542941666786,0
bmi,alt_log_adj,REACTOME_NRIF_SIGNALS_CELL_DEATH_FROM_THE_NUCLEUS,ppgs:bmi,-0.0036106230876341958,0.00594129508267272,-0.6077165058110428,0.543380381997592
bmi,alt_log_adj,REACTOME_NS1_MEDIATED_EFFECTS_ON_HOST_PATHWAYS,ppgs,0.012689193917009546,0.005926755465273382,2.1410017658665517,0.032282398142922934
bmi,alt_log_adj,REACTOME_NS1_MEDIATED_EFFECTS_ON_HOST_PATHWAYS,bmi,0.28846292072476093,0.005762409955362268,50.059423567448356,0
bmi,alt_log_adj,REACTOME_NS1_MEDIATED_EFFECTS_ON_HOST_PATHWAYS,ppgs:bmi,0.006615987603165941,0.005929216724456411,1.115828263769949,0.26450511143452027
bmi,alt_log_adj,REACTOME_NTRK2_ACTIVATES_RAC1,ppgs,0.010764275613052529,0.0058813091863576805,1.8302516109884863,0.06722281738956262
bmi,alt_log_adj,REACTOME_NTRK2_ACTIVATES_RAC1,bmi,0.28834169068904225,0.0057614708805414595,50.046541355068705,0
bmi,alt_log_adj,REACTOME_NTRK2_ACTIVATES_RAC1,ppgs:bmi,0.0074076475028745925,0.00594196416859988,1.2466664713362072,0.2125301183789396
bmi,alt_log_adj,REACTOME_NUCLEAR_ENVELOPE_BREAKDOWN,ppgs,0.002231486879900735,0.005972322569875943,0.3736380367591377,0.7086764251138227
bmi,alt_log_adj,REACTOME_NUCLEAR_ENVELOPE_BREAKDOWN,bmi,0.28846289662825897,0.00576288372214386,50.05530399994734,0
bmi,alt_log_adj,REACTOME_NUCLEAR_ENVELOPE_BREAKDOWN,ppgs:bmi,-0.0015109331404551372,0.005948261017742592,-0.25401258215607814,0.7994876799574429
bmi,alt_log_adj,REACTOME_NUCLEAR_ENVELOPE_NE_REASSEMBLY,ppgs,0.014810152452245075,0.0058467329220742775,2.5330646447573315,0.011312354625898337
bmi,alt_log_adj,REACTOME_NUCLEAR_ENVELOPE_NE_REASSEMBLY,bmi,0.2883792431553194,0.005760462610774617,50.061820142000826,0
bmi,alt_log_adj,REACTOME_NUCLEAR_ENVELOPE_NE_REASSEMBLY,ppgs:bmi,0.015807276464218215,0.005823700678784857,2.7143009807840053,0.006645595892812478
bmi,alt_log_adj,REACTOME_NUCLEAR_EVENTS_KINASE_AND_TRANSCRIPTION_FACTOR_ACTIVATION,ppgs,-0.00936521518749409,0.006310122295650751,-1.4841574772566706,0.13777826611965327
bmi,alt_log_adj,REACTOME_NUCLEAR_EVENTS_KINASE_AND_TRANSCRIPTION_FACTOR_ACTIVATION,bmi,0.28837556498299155,0.005761330809417888,50.05363769627531,0
bmi,alt_log_adj,REACTOME_NUCLEAR_EVENTS_KINASE_AND_TRANSCRIPTION_FACTOR_ACTIVATION,ppgs:bmi,0.007468651696662317,0.006318808680196332,1.1819714877694727,0.23722692888053623
bmi,alt_log_adj,REACTOME_NUCLEAR_EVENTS_MEDIATED_BY_NFE2L2,ppgs,0.013244297273400832,0.005838631340384675,2.268390741130136,0.02331288859811169
bmi,alt_log_adj,REACTOME_NUCLEAR_EVENTS_MEDIATED_BY_NFE2L2,bmi,0.28844928764239613,0.0057610637191709575,50.068754956229725,0
bmi,alt_log_adj,REACTOME_NUCLEAR_EVENTS_MEDIATED_BY_NFE2L2,ppgs:bmi,0.004417477970960179,0.005829469698803406,0.7577838464220749,0.448586693358469
bmi,alt_log_adj,REACTOME_NUCLEAR_EVENTS_STIMULATED_BY_ALK_SIGNALING_IN_CANCER,ppgs,0.008644474439674699,0.005891807575093888,1.4672024382155668,0.14233208754417304
bmi,alt_log_adj,REACTOME_NUCLEAR_EVENTS_STIMULATED_BY_ALK_SIGNALING_IN_CANCER,bmi,0.28839956410075623,0.0057613677758830166,50.0574820631989,0
bmi,alt_log_adj,REACTOME_NUCLEAR_EVENTS_STIMULATED_BY_ALK_SIGNALING_IN_CANCER,ppgs:bmi,-0.0027571867932364882,0.005879325541815999,-0.46896311041569777,0.6390996107891627
bmi,alt_log_adj,REACTOME_NUCLEAR_IMPORT_OF_REV_PROTEIN,ppgs,0.004954978103466382,0.005918674378535147,0.83717700731033,0.4025001371288549
bmi,alt_log_adj,REACTOME_NUCLEAR_IMPORT_OF_REV_PROTEIN,bmi,0.2882622668123248,0.005762552253404091,50.02336710127717,0
bmi,alt_log_adj,REACTOME_NUCLEAR_IMPORT_OF_REV_PROTEIN,ppgs:bmi,0.01018953002140699,0.005909990191213169,1.7241196164008084,0.08469715356788467
bmi,alt_log_adj,REACTOME_NUCLEAR_PORE_COMPLEX_NPC_DISASSEMBLY,ppgs,-0.0031611164637992788,0.006007476518257928,-0.5261970569825801,0.5987554151414032
bmi,alt_log_adj,REACTOME_NUCLEAR_PORE_COMPLEX_NPC_DISASSEMBLY,bmi,0.28845454992818326,0.00576345851033726,50.04886378739695,0
bmi,alt_log_adj,REACTOME_NUCLEAR_PORE_COMPLEX_NPC_DISASSEMBLY,ppgs:bmi,-0.0029981981274888147,0.0060275133942557825,-0.4974187415902047,0.6188976500127383
bmi,alt_log_adj,REACTOME_NUCLEAR_RECEPTOR_TRANSCRIPTION_PATHWAY,ppgs,0.0019516625258823737,0.006366550729254116,0.3065494345179001,0.7591885983457819
bmi,alt_log_adj,REACTOME_NUCLEAR_RECEPTOR_TRANSCRIPTION_PATHWAY,bmi,0.2884389068655516,0.005761837534319183,50.06022907579838,0
bmi,alt_log_adj,REACTOME_NUCLEAR_RECEPTOR_TRANSCRIPTION_PATHWAY,ppgs:bmi,-0.002842731483862516,0.006327656132378775,-0.4492550518534324,0.6532511128626252
bmi,alt_log_adj,REACTOME_NUCLEAR_RNA_DECAY,ppgs,0.007636030569957405,0.005807368543843175,1.3148865122488105,0.1885586829527813
bmi,alt_log_adj,REACTOME_NUCLEAR_RNA_DECAY,bmi,0.28836677042990416,0.005761989828858971,50.04638657736203,0
bmi,alt_log_adj,REACTOME_NUCLEAR_RNA_DECAY,ppgs:bmi,0.0029978662308998445,0.005721192578869987,0.5239932390970072,0.6002873388793323
bmi,alt_log_adj,REACTOME_NUCLEAR_SIGNALING_BY_ERBB4,ppgs,-0.0012488019100551462,0.005816637836854391,-0.2146948022348409,0.8300068196305689
bmi,alt_log_adj,REACTOME_NUCLEAR_SIGNALING_BY_ERBB4,bmi,0.28840149776926716,0.005761805618293736,50.05401377193154,0
bmi,alt_log_adj,REACTOME_NUCLEAR_SIGNALING_BY_ERBB4,ppgs:bmi,0.0015064972233904976,0.005927710739366782,0.2541448612506734,0.799385489860845
bmi,alt_log_adj,REACTOME_NUCLEOTIDE_BINDING_DOMAIN_LEUCINE_RICH_REPEAT_CONTAINING_RECEPTOR_NLR_SIGNALING_PATHWAYS,ppgs,0.03667792497219296,0.005795779416674162,6.328385249906585,2.514412921151609e-10
bmi,alt_log_adj,REACTOME_NUCLEOTIDE_BINDING_DOMAIN_LEUCINE_RICH_REPEAT_CONTAINING_RECEPTOR_NLR_SIGNALING_PATHWAYS,bmi,0.28823452603512567,0.005757891305298824,50.0590425821119,0
bmi,alt_log_adj,REACTOME_NUCLEOTIDE_BINDING_DOMAIN_LEUCINE_RICH_REPEAT_CONTAINING_RECEPTOR_NLR_SIGNALING_PATHWAYS,ppgs:bmi,0.009108460719160162,0.005845429032764794,1.5582193656112195,0.11919241897646835
bmi,alt_log_adj,REACTOME_NUCLEOTIDE_BIOSYNTHESIS,ppgs,0.012875686926469733,0.005698893377795171,2.259331079370215,0.023870358833811136
bmi,alt_log_adj,REACTOME_NUCLEOTIDE_BIOSYNTHESIS,bmi,0.28860010345893566,0.005761242943422448,50.09337503956979,0
bmi,alt_log_adj,REACTOME_NUCLEOTIDE_BIOSYNTHESIS,ppgs:bmi,0.00926572380012242,0.005700520181439967,1.6254172435508987,0.10408480043763225
bmi,alt_log_adj,REACTOME_NUCLEOTIDE_CATABOLISM,ppgs,0.012403800842481693,0.00573060467405697,2.1644837757933226,0.030435560434186812
bmi,alt_log_adj,REACTOME_NUCLEOTIDE_CATABOLISM,bmi,0.2885396987725177,0.005761371828519084,50.08176999516531,0
bmi,alt_log_adj,REACTOME_NUCLEOTIDE_CATABOLISM,ppgs:bmi,-0.008633276017524564,0.00573969698864043,-1.5041344577267555,0.13255789003557208
bmi,alt_log_adj,REACTOME_NUCLEOTIDE_EXCISION_REPAIR,ppgs,0.001506443469634036,0.00575574675895012,0.2617285875705935,0.793532600437338
bmi,alt_log_adj,REACTOME_NUCLEOTIDE_EXCISION_REPAIR,bmi,0.28845440207814677,0.005761685730326557,50.064237374119664,0
bmi,alt_log_adj,REACTOME_NUCLEOTIDE_EXCISION_REPAIR,ppgs:bmi,-0.004886877156446621,0.005634080773305184,-0.8673779012187958,0.3857423279916974
bmi,alt_log_adj,REACTOME_NUCLEOTIDE_LIKE_PURINERGIC_RECEPTORS,ppgs,0.003689875496809966,0.005704529644184345,0.6468325571016571,0.5177455559239181
bmi,alt_log_adj,REACTOME_NUCLEOTIDE_LIKE_PURINERGIC_RECEPTORS,bmi,0.2884197916886958,0.005761529253646462,50.05958990942473,0
bmi,alt_log_adj,REACTOME_NUCLEOTIDE_LIKE_PURINERGIC_RECEPTORS,ppgs:bmi,0.0031614319222412067,0.005689214870016864,0.5556886133625387,0.5784281273374452
bmi,alt_log_adj,REACTOME_NUCLEOTIDE_SALVAGE,ppgs,-7.274265264133995e-4,0.005793954438579894,-0.12554923137981952,0.90008964263489
bmi,alt_log_adj,REACTOME_NUCLEOTIDE_SALVAGE,bmi,0.2884214200543838,0.005761992141681553,50.055850990836696,0
bmi,alt_log_adj,REACTOME_NUCLEOTIDE_SALVAGE,ppgs:bmi,6.333479060754768e-4,0.0057380803818719755,0.11037626940124097,0.9121117537455962
bmi,alt_log_adj,REACTOME_N_GLYCAN_ANTENNAE_ELONGATION,ppgs,-0.014354157771078868,0.00572954174437764,-2.505288976236975,0.012240700716435496
bmi,alt_log_adj,REACTOME_N_GLYCAN_ANTENNAE_ELONGATION,bmi,0.2883865696043579,0.005761131777636996,50.05727706555663,0
bmi,alt_log_adj,REACTOME_N_GLYCAN_ANTENNAE_ELONGATION,ppgs:bmi,-0.0077360692676367625,0.005746580054640466,-1.3462040368496648,0.1782474880163703
bmi,alt_log_adj,REACTOME_N_GLYCAN_ANTENNAE_ELONGATION_IN_THE_MEDIAL_TRANS_GOLGI,ppgs,-0.008206220465888647,0.005929824178185184,-1.3838893395992986,0.16640323694849696
bmi,alt_log_adj,REACTOME_N_GLYCAN_ANTENNAE_ELONGATION_IN_THE_MEDIAL_TRANS_GOLGI,bmi,0.2887554625820506,0.005764324690498204,50.09354574665602,0
bmi,alt_log_adj,REACTOME_N_GLYCAN_ANTENNAE_ELONGATION_IN_THE_MEDIAL_TRANS_GOLGI,ppgs:bmi,-0.008964202851994082,0.005984161333337941,-1.4979881645326374,0.13414745992316865
bmi,alt_log_adj,REACTOME_N_GLYCAN_TRIMMING_AND_ELONGATION_IN_THE_CIS_GOLGI,ppgs,0.00331857877925797,0.005762997384016684,0.5758424927385605,0.564726220013414
bmi,alt_log_adj,REACTOME_N_GLYCAN_TRIMMING_AND_ELONGATION_IN_THE_CIS_GOLGI,bmi,0.2884111314091965,0.005761552151391475,50.05788784529915,0
bmi,alt_log_adj,REACTOME_N_GLYCAN_TRIMMING_AND_ELONGATION_IN_THE_CIS_GOLGI,ppgs:bmi,-0.0027825671724003693,0.005694003723296303,-0.4886837641176532,0.6250693804049414
bmi,alt_log_adj,REACTOME_N_GLYCAN_TRIMMING_IN_THE_ER_AND_CALNEXIN_CALRETICULIN_CYCLE,ppgs,0.01926204285113108,0.005952618077370322,3.235894290674943,0.0012140138899751863
bmi,alt_log_adj,REACTOME_N_GLYCAN_TRIMMING_IN_THE_ER_AND_CALNEXIN_CALRETICULIN_CYCLE,bmi,0.288446957724122,0.00576054116888284,50.07289233210383,0
bmi,alt_log_adj,REACTOME_N_GLYCAN_TRIMMING_IN_THE_ER_AND_CALNEXIN_CALRETICULIN_CYCLE,ppgs:bmi,0.002653840745015473,0.005912025676848413,0.44888856883825046,0.6535154739852487
bmi,alt_log_adj,REACTOME_OAS_ANTIVIRAL_RESPONSE,ppgs,1.8337195201225187e-4,0.0057111863317728705,0.03210750645485058,0.9743865432530401
bmi,alt_log_adj,REACTOME_OAS_ANTIVIRAL_RESPONSE,bmi,0.2884131045495542,0.005761929355535571,50.05495325493212,0
bmi,alt_log_adj,REACTOME_OAS_ANTIVIRAL_RESPONSE,ppgs:bmi,4.7868863379334954e-5,0.005720496293900607,0.008367956366019223,0.9933234736119758
bmi,alt_log_adj,REACTOME_OLFACTORY_SIGNALING_PATHWAY,ppgs,-0.003681053577794977,0.005966337324031409,-0.6169704087913884,0.5372591990120287
bmi,alt_log_adj,REACTOME_OLFACTORY_SIGNALING_PATHWAY,bmi,0.28835716941841266,0.0057625859968690124,50.039542936987985,0
bmi,alt_log_adj,REACTOME_OLFACTORY_SIGNALING_PATHWAY,ppgs:bmi,-0.001011317081946546,0.005955341092090523,-0.16981681927332562,0.8651554109548283
bmi,alt_log_adj,REACTOME_ONCOGENE_INDUCED_SENESCENCE,ppgs,0.002019407618511723,0.006170960652549982,0.32724363874808665,0.7434860335979783
bmi,alt_log_adj,REACTOME_ONCOGENE_INDUCED_SENESCENCE,bmi,0.2884284519229273,0.0057617943492236975,50.05878975215214,0
bmi,alt_log_adj,REACTOME_ONCOGENE_INDUCED_SENESCENCE,ppgs:bmi,0.0015547438377751409,0.0062296615078657885,0.2495711582101318,0.8029208135790171
bmi,alt_log_adj,REACTOME_ONCOGENIC_MAPK_SIGNALING,ppgs,0.017085947397000034,0.005725667054840384,2.9840972647118655,0.0028465870149056555
bmi,alt_log_adj,REACTOME_ONCOGENIC_MAPK_SIGNALING,bmi,0.2883844330338869,0.0057606886984721195,50.060756296443124,0
bmi,alt_log_adj,REACTOME_ONCOGENIC_MAPK_SIGNALING,ppgs:bmi,-0.007571046999653635,0.005645556843964002,-1.3410629294696212,0.17991076650438229
bmi,alt_log_adj,REACTOME_OPIOID_SIGNALLING,ppgs,0.0013437005287598605,0.00717564967593545,0.18725837930273395,0.8514593943464477
bmi,alt_log_adj,REACTOME_OPIOID_SIGNALLING,bmi,0.28848135789344953,0.005762307553015923,50.06351279227743,0
bmi,alt_log_adj,REACTOME_OPIOID_SIGNALLING,ppgs:bmi,-0.007242697239083656,0.007200526112624374,-1.0058566729430152,0.31449310626244725
bmi,alt_log_adj,REACTOME_OPSINS,ppgs,-2.775440772639231e-4,0.005723196292143328,-0.04849459342237295,0.9613224148300747
bmi,alt_log_adj,REACTOME_OPSINS,bmi,0.2884249067671757,0.005761488851999689,50.06082875037927,0
bmi,alt_log_adj,REACTOME_OPSINS,ppgs:bmi,-0.006356883079088872,0.005736170239015463,-1.1082103239983243,0.26778039543283083
bmi,alt_log_adj,REACTOME_ORC1_REMOVAL_FROM_CHROMATIN,ppgs,-0.010093963375343448,0.006105424640066103,-1.6532778586935701,0.09828539998672114
bmi,alt_log_adj,REACTOME_ORC1_REMOVAL_FROM_CHROMATIN,bmi,0.28833113113054976,0.005762239449224669,50.03803359288476,0
bmi,alt_log_adj,REACTOME_ORC1_REMOVAL_FROM_CHROMATIN,ppgs:bmi,4.542568260382676e-4,0.006178855864354725,0.073517951544854,0.94139447816230315
bmi,alt_log_adj,REACTOME_OREXIN_AND_NEUROPEPTIDES_FF_AND_QRFP_BIND_TO_THEIR_RESPECTIVE_RECEPTORS,ppgs,-0.005248251247743857,0.005794061978278207,-0.9057982581856079,0.36505034163515326
bmi,alt_log_adj,REACTOME_OREXIN_AND_NEUROPEPTIDES_FF_AND_QRFP_BIND_TO_THEIR_RESPECTIVE_RECEPTORS,bmi,0.2883728405082332,0.005763277044658867,50.03626205606124,0
bmi,alt_log_adj,REACTOME_OREXIN_AND_NEUROPEPTIDES_FF_AND_QRFP_BIND_TO_THEIR_RESPECTIVE_RECEPTORS,ppgs:bmi,4.6971842188300346e-4,0.005586870119458475,0.0840754146488969,0.932997065364387
bmi,alt_log_adj,REACTOME_ORGANELLE_BIOGENESIS_AND_MAINTENANCE,ppgs,0.023593021079973943,0.006294590924531562,3.748142073542248,1.7850280769490012e-4
bmi,alt_log_adj,REACTOME_ORGANELLE_BIOGENESIS_AND_MAINTENANCE,bmi,0.2886126015124833,0.005760031622133484,50.10607934919336,0
bmi,alt_log_adj,REACTOME_ORGANELLE_BIOGENESIS_AND_MAINTENANCE,ppgs:bmi,0.013951506388076705,0.006255264530362002,2.230362332457475,0.025731193755320347
bmi,alt_log_adj,REACTOME_ORGANIC_ANION_TRANSPORT,ppgs,8.874844862578289e-4,0.005688330999719936,0.15601843252467623,0.8760196030264098
bmi,alt_log_adj,REACTOME_ORGANIC_ANION_TRANSPORT,bmi,0.28844923184829235,0.005762160973853533,50.0592109726132,0
bmi,alt_log_adj,REACTOME_ORGANIC_ANION_TRANSPORT,ppgs:bmi,0.0023669738322481914,0.00583648385729609,0.4055479103723173,0.6850778695675009
bmi,alt_log_adj,REACTOME_ORGANIC_ANION_TRANSPORTERS,ppgs,0.010520364295078348,0.005675309455346149,1.8537076044669514,0.06379138438743026
bmi,alt_log_adj,REACTOME_ORGANIC_ANION_TRANSPORTERS,bmi,0.2884433378429059,0.005761447644056611,50.064385838940666,0
bmi,alt_log_adj,REACTOME_ORGANIC_ANION_TRANSPORTERS,ppgs:bmi,-0.009220917911484812,0.005576101005306404,-1.6536497281361795,0.09820977482112138
bmi,alt_log_adj,REACTOME_ORGANIC_CATION_ANION_ZWITTERION_TRANSPORT,ppgs,0.005478238278884695,0.005830608247253293,0.9395654872654849,0.3474484917609101
bmi,alt_log_adj,REACTOME_ORGANIC_CATION_ANION_ZWITTERION_TRANSPORT,bmi,0.2883413374247835,0.0057617826494097855,50.04377203543422,0
bmi,alt_log_adj,REACTOME_ORGANIC_CATION_ANION_ZWITTERION_TRANSPORT,ppgs:bmi,0.00678035254481607,0.0057945685562821436,1.170122068443766,0.2419616858431579
bmi,alt_log_adj,REACTOME_ORGANIC_CATION_TRANSPORT,ppgs,0.00543167978900677,0.0058319616840805805,0.9313641075238107,0.3516731822662186
bmi,alt_log_adj,REACTOME_ORGANIC_CATION_TRANSPORT,bmi,0.288315408421871,0.005762047840998686,50.036968865551756,0
bmi,alt_log_adj,REACTOME_ORGANIC_CATION_TRANSPORT,ppgs:bmi,0.006411156496044187,0.005789461249110814,1.1073839551182518,0.2681373560572456
bmi,alt_log_adj,REACTOME_OTHER_INTERLEUKIN_SIGNALING,ppgs,-0.010012090695028715,0.006102612069600355,-1.6406238149895018,0.10088662264725679
bmi,alt_log_adj,REACTOME_OTHER_INTERLEUKIN_SIGNALING,bmi,0.28881719452933596,0.005762287965439593,50.121964792730154,0
bmi,alt_log_adj,REACTOME_OTHER_INTERLEUKIN_SIGNALING,ppgs:bmi,-0.016160034650831857,0.006117426289987523,-2.6416394550239555,0.008255111066802377
bmi,alt_log_adj,REACTOME_OTHER_SEMAPHORIN_INTERACTIONS,ppgs,0.0027955322867057944,0.005964672299892525,0.4686816217474623,0.6393008292849784
bmi,alt_log_adj,REACTOME_OTHER_SEMAPHORIN_INTERACTIONS,bmi,0.288463194038282,0.005762505025639904,50.05864511263473,0
bmi,alt_log_adj,REACTOME_OTHER_SEMAPHORIN_INTERACTIONS,ppgs:bmi,3.890965109550017e-4,0.005988686052428856,0.06497193333372255,0.948196805114909
bmi,alt_log_adj,REACTOME_OVARIAN_TUMOR_DOMAIN_PROTEASES,ppgs,0.003513534910686888,0.006032021520324621,0.5824804999200006,0.5602477052741188
bmi,alt_log_adj,REACTOME_OVARIAN_TUMOR_DOMAIN_PROTEASES,bmi,0.28835259930346313,0.005762030908473871,50.043570380610134,0
bmi,alt_log_adj,REACTOME_OVARIAN_TUMOR_DOMAIN_PROTEASES,ppgs:bmi,0.0034746392660195786,0.006054939113863233,0.5738520570857821,0.566072471015022
bmi,alt_log_adj,REACTOME_OXIDATIVE_STRESS_INDUCED_SENESCENCE,ppgs,0.003754116647507181,0.0061809538988683325,0.6073684918107091,0.54361125857766
bmi,alt_log_adj,REACTOME_OXIDATIVE_STRESS_INDUCED_SENESCENCE,bmi,0.2885088252645405,0.005762300464263052,50.06834111720314,0
bmi,alt_log_adj,REACTOME_OXIDATIVE_STRESS_INDUCED_SENESCENCE,ppgs:bmi,0.00602516949603864,0.006230244741156572,0.9670839182667706,0.33351033441858824
bmi,alt_log_adj,REACTOME_O_GLYCOSYLATION_OF_TSR_DOMAIN_CONTAINING_PROTEINS,ppgs,0.0045901299414734574,0.0061887934999574675,0.7416841330228586,0.458284879909744
bmi,alt_log_adj,REACTOME_O_GLYCOSYLATION_OF_TSR_DOMAIN_CONTAINING_PROTEINS,bmi,0.2883204631078791,0.0057623088654312855,50.035579459744824,0
bmi,alt_log_adj,REACTOME_O_GLYCOSYLATION_OF_TSR_DOMAIN_CONTAINING_PROTEINS,ppgs:bmi,0.00421636588378119,0.0061867446249702935,0.681516070141886,0.4955505692186316
bmi,alt_log_adj,REACTOME_O_LINKED_GLYCOSYLATION,ppgs,0.0046740204287176275,0.006687747165763316,0.6988931119653282,0.48462456615231153
bmi,alt_log_adj,REACTOME_O_LINKED_GLYCOSYLATION,bmi,0.28841340181332037,0.005762260887723928,50.05212492682583,0
bmi,alt_log_adj,REACTOME_O_LINKED_GLYCOSYLATION,ppgs:bmi,-0.002428847068192566,0.00664671422821346,-0.36542071537885346,0.7148001065952279
bmi,alt_log_adj,REACTOME_O_LINKED_GLYCOSYLATION_OF_MUCINS,ppgs,-0.001969269148879052,0.006202641260913113,-0.31748880292153936,0.7508750726421727
bmi,alt_log_adj,REACTOME_O_LINKED_GLYCOSYLATION_OF_MUCINS,bmi,0.2884716860798158,0.0057614187671943115,50.06955712408585,0
bmi,alt_log_adj,REACTOME_O_LINKED_GLYCOSYLATION_OF_MUCINS,ppgs:bmi,-0.010035113495791158,0.006066802698176313,-1.6541024976480154,0.09811776018317764
bmi,alt_log_adj,REACTOME_P130CAS_LINKAGE_TO_MAPK_SIGNALING_FOR_INTEGRINS,ppgs,0.01594607435097113,0.0056873495985481255,2.8037795241287555,0.0050541756622083
bmi,alt_log_adj,REACTOME_P130CAS_LINKAGE_TO_MAPK_SIGNALING_FOR_INTEGRINS,bmi,0.2884523863725862,0.005760708390526121,50.072381175718924,0
bmi,alt_log_adj,REACTOME_P130CAS_LINKAGE_TO_MAPK_SIGNALING_FOR_INTEGRINS,ppgs:bmi,0.008093296851075056,0.005612882898252131,1.4419144311019447,0.14933756160237652
bmi,alt_log_adj,REACTOME_P2Y_RECEPTORS,ppgs,6.140520896084424e-4,0.0057326487342834916,0.1071148989011257,0.9146985855564477
bmi,alt_log_adj,REACTOME_P2Y_RECEPTORS,bmi,0.28840727811758005,0.005761771548276047,50.05531297121162,0
bmi,alt_log_adj,REACTOME_P2Y_RECEPTORS,ppgs:bmi,8.189000847669883e-4,0.005754921007580685,0.14229562555042718,0.886847512917716
bmi,alt_log_adj,REACTOME_P38MAPK_EVENTS,ppgs,0.009793195907339356,0.005712772443517077,1.7142632590683342,0.08649131852998755
bmi,alt_log_adj,REACTOME_P38MAPK_EVENTS,bmi,0.2884125166105324,0.005761544373431405,50.05819584424418,0
bmi,alt_log_adj,REACTOME_P38MAPK_EVENTS,ppgs:bmi,0.005897826236470362,0.005712785163016091,1.0323906935363516,0.30189793733846754
bmi,alt_log_adj,REACTOME_P75NTR_NEGATIVELY_REGULATES_CELL_CYCLE_VIA_SC1,ppgs,-0.0027721468422530547,0.005748774862060287,-0.4822152386847087,0.6296567757223588
bmi,alt_log_adj,REACTOME_P75NTR_NEGATIVELY_REGULATES_CELL_CYCLE_VIA_SC1,bmi,0.2884324134423985,0.005761598481197436,50.06117909529396,0
bmi,alt_log_adj,REACTOME_P75NTR_NEGATIVELY_REGULATES_CELL_CYCLE_VIA_SC1,ppgs:bmi,-0.0053369246168672516,0.005773117348397649,-0.9244441598521353,0.3552629807552967
bmi,alt_log_adj,REACTOME_P75NTR_RECRUITS_SIGNALLING_COMPLEXES,ppgs,2.1261307640068304e-4,0.005855949790003693,0.03630718910254676,0.9710376732890419
bmi,alt_log_adj,REACTOME_P75NTR_RECRUITS_SIGNALLING_COMPLEXES,bmi,0.28842643972792026,0.005761705131869151,50.05921565346612,0
bmi,alt_log_adj,REACTOME_P75NTR_RECRUITS_SIGNALLING_COMPLEXES,ppgs:bmi,0.0018598463233421884,0.005732760828059697,0.32442419614628676,0.745619297370971
bmi,alt_log_adj,REACTOME_P75NTR_REGULATES_AXONOGENESIS,ppgs,-0.005986700560571417,0.005801822289227903,-1.0318655522570508,0.3021439084624001
bmi,alt_log_adj,REACTOME_P75NTR_REGULATES_AXONOGENESIS,bmi,0.2884163890009627,0.0057619510069312875,50.05533519011439,0
bmi,alt_log_adj,REACTOME_P75NTR_REGULATES_AXONOGENESIS,ppgs:bmi,-0.0029727891380685063,0.005856742113256457,-0.5075840937813771,0.6117489968140641
bmi,alt_log_adj,REACTOME_P75NTR_SIGNALS_VIA_NF_KB,ppgs,3.6426088356853585e-5,0.0058142828517215046,0.006264932285856797,0.9950013840376728
bmi,alt_log_adj,REACTOME_P75NTR_SIGNALS_VIA_NF_KB,bmi,0.28840338152903494,0.005761651139882292,50.055682742174305,0
bmi,alt_log_adj,REACTOME_P75NTR_SIGNALS_VIA_NF_KB,ppgs:bmi,-0.0029098725041225024,0.0057355953713545205,-0.5073357368714289,0.6119232143894009
bmi,alt_log_adj,REACTOME_P75_NTR_RECEPTOR_MEDIATED_SIGNALLING,ppgs,0.008019247192507677,0.00632650273905867,1.2675640117877944,0.20496410234616871
bmi,alt_log_adj,REACTOME_P75_NTR_RECEPTOR_MEDIATED_SIGNALLING,bmi,0.2885139547430923,0.005761928440332414,50.07246405969727,0
bmi,alt_log_adj,REACTOME_P75_NTR_RECEPTOR_MEDIATED_SIGNALLING,ppgs:bmi,-0.004179095386114972,0.006346173387114399,-0.6585220937392643,0.5102080530837971
bmi,alt_log_adj,REACTOME_PARACETAMOL_ADME,ppgs,0.023353621188654194,0.005703200956822035,4.09482698671509,4.236549227177051e-5
bmi,alt_log_adj,REACTOME_PARACETAMOL_ADME,bmi,0.28836728372155607,0.005759697412175076,50.066394653301394,0
bmi,alt_log_adj,REACTOME_PARACETAMOL_ADME,ppgs:bmi,-0.008326014455288699,0.005696673569068471,-1.4615572323639707,0.14387366558017983
bmi,alt_log_adj,REACTOME_PARASITE_INFECTION,ppgs,0.027914695927081696,0.006324890883517772,4.413466799850329,1.0210355769401752e-5
bmi,alt_log_adj,REACTOME_PARASITE_INFECTION,bmi,0.2884083929466633,0.005760266787876017,50.06858250970145,0
bmi,alt_log_adj,REACTOME_PARASITE_INFECTION,ppgs:bmi,0.0013108901426742618,0.0063971433536317715,0.20491805016844689,0.8376376237024252
bmi,alt_log_adj,REACTOME_PASSIVE_TRANSPORT_BY_AQUAPORINS,ppgs,-0.002276818569851166,0.005693997705932191,-0.39986292363256537,0.6892604945679384
bmi,alt_log_adj,REACTOME_PASSIVE_TRANSPORT_BY_AQUAPORINS,bmi,0.2884733239827937,0.005762163188405693,50.06337282554646,0
bmi,alt_log_adj,REACTOME_PASSIVE_TRANSPORT_BY_AQUAPORINS,ppgs:bmi,-0.0034087145585083886,0.005742390947632803,-0.5936054492969639,0.5527807716860882
bmi,alt_log_adj,REACTOME_PCNA_DEPENDENT_LONG_PATCH_BASE_EXCISION_REPAIR,ppgs,0.002648244113240416,0.005710774445612076,0.4637276674926669,0.6428464325636367
bmi,alt_log_adj,REACTOME_PCNA_DEPENDENT_LONG_PATCH_BASE_EXCISION_REPAIR,bmi,0.28839880935243045,0.005761724039967221,50.05425587062153,0
bmi,alt_log_adj,REACTOME_PCNA_DEPENDENT_LONG_PATCH_BASE_EXCISION_REPAIR,ppgs:bmi,-3.913333673476932e-5,0.005661451629019083,-0.006912244296883564,0.9944849195521187
bmi,alt_log_adj,REACTOME_PCP_CE_PATHWAY,ppgs,-0.005323188202398562,0.006037209614425055,-0.8817298954933682,0.3779303661746821
bmi,alt_log_adj,REACTOME_PCP_CE_PATHWAY,bmi,0.2884979924512663,0.005761957127402342,50.0694444738657,0
bmi,alt_log_adj,REACTOME_PCP_CE_PATHWAY,ppgs:bmi,-0.004005494026419884,0.006005402699336445,-0.6669817540899402,0.5047892168284154
bmi,alt_log_adj,REACTOME_PDH_COMPLEX_SYNTHESIZES_ACETYL_COA_FROM_PYR,ppgs,5.187133033713233e-5,0.005714881841657859,0.009076535923984164,0.9927581354262586
bmi,alt_log_adj,REACTOME_PDH_COMPLEX_SYNTHESIZES_ACETYL_COA_FROM_PYR,bmi,0.2882005647688582,0.005762360244097647,50.014326171998775,0
bmi,alt_log_adj,REACTOME_PDH_COMPLEX_SYNTHESIZES_ACETYL_COA_FROM_PYR,ppgs:bmi,0.01066470297204453,0.005641039152019325,1.8905564532780954,0.05869376708221715
bmi,alt_log_adj,REACTOME_PECAM1_INTERACTIONS,ppgs,0.017812731965086974,0.0057433306412938406,3.1014637807922156,0.001927553897698068
bmi,alt_log_adj,REACTOME_PECAM1_INTERACTIONS,bmi,0.28822561511027645,0.0057603653615491855,50.035995465530924,0
bmi,alt_log_adj,REACTOME_PECAM1_INTERACTIONS,ppgs:bmi,0.014218127945784156,0.005730604138183657,2.4810870901110023,0.013103990757613704
bmi,alt_log_adj,REACTOME_PENTOSE_PHOSPHATE_PATHWAY,ppgs,0.01624902984206618,0.00571909655664285,2.841188233339511,0.004497781996315949
bmi,alt_log_adj,REACTOME_PENTOSE_PHOSPHATE_PATHWAY,bmi,0.28857898054399983,0.005760786182140344,50.093680171407115,0
bmi,alt_log_adj,REACTOME_PENTOSE_PHOSPHATE_PATHWAY,ppgs:bmi,0.009015732766565688,0.005769157035017589,1.562746985710747,0.118123280712377
bmi,alt_log_adj,REACTOME_PEPTIDE_HORMONE_BIOSYNTHESIS,ppgs,-0.0033021489898928187,0.005705913183615231,-0.5787240155309545,0.5627800066432669
bmi,alt_log_adj,REACTOME_PEPTIDE_HORMONE_BIOSYNTHESIS,bmi,0.28842642456541834,0.0057616418130464345,50.05976315853528,0
bmi,alt_log_adj,REACTOME_PEPTIDE_HORMONE_BIOSYNTHESIS,ppgs:bmi,0.002968401075323658,0.005651920581370071,0.5252021914653467,0.5994467491796095
bmi,alt_log_adj,REACTOME_PEPTIDE_HORMONE_METABOLISM,ppgs,0.010613947087550342,0.0060085512884016316,1.7664735770897977,0.07732719077479151
bmi,alt_log_adj,REACTOME_PEPTIDE_HORMONE_METABOLISM,bmi,0.2883609995927855,0.005763057011695803,50.036117811705296,0
bmi,alt_log_adj,REACTOME_PEPTIDE_HORMONE_METABOLISM,ppgs:bmi,5.047190334575778e-4,0.006061701166660641,0.08326359541336889,0.9336425342996657
bmi,alt_log_adj,REACTOME_PEPTIDE_LIGAND_BINDING_RECEPTORS,ppgs,-0.002315753456773519,0.006111361053850277,-0.37892597677804507,0.7047456713966542
bmi,alt_log_adj,REACTOME_PEPTIDE_LIGAND_BINDING_RECEPTORS,bmi,0.28832655695635867,0.005762134741302462,50.03814903696367,0
bmi,alt_log_adj,REACTOME_PEPTIDE_LIGAND_BINDING_RECEPTORS,ppgs:bmi,-0.006359628078990656,0.006129291202816015,-1.0375796920969942,0.2994746265913925
bmi,alt_log_adj,REACTOME_PERK_REGULATES_GENE_EXPRESSION,ppgs,0.01061295782628398,0.005714830112338939,1.8570906952018487,0.06330861611636532
bmi,alt_log_adj,REACTOME_PERK_REGULATES_GENE_EXPRESSION,bmi,0.2884913249262568,0.00576216105700508,50.0665153355158,0
bmi,alt_log_adj,REACTOME_PERK_REGULATES_GENE_EXPRESSION,ppgs:bmi,-0.008941604720939524,0.005881367611521139,-1.52032746659529,0.12843984712852646
bmi,alt_log_adj,REACTOME_PEROXISOMAL_LIPID_METABOLISM,ppgs,0.00948574158306218,0.005718989314027384,1.6586395011782602,0.09719952006177711
bmi,alt_log_adj,REACTOME_PEROXISOMAL_LIPID_METABOLISM,bmi,0.2883209349870994,0.0057623083444273875,50.03566587441103,0
bmi,alt_log_adj,REACTOME_PEROXISOMAL_LIPID_METABOLISM,ppgs:bmi,0.0037809744162736096,0.005714749732433216,0.6616167974627566,0.5082222171909302
bmi,alt_log_adj,REACTOME_PEROXISOMAL_PROTEIN_IMPORT,ppgs,0.01120557751934228,0.0060580749422267256,1.8496927862737074,0.06436824184528628
bmi,alt_log_adj,REACTOME_PEROXISOMAL_PROTEIN_IMPORT,bmi,0.2884044114091795,0.005761177112788957,50.05998006361661,0
bmi,alt_log_adj,REACTOME_PEROXISOMAL_PROTEIN_IMPORT,ppgs:bmi,0.0053077193211741504,0.006050245130453143,0.8772734338412863,0.3803455726609992
bmi,alt_log_adj,REACTOME_PEXOPHAGY,ppgs,0.0034271636908173044,0.005676086771846725,0.6037898694248239,0.5459881869498329
bmi,alt_log_adj,REACTOME_PEXOPHAGY,bmi,0.2883595227298059,0.005761253994517086,50.05152055511424,0
bmi,alt_log_adj,REACTOME_PEXOPHAGY,ppgs:bmi,0.011124109254861271,0.005649371197626887,1.9690880393085408,0.04895270648612144
bmi,alt_log_adj,REACTOME_PHASE_0_RAPID_DEPOLARISATION,ppgs,-0.0038351830409754117,0.006044447882155195,-0.6344968334159823,0.5257617529929505
bmi,alt_log_adj,REACTOME_PHASE_0_RAPID_DEPOLARISATION,bmi,0.2884200939205873,0.005761618266705248,50.05886897910001,0
bmi,alt_log_adj,REACTOME_PHASE_0_RAPID_DEPOLARISATION,ppgs:bmi,-8.317492392825009e-4,0.0060287480538383734,-0.1379638412245382,0.8902699746245659
bmi,alt_log_adj,REACTOME_PHASE_1_INACTIVATION_OF_FAST_NA_CHANNELS,ppgs,-0.003671349729008902,0.00574559148000667,-0.6389855146827529,0.5228375179561087
bmi,alt_log_adj,REACTOME_PHASE_1_INACTIVATION_OF_FAST_NA_CHANNELS,bmi,0.28843497346721475,0.00576156201101844,50.06194030639786,0
bmi,alt_log_adj,REACTOME_PHASE_1_INACTIVATION_OF_FAST_NA_CHANNELS,ppgs:bmi,0.006746422512153519,0.0056789895801389835,1.1879617697746176,0.23485842474613952
bmi,alt_log_adj,REACTOME_PHASE_2_PLATEAU_PHASE,ppgs,-3.6528175353190095e-4,0.005851324745399228,-0.06242718861555483,0.9502230839180502
bmi,alt_log_adj,REACTOME_PHASE_2_PLATEAU_PHASE,bmi,0.2884213569686722,0.0057618641945202595,50.05695157532025,0
bmi,alt_log_adj,REACTOME_PHASE_2_PLATEAU_PHASE,ppgs:bmi,-6.191160357590233e-4,0.005836851010210729,-0.10607021400340169,0.9155273941028857
bmi,alt_log_adj,REACTOME_PHASE_3_RAPID_REPOLARISATION,ppgs,0.0017244495002978573,0.0057203828336610035,0.30145700916213364,0.7630682389627383
bmi,alt_log_adj,REACTOME_PHASE_3_RAPID_REPOLARISATION,bmi,0.28847566455135615,0.005762006821411556,50.065137632149906,0
bmi,alt_log_adj,REACTOME_PHASE_3_RAPID_REPOLARISATION,ppgs:bmi,-0.005516616855642161,0.005679101354034243,-0.9713890476216526,0.33136286850908125
bmi,alt_log_adj,REACTOME_PHASE_4_RESTING_MEMBRANE_POTENTIAL,ppgs,0.0015112269844036207,0.005825253719513166,0.25942680905749776,0.7953078307851152
bmi,alt_log_adj,REACTOME_PHASE_4_RESTING_MEMBRANE_POTENTIAL,bmi,0.28839404707552646,0.005761778380659165,50.05295726812271,0
bmi,alt_log_adj,REACTOME_PHASE_4_RESTING_MEMBRANE_POTENTIAL,ppgs:bmi,0.002272108510102394,0.005883123446123844,0.38620785895618015,0.6993456322862286
bmi,alt_log_adj,REACTOME_PHASE_II_CONJUGATION_OF_COMPOUNDS,ppgs,0.0074387040187555145,0.005736121138702994,1.2968178040322027,0.1947044384146459
bmi,alt_log_adj,REACTOME_PHASE_II_CONJUGATION_OF_COMPOUNDS,bmi,0.28836997471605386,0.005761502095800507,50.05117934891379,0
bmi,alt_log_adj,REACTOME_PHASE_II_CONJUGATION_OF_COMPOUNDS,ppgs:bmi,0.011842567215371583,0.005795011929970396,2.0435794366746163,0.041004336385062165
bmi,alt_log_adj,REACTOME_PHASE_I_FUNCTIONALIZATION_OF_COMPOUNDS,ppgs,0.0049698704494357945,0.006052729996835766,0.8210956794758619,0.4115986756898887
bmi,alt_log_adj,REACTOME_PHASE_I_FUNCTIONALIZATION_OF_COMPOUNDS,bmi,0.28857956823885184,0.005762502023576037,50.07886627339837,0
bmi,alt_log_adj,REACTOME_PHASE_I_FUNCTIONALIZATION_OF_COMPOUNDS,ppgs:bmi,0.007991267630776266,0.006048073544662468,1.3212914115154406,0.18641488067712578
bmi,alt_log_adj,REACTOME_PHENYLALANINE_AND_TYROSINE_METABOLISM,ppgs,-9.211519062129606e-5,0.005768330232140007,-0.01596912571129306,0.9872591350476607
bmi,alt_log_adj,REACTOME_PHENYLALANINE_AND_TYROSINE_METABOLISM,bmi,0.28866718052088713,0.005762693778527028,50.09240324317074,0
bmi,alt_log_adj,REACTOME_PHENYLALANINE_AND_TYROSINE_METABOLISM,ppgs:bmi,0.011232398604585888,0.005798530357565169,1.937111287161119,0.05274166336176097
bmi,alt_log_adj,REACTOME_PHENYLALANINE_METABOLISM,ppgs,-0.009832667480374544,0.005685700676659663,-1.7293677665337834,0.0837541812169498
bmi,alt_log_adj,REACTOME_PHENYLALANINE_METABOLISM,bmi,0.2884327967858059,0.0057612549326224805,50.06423082453556,0
bmi,alt_log_adj,REACTOME_PHENYLALANINE_METABOLISM,ppgs:bmi,0.003925959707443028,0.005675282167184594,0.6917646720974627,0.4890907911524217
bmi,alt_log_adj,REACTOME_PHOSPHATE_BOND_HYDROLYSIS_BY_NTPDASE_PROTEINS,ppgs,0.012676298456963359,0.005731932118710752,2.2115227805270243,0.027007603294292314
bmi,alt_log_adj,REACTOME_PHOSPHATE_BOND_HYDROLYSIS_BY_NTPDASE_PROTEINS,bmi,0.28841747313976274,0.005761385151922417,50.06043955306923,0
bmi,alt_log_adj,REACTOME_PHOSPHATE_BOND_HYDROLYSIS_BY_NTPDASE_PROTEINS,ppgs:bmi,-0.0031324800361569793,0.0057231997408073556,-0.54733019604783,0.5841562109974037
bmi,alt_log_adj,REACTOME_PHOSPHATE_BOND_HYDROLYSIS_BY_NUDT_PROTEINS,ppgs,0.006352556043705322,0.005702293556462503,1.114035252798563,0.2652735086006894
bmi,alt_log_adj,REACTOME_PHOSPHATE_BOND_HYDROLYSIS_BY_NUDT_PROTEINS,bmi,0.2884748529845406,0.005761302652420403,50.07111592433846,0
bmi,alt_log_adj,REACTOME_PHOSPHATE_BOND_HYDROLYSIS_BY_NUDT_PROTEINS,ppgs:bmi,0.00928546916368986,0.005720030356284927,1.6233251548197432,0.10453103392419237
bmi,alt_log_adj,REACTOME_PHOSPHOLIPASE_C_MEDIATED_CASCADE_FGFR1,ppgs,-0.008810579638827101,0.006044863508596281,-1.4575316094892383,0.14498076972797266
bmi,alt_log_adj,REACTOME_PHOSPHOLIPASE_C_MEDIATED_CASCADE_FGFR1,bmi,0.28867980603677657,0.005761490963537382,50.10505229700748,0
bmi,alt_log_adj,REACTOME_PHOSPHOLIPASE_C_MEDIATED_CASCADE_FGFR1,ppgs:bmi,-0.015836931921456084,0.006084530776417854,-2.6028189359870018,0.009250890216601443
bmi,alt_log_adj,REACTOME_PHOSPHOLIPASE_C_MEDIATED_CASCADE_FGFR2,ppgs,-0.009704594769696264,0.0061539964735599015,-1.5769581297927602,0.11481631796709355
bmi,alt_log_adj,REACTOME_PHOSPHOLIPASE_C_MEDIATED_CASCADE_FGFR2,bmi,0.2886678550733379,0.0057617835308686974,50.100433924114434,0
bmi,alt_log_adj,REACTOME_PHOSPHOLIPASE_C_MEDIATED_CASCADE_FGFR2,ppgs:bmi,-0.014594914269689998,0.006214256424033589,-2.3486179638877274,0.018850058884260026
bmi,alt_log_adj,REACTOME_PHOSPHOLIPASE_C_MEDIATED_CASCADE_FGFR4,ppgs,0.0014155060491829836,0.006023899917166971,0.23498166779780988,0.8142246591016222
bmi,alt_log_adj,REACTOME_PHOSPHOLIPASE_C_MEDIATED_CASCADE_FGFR4,bmi,0.28850814914323303,0.005762391794713486,50.06743023060584,0
bmi,alt_log_adj,REACTOME_PHOSPHOLIPASE_C_MEDIATED_CASCADE_FGFR4,ppgs:bmi,-0.005737829526526107,0.006036071632072873,-0.9505900321059734,0.3418206348201037
bmi,alt_log_adj,REACTOME_PHOSPHOLIPID_METABOLISM,ppgs,0.04029310361992784,0.006175548274644147,6.524619649621255,6.932301608330689e-11
bmi,alt_log_adj,REACTOME_PHOSPHOLIPID_METABOLISM,bmi,0.28826783324210586,0.005756397795850768,50.07781662516276,0
bmi,alt_log_adj,REACTOME_PHOSPHOLIPID_METABOLISM,ppgs:bmi,0.019921649833580614,0.006177064521754695,3.2250998453099444,0.0012607143092489238
bmi,alt_log_adj,REACTOME_PHOSPHORYLATED_BMAL1_CLOCK_ARNTL_CLOCK_ACTIVATES_EXPRESSION_OF_CORE_CLOCK_GENES,ppgs,0.0012167177866044307,0.006247424110270597,0.19475511268783233,0.8455860598563226
bmi,alt_log_adj,REACTOME_PHOSPHORYLATED_BMAL1_CLOCK_ARNTL_CLOCK_ACTIVATES_EXPRESSION_OF_CORE_CLOCK_GENES,bmi,0.2884645842555905,0.005762034925605905,50.06297045748245,0
bmi,alt_log_adj,REACTOME_PHOSPHORYLATED_BMAL1_CLOCK_ARNTL_CLOCK_ACTIVATES_EXPRESSION_OF_CORE_CLOCK_GENES,ppgs:bmi,-0.00415483444581689,0.006209009352793285,-0.6691622140893908,0.5033974564866095
bmi,alt_log_adj,REACTOME_PHOSPHORYLATION_AND_NUCLEAR_TRANSLOCATION_OF_BMAL1_ARNTL_AND_CLOCK,ppgs,0.0023449435901405132,0.005717653604722216,0.41012340940063624,0.681718520522098
bmi,alt_log_adj,REACTOME_PHOSPHORYLATION_AND_NUCLEAR_TRANSLOCATION_OF_BMAL1_ARNTL_AND_CLOCK,bmi,0.2883481664764394,0.005761631405483553,50.04627095756387,0
bmi,alt_log_adj,REACTOME_PHOSPHORYLATION_AND_NUCLEAR_TRANSLOCATION_OF_BMAL1_ARNTL_AND_CLOCK,ppgs:bmi,0.011092324502540711,0.005605926301707208,1.9786782603907398,0.04786190506979423
bmi,alt_log_adj,REACTOME_PHOSPHORYLATION_AND_NUCLEAR_TRANSLOCATION_OF_THE_CRY_PER_KINASE_COMPLEX,ppgs,0.003041003297420492,0.005748937047530765,0.5289679243794534,0.5968318426302376
bmi,alt_log_adj,REACTOME_PHOSPHORYLATION_AND_NUCLEAR_TRANSLOCATION_OF_THE_CRY_PER_KINASE_COMPLEX,bmi,0.2884275281417853,0.005761654993153805,50.059840182118634,0
bmi,alt_log_adj,REACTOME_PHOSPHORYLATION_AND_NUCLEAR_TRANSLOCATION_OF_THE_CRY_PER_KINASE_COMPLEX,ppgs:bmi,6.888529207780712e-4,0.005711072836492835,0.12061707852444326,0.9039951957295671
bmi,alt_log_adj,REACTOME_PHOSPHORYLATION_OF_CLOCK_ACETYLATION_OF_BMAL1_ARNTL_AT_TARGET_GENE_PROMOTERS,ppgs,-0.005003437506919418,0.006079285817110558,-0.8230304771716618,0.4104975854626919
bmi,alt_log_adj,REACTOME_PHOSPHORYLATION_OF_CLOCK_ACETYLATION_OF_BMAL1_ARNTL_AT_TARGET_GENE_PROMOTERS,bmi,0.288430871504408,0.005761506785042483,50.06170820681959,0
bmi,alt_log_adj,REACTOME_PHOSPHORYLATION_OF_CLOCK_ACETYLATION_OF_BMAL1_ARNTL_AT_TARGET_GENE_PROMOTERS,ppgs:bmi,-0.005414563416550697,0.006129221599601254,-0.8834014774246293,0.37702688430720854
bmi,alt_log_adj,REACTOME_PHOSPHORYLATION_OF_EMI1,ppgs,-7.30259774778568e-4,0.005835850084252306,-0.1251334020298312,0.9004188274309619
bmi,alt_log_adj,REACTOME_PHOSPHORYLATION_OF_EMI1,bmi,0.2886818912469406,0.005762899046746014,50.09317166677474,0
bmi,alt_log_adj,REACTOME_PHOSPHORYLATION_OF_EMI1,ppgs:bmi,-0.011120368821827343,0.005786930935065332,-1.9216349644756558,0.054661719630445256
bmi,alt_log_adj,REACTOME_PHOSPHORYLATION_OF_THE_APC_C,ppgs,0.0037127739496127916,0.005687484572695621,0.6527971904199993,0.5138923288697594
bmi,alt_log_adj,REACTOME_PHOSPHORYLATION_OF_THE_APC_C,bmi,0.28856943690251063,0.005762705954729565,50.07533599136289,0
bmi,alt_log_adj,REACTOME_PHOSPHORYLATION_OF_THE_APC_C,ppgs:bmi,-0.008689114079006513,0.005566071835239251,-1.5610855080947805,0.11851473975154789
bmi,alt_log_adj,REACTOME_PHYSIOLOGICAL_FACTORS,ppgs,0.007660564989413993,0.005714968493999037,1.3404387088849075,0.18011350035946858
bmi,alt_log_adj,REACTOME_PHYSIOLOGICAL_FACTORS,bmi,0.2883985612190463,0.005763234163391839,50.04109724552905,0
bmi,alt_log_adj,REACTOME_PHYSIOLOGICAL_FACTORS,ppgs:bmi,-0.0020367993038791802,0.005625860046466297,-0.3620422987874592,0.7173231202143084
bmi,alt_log_adj,REACTOME_PI3K_AKT_ACTIVATION,ppgs,0.0033288980804316473,0.00571528870169165,0.5824549299576656,0.5602649236788859
bmi,alt_log_adj,REACTOME_PI3K_AKT_ACTIVATION,bmi,0.28843428860666154,0.005761648068908928,50.06107369922748,0
bmi,alt_log_adj,REACTOME_PI3K_AKT_ACTIVATION,ppgs:bmi,0.0024995679301011062,0.005681393408570566,0.43995684691196124,0.659971716218016
bmi,alt_log_adj,REACTOME_PI3K_AKT_SIGNALING_IN_CANCER,ppgs,0.01467266893922949,0.0064128269712825,2.2880188417581935,0.0221437505272973
bmi,alt_log_adj,REACTOME_PI3K_AKT_SIGNALING_IN_CANCER,bmi,0.28822025735935486,0.005763921700734182,50.004193728489184,0
bmi,alt_log_adj,REACTOME_PI3K_AKT_SIGNALING_IN_CANCER,ppgs:bmi,0.0036276909729867648,0.006396928618444131,0.5670988671855927,0.5706515028459482
bmi,alt_log_adj,REACTOME_PI3K_EVENTS_IN_ERBB2_SIGNALING,ppgs,-0.0032003195262073096,0.005871114204387287,-0.5450957713981817,0.5856919391896216
bmi,alt_log_adj,REACTOME_PI3K_EVENTS_IN_ERBB2_SIGNALING,bmi,0.28865067692629615,0.005763155301655941,50.08552812091624,0
bmi,alt_log_adj,REACTOME_PI3K_EVENTS_IN_ERBB2_SIGNALING,ppgs:bmi,-0.009804505584473744,0.005929712542657652,-1.6534537743509974,0.0982496191338636
bmi,alt_log_adj,REACTOME_PI3K_EVENTS_IN_ERBB4_SIGNALING,ppgs,-0.0035577925477022596,0.005902987725562045,-0.6027104769836718,0.5467061318090973
bmi,alt_log_adj,REACTOME_PI3K_EVENTS_IN_ERBB4_SIGNALING,bmi,0.2887066417527687,0.005763008584230987,50.09651426561142,0
bmi,alt_log_adj,REACTOME_PI3K_EVENTS_IN_ERBB4_SIGNALING,ppgs:bmi,-0.012093148891977774,0.005948668535202387,-2.0329169158466716,0.04207021638206366
bmi,alt_log_adj,REACTOME_PI5P_REGULATES_TP53_ACETYLATION,ppgs,0.008789688530412424,0.006053285719719195,1.4520524781738153,0.1464980812316345
bmi,alt_log_adj,REACTOME_PI5P_REGULATES_TP53_ACETYLATION,bmi,0.28840187987328464,0.005761404641537455,50.05756370486823,0
bmi,alt_log_adj,REACTOME_PI5P_REGULATES_TP53_ACETYLATION,ppgs:bmi,0.005609686504743069,0.006026134844698559,0.9308929602991117,0.3519168636615263
bmi,alt_log_adj,REACTOME_PINK1_PRKN_MEDIATED_MITOPHAGY,ppgs,0.013964498998307045,0.005849780423391769,2.387183447513107,0.016984530501135096
bmi,alt_log_adj,REACTOME_PINK1_PRKN_MEDIATED_MITOPHAGY,bmi,0.2881954219381664,0.005761715833360187,50.01902736499469,0
bmi,alt_log_adj,REACTOME_PINK1_PRKN_MEDIATED_MITOPHAGY,ppgs:bmi,-0.0023030650446104264,0.005894871852644482,-0.39068958616585614,0.6960296331987127
bmi,alt_log_adj,REACTOME_PIWI_INTERACTING_RNA_PIRNA_BIOGENESIS,ppgs,0.004321639896127475,0.005926810759899903,0.7291678562384979,0.46590501513095417
bmi,alt_log_adj,REACTOME_PIWI_INTERACTING_RNA_PIRNA_BIOGENESIS,bmi,0.28840779871483696,0.0057615977460635445,50.05691327755114,0
bmi,alt_log_adj,REACTOME_PIWI_INTERACTING_RNA_PIRNA_BIOGENESIS,ppgs:bmi,-0.002306792173458183,0.005928942557702167,-0.3890731190271825,0.6972249801911623
bmi,alt_log_adj,REACTOME_PI_3K_CASCADE_FGFR1,ppgs,0.012037309345473356,0.005750355460471678,2.093315696432788,0.03632984601429743
bmi,alt_log_adj,REACTOME_PI_3K_CASCADE_FGFR1,bmi,0.28840043370457696,0.00576125000659426,50.05865625940155,0
bmi,alt_log_adj,REACTOME_PI_3K_CASCADE_FGFR1,ppgs:bmi,-0.0016223285921004506,0.005724812176784485,-0.2833854704752394,0.7768834343608582
bmi,alt_log_adj,REACTOME_PI_3K_CASCADE_FGFR2,ppgs,0.005396809996591783,0.005771237931907131,0.9351217295607813,0.3497335348189039
bmi,alt_log_adj,REACTOME_PI_3K_CASCADE_FGFR2,bmi,0.288421957195459,0.005761969005514099,50.05614520304508,0
bmi,alt_log_adj,REACTOME_PI_3K_CASCADE_FGFR2,ppgs:bmi,-6.321818090550485e-4,0.0057917503160896935,-0.10915211715857716,0.9130826108586247
bmi,alt_log_adj,REACTOME_PI_3K_CASCADE_FGFR3,ppgs,0.003339226185274646,0.00573878790588362,0.5818695933772263,0.5606591501081257
bmi,alt_log_adj,REACTOME_PI_3K_CASCADE_FGFR3,bmi,0.2884268298595085,0.0057614518001015734,50.061484477649124,0
bmi,alt_log_adj,REACTOME_PI_3K_CASCADE_FGFR3,ppgs:bmi,-0.006365995057635022,0.0057211154810686785,-1.1127192028722837,0.2658384811566588
bmi,alt_log_adj,REACTOME_PI_3K_CASCADE_FGFR4,ppgs,0.008711227057158887,0.005725547763049323,1.5214661404762164,0.12815405567983204
bmi,alt_log_adj,REACTOME_PI_3K_CASCADE_FGFR4,bmi,0.28843008049095614,0.005761365016071467,50.06280277093596,0
bmi,alt_log_adj,REACTOME_PI_3K_CASCADE_FGFR4,ppgs:bmi,-0.0037691785711128525,0.00568605229380967,-0.6628814468020823,0.507411874719515
bmi,alt_log_adj,REACTOME_PI_METABOLISM,ppgs,0.008523177090264615,0.006307236800320757,1.3513329783069452,0.17659957627364758
bmi,alt_log_adj,REACTOME_PI_METABOLISM,bmi,0.2882494330677465,0.005762706790618952,50.01979860175857,0
bmi,alt_log_adj,REACTOME_PI_METABOLISM,ppgs:bmi,0.003297253645860063,0.006253636346483215,0.5272538189263757,0.59802146545552
bmi,alt_log_adj,REACTOME_PKA_ACTIVATION_IN_GLUCAGON_SIGNALLING,ppgs,0.002492558564679055,0.006076057631685534,0.41022628746653356,0.6816430592277043
bmi,alt_log_adj,REACTOME_PKA_ACTIVATION_IN_GLUCAGON_SIGNALLING,bmi,0.28842075942131373,0.005761600489246218,50.05913894231973,0
bmi,alt_log_adj,REACTOME_PKA_ACTIVATION_IN_GLUCAGON_SIGNALLING,ppgs:bmi,-4.943260425193615e-4,0.006043520701415025,-0.081794382271847,0.934810800864797
bmi,alt_log_adj,REACTOME_PKA_MEDIATED_PHOSPHORYLATION_OF_CREB,ppgs,-0.001031316540026881,0.0060464493677790205,-0.17056564560395945,0.8645665301097923
bmi,alt_log_adj,REACTOME_PKA_MEDIATED_PHOSPHORYLATION_OF_CREB,bmi,0.28842159927406247,0.005761465827938735,50.06045473279329,0
bmi,alt_log_adj,REACTOME_PKA_MEDIATED_PHOSPHORYLATION_OF_CREB,ppgs:bmi,0.008048658349186241,0.006065684938651063,1.3269166517204845,0.18454694311684222
bmi,alt_log_adj,REACTOME_PKA_MEDIATED_PHOSPHORYLATION_OF_KEY_METABOLIC_FACTORS,ppgs,0.008319885121459739,0.005684743709532797,1.4635462118561386,0.14332906598493914
bmi,alt_log_adj,REACTOME_PKA_MEDIATED_PHOSPHORYLATION_OF_KEY_METABOLIC_FACTORS,bmi,0.28839000339580706,0.005761406597518378,50.05548532541096,0
bmi,alt_log_adj,REACTOME_PKA_MEDIATED_PHOSPHORYLATION_OF_KEY_METABOLIC_FACTORS,ppgs:bmi,6.687530955238455e-6,0.005708958978860642,0.0011714098805055892,0.9990653585983402
bmi,alt_log_adj,REACTOME_PKMTS_METHYLATE_HISTONE_LYSINES,ppgs,0.004958988686715548,0.00573225053717144,0.8651032704447257,0.3869894305048034
bmi,alt_log_adj,REACTOME_PKMTS_METHYLATE_HISTONE_LYSINES,bmi,0.28842310751932915,0.005761561353735595,50.059886515367175,0
bmi,alt_log_adj,REACTOME_PKMTS_METHYLATE_HISTONE_LYSINES,ppgs:bmi,0.002629222180689552,0.005805675839228647,0.45287099271441156,0.6506451054230653
bmi,alt_log_adj,REACTOME_PKR_MEDIATED_SIGNALING,ppgs,0.03740191449157023,0.005906979525953121,6.3318171879959655,2.4591808039948015e-10
bmi,alt_log_adj,REACTOME_PKR_MEDIATED_SIGNALING,bmi,0.2881933376312965,0.00575715742609007,50.05826943784319,0
bmi,alt_log_adj,REACTOME_PKR_MEDIATED_SIGNALING,ppgs:bmi,0.01464118495919103,0.005924685175819028,2.471217376907632,0.013471226919744778
bmi,alt_log_adj,REACTOME_PLASMA_LIPOPROTEIN_ASSEMBLY,ppgs,0.017929374468280343,0.005779540694824419,3.102214417200333,0.0019226742889099286
bmi,alt_log_adj,REACTOME_PLASMA_LIPOPROTEIN_ASSEMBLY,bmi,0.2884023461151901,0.005759752324829608,50.07200481033219,0
bmi,alt_log_adj,REACTOME_PLASMA_LIPOPROTEIN_ASSEMBLY,ppgs:bmi,0.016476899246069703,0.005668767970863516,2.9066102777108016,0.003656509948981099
bmi,alt_log_adj,REACTOME_PLASMA_LIPOPROTEIN_ASSEMBLY_REMODELING_AND_CLEARANCE,ppgs,0.018878485452541862,0.00651814301899587,2.8962981323858896,0.0037788211326103384
bmi,alt_log_adj,REACTOME_PLASMA_LIPOPROTEIN_ASSEMBLY_REMODELING_AND_CLEARANCE,bmi,0.2881855938407976,0.0057613113082337205,50.02083352603079,0
bmi,alt_log_adj,REACTOME_PLASMA_LIPOPROTEIN_ASSEMBLY_REMODELING_AND_CLEARANCE,ppgs:bmi,0.0018612075086514735,0.006603984321790664,0.2818310004931703,0.7780751563560266
bmi,alt_log_adj,REACTOME_PLASMA_LIPOPROTEIN_CLEARANCE,ppgs,0.021378092562759222,0.006181227757275029,3.4585511814539047,5.438864949710898e-4
bmi,alt_log_adj,REACTOME_PLASMA_LIPOPROTEIN_CLEARANCE,bmi,0.28830375208803033,0.005760543548990543,50.04801189959785,0
bmi,alt_log_adj,REACTOME_PLASMA_LIPOPROTEIN_CLEARANCE,ppgs:bmi,0.007814712509362633,0.006281816776327902,1.2440210830107656,0.2135020898303941
bmi,alt_log_adj,REACTOME_PLASMA_LIPOPROTEIN_REMODELING,ppgs,0.017387148442558134,0.005704373805011346,3.048038055865722,0.002305528402056075
bmi,alt_log_adj,REACTOME_PLASMA_LIPOPROTEIN_REMODELING,bmi,0.28802608798438983,0.005760112703885133,50.00355076214384,0
bmi,alt_log_adj,REACTOME_PLASMA_LIPOPROTEIN_REMODELING,ppgs:bmi,0.021745139684276868,0.005721019977980617,3.800920075086397,1.4446129185339662e-4
bmi,alt_log_adj,REACTOME_PLATELET_ACTIVATION_SIGNALING_AND_AGGREGATION,ppgs,0.03017815929406675,0.0071183960371682085,4.23946056618564,2.247663385955133e-5
bmi,alt_log_adj,REACTOME_PLATELET_ACTIVATION_SIGNALING_AND_AGGREGATION,bmi,0.2881757932236055,0.005759810928773316,50.032161955875026,0
bmi,alt_log_adj,REACTOME_PLATELET_ACTIVATION_SIGNALING_AND_AGGREGATION,ppgs:bmi,0.010813045489437538,0.007026623997698803,1.5388678109115808,0.12384773220206553
bmi,alt_log_adj,REACTOME_PLATELET_ADHESION_TO_EXPOSED_COLLAGEN,ppgs,-9.396671577684917e-4,0.005696861783010385,-0.16494470000498146,0.8689886848114041
bmi,alt_log_adj,REACTOME_PLATELET_ADHESION_TO_EXPOSED_COLLAGEN,bmi,0.2883594932786905,0.0057617075140317916,50.04757575361702,0
bmi,alt_log_adj,REACTOME_PLATELET_ADHESION_TO_EXPOSED_COLLAGEN,ppgs:bmi,0.0063324519856635874,0.0057511171252257135,1.1010820763653042,0.27087028613989395
bmi,alt_log_adj,REACTOME_PLATELET_AGGREGATION_PLUG_FORMATION,ppgs,0.018178239367105102,0.005688103618395007,3.195834778451943,0.0013957968849766798
bmi,alt_log_adj,REACTOME_PLATELET_AGGREGATION_PLUG_FORMATION,bmi,0.28831790724298606,0.005760614467644109,50.04985299092547,0
bmi,alt_log_adj,REACTOME_PLATELET_AGGREGATION_PLUG_FORMATION,ppgs:bmi,0.00912961618498915,0.005636218527768176,1.6198123156527586,0.10528372324142289
bmi,alt_log_adj,REACTOME_PLATELET_CALCIUM_HOMEOSTASIS,ppgs,0.007867434536834802,0.006194735033382683,1.2700195398896228,0.2040880942904075
bmi,alt_log_adj,REACTOME_PLATELET_CALCIUM_HOMEOSTASIS,bmi,0.28832797905439894,0.005761763392902158,50.04162083600768,0
bmi,alt_log_adj,REACTOME_PLATELET_CALCIUM_HOMEOSTASIS,ppgs:bmi,0.0033143244775144655,0.006133658400679202,0.5403503522705893,0.5889596848086311
bmi,alt_log_adj,REACTOME_PLATELET_HOMEOSTASIS,ppgs,0.0034914312306685144,0.00673954991070353,0.5180510979113812,0.6044266612910156
bmi,alt_log_adj,REACTOME_PLATELET_HOMEOSTASIS,bmi,0.28836104165643817,0.005761923284974276,50.04597031140888,0
bmi,alt_log_adj,REACTOME_PLATELET_HOMEOSTASIS,ppgs:bmi,0.008048106851452182,0.006695155539627305,1.2020791457072244,0.22934290655860634
bmi,alt_log_adj,REACTOME_PLATELET_SENSITIZATION_BY_LDL,ppgs,0.008790994936025632,0.0058648675707174795,1.4989247122847114,0.13390429998865777
bmi,alt_log_adj,REACTOME_PLATELET_SENSITIZATION_BY_LDL,bmi,0.2884181076963342,0.005761852262992269,50.05649130381411,0
bmi,alt_log_adj,REACTOME_PLATELET_SENSITIZATION_BY_LDL,ppgs:bmi,0.005594303814579156,0.005870653640730773,0.9529269067699219,0.3406352311135864
bmi,alt_log_adj,REACTOME_POLB_DEPENDENT_LONG_PATCH_BASE_EXCISION_REPAIR,ppgs,-0.0017385932974285064,0.005712102615648999,-0.30437010929485386,0.7608481716805215
bmi,alt_log_adj,REACTOME_POLB_DEPENDENT_LONG_PATCH_BASE_EXCISION_REPAIR,bmi,0.28840535718535215,0.0057618533528659855,50.05426891711802,0
bmi,alt_log_adj,REACTOME_POLB_DEPENDENT_LONG_PATCH_BASE_EXCISION_REPAIR,ppgs:bmi,0.003303740764708838,0.005781078158709326,0.5714748484643262,0.5676823356061087
bmi,alt_log_adj,REACTOME_POLO_LIKE_KINASE_MEDIATED_EVENTS,ppgs,0.006789737857041774,0.00582206512028893,1.1662078174599362,0.24354024379135114
bmi,alt_log_adj,REACTOME_POLO_LIKE_KINASE_MEDIATED_EVENTS,bmi,0.2882860402629767,0.00576205363140985,50.031821760818865,0
bmi,alt_log_adj,REACTOME_POLO_LIKE_KINASE_MEDIATED_EVENTS,ppgs:bmi,0.008425998948073542,0.005819756467464073,1.4478267252555888,0.1476765754898693
bmi,alt_log_adj,REACTOME_POLYMERASE_SWITCHING,ppgs,-0.003221733138851953,0.005704690335959483,-0.5647516252624224,0.5722471832407117
bmi,alt_log_adj,REACTOME_POLYMERASE_SWITCHING,bmi,0.2884108119639772,0.005761561013219492,50.05775540730006,0
bmi,alt_log_adj,REACTOME_POLYMERASE_SWITCHING,ppgs:bmi,0.0019177887986700738,0.00574642354661521,0.3337360678538393,0.738581198780323
bmi,alt_log_adj,REACTOME_POLYMERASE_SWITCHING_ON_THE_C_STRAND_OF_THE_TELOMERE,ppgs,-0.003221733138851953,0.005704690335959483,-0.5647516252624224,0.5722471832407117
bmi,alt_log_adj,REACTOME_POLYMERASE_SWITCHING_ON_THE_C_STRAND_OF_THE_TELOMERE,bmi,0.2884108119639772,0.005761561013219492,50.05775540730006,0
bmi,alt_log_adj,REACTOME_POLYMERASE_SWITCHING_ON_THE_C_STRAND_OF_THE_TELOMERE,ppgs:bmi,0.0019177887986700738,0.00574642354661521,0.3337360678538393,0.738581198780323
bmi,alt_log_adj,REACTOME_POSITIVE_EPIGENETIC_REGULATION_OF_RRNA_EXPRESSION,ppgs,0.013375847679162705,0.005717555033033271,2.339434881148239,0.01931984298066249
bmi,alt_log_adj,REACTOME_POSITIVE_EPIGENETIC_REGULATION_OF_RRNA_EXPRESSION,bmi,0.288561712416836,0.005761380748803771,50.08551335142183,0
bmi,alt_log_adj,REACTOME_POSITIVE_EPIGENETIC_REGULATION_OF_RRNA_EXPRESSION,ppgs:bmi,0.00551176531431703,0.005840522460059856,0.9437110039399699,0.34532539198385226
bmi,alt_log_adj,REACTOME_POSTMITOTIC_NUCLEAR_PORE_COMPLEX_NPC_REFORMATION,ppgs,0.006821453626660453,0.005832352459277838,1.169588716437944,0.24217635392332554
bmi,alt_log_adj,REACTOME_POSTMITOTIC_NUCLEAR_PORE_COMPLEX_NPC_REFORMATION,bmi,0.28819849965132666,0.005761400612812714,50.02229822560946,0
bmi,alt_log_adj,REACTOME_POSTMITOTIC_NUCLEAR_PORE_COMPLEX_NPC_REFORMATION,ppgs:bmi,0.01897746947707542,0.005798941960995111,3.2725744807797397,0.0010670024452685643
bmi,alt_log_adj,REACTOME_POST_CHAPERONIN_TUBULIN_FOLDING_PATHWAY,ppgs,0.004431183648737358,0.005732681073086516,0.7729688067840791,0.43954728639457674
bmi,alt_log_adj,REACTOME_POST_CHAPERONIN_TUBULIN_FOLDING_PATHWAY,bmi,0.28840484679790435,0.005763820886896677,50.03709387527231,0
bmi,alt_log_adj,REACTOME_POST_CHAPERONIN_TUBULIN_FOLDING_PATHWAY,ppgs:bmi,-0.0026448040937619025,0.0057551563682304,-0.4595538200076967,0.6458400367633574
bmi,alt_log_adj,REACTOME_POST_TRANSCRIPTIONAL_SILENCING_BY_SMALL_RNAS,ppgs,-0.0029429064883024084,0.00600407001021585,-0.4901519274916998,0.6240301885571915
bmi,alt_log_adj,REACTOME_POST_TRANSCRIPTIONAL_SILENCING_BY_SMALL_RNAS,bmi,0.28841645558350165,0.005761597405793978,50.0584187457222,0
bmi,alt_log_adj,REACTOME_POST_TRANSCRIPTIONAL_SILENCING_BY_SMALL_RNAS,ppgs:bmi,0.0010792923672175241,0.0059991064837697314,0.1799088531162921,0.857225410748037
bmi,alt_log_adj,REACTOME_POST_TRANSLATIONAL_MODIFICATION_SYNTHESIS_OF_GPI_ANCHORED_PROTEINS,ppgs,0.006086308479606684,0.0061207559037714885,0.9943720310519851,0.3200502669365235
bmi,alt_log_adj,REACTOME_POST_TRANSLATIONAL_MODIFICATION_SYNTHESIS_OF_GPI_ANCHORED_PROTEINS,bmi,0.2882971634607174,0.005761581079198677,50.03785584161455,0
bmi,alt_log_adj,REACTOME_POST_TRANSLATIONAL_MODIFICATION_SYNTHESIS_OF_GPI_ANCHORED_PROTEINS,ppgs:bmi,0.00982078589292002,0.006114033946117122,1.60626944166003,0.1082258595281486
bmi,alt_log_adj,REACTOME_POST_TRANSLATIONAL_PROTEIN_MODIFICATION,ppgs,0.03139704476049202,0.009859522918017697,3.184438539426261,0.0014519193330507897
bmi,alt_log_adj,REACTOME_POST_TRANSLATIONAL_PROTEIN_MODIFICATION,bmi,0.2882504384411201,0.00576228663449845,50.02362026133562,0
bmi,alt_log_adj,REACTOME_POST_TRANSLATIONAL_PROTEIN_MODIFICATION,ppgs:bmi,0.0038511246659723745,0.009954799501588146,0.386861098042003,0.6988619461971102
bmi,alt_log_adj,REACTOME_POTASSIUM_CHANNELS,ppgs,-0.011723333834652528,0.0062495171034433455,-1.8758783503757803,0.06068225387275619
bmi,alt_log_adj,REACTOME_POTASSIUM_CHANNELS,bmi,0.28860178161958255,0.005762573228967206,50.08210224016659,0
bmi,alt_log_adj,REACTOME_POTASSIUM_CHANNELS,ppgs:bmi,-0.002891711236486005,0.006270311418372557,-0.46117505870809544,0.6446765524998453
bmi,alt_log_adj,REACTOME_POTENTIAL_THERAPEUTICS_FOR_SARS,ppgs,0.020393483379837977,0.0058515578421467155,3.4851374505692965,4.926274449433169e-4
bmi,alt_log_adj,REACTOME_POTENTIAL_THERAPEUTICS_FOR_SARS,bmi,0.28833393776027333,0.005760867488407081,50.0504374281311,0
bmi,alt_log_adj,REACTOME_POTENTIAL_THERAPEUTICS_FOR_SARS,ppgs:bmi,0.0018896865045042986,0.005764680516256081,0.32780420340303107,0.7430621297504492
bmi,alt_log_adj,REACTOME_POU5F1_OCT4_SOX2_NANOG_ACTIVATE_GENES_RELATED_TO_PROLIFERATION,ppgs,0.0029547437367400363,0.005728314576367043,0.5158138048022436,0.6059884827064677
bmi,alt_log_adj,REACTOME_POU5F1_OCT4_SOX2_NANOG_ACTIVATE_GENES_RELATED_TO_PROLIFERATION,bmi,0.28841549961668755,0.005761630755010158,50.057963080311815,0
bmi,alt_log_adj,REACTOME_POU5F1_OCT4_SOX2_NANOG_ACTIVATE_GENES_RELATED_TO_PROLIFERATION,ppgs:bmi,-0.0011489900724290921,0.0057706515542839025,-0.19910924470498093,0.8421787177717401
bmi,alt_log_adj,REACTOME_POU5F1_OCT4_SOX2_NANOG_REPRESS_GENES_RELATED_TO_DIFFERENTIATION,ppgs,0.004692359560333374,0.005870808198736155,0.7992697770885323,0.42414069626065
bmi,alt_log_adj,REACTOME_POU5F1_OCT4_SOX2_NANOG_REPRESS_GENES_RELATED_TO_DIFFERENTIATION,bmi,0.2884713510652707,0.005762046730919759,50.06404226423618,0
bmi,alt_log_adj,REACTOME_POU5F1_OCT4_SOX2_NANOG_REPRESS_GENES_RELATED_TO_DIFFERENTIATION,ppgs:bmi,-0.006970935726256529,0.005948720250080226,-1.171837879947795,0.24127199968695517
bmi,alt_log_adj,REACTOME_PP2A_MEDIATED_DEPHOSPHORYLATION_OF_KEY_METABOLIC_FACTORS,ppgs,0.006421974062969656,0.005735514119433442,1.1196858606293558,0.26285713900464286
bmi,alt_log_adj,REACTOME_PP2A_MEDIATED_DEPHOSPHORYLATION_OF_KEY_METABOLIC_FACTORS,bmi,0.288438173393866,0.005761366754835589,50.06419234668165,0
bmi,alt_log_adj,REACTOME_PP2A_MEDIATED_DEPHOSPHORYLATION_OF_KEY_METABOLIC_FACTORS,ppgs:bmi,0.010488065396350593,0.005771997200703187,1.817060028212221,0.06921847624997313
bmi,alt_log_adj,REACTOME_PRC2_METHYLATES_HISTONES_AND_DNA,ppgs,0.002144768322300289,0.005692905693814634,0.37674404559882113,0.70636664671905
bmi,alt_log_adj,REACTOME_PRC2_METHYLATES_HISTONES_AND_DNA,bmi,0.2884214590252618,0.005761619004612066,50.059099498662775,0
bmi,alt_log_adj,REACTOME_PRC2_METHYLATES_HISTONES_AND_DNA,ppgs:bmi,2.3307238178706916e-4,0.005720698851733979,0.04074194216960459,0.9675019112393719
bmi,alt_log_adj,REACTOME_PREDNISONE_ADME,ppgs,0.0033546671215705062,0.005678913511979991,0.5907234041324357,0.5547104731668281
bmi,alt_log_adj,REACTOME_PREDNISONE_ADME,bmi,0.2884835235649919,0.00576288605140005,50.05886304049114,0
bmi,alt_log_adj,REACTOME_PREDNISONE_ADME,ppgs:bmi,0.001576889048990591,0.0058042273872801675,0.27167940602160207,0.7858705159024351
bmi,alt_log_adj,REACTOME_PREGNENOLONE_BIOSYNTHESIS,ppgs,-0.004806342458879168,0.0057408060064823236,-0.8372243293802315,0.40247354231843746
bmi,alt_log_adj,REACTOME_PREGNENOLONE_BIOSYNTHESIS,bmi,0.28829262121838345,0.005761252577468867,50.03992054537577,0
bmi,alt_log_adj,REACTOME_PREGNENOLONE_BIOSYNTHESIS,ppgs:bmi,0.014657841456662407,0.005716469520313529,2.564142326758785,0.010348217337859683
bmi,alt_log_adj,REACTOME_PRESYNAPTIC_DEPOLARIZATION_AND_CALCIUM_CHANNEL_OPENING,ppgs,0.0031258562798716256,0.0059660356484339625,0.5239419380090594,0.6003230205308399
bmi,alt_log_adj,REACTOME_PRESYNAPTIC_DEPOLARIZATION_AND_CALCIUM_CHANNEL_OPENING,bmi,0.28845578207032685,0.005761780905307665,50.063649904599075,0
bmi,alt_log_adj,REACTOME_PRESYNAPTIC_DEPOLARIZATION_AND_CALCIUM_CHANNEL_OPENING,ppgs:bmi,0.0043514783483884585,0.00594898644457156,0.7314655007088098,0.4645009157931058
bmi,alt_log_adj,REACTOME_PRESYNAPTIC_FUNCTION_OF_KAINATE_RECEPTORS,ppgs,-0.004454900773329591,0.005928449982813407,-0.7514444393128661,0.4523914647913907
bmi,alt_log_adj,REACTOME_PRESYNAPTIC_FUNCTION_OF_KAINATE_RECEPTORS,bmi,0.2888923576798086,0.005765042785207706,50.111051807120326,0
bmi,alt_log_adj,REACTOME_PRESYNAPTIC_FUNCTION_OF_KAINATE_RECEPTORS,ppgs:bmi,-0.01285297951615664,0.005892991909410681,-2.1810617957291547,0.0291870357210861
bmi,alt_log_adj,REACTOME_PRESYNAPTIC_NICOTINIC_ACETYLCHOLINE_RECEPTORS,ppgs,0.002465476909388376,0.005708582941156256,0.43188947849271353,0.6658250269111946
bmi,alt_log_adj,REACTOME_PRESYNAPTIC_NICOTINIC_ACETYLCHOLINE_RECEPTORS,bmi,0.2884777412006498,0.005761782218446563,50.06744966463283,0
bmi,alt_log_adj,REACTOME_PRESYNAPTIC_NICOTINIC_ACETYLCHOLINE_RECEPTORS,ppgs:bmi,0.005523923703271607,0.005619223665105413,0.9830403686499248,0.3255959605957516
bmi,alt_log_adj,REACTOME_PREVENTION_OF_PHAGOSOMAL_LYSOSOMAL_FUSION,ppgs,0.0015487895729438146,0.005824274093324118,0.2659197606649494,0.7903029399010596
bmi,alt_log_adj,REACTOME_PREVENTION_OF_PHAGOSOMAL_LYSOSOMAL_FUSION,bmi,0.288422704750841,0.005761586460926255,50.05959846421762,0
bmi,alt_log_adj,REACTOME_PREVENTION_OF_PHAGOSOMAL_LYSOSOMAL_FUSION,ppgs:bmi,-0.00296885490309905,0.005894186524707277,-0.5036920515925635,0.6144817087506096
bmi,alt_log_adj,REACTOME_PRE_NOTCH_EXPRESSION_AND_PROCESSING,ppgs,0.0026772011962854546,0.006065139886017568,0.4414079883726032,0.6589210267032675
bmi,alt_log_adj,REACTOME_PRE_NOTCH_EXPRESSION_AND_PROCESSING,bmi,0.28842001736318135,0.005761764461293145,50.05758553664473,0
bmi,alt_log_adj,REACTOME_PRE_NOTCH_EXPRESSION_AND_PROCESSING,ppgs:bmi,2.07641384424248e-4,0.006054266319092456,0.03429670475007677,0.9726407940239719
bmi,alt_log_adj,REACTOME_PRE_NOTCH_PROCESSING_IN_GOLGI,ppgs,0.006038997970597236,0.005757501135317192,1.0488921892786627,0.2942366829016358
bmi,alt_log_adj,REACTOME_PRE_NOTCH_PROCESSING_IN_GOLGI,bmi,0.2883703701465685,0.00576182503127802,50.048442738394925,0
bmi,alt_log_adj,REACTOME_PRE_NOTCH_PROCESSING_IN_GOLGI,ppgs:bmi,-0.0013014529918969056,0.005787132341562805,-0.22488737341462808,0.822068513210249
bmi,alt_log_adj,REACTOME_PRE_NOTCH_PROCESSING_IN_THE_ENDOPLASMIC_RETICULUM,ppgs,0.009096225959646272,0.005738083044802497,1.5852377681925585,0.1129234766071859
bmi,alt_log_adj,REACTOME_PRE_NOTCH_PROCESSING_IN_THE_ENDOPLASMIC_RETICULUM,bmi,0.28833485663032166,0.005761676048753442,50.043573118399095,0
bmi,alt_log_adj,REACTOME_PRE_NOTCH_PROCESSING_IN_THE_ENDOPLASMIC_RETICULUM,ppgs:bmi,0.002643490151152108,0.005728235763280514,0.46148417425441346,0.6444548139228868
bmi,alt_log_adj,REACTOME_PROCESSING_AND_ACTIVATION_OF_SUMO,ppgs,-9.313740805115661e-4,0.005773646805773585,-0.16131469621248773,0.8718466985159861
bmi,alt_log_adj,REACTOME_PROCESSING_AND_ACTIVATION_OF_SUMO,bmi,0.28842530254175563,0.00576205713788514,50.05596016141155,0
bmi,alt_log_adj,REACTOME_PROCESSING_AND_ACTIVATION_OF_SUMO,ppgs:bmi,-5.851755105822472e-4,0.005727286221276712,-0.10217326111768889,0.9186198738634179
bmi,alt_log_adj,REACTOME_PROCESSING_OF_CAPPED_INTRONLESS_PRE_MRNA,ppgs,1.6617904036230003e-4,0.005686233310113616,0.029224801604030494,0.9766855065872622
bmi,alt_log_adj,REACTOME_PROCESSING_OF_CAPPED_INTRONLESS_PRE_MRNA,bmi,0.2883434577623965,0.005762411200240096,50.038681333671995,0
bmi,alt_log_adj,REACTOME_PROCESSING_OF_CAPPED_INTRONLESS_PRE_MRNA,ppgs:bmi,0.004160720709654423,0.005625067093945166,0.7396748590133317,0.45950343175317776
bmi,alt_log_adj,REACTOME_PROCESSING_OF_CAPPED_INTRON_CONTAINING_PRE_MRNA,ppgs,0.014596872585206344,0.006390706350213264,2.284078126155684,0.02237429873791785
bmi,alt_log_adj,REACTOME_PROCESSING_OF_CAPPED_INTRON_CONTAINING_PRE_MRNA,bmi,0.28850872213110956,0.005761471828913572,50.075524223384605,0
bmi,alt_log_adj,REACTOME_PROCESSING_OF_CAPPED_INTRON_CONTAINING_PRE_MRNA,ppgs:bmi,-0.004022831586838746,0.006433272365421719,-0.6253165354013482,0.5317683631299395
bmi,alt_log_adj,REACTOME_PROCESSING_OF_DNA_DOUBLE_STRAND_BREAK_ENDS,ppgs,0.0022393847466916834,0.006424883645861066,0.34854868510098286,0.7274307461632603
bmi,alt_log_adj,REACTOME_PROCESSING_OF_DNA_DOUBLE_STRAND_BREAK_ENDS,bmi,0.28838928544935083,0.005762501400895361,50.0458508182821,0
bmi,alt_log_adj,REACTOME_PROCESSING_OF_DNA_DOUBLE_STRAND_BREAK_ENDS,ppgs:bmi,7.547182254524456e-4,0.006392903862980053,0.11805561942247535,0.9060244244602573
bmi,alt_log_adj,REACTOME_PROCESSING_OF_INTRONLESS_PRE_MRNAS,ppgs,-0.001006905837539947,0.0056975350379984985,-0.17672657225003488,0.8597244302552283
bmi,alt_log_adj,REACTOME_PROCESSING_OF_INTRONLESS_PRE_MRNAS,bmi,0.28834659585636835,0.005762449532149672,50.03889305192772,0
bmi,alt_log_adj,REACTOME_PROCESSING_OF_INTRONLESS_PRE_MRNAS,ppgs:bmi,0.004011763404083234,0.00564140361199106,0.7111285913945331,0.4770104049166146
bmi,alt_log_adj,REACTOME_PROCESSING_OF_SMDT1,ppgs,0.00743146969585942,0.0057034899212409906,1.302968848631269,0.19259598039689432
bmi,alt_log_adj,REACTOME_PROCESSING_OF_SMDT1,bmi,0.2883077732938569,0.0057621181584803505,50.03503318819352,0
bmi,alt_log_adj,REACTOME_PROCESSING_OF_SMDT1,ppgs:bmi,0.0025756341256577184,0.00568311365587053,0.453208273073537,0.6504022445763049
bmi,alt_log_adj,REACTOME_PROCESSIVE_SYNTHESIS_ON_THE_C_STRAND_OF_THE_TELOMERE,ppgs,-0.008751363964352245,0.005735687602303164,-1.5257741653918073,0.12707727279298603
bmi,alt_log_adj,REACTOME_PROCESSIVE_SYNTHESIS_ON_THE_C_STRAND_OF_THE_TELOMERE,bmi,0.2885240995401238,0.0057617565969690435,50.075718174540924,0
bmi,alt_log_adj,REACTOME_PROCESSIVE_SYNTHESIS_ON_THE_C_STRAND_OF_THE_TELOMERE,ppgs:bmi,-0.004955969514641749,0.00569002113046214,-0.8709931652291119,0.3837652607750688
bmi,alt_log_adj,REACTOME_PROCESSIVE_SYNTHESIS_ON_THE_LAGGING_STRAND,ppgs,-0.004620496106072808,0.005739647560153134,-0.8050139068032834,0.42081840631625034
bmi,alt_log_adj,REACTOME_PROCESSIVE_SYNTHESIS_ON_THE_LAGGING_STRAND,bmi,0.2883996439355439,0.005761437598721572,50.0568892735275,0
bmi,alt_log_adj,REACTOME_PROCESSIVE_SYNTHESIS_ON_THE_LAGGING_STRAND,ppgs:bmi,-0.006101689222427599,0.005663963121912443,-1.0772826536990865,0.28136317655690246
bmi,alt_log_adj,REACTOME_PROGRAMMED_CELL_DEATH,ppgs,0.022109011347024105,0.006278456419928449,3.5214087457623964,4.2993446488393704e-4
bmi,alt_log_adj,REACTOME_PROGRAMMED_CELL_DEATH,bmi,0.2883611020182871,0.005761888338422601,50.046284322342494,0
bmi,alt_log_adj,REACTOME_PROGRAMMED_CELL_DEATH,ppgs:bmi,-0.003325078557211591,0.006306597981617322,-0.5272380714457523,0.5980323995064178
bmi,alt_log_adj,REACTOME_PROLACTIN_RECEPTOR_SIGNALING,ppgs,0.015089135543560972,0.0058418566819280196,2.582934906677824,0.009801342804273859
bmi,alt_log_adj,REACTOME_PROLACTIN_RECEPTOR_SIGNALING,bmi,0.28823433172667023,0.005760976206543102,50.03220311851044,0
bmi,alt_log_adj,REACTOME_PROLACTIN_RECEPTOR_SIGNALING,ppgs:bmi,0.011342629625302813,0.005810538310220814,1.9520789675116637,0.05093866088354977
bmi,alt_log_adj,REACTOME_PROLONGED_ERK_ACTIVATION_EVENTS,ppgs,0.0059735061640743955,0.005694292577620637,1.049033937516858,0.2941714423092535
bmi,alt_log_adj,REACTOME_PROLONGED_ERK_ACTIVATION_EVENTS,bmi,0.28840083470275674,0.005761435555218965,50.057113706932014,0
bmi,alt_log_adj,REACTOME_PROLONGED_ERK_ACTIVATION_EVENTS,ppgs:bmi,0.00444600708130271,0.0056540955292589444,0.7863339164142894,0.43167846039736835
bmi,alt_log_adj,REACTOME_PROPIONYL_COA_CATABOLISM,ppgs,0.016267966112569865,0.005697656536719928,2.8552030133313613,0.004304054250061214
bmi,alt_log_adj,REACTOME_PROPIONYL_COA_CATABOLISM,bmi,0.2882589665093332,0.005761297081452434,50.03369248868218,0
bmi,alt_log_adj,REACTOME_PROPIONYL_COA_CATABOLISM,ppgs:bmi,-0.0020640601194440397,0.005680519395894793,-0.3633576396087474,0.7163404505108385
bmi,alt_log_adj,REACTOME_PROSTACYCLIN_SIGNALLING_THROUGH_PROSTACYCLIN_RECEPTOR,ppgs,0.0014626223323437352,0.0059476698478236134,0.2459151852349272,0.8057496689814262
bmi,alt_log_adj,REACTOME_PROSTACYCLIN_SIGNALLING_THROUGH_PROSTACYCLIN_RECEPTOR,bmi,0.2884938007454674,0.0057614220627293655,50.07336688831279,0
bmi,alt_log_adj,REACTOME_PROSTACYCLIN_SIGNALLING_THROUGH_PROSTACYCLIN_RECEPTOR,ppgs:bmi,-0.011008767520388799,0.005927140519786402,-1.8573488318082805,0.06327190424336933
bmi,alt_log_adj,REACTOME_PROSTANOID_LIGAND_RECEPTORS,ppgs,-0.01506737595842412,0.005717229136367071,-2.635433284032842,0.008407567106492032
bmi,alt_log_adj,REACTOME_PROSTANOID_LIGAND_RECEPTORS,bmi,0.2885258810171034,0.00576183579668178,50.0753390409467,0
bmi,alt_log_adj,REACTOME_PROSTANOID_LIGAND_RECEPTORS,ppgs:bmi,-8.393401631229123e-4,0.005735295234589501,-0.14634646147958716,0.8836489303130917
bmi,alt_log_adj,REACTOME_PROTEASOME_ASSEMBLY,ppgs,-0.0041284165252873616,0.005921418525393576,-0.6972005960367342,0.48568298347291006
bmi,alt_log_adj,REACTOME_PROTEASOME_ASSEMBLY,bmi,0.28842275253657584,0.005762429971965047,50.05227897602038,0
bmi,alt_log_adj,REACTOME_PROTEASOME_ASSEMBLY,ppgs:bmi,0.001795396429498173,0.006019524645464358,0.2982621610912389,0.7655052677224754
bmi,alt_log_adj,REACTOME_PROTEIN_FOLDING,ppgs,0.0036270406904864794,0.0061232945236057695,0.592334841400158,0.5536311136682915
bmi,alt_log_adj,REACTOME_PROTEIN_FOLDING,bmi,0.28841914545486125,0.005761598557301435,50.05887560308408,0
bmi,alt_log_adj,REACTOME_PROTEIN_FOLDING,ppgs:bmi,-0.002235081458724499,0.006111869246907312,-0.36569523470343873,0.7145952309948971
bmi,alt_log_adj,REACTOME_PROTEIN_HYDROXYLATION,ppgs,0.026108224257836696,0.005771559952543668,4.523599247432258,6.104324263961079e-6
bmi,alt_log_adj,REACTOME_PROTEIN_HYDROXYLATION,bmi,0.28871031901752475,0.005759973687699143,50.1235482436469,0
bmi,alt_log_adj,REACTOME_PROTEIN_HYDROXYLATION,ppgs:bmi,-0.00235287290753484,0.00577344001392061,-0.4075339662076195,0.6836189298814936
bmi,alt_log_adj,REACTOME_PROTEIN_LIPOYLATION,ppgs,0.00399410314231504,0.005833361376461524,0.6847001042026707,0.49353878111782923
bmi,alt_log_adj,REACTOME_PROTEIN_LIPOYLATION,bmi,0.2885295387655098,0.0057614357784278895,50.07945065461447,0
bmi,alt_log_adj,REACTOME_PROTEIN_LIPOYLATION,ppgs:bmi,0.011021832236150584,0.005674788232210463,1.9422455579205504,0.05211727144843399
bmi,alt_log_adj,REACTOME_PROTEIN_LOCALIZATION,ppgs,0.033342450255303316,0.006081416930343932,5.48267790832385,4.2250558308063604e-8
bmi,alt_log_adj,REACTOME_PROTEIN_LOCALIZATION,bmi,0.2884438125172429,0.005758085432807698,50.09370143655456,0
bmi,alt_log_adj,REACTOME_PROTEIN_LOCALIZATION,ppgs:bmi,0.015122634724036476,0.006118697171505539,2.47154488940257,0.013458896308035193
bmi,alt_log_adj,REACTOME_PROTEIN_METHYLATION,ppgs,-0.001386390314759964,0.005957050705556464,-0.2327309911038364,0.8159719826619299
bmi,alt_log_adj,REACTOME_PROTEIN_METHYLATION,bmi,0.2885696226387226,0.005762100697093136,50.080628195946,0
bmi,alt_log_adj,REACTOME_PROTEIN_METHYLATION,ppgs:bmi,-0.009589957634450067,0.005887518120424957,-1.6288625254809186,0.10335323645991688
bmi,alt_log_adj,REACTOME_PROTEIN_PROTEIN_INTERACTIONS_AT_SYNAPSES,ppgs,-9.627080771915931e-6,0.006766255063115329,-0.001422807843055715,0.9988647739836373
bmi,alt_log_adj,REACTOME_PROTEIN_PROTEIN_INTERACTIONS_AT_SYNAPSES,bmi,0.2884007512049702,0.0057621207239383545,50.051146968654805,0
bmi,alt_log_adj,REACTOME_PROTEIN_PROTEIN_INTERACTIONS_AT_SYNAPSES,ppgs:bmi,0.0012938689606935986,0.0067094632820666284,0.19284239383974466,0.8470837825703367
bmi,alt_log_adj,REACTOME_PROTEIN_REPAIR,ppgs,0.002474505388193067,0.005850197666479483,0.4229780819837099,0.6723144610807124
bmi,alt_log_adj,REACTOME_PROTEIN_REPAIR,bmi,0.28841547613174173,0.005761536417095759,50.058778640355186,0
bmi,alt_log_adj,REACTOME_PROTEIN_REPAIR,ppgs:bmi,0.003992234958677681,0.00587760985496225,0.6792276209533002,0.49699919430473927
bmi,alt_log_adj,REACTOME_PROTEIN_UBIQUITINATION,ppgs,0.014933575788414335,0.0059027894467815,2.529918426373293,0.011414274093106884
bmi,alt_log_adj,REACTOME_PROTEIN_UBIQUITINATION,bmi,0.2884436573550399,0.005761145427409574,50.06706756311391,0
bmi,alt_log_adj,REACTOME_PROTEIN_UBIQUITINATION,ppgs:bmi,8.370191682314463e-4,0.005905914059336925,0.1417255923167668,0.8872977663559383
bmi,alt_log_adj,REACTOME_PROTON_COUPLED_MONOCARBOXYLATE_TRANSPORT,ppgs,0.003353732261904357,0.0057253635194289805,0.5857675675131353,0.558036384537715
bmi,alt_log_adj,REACTOME_PROTON_COUPLED_MONOCARBOXYLATE_TRANSPORT,bmi,0.2884439828297644,0.005761841999835685,50.061071240410655,0
bmi,alt_log_adj,REACTOME_PROTON_COUPLED_MONOCARBOXYLATE_TRANSPORT,ppgs:bmi,0.0029369612868795805,0.0057211610953286675,0.5133505660726128,0.6077101190799471
bmi,alt_log_adj,REACTOME_PTEN_REGULATION,ppgs,0.012879644670122448,0.005848495947607932,2.2022148575464597,0.027658156650351623
bmi,alt_log_adj,REACTOME_PTEN_REGULATION,bmi,0.2883965441571892,0.0057609234491681595,50.0608186694152,0
bmi,alt_log_adj,REACTOME_PTEN_REGULATION,ppgs:bmi,0.008246344332595754,0.005871889781703914,1.4043765532333983,0.16021770508801506
bmi,alt_log_adj,REACTOME_PTK6_EXPRESSION,ppgs,0.002902897200709863,0.005735134089991467,0.5061603016005825,0.6127480572214836
bmi,alt_log_adj,REACTOME_PTK6_EXPRESSION,bmi,0.2882041553820051,0.00576344325799756,50.00555093208955,0
bmi,alt_log_adj,REACTOME_PTK6_EXPRESSION,ppgs:bmi,0.007288362129213418,0.005693982264219238,1.2800113858824607,0.2005516060620174
bmi,alt_log_adj,REACTOME_PTK6_PROMOTES_HIF1A_STABILIZATION,ppgs,0.0025355639404274983,0.00573440144802676,0.4421671491625338,0.658371629230338
bmi,alt_log_adj,REACTOME_PTK6_PROMOTES_HIF1A_STABILIZATION,bmi,0.2885564016771572,0.005762069773088541,50.07860248844008,0
bmi,alt_log_adj,REACTOME_PTK6_PROMOTES_HIF1A_STABILIZATION,ppgs:bmi,0.00866969250049879,0.005788464497471135,1.4977534204945726,0.13420846102434272
bmi,alt_log_adj,REACTOME_PTK6_REGULATES_CELL_CYCLE,ppgs,0.0016717961374148097,0.005927247371026172,0.28205270216778133,0.7779051585474057
bmi,alt_log_adj,REACTOME_PTK6_REGULATES_CELL_CYCLE,bmi,0.2883606920174715,0.005762009280149049,50.04516271969842,0
bmi,alt_log_adj,REACTOME_PTK6_REGULATES_CELL_CYCLE,ppgs:bmi,0.00480205275892311,0.005899702926785825,0.813948230701725,0.41568144568493726
bmi,alt_log_adj,REACTOME_PTK6_REGULATES_PROTEINS_INVOLVED_IN_RNA_PROCESSING,ppgs,0.0028986943552021913,0.005689075892187527,0.509519368371021,0.6103921920021085
bmi,alt_log_adj,REACTOME_PTK6_REGULATES_PROTEINS_INVOLVED_IN_RNA_PROCESSING,bmi,0.28841711791461255,0.00576158618462383,50.058631195055725,0
bmi,alt_log_adj,REACTOME_PTK6_REGULATES_PROTEINS_INVOLVED_IN_RNA_PROCESSING,ppgs:bmi,-0.00408823235566148,0.005714957948089419,-0.7153565070462551,0.4743946717626515
bmi,alt_log_adj,REACTOME_PTK6_REGULATES_RHO_GTPASES_RAS_GTPASE_AND_MAP_KINASES,ppgs,0.009348024432674804,0.006060920551475476,1.5423439976290585,0.12300118474633401
bmi,alt_log_adj,REACTOME_PTK6_REGULATES_RHO_GTPASES_RAS_GTPASE_AND_MAP_KINASES,bmi,0.28815681684104577,0.0057616975822766875,50.012485509033425,0
bmi,alt_log_adj,REACTOME_PTK6_REGULATES_RHO_GTPASES_RAS_GTPASE_AND_MAP_KINASES,ppgs:bmi,0.013224383468095862,0.006080581166104295,2.1748551835495777,0.02964920881405591
bmi,alt_log_adj,REACTOME_PTK6_REGULATES_RTKS_AND_THEIR_EFFECTORS_AKT1_AND_DOK1,ppgs,0.003362384010799099,0.0060223840647116575,0.5583144440257622,0.5766340929264876
bmi,alt_log_adj,REACTOME_PTK6_REGULATES_RTKS_AND_THEIR_EFFECTORS_AKT1_AND_DOK1,bmi,0.28827400619674726,0.005763800610685447,50.01456949470445,0
bmi,alt_log_adj,REACTOME_PTK6_REGULATES_RTKS_AND_THEIR_EFFECTORS_AKT1_AND_DOK1,ppgs:bmi,0.004218820052232332,0.006020928598008111,0.7006925897822528,0.4835006324780201
bmi,alt_log_adj,REACTOME_PURINERGIC_SIGNALING_IN_LEISHMANIASIS_INFECTION,ppgs,0.0047616484958473235,0.0056862186369091,0.8374015844096435,0.40237393507941976
bmi,alt_log_adj,REACTOME_PURINERGIC_SIGNALING_IN_LEISHMANIASIS_INFECTION,bmi,0.28840785212233533,0.005761572598988786,50.057141026558234,0
bmi,alt_log_adj,REACTOME_PURINERGIC_SIGNALING_IN_LEISHMANIASIS_INFECTION,ppgs:bmi,5.148118486984173e-4,0.005643168170197419,0.0912274511713528,0.9273125075901187
bmi,alt_log_adj,REACTOME_PURINE_CATABOLISM,ppgs,-0.0015715751131562688,0.005700032816379823,-0.2757133447793727,0.7827702548006557
bmi,alt_log_adj,REACTOME_PURINE_CATABOLISM,bmi,0.2884024076066741,0.005761399177946966,50.057702773069146,0
bmi,alt_log_adj,REACTOME_PURINE_CATABOLISM,ppgs:bmi,0.008100468071345367,0.0056932021227583856,1.4228316326525656,0.1547959729959907
bmi,alt_log_adj,REACTOME_PURINE_RIBONUCLEOSIDE_MONOPHOSPHATE_BIOSYNTHESIS,ppgs,0.009350865187446971,0.00572745449295005,1.6326389321743184,0.10255606440582064
bmi,alt_log_adj,REACTOME_PURINE_RIBONUCLEOSIDE_MONOPHOSPHATE_BIOSYNTHESIS,bmi,0.2884144121365535,0.0057613288061038916,50.060397842766804,0
bmi,alt_log_adj,REACTOME_PURINE_RIBONUCLEOSIDE_MONOPHOSPHATE_BIOSYNTHESIS,ppgs:bmi,-2.5908443097216467e-4,0.005635513451219322,-0.04597352720648872,0.9633316736548934
bmi,alt_log_adj,REACTOME_PURINE_SALVAGE,ppgs,0.011179146609158192,0.005702426481015932,1.9604192436982615,0.049956587533893225
bmi,alt_log_adj,REACTOME_PURINE_SALVAGE,bmi,0.28842507357055347,0.005761212041509645,50.06326298918443,0
bmi,alt_log_adj,REACTOME_PURINE_SALVAGE,ppgs:bmi,-4.48752648316158e-4,0.0057169264541310745,-0.07849543839975193,0.9374345126840322
bmi,alt_log_adj,REACTOME_PYRIMIDINE_CATABOLISM,ppgs,-0.006982352951294782,0.006155072803621168,-1.1344062327235036,0.2566337781607647
bmi,alt_log_adj,REACTOME_PYRIMIDINE_CATABOLISM,bmi,0.2883975702872667,0.0057615733217292915,50.05535019394779,0
bmi,alt_log_adj,REACTOME_PYRIMIDINE_CATABOLISM,ppgs:bmi,-8.660173540759111e-4,0.0061563260674510085,-0.14067113154623415,0.8881307514464016
bmi,alt_log_adj,REACTOME_PYRIMIDINE_SALVAGE,ppgs,-0.011684468613206107,0.006090655663814291,-1.9184254139707306,0.055067123597239864
bmi,alt_log_adj,REACTOME_PYRIMIDINE_SALVAGE,bmi,0.28838402978608146,0.00576126258028957,50.05569973024677,0
bmi,alt_log_adj,REACTOME_PYRIMIDINE_SALVAGE,ppgs:bmi,8.229655712070333e-4,0.00608839224313544,0.13516960444441029,0.8924787383340236
bmi,alt_log_adj,REACTOME_PYROPTOSIS,ppgs,0.005352421206515149,0.005853271575031075,0.9144324055195975,0.36049745826892865
bmi,alt_log_adj,REACTOME_PYROPTOSIS,bmi,0.2883909726034162,0.0057617370358591805,50.052782834163445,0
bmi,alt_log_adj,REACTOME_PYROPTOSIS,ppgs:bmi,0.0011722127501113326,0.005851870206436574,0.20031420875022063,0.8412362877194818
bmi,alt_log_adj,REACTOME_PYRUVATE_METABOLISM,ppgs,0.01771179963292764,0.005877293012698522,3.0135981981261435,0.0025839751041954457
bmi,alt_log_adj,REACTOME_PYRUVATE_METABOLISM,bmi,0.28851208905689957,0.0057606997208583454,50.08282032341571,0
bmi,alt_log_adj,REACTOME_PYRUVATE_METABOLISM,ppgs:bmi,-0.006854127499951105,0.0058628614538880726,-1.1690754683288063,0.24238305688690473
bmi,alt_log_adj,REACTOME_RAB_GEFS_EXCHANGE_GTP_FOR_GDP_ON_RABS,ppgs,0.008504868224261303,0.005954859165807916,1.428223235420114,0.15323863161958776
bmi,alt_log_adj,REACTOME_RAB_GEFS_EXCHANGE_GTP_FOR_GDP_ON_RABS,bmi,0.28845678553098186,0.00576223676670858,50.05986341927944,0
bmi,alt_log_adj,REACTOME_RAB_GEFS_EXCHANGE_GTP_FOR_GDP_ON_RABS,ppgs:bmi,-0.00367832570334525,0.0059579397750035195,-0.6173821559555924,0.536987647844143
bmi,alt_log_adj,REACTOME_RAB_GERANYLGERANYLATION,ppgs,0.007346415515669973,0.005978644071704706,1.2287761953314058,0.21916592927692657
bmi,alt_log_adj,REACTOME_RAB_GERANYLGERANYLATION,bmi,0.2883744255861266,0.00576158469019636,50.05123435516115,0
bmi,alt_log_adj,REACTOME_RAB_GERANYLGERANYLATION,ppgs:bmi,-0.0032928481501130233,0.005905294582619271,-0.5576094645311485,0.5771154951399726
bmi,alt_log_adj,REACTOME_RAB_REGULATION_OF_TRAFFICKING,ppgs,0.007084596011737463,0.005924964510870031,1.1957195690775793,0.23181601393334364
bmi,alt_log_adj,REACTOME_RAB_REGULATION_OF_TRAFFICKING,bmi,0.28850132359050085,0.005762853636571382,50.062233362939466,0
bmi,alt_log_adj,REACTOME_RAB_REGULATION_OF_TRAFFICKING,ppgs:bmi,-0.005007061465751456,0.005873948300824842,-0.8524183750558965,0.3939891265669071
bmi,alt_log_adj,REACTOME_RAC1_GTPASE_CYCLE,ppgs,0.01835134940660902,0.006874017859824072,2.6696685665985003,0.007596941969394451
bmi,alt_log_adj,REACTOME_RAC1_GTPASE_CYCLE,bmi,0.28845613319323776,0.005760605532160812,50.07392566333863,0
bmi,alt_log_adj,REACTOME_RAC1_GTPASE_CYCLE,ppgs:bmi,0.0142035336486169,0.00689233083293794,2.060773632736731,0.03933374259276382
bmi,alt_log_adj,REACTOME_RAC2_GTPASE_CYCLE,ppgs,0.02959138253625632,0.006027973347786958,4.909010181194674,9.204545799579383e-7
bmi,alt_log_adj,REACTOME_RAC2_GTPASE_CYCLE,bmi,0.2885083155668311,0.005758475000495208,50.1015139497906,0
bmi,alt_log_adj,REACTOME_RAC2_GTPASE_CYCLE,ppgs:bmi,0.015681079889862178,0.006035882981636447,2.59797612670263,0.009382350659485925
bmi,alt_log_adj,REACTOME_RAC3_GTPASE_CYCLE,ppgs,0.011943667841340006,0.006118518987365218,1.9520521005170954,0.050941850431845605
bmi,alt_log_adj,REACTOME_RAC3_GTPASE_CYCLE,bmi,0.2883477906783651,0.005760785655764767,50.053553093026125,0
bmi,alt_log_adj,REACTOME_RAC3_GTPASE_CYCLE,ppgs:bmi,0.013416989785911585,0.006116732037072264,2.1934898741017177,0.02828019446200694
bmi,alt_log_adj,REACTOME_RAF_ACTIVATION,ppgs,0.018593108777316104,0.0061946800301026705,3.0014639476073057,0.002689187045589953
bmi,alt_log_adj,REACTOME_RAF_ACTIVATION,bmi,0.28788325826718264,0.005761492619656469,49.966784177595244,0
bmi,alt_log_adj,REACTOME_RAF_ACTIVATION,ppgs:bmi,0.017151855660620854,0.006131299398159284,2.7974258875321145,0.0051546307062495696
bmi,alt_log_adj,REACTOME_RAF_INDEPENDENT_MAPK1_3_ACTIVATION,ppgs,0.009421928495243476,0.00581756913918469,1.6195645070689995,0.10533698270917592
bmi,alt_log_adj,REACTOME_RAF_INDEPENDENT_MAPK1_3_ACTIVATION,bmi,0.288360471618653,0.005761321816170045,50.051096053916744,0
bmi,alt_log_adj,REACTOME_RAF_INDEPENDENT_MAPK1_3_ACTIVATION,ppgs:bmi,0.00709031665888556,0.00585654670420268,1.210665092758079,0.22603387953858425
bmi,alt_log_adj,REACTOME_RAP1_SIGNALLING,ppgs,0.015618828858020378,0.0060045836753577385,2.6011510043766433,0.009295980282710491
bmi,alt_log_adj,REACTOME_RAP1_SIGNALLING,bmi,0.2883112242595853,0.005760404455677988,50.050517542288034,0
bmi,alt_log_adj,REACTOME_RAP1_SIGNALLING,ppgs:bmi,0.014183134159863671,0.005957381802136961,2.380766355242846,0.017283231974628586
bmi,alt_log_adj,REACTOME_RAS_ACTIVATION_UPON_CA2_INFLUX_THROUGH_NMDA_RECEPTOR,ppgs,-0.007444298088287189,0.006021361104530487,-1.2363148396275523,0.21635180040618257
bmi,alt_log_adj,REACTOME_RAS_ACTIVATION_UPON_CA2_INFLUX_THROUGH_NMDA_RECEPTOR,bmi,0.288385695962252,0.005761586168317768,50.053177638485806,0
bmi,alt_log_adj,REACTOME_RAS_ACTIVATION_UPON_CA2_INFLUX_THROUGH_NMDA_RECEPTOR,ppgs:bmi,0.00024105830874129771,0.006083373340310902,0.039625762756322624,0.9683917669010773
bmi,alt_log_adj,REACTOME_RAS_PROCESSING,ppgs,-0.0036073590279542124,0.005938205721073732,-0.6074830003198236,0.5435352868977552
bmi,alt_log_adj,REACTOME_RAS_PROCESSING,bmi,0.2884378416696376,0.005761755788699781,50.06075443796752,0
bmi,alt_log_adj,REACTOME_RAS_PROCESSING,ppgs:bmi,-0.002025418790875619,0.005917686551916381,-0.3422653047109615,0.7321537807742966
bmi,alt_log_adj,REACTOME_RAS_SIGNALING_DOWNSTREAM_OF_NF1_LOSS_OF_FUNCTION_VARIANTS,ppgs,-0.005320676210479848,0.0057045919080893825,-0.9327005851084416,0.35098252633686744
bmi,alt_log_adj,REACTOME_RAS_SIGNALING_DOWNSTREAM_OF_NF1_LOSS_OF_FUNCTION_VARIANTS,bmi,0.28838020070373066,0.005762035663640972,50.04831929858382,0
bmi,alt_log_adj,REACTOME_RAS_SIGNALING_DOWNSTREAM_OF_NF1_LOSS_OF_FUNCTION_VARIANTS,ppgs:bmi,0.0062986734025534214,0.005763146420874976,1.092922674971208,0.2744370390770653
bmi,alt_log_adj,REACTOME_RA_BIOSYNTHESIS_PATHWAY,ppgs,0.013652200962252097,0.005753015249970321,2.373051412009125,0.01764843727398493
bmi,alt_log_adj,REACTOME_RA_BIOSYNTHESIS_PATHWAY,bmi,0.2885669521061982,0.005761504790603654,50.085344470565644,0
bmi,alt_log_adj,REACTOME_RA_BIOSYNTHESIS_PATHWAY,ppgs:bmi,0.005949056463180277,0.005746920582876233,1.035172903016328,0.30059700126856964
bmi,alt_log_adj,REACTOME_REACTIONS_SPECIFIC_TO_THE_COMPLEX_N_GLYCAN_SYNTHESIS_PATHWAY,ppgs,-0.0021864983613699308,0.005697245174049158,-0.3837816865121741,0.7011431408970042
bmi,alt_log_adj,REACTOME_REACTIONS_SPECIFIC_TO_THE_COMPLEX_N_GLYCAN_SYNTHESIS_PATHWAY,bmi,0.2883907375077581,0.005761738952709423,50.05272537940028,0
bmi,alt_log_adj,REACTOME_REACTIONS_SPECIFIC_TO_THE_COMPLEX_N_GLYCAN_SYNTHESIS_PATHWAY,ppgs:bmi,-0.0024019050448278404,0.005708603888530885,-0.42075174451208475,0.6739395615518853
bmi,alt_log_adj,REACTOME_RECEPTOR_MEDIATED_MITOPHAGY,ppgs,0.004428469270492788,0.00594548284428505,0.7448460262145985,0.45637098179545
bmi,alt_log_adj,REACTOME_RECEPTOR_MEDIATED_MITOPHAGY,bmi,0.28850268340044477,0.005762806316219875,50.06288040401967,0
bmi,alt_log_adj,REACTOME_RECEPTOR_MEDIATED_MITOPHAGY,ppgs:bmi,0.0038489524059359603,0.005974083458756295,0.6442749641025686,0.5194023601853778
bmi,alt_log_adj,REACTOME_RECEPTOR_TYPE_TYROSINE_PROTEIN_PHOSPHATASES,ppgs,0.007933474470836838,0.00588054006252416,1.349106440307368,0.1773135553904951
bmi,alt_log_adj,REACTOME_RECEPTOR_TYPE_TYROSINE_PROTEIN_PHOSPHATASES,bmi,0.28839360856906315,0.005761306127821726,50.056983984307216,0
bmi,alt_log_adj,REACTOME_RECEPTOR_TYPE_TYROSINE_PROTEIN_PHOSPHATASES,ppgs:bmi,0.007356741094963437,0.005897872060611864,1.247355151037343,0.2122776080780424
bmi,alt_log_adj,REACTOME_RECOGNITION_AND_ASSOCIATION_OF_DNA_GLYCOSYLASE_WITH_SITE_CONTAINING_AN_AFFECTED_PURINE,ppgs,-0.009013376311080427,0.005699867791340718,-1.5813307678423028,0.11381358445897569
bmi,alt_log_adj,REACTOME_RECOGNITION_AND_ASSOCIATION_OF_DNA_GLYCOSYLASE_WITH_SITE_CONTAINING_AN_AFFECTED_PURINE,bmi,0.2883792645194825,0.005761554550305721,50.05233604950949,0
bmi,alt_log_adj,REACTOME_RECOGNITION_AND_ASSOCIATION_OF_DNA_GLYCOSYLASE_WITH_SITE_CONTAINING_AN_AFFECTED_PURINE,ppgs:bmi,0.003674599321594266,0.005746237947129749,0.6394791436420992,0.5225164447212929
bmi,alt_log_adj,REACTOME_RECOGNITION_OF_DNA_DAMAGE_BY_PCNA_CONTAINING_REPLICATION_COMPLEX,ppgs,0.009934662835650337,0.005832011139496936,1.703471169382453,0.08849088960316322
bmi,alt_log_adj,REACTOME_RECOGNITION_OF_DNA_DAMAGE_BY_PCNA_CONTAINING_REPLICATION_COMPLEX,bmi,0.288398250081571,0.005761401743847677,50.05695886240489,0
bmi,alt_log_adj,REACTOME_RECOGNITION_OF_DNA_DAMAGE_BY_PCNA_CONTAINING_REPLICATION_COMPLEX,ppgs:bmi,0.002749701977515541,0.005812148511637701,0.47309561550428314,0.6361486073918157
bmi,alt_log_adj,REACTOME_RECRUITMENT_OF_MITOTIC_CENTROSOME_PROTEINS_AND_COMPLEXES,ppgs,0.00836116537530122,0.005885603829693159,1.4206130105323655,0.1554402925808182
bmi,alt_log_adj,REACTOME_RECRUITMENT_OF_MITOTIC_CENTROSOME_PROTEINS_AND_COMPLEXES,bmi,0.288563865740485,0.005761575536168945,50.08419379889972,0
bmi,alt_log_adj,REACTOME_RECRUITMENT_OF_MITOTIC_CENTROSOME_PROTEINS_AND_COMPLEXES,ppgs:bmi,-0.010048937420948688,0.005946308973863837,-1.6899453871498062,0.0910493985003764
bmi,alt_log_adj,REACTOME_RECRUITMENT_OF_NUMA_TO_MITOTIC_CENTROSOMES,ppgs,0.013733465292314295,0.005829085889661904,2.356023835001487,0.018478501195377185
bmi,alt_log_adj,REACTOME_RECRUITMENT_OF_NUMA_TO_MITOTIC_CENTROSOMES,bmi,0.2884926933533474,0.005761263538024682,50.07455247434498,0
bmi,alt_log_adj,REACTOME_RECRUITMENT_OF_NUMA_TO_MITOTIC_CENTROSOMES,ppgs:bmi,-0.004278501214212751,0.00586638508909429,-0.7293249845064822,0.46580891840591476
bmi,alt_log_adj,REACTOME_RECYCLING_OF_BILE_ACIDS_AND_SALTS,ppgs,0.013968579634328106,0.005720593902911683,2.441805845931196,0.01462007301602524
bmi,alt_log_adj,REACTOME_RECYCLING_OF_BILE_ACIDS_AND_SALTS,bmi,0.28853230885871495,0.0057611951408198135,50.08202322715579,0
bmi,alt_log_adj,REACTOME_RECYCLING_OF_BILE_ACIDS_AND_SALTS,ppgs:bmi,0.0015503724653677716,0.005705079527332677,0.27175299799766767,0.7858139266135052
bmi,alt_log_adj,REACTOME_RECYCLING_OF_EIF2_GDP,ppgs,-0.006222657228987501,0.005738587028567827,-1.0843535521914849,0.27821729145935736
bmi,alt_log_adj,REACTOME_RECYCLING_OF_EIF2_GDP,bmi,0.2883942840059695,0.005761605139373105,50.054503394404506,0
bmi,alt_log_adj,REACTOME_RECYCLING_OF_EIF2_GDP,ppgs:bmi,-3.6699662847170666e-4,0.005691842417267513,-0.06447765091990916,0.9485903566939486
bmi,alt_log_adj,REACTOME_RECYCLING_PATHWAY_OF_L1,ppgs,0.003300215393539189,0.006012954030675437,0.5488509269658386,0.5831120802559098
bmi,alt_log_adj,REACTOME_RECYCLING_PATHWAY_OF_L1,bmi,0.28841356988398564,0.005761633207204239,50.05760684719719,0
bmi,alt_log_adj,REACTOME_RECYCLING_PATHWAY_OF_L1,ppgs:bmi,-0.0015191054949665963,0.006056990154290523,-0.2508020413225411,0.8019689809583465
bmi,alt_log_adj,REACTOME_REDUCTION_OF_CYTOSOLIC_CA_LEVELS,ppgs,0.010417940213706204,0.005984567564193707,1.7408008351410098,0.08172934513603271
bmi,alt_log_adj,REACTOME_REDUCTION_OF_CYTOSOLIC_CA_LEVELS,bmi,0.28819211414342644,0.00576317090063245,50.00582476424571,0
bmi,alt_log_adj,REACTOME_REDUCTION_OF_CYTOSOLIC_CA_LEVELS,ppgs:bmi,0.0018578169973877626,0.005909054475118986,0.314401738080161,0.7532182499709406
bmi,alt_log_adj,REACTOME_REELIN_SIGNALLING_PATHWAY,ppgs,-0.003094284161847366,0.005803769084647874,-0.5331508054020213,0.593933371920101
bmi,alt_log_adj,REACTOME_REELIN_SIGNALLING_PATHWAY,bmi,0.2884100501677659,0.0057616320231045305,50.05700624601194,0
bmi,alt_log_adj,REACTOME_REELIN_SIGNALLING_PATHWAY,ppgs:bmi,-9.415515100640325e-4,0.005767663234004802,-0.1632466168469864,0.8703254272137384
bmi,alt_log_adj,REACTOME_REGULATED_NECROSIS,ppgs,0.017822130116543895,0.0060465045249941205,2.947509597135582,0.0032060578163028504
bmi,alt_log_adj,REACTOME_REGULATED_NECROSIS,bmi,0.2882465537151805,0.005761578156730188,50.02909721505301,0
bmi,alt_log_adj,REACTOME_REGULATED_NECROSIS,ppgs:bmi,-0.0023497241879843122,0.006024123963109495,-0.3900524295936709,0.6965007085160744
bmi,alt_log_adj,REACTOME_REGULATED_PROTEOLYSIS_OF_P75NTR,ppgs,-0.001073017801029285,0.005699018491564766,-0.18828115799544792,0.8506576026505615
bmi,alt_log_adj,REACTOME_REGULATED_PROTEOLYSIS_OF_P75NTR,bmi,0.2884376552291297,0.005761793787484434,50.06039193135718,0
bmi,alt_log_adj,REACTOME_REGULATED_PROTEOLYSIS_OF_P75NTR,ppgs:bmi,-0.002767948338573232,0.0056446322204023,-0.4903682348990945,0.6238771455152462
bmi,alt_log_adj,REACTOME_REGULATION_BY_C_FLIP,ppgs,0.01075570337382548,0.0057379667279170155,1.8744799131538346,0.06087458322576791
bmi,alt_log_adj,REACTOME_REGULATION_BY_C_FLIP,bmi,0.28832082870727993,0.005761461526648759,50.04300165395465,0
bmi,alt_log_adj,REACTOME_REGULATION_BY_C_FLIP,ppgs:bmi,8.450314022081327e-4,0.005815544199521047,0.14530564521850375,0.8844705908559933
bmi,alt_log_adj,REACTOME_REGULATION_OF_APOPTOSIS,ppgs,-0.0076519635937135335,0.006047460355817047,-1.2653185210801947,0.2057675700305726
bmi,alt_log_adj,REACTOME_REGULATION_OF_APOPTOSIS,bmi,0.28848191616618357,0.005761557438549695,50.07012760751032,0
bmi,alt_log_adj,REACTOME_REGULATION_OF_APOPTOSIS,ppgs:bmi,-0.004812555197176222,0.0060149634333392385,-0.8000971660944091,0.4236612075814802
bmi,alt_log_adj,REACTOME_REGULATION_OF_BACH1_ACTIVITY,ppgs,0.0204012994670612,0.005884341341783983,3.4670489494200627,5.269857828643536e-4
bmi,alt_log_adj,REACTOME_REGULATION_OF_BACH1_ACTIVITY,bmi,0.28840324207532336,0.005760708421587789,50.06384995889664,0
bmi,alt_log_adj,REACTOME_REGULATION_OF_BACH1_ACTIVITY,ppgs:bmi,0.008742390907191219,0.005942442027479492,1.4711781565161244,0.1412540427984413
bmi,alt_log_adj,REACTOME_REGULATION_OF_BETA_CELL_DEVELOPMENT,ppgs,0.0021788604747621063,0.00600263386343517,0.36298407071511674,0.716619490068959
bmi,alt_log_adj,REACTOME_REGULATION_OF_BETA_CELL_DEVELOPMENT,bmi,0.2884136099755233,0.0057615885102714004,50.05800213974974,0
bmi,alt_log_adj,REACTOME_REGULATION_OF_BETA_CELL_DEVELOPMENT,ppgs:bmi,-0.004339710882892421,0.005985505991362288,-0.7250365949269917,0.4684355648840457
bmi,alt_log_adj,REACTOME_REGULATION_OF_CDH11_FUNCTION,ppgs,-0.007940353396129371,0.005726071164063226,-1.3867018359748935,0.16554360478064292
bmi,alt_log_adj,REACTOME_REGULATION_OF_CDH11_FUNCTION,bmi,0.28863071709850946,0.005762313946503426,50.089377249854756,0
bmi,alt_log_adj,REACTOME_REGULATION_OF_CDH11_FUNCTION,ppgs:bmi,-0.009176745824296511,0.005690998550926544,-1.6125018732964636,0.1068639042792939
bmi,alt_log_adj,REACTOME_REGULATION_OF_CDH11_GENE_TRANSCRIPTION,ppgs,0.015568837888119828,0.005711767911349111,2.725747637116875,0.006419541930615577
bmi,alt_log_adj,REACTOME_REGULATION_OF_CDH11_GENE_TRANSCRIPTION,bmi,0.28828952417992804,0.00576152361297898,50.03702901269005,0
bmi,alt_log_adj,REACTOME_REGULATION_OF_CDH11_GENE_TRANSCRIPTION,ppgs:bmi,6.491270572877605e-4,0.005803988540270747,0.1118415470299119,0.9109498362416455
bmi,alt_log_adj,REACTOME_REGULATION_OF_CDH11_MRNA_TRANSLATION_BY_MICRORNAS,ppgs,-0.0029429064883024084,0.00600407001021585,-0.4901519274916998,0.6240301885571915
bmi,alt_log_adj,REACTOME_REGULATION_OF_CDH11_MRNA_TRANSLATION_BY_MICRORNAS,bmi,0.28841645558350165,0.005761597405793978,50.0584187457222,0
bmi,alt_log_adj,REACTOME_REGULATION_OF_CDH11_MRNA_TRANSLATION_BY_MICRORNAS,ppgs:bmi,0.0010792923672175241,0.0059991064837697314,0.1799088531162921,0.857225410748037
bmi,alt_log_adj,REACTOME_REGULATION_OF_CDH19_EXPRESSION_AND_FUNCTION,ppgs,0.002864565036936206,0.005717586298987973,0.5010094972144524,0.6163683290581963
bmi,alt_log_adj,REACTOME_REGULATION_OF_CDH19_EXPRESSION_AND_FUNCTION,bmi,0.28887842361588584,0.005765785127865881,50.10218334702491,0
bmi,alt_log_adj,REACTOME_REGULATION_OF_CDH19_EXPRESSION_AND_FUNCTION,ppgs:bmi,0.011012381829759211,0.005640883705484889,1.9522440817298483,0.05091906281840717
bmi,alt_log_adj,REACTOME_REGULATION_OF_CHOLESTEROL_BIOSYNTHESIS_BY_SREBP_SREBF,ppgs,0.009733355253881545,0.005776475513260729,1.684998963734414,0.0919997784718498
bmi,alt_log_adj,REACTOME_REGULATION_OF_CHOLESTEROL_BIOSYNTHESIS_BY_SREBP_SREBF,bmi,0.288409253900888,0.005761627613351748,50.05690635620754,0
bmi,alt_log_adj,REACTOME_REGULATION_OF_CHOLESTEROL_BIOSYNTHESIS_BY_SREBP_SREBF,ppgs:bmi,0.005152362293636161,0.005796607292057752,0.8888582638150585,0.3740868004040887
bmi,alt_log_adj,REACTOME_REGULATION_OF_COMMISSURAL_AXON_PATHFINDING_BY_SLIT_AND_ROBO,ppgs,8.943755895451511e-4,0.005855738008885565,0.15273490517984498,0.8786084203798483
bmi,alt_log_adj,REACTOME_REGULATION_OF_COMMISSURAL_AXON_PATHFINDING_BY_SLIT_AND_ROBO,bmi,0.2884002184861901,0.0057612769921841596,50.058384430645916,0
bmi,alt_log_adj,REACTOME_REGULATION_OF_COMMISSURAL_AXON_PATHFINDING_BY_SLIT_AND_ROBO,ppgs:bmi,-0.010801260111776803,0.005978767475387286,-1.8066031429123492,0.07083477878336003
bmi,alt_log_adj,REACTOME_REGULATION_OF_CYTOSKELETAL_REMODELING_AND_CELL_SPREADING_BY_IPP_COMPLEX_COMPONENTS,ppgs,0.03363856903619694,0.005839720791756282,5.760304342578033,8.48299743823262e-9
bmi,alt_log_adj,REACTOME_REGULATION_OF_CYTOSKELETAL_REMODELING_AND_CELL_SPREADING_BY_IPP_COMPLEX_COMPONENTS,bmi,0.28795137160112794,0.005759151446115006,49.998923330167585,0
bmi,alt_log_adj,REACTOME_REGULATION_OF_CYTOSKELETAL_REMODELING_AND_CELL_SPREADING_BY_IPP_COMPLEX_COMPONENTS,ppgs:bmi,0.013831394401686311,0.005943126351343096,2.3272926712319575,0.019956698185533455
bmi,alt_log_adj,REACTOME_REGULATION_OF_ENDOGENOUS_RETROELEMENTS,ppgs,0.014005655370041082,0.005884128282509971,2.3802430364530975,0.017307793289011664
bmi,alt_log_adj,REACTOME_REGULATION_OF_ENDOGENOUS_RETROELEMENTS,bmi,0.2886235522490518,0.005761674493081414,50.093692831073554,0
bmi,alt_log_adj,REACTOME_REGULATION_OF_ENDOGENOUS_RETROELEMENTS,ppgs:bmi,0.008213635833624933,0.005896362070399092,1.393000588423668,0.16363053608772501
bmi,alt_log_adj,REACTOME_REGULATION_OF_ENDOGENOUS_RETROELEMENTS_BY_KRAB_ZFP_PROTEINS,ppgs,0.02204925575437148,0.0056966507617615325,3.8705647715629583,1.088266869947414e-4
bmi,alt_log_adj,REACTOME_REGULATION_OF_ENDOGENOUS_RETROELEMENTS_BY_KRAB_ZFP_PROTEINS,bmi,0.2883863372229479,0.005761927530233881,50.05032356094941,0
bmi,alt_log_adj,REACTOME_REGULATION_OF_ENDOGENOUS_RETROELEMENTS_BY_KRAB_ZFP_PROTEINS,ppgs:bmi,1.856122807179871e-4,0.00572252402481164,0.032435386887536326,0.9741250710212059
bmi,alt_log_adj,REACTOME_REGULATION_OF_ENDOGENOUS_RETROELEMENTS_BY_PIWI_INTERACTING_RNAS_PIRNAS,ppgs,0.013185528152535774,0.005828421149637615,2.262281296085749,0.023687566057408876
bmi,alt_log_adj,REACTOME_REGULATION_OF_ENDOGENOUS_RETROELEMENTS_BY_PIWI_INTERACTING_RNAS_PIRNAS,bmi,0.28847505838027115,0.005761582043665343,50.068723519686635,0
bmi,alt_log_adj,REACTOME_REGULATION_OF_ENDOGENOUS_RETROELEMENTS_BY_PIWI_INTERACTING_RNAS_PIRNAS,ppgs:bmi,0.0025423371153632424,0.00590151709771523,0.43079382356572465,0.6666215662929791
bmi,alt_log_adj,REACTOME_REGULATION_OF_ENDOGENOUS_RETROELEMENTS_BY_THE_HUMAN_SILENCING_HUB_HUSH_COMPLEX,ppgs,0.001387292783709791,0.005723223344736949,0.24239710738976125,0.808474229084931
bmi,alt_log_adj,REACTOME_REGULATION_OF_ENDOGENOUS_RETROELEMENTS_BY_THE_HUMAN_SILENCING_HUB_HUSH_COMPLEX,bmi,0.28841795844982454,0.005761600854759905,50.05864962192758,0
bmi,alt_log_adj,REACTOME_REGULATION_OF_ENDOGENOUS_RETROELEMENTS_BY_THE_HUMAN_SILENCING_HUB_HUSH_COMPLEX,ppgs:bmi,0.0039996896574281335,0.005670882357802329,0.7053028797053299,0.4806275638836084
bmi,alt_log_adj,REACTOME_REGULATION_OF_EXPRESSION_OF_SLITS_AND_ROBOS,ppgs,0.013428218833379307,0.006123583558463485,2.1928693721864856,0.02832488801825249
bmi,alt_log_adj,REACTOME_REGULATION_OF_EXPRESSION_OF_SLITS_AND_ROBOS,bmi,0.28846668148048704,0.005761310102135058,50.06963283812574,0
bmi,alt_log_adj,REACTOME_REGULATION_OF_EXPRESSION_OF_SLITS_AND_ROBOS,ppgs:bmi,0.0011605085151068,0.006117857452038739,0.18969198354238667,0.8495518611014253
bmi,alt_log_adj,REACTOME_REGULATION_OF_FOXO_TRANSCRIPTIONAL_ACTIVITY_BY_ACETYLATION,ppgs,0.009040921373132105,0.005689399429297576,1.5890818504631365,0.11205306663246108
bmi,alt_log_adj,REACTOME_REGULATION_OF_FOXO_TRANSCRIPTIONAL_ACTIVITY_BY_ACETYLATION,bmi,0.2883111855090818,0.005761037244417419,50.045013298336535,0
bmi,alt_log_adj,REACTOME_REGULATION_OF_FOXO_TRANSCRIPTIONAL_ACTIVITY_BY_ACETYLATION,ppgs:bmi,0.012142309782557537,0.005651029009109401,2.148690046181723,0.03166742130245342
bmi,alt_log_adj,REACTOME_REGULATION_OF_FZD_BY_UBIQUITINATION,ppgs,0.008339774323400648,0.005969353554907046,1.3970984038204644,0.16239491713676393
bmi,alt_log_adj,REACTOME_REGULATION_OF_FZD_BY_UBIQUITINATION,bmi,0.2885824364906084,0.005761544368504313,50.08768795883175,0
bmi,alt_log_adj,REACTOME_REGULATION_OF_FZD_BY_UBIQUITINATION,ppgs:bmi,-0.014550688252844618,0.005928018913657921,-2.4545617118933962,0.014111611595650799
bmi,alt_log_adj,REACTOME_REGULATION_OF_GENE_EXPRESSION_BY_HYPOXIA_INDUCIBLE_FACTOR,ppgs,0.004432589403495895,0.005789611929831582,0.7656107969269088,0.44391429242284886
bmi,alt_log_adj,REACTOME_REGULATION_OF_GENE_EXPRESSION_BY_HYPOXIA_INDUCIBLE_FACTOR,bmi,0.28834559539110227,0.005762343044201653,50.039644148095185,0
bmi,alt_log_adj,REACTOME_REGULATION_OF_GENE_EXPRESSION_BY_HYPOXIA_INDUCIBLE_FACTOR,ppgs:bmi,0.003264024633631824,0.005818632027325123,0.5609608269269307,0.5748286759227501
bmi,alt_log_adj,REACTOME_REGULATION_OF_GENE_EXPRESSION_IN_BETA_CELLS,ppgs,0.006637748687151649,0.005819042159426336,1.1406943798128495,0.2540067628111929
bmi,alt_log_adj,REACTOME_REGULATION_OF_GENE_EXPRESSION_IN_BETA_CELLS,bmi,0.2884266976443654,0.005761437447943045,50.061586236146645,0
bmi,alt_log_adj,REACTOME_REGULATION_OF_GENE_EXPRESSION_IN_BETA_CELLS,ppgs:bmi,-0.0053987209124433215,0.005908410627161172,-0.913734886269619,0.3608639393504559
bmi,alt_log_adj,REACTOME_REGULATION_OF_GENE_EXPRESSION_IN_EARLY_PANCREATIC_PRECURSOR_CELLS,ppgs,0.010811786549579759,0.005863320675866068,1.8439698504095132,0.06519796309916669
bmi,alt_log_adj,REACTOME_REGULATION_OF_GENE_EXPRESSION_IN_EARLY_PANCREATIC_PRECURSOR_CELLS,bmi,0.288391595098891,0.00576134743622362,50.0562756006818,0
bmi,alt_log_adj,REACTOME_REGULATION_OF_GENE_EXPRESSION_IN_EARLY_PANCREATIC_PRECURSOR_CELLS,ppgs:bmi,-7.863793097634498e-4,0.005842145707792953,-0.13460453557577023,0.8929255109837432
bmi,alt_log_adj,REACTOME_REGULATION_OF_GENE_EXPRESSION_IN_ENDOCRINE_COMMITTED_NEUROG3_PROGENITOR_CELLS,ppgs,-0.002718037972795861,0.005718548339533099,-0.4753020891693258,0.6345753323042211
bmi,alt_log_adj,REACTOME_REGULATION_OF_GENE_EXPRESSION_IN_ENDOCRINE_COMMITTED_NEUROG3_PROGENITOR_CELLS,bmi,0.28863896140832285,0.005761404988336811,50.09871064308681,0
bmi,alt_log_adj,REACTOME_REGULATION_OF_GENE_EXPRESSION_IN_ENDOCRINE_COMMITTED_NEUROG3_PROGENITOR_CELLS,ppgs:bmi,0.015351607404400764,0.005415714490813996,2.8346411965475267,0.004590961722622932
bmi,alt_log_adj,REACTOME_REGULATION_OF_GENE_EXPRESSION_IN_LATE_STAGE_BRANCHING_MORPHOGENESIS_PANCREATIC_BUD_PRECURSOR_CELLS,ppgs,-0.0013366913718015697,0.005826133893860133,-0.22943025274620635,0.8185361801082689
bmi,alt_log_adj,REACTOME_REGULATION_OF_GENE_EXPRESSION_IN_LATE_STAGE_BRANCHING_MORPHOGENESIS_PANCREATIC_BUD_PRECURSOR_CELLS,bmi,0.28838548195160324,0.005761618063617758,50.052863408742525,0
bmi,alt_log_adj,REACTOME_REGULATION_OF_GENE_EXPRESSION_IN_LATE_STAGE_BRANCHING_MORPHOGENESIS_PANCREATIC_BUD_PRECURSOR_CELLS,ppgs:bmi,-0.008291531117935815,0.005776861148706897,-1.4353004000783032,0.15121254668735118
bmi,alt_log_adj,REACTOME_REGULATION_OF_GLUCOKINASE_BY_GLUCOKINASE_REGULATORY_PROTEIN,ppgs,0.003073745111914507,0.005919561633269623,0.5192521511456496,0.6035889696435941
bmi,alt_log_adj,REACTOME_REGULATION_OF_GLUCOKINASE_BY_GLUCOKINASE_REGULATORY_PROTEIN,bmi,0.2884185955199179,0.0057628086658578935,50.04826851682083,0
bmi,alt_log_adj,REACTOME_REGULATION_OF_GLUCOKINASE_BY_GLUCOKINASE_REGULATORY_PROTEIN,ppgs:bmi,0.002189179390556708,0.0059164453944364395,0.37001598842022854,0.7113733417369474
bmi,alt_log_adj,REACTOME_REGULATION_OF_GLYCOLYSIS_BY_FRUCTOSE_2_6_BISPHOSPHATE_METABOLISM,ppgs,0.009038150986746313,0.005734338706292764,1.5761452975960424,0.11500348052737129
bmi,alt_log_adj,REACTOME_REGULATION_OF_GLYCOLYSIS_BY_FRUCTOSE_2_6_BISPHOSPHATE_METABOLISM,bmi,0.2884393258538854,0.005761216382591909,50.065699098793374,0
bmi,alt_log_adj,REACTOME_REGULATION_OF_GLYCOLYSIS_BY_FRUCTOSE_2_6_BISPHOSPHATE_METABOLISM,ppgs:bmi,0.009617823381342226,0.005775547160771305,1.6652661840714322,0.0958707119957093
bmi,alt_log_adj,REACTOME_REGULATION_OF_HMOX1_EXPRESSION_AND_ACTIVITY,ppgs,0.013729010829946662,0.0057405505809815785,2.391584332595347,0.016782306981502834
bmi,alt_log_adj,REACTOME_REGULATION_OF_HMOX1_EXPRESSION_AND_ACTIVITY,bmi,0.28842939161904335,0.005760927352746443,50.066486514803664,0
bmi,alt_log_adj,REACTOME_REGULATION_OF_HMOX1_EXPRESSION_AND_ACTIVITY,ppgs:bmi,0.006008159561558838,0.00578997495523877,1.0376831692722013,0.299426434128976
bmi,alt_log_adj,REACTOME_REGULATION_OF_HOMOTYPIC_CELL_CELL_ADHESION,ppgs,-0.0029429064883024084,0.00600407001021585,-0.4901519274916998,0.6240301885571915
bmi,alt_log_adj,REACTOME_REGULATION_OF_HOMOTYPIC_CELL_CELL_ADHESION,bmi,0.28841645558350165,0.005761597405793978,50.0584187457222,0
bmi,alt_log_adj,REACTOME_REGULATION_OF_HOMOTYPIC_CELL_CELL_ADHESION,ppgs:bmi,0.0010792923672175241,0.0059991064837697314,0.1799088531162921,0.857225410748037
bmi,alt_log_adj,REACTOME_REGULATION_OF_HSF1_MEDIATED_HEAT_SHOCK_RESPONSE,ppgs,0.008595357762262472,0.006108575460877254,1.4070969274771128,0.1594096125653213
bmi,alt_log_adj,REACTOME_REGULATION_OF_HSF1_MEDIATED_HEAT_SHOCK_RESPONSE,bmi,0.2884325248729456,0.005762419772855288,50.054063439051895,0
bmi,alt_log_adj,REACTOME_REGULATION_OF_HSF1_MEDIATED_HEAT_SHOCK_RESPONSE,ppgs:bmi,4.895976242273443e-4,0.006142037052231227,0.07971258070634522,0.936466416008894
bmi,alt_log_adj,REACTOME_REGULATION_OF_IFNA_IFNB_SIGNALING,ppgs,0.014757116587734995,0.005692234957967846,2.5924995536381292,0.009533020855617098
bmi,alt_log_adj,REACTOME_REGULATION_OF_IFNA_IFNB_SIGNALING,bmi,0.28863459491522325,0.005761354532440973,50.09839149630225,0
bmi,alt_log_adj,REACTOME_REGULATION_OF_IFNA_IFNB_SIGNALING,ppgs:bmi,0.007479390824464078,0.005728937693364928,1.3055458489497047,0.19171764084140783
bmi,alt_log_adj,REACTOME_REGULATION_OF_IFNG_SIGNALING,ppgs,0.007904278705752887,0.005743702097370299,1.3761644618323412,0.16878159260657782
bmi,alt_log_adj,REACTOME_REGULATION_OF_IFNG_SIGNALING,bmi,0.28838200976046613,0.005761397644569096,50.054175662099205,0
bmi,alt_log_adj,REACTOME_REGULATION_OF_IFNG_SIGNALING,ppgs:bmi,0.008108597344684136,0.005764775477223358,1.4065764359290702,0.15956398659179188
bmi,alt_log_adj,REACTOME_REGULATION_OF_INNATE_IMMUNE_RESPONSES_TO_CYTOSOLIC_DNA,ppgs,0.0010380865189884058,0.005796495252183717,0.17908865164641113,0.8578693725084698
bmi,alt_log_adj,REACTOME_REGULATION_OF_INNATE_IMMUNE_RESPONSES_TO_CYTOSOLIC_DNA,bmi,0.2884200555990849,0.005761823156653434,50.05708223898427,0
bmi,alt_log_adj,REACTOME_REGULATION_OF_INNATE_IMMUNE_RESPONSES_TO_CYTOSOLIC_DNA,ppgs:bmi,0.0037121327750683367,0.005775606061685588,0.6427261027537888,0.5204070386527493
bmi,alt_log_adj,REACTOME_REGULATION_OF_INSULIN_LIKE_GROWTH_FACTOR_IGF_TRANSPORT_AND_UPTAKE_BY_INSULIN_LIKE_GROWTH_FACTOR_BINDING_PROTEINS_IGFBPS,ppgs,0.005700484073282443,0.006411099446382853,0.8891585789546066,0.3739254052391754
bmi,alt_log_adj,REACTOME_REGULATION_OF_INSULIN_LIKE_GROWTH_FACTOR_IGF_TRANSPORT_AND_UPTAKE_BY_INSULIN_LIKE_GROWTH_FACTOR_BINDING_PROTEINS_IGFBPS,bmi,0.28845856900992745,0.005761310113916118,50.06822464098437,0
bmi,alt_log_adj,REACTOME_REGULATION_OF_INSULIN_LIKE_GROWTH_FACTOR_IGF_TRANSPORT_AND_UPTAKE_BY_INSULIN_LIKE_GROWTH_FACTOR_BINDING_PROTEINS_IGFBPS,ppgs:bmi,0.010243631162989845,0.006314591956633398,1.6222158507374402,0.10476825931671627
bmi,alt_log_adj,REACTOME_REGULATION_OF_INSULIN_SECRETION,ppgs,0.00872728727689571,0.006821910683867342,1.2793024830322477,0.20080102953971732
bmi,alt_log_adj,REACTOME_REGULATION_OF_INSULIN_SECRETION,bmi,0.2884020151437354,0.005761497547756778,50.05677998700596,0
bmi,alt_log_adj,REACTOME_REGULATION_OF_INSULIN_SECRETION,ppgs:bmi,0.00278633106814252,0.006787402622354444,0.4105150708115773,0.6814312530089874
bmi,alt_log_adj,REACTOME_REGULATION_OF_KIT_SIGNALING,ppgs,0.0010994905569365737,0.00569157029060287,0.19317877155130628,0.8468203473995214
bmi,alt_log_adj,REACTOME_REGULATION_OF_KIT_SIGNALING,bmi,0.28839306992826974,0.0057616910399816345,50.05354642014768,0
bmi,alt_log_adj,REACTOME_REGULATION_OF_KIT_SIGNALING,ppgs:bmi,0.003505308172665274,0.005705470358880792,0.6143767213178353,0.5389713455429509
bmi,alt_log_adj,REACTOME_REGULATION_OF_LIPID_METABOLISM_BY_PPARALPHA,ppgs,0.01935418045211589,0.006270411712602503,3.086588463277004,0.002026628959786882
bmi,alt_log_adj,REACTOME_REGULATION_OF_LIPID_METABOLISM_BY_PPARALPHA,bmi,0.2885873926702587,0.005761334882354429,50.09036943055191,0
bmi,alt_log_adj,REACTOME_REGULATION_OF_LIPID_METABOLISM_BY_PPARALPHA,ppgs:bmi,1.481227983237906e-4,0.006213262928706043,0.023839776301666706,0.9809805799515321
bmi,alt_log_adj,REACTOME_REGULATION_OF_LOCALIZATION_OF_FOXO_TRANSCRIPTION_FACTORS,ppgs,0.004117656376503717,0.0056719383446339824,0.725969875959474,0.4678632313815947
bmi,alt_log_adj,REACTOME_REGULATION_OF_LOCALIZATION_OF_FOXO_TRANSCRIPTION_FACTORS,bmi,0.2883054398595826,0.005760962543355543,50.04466487845894,0
bmi,alt_log_adj,REACTOME_REGULATION_OF_LOCALIZATION_OF_FOXO_TRANSCRIPTION_FACTORS,ppgs:bmi,0.01498843894323531,0.005608190490023802,2.67259804564372,0.00753094370898101
bmi,alt_log_adj,REACTOME_REGULATION_OF_MECP2_EXPRESSION_AND_ACTIVITY,ppgs,0.0034572347749024356,0.005758757665155027,0.6003438546861246,0.5482818965971954
bmi,alt_log_adj,REACTOME_REGULATION_OF_MECP2_EXPRESSION_AND_ACTIVITY,bmi,0.28842925252224005,0.0057616488371995175,50.060192953799096,0
bmi,alt_log_adj,REACTOME_REGULATION_OF_MECP2_EXPRESSION_AND_ACTIVITY,ppgs:bmi,6.716286129098753e-4,0.005771836033440783,0.11636307909971849,0.907365619455617
bmi,alt_log_adj,REACTOME_REGULATION_OF_MITF_M_DEPENDENT_GENES_INVOLVED_IN_APOPTOSIS,ppgs,0.008320516383252048,0.005944265186633401,1.3997552467817242,0.16159756660931746
bmi,alt_log_adj,REACTOME_REGULATION_OF_MITF_M_DEPENDENT_GENES_INVOLVED_IN_APOPTOSIS,bmi,0.2885731489410504,0.0057620994966559895,50.081250611608255,0
bmi,alt_log_adj,REACTOME_REGULATION_OF_MITF_M_DEPENDENT_GENES_INVOLVED_IN_APOPTOSIS,ppgs:bmi,0.0061425273764403225,0.005944817261911299,1.033257559621851,0.30149219727362375
bmi,alt_log_adj,REACTOME_REGULATION_OF_MITF_M_DEPENDENT_GENES_INVOLVED_IN_CELL_CYCLE_AND_PROLIFERATION,ppgs,0.010496265945323447,0.005746013554249613,1.8267040002995925,0.06775479676903116
bmi,alt_log_adj,REACTOME_REGULATION_OF_MITF_M_DEPENDENT_GENES_INVOLVED_IN_CELL_CYCLE_AND_PROLIFERATION,bmi,0.2883231380041029,0.005761900151425934,50.03959291671338,0
bmi,alt_log_adj,REACTOME_REGULATION_OF_MITF_M_DEPENDENT_GENES_INVOLVED_IN_CELL_CYCLE_AND_PROLIFERATION,ppgs:bmi,0.0032810015833699044,0.0057654199728621605,0.5690828419809109,0.5693044304542394
bmi,alt_log_adj,REACTOME_REGULATION_OF_MITF_M_DEPENDENT_GENES_INVOLVED_IN_DNA_REPLICATION_DAMAGE_REPAIR_AND_SENESCENCE,ppgs,0.006911765031257518,0.005688606593324832,1.2150189888975578,0.2243689687554814
bmi,alt_log_adj,REACTOME_REGULATION_OF_MITF_M_DEPENDENT_GENES_INVOLVED_IN_DNA_REPLICATION_DAMAGE_REPAIR_AND_SENESCENCE,bmi,0.2883253919041165,0.0057610077672519315,50.04773531865087,0
bmi,alt_log_adj,REACTOME_REGULATION_OF_MITF_M_DEPENDENT_GENES_INVOLVED_IN_DNA_REPLICATION_DAMAGE_REPAIR_AND_SENESCENCE,ppgs:bmi,-0.013971099447027555,0.005709269696047094,-2.4470904670523224,0.014407495250056575
bmi,alt_log_adj,REACTOME_REGULATION_OF_MITF_M_DEPENDENT_GENES_INVOLVED_IN_EXTRACELLULAR_MATRIX_FOCAL_ADHESION_AND_EPITHELIAL_TO_MESENCHYMAL_TRANSITION,ppgs,0.006554386882217451,0.00577825032276399,1.134320341989303,0.256669791076946
bmi,alt_log_adj,REACTOME_REGULATION_OF_MITF_M_DEPENDENT_GENES_INVOLVED_IN_EXTRACELLULAR_MATRIX_FOCAL_ADHESION_AND_EPITHELIAL_TO_MESENCHYMAL_TRANSITION,bmi,0.288464181529621,0.005761622743617119,50.06648202525744,0
bmi,alt_log_adj,REACTOME_REGULATION_OF_MITF_M_DEPENDENT_GENES_INVOLVED_IN_EXTRACELLULAR_MATRIX_FOCAL_ADHESION_AND_EPITHELIAL_TO_MESENCHYMAL_TRANSITION,ppgs:bmi,0.003199571215991963,0.005846724158359415,0.547241691130125,0.5842170050826527
bmi,alt_log_adj,REACTOME_REGULATION_OF_MITF_M_DEPENDENT_GENES_INVOLVED_IN_LYSOSOME_BIOGENESIS_AND_AUTOPHAGY,ppgs,-0.004196038351701099,0.005688263937781494,-0.7376659025666829,0.46072360297480885
bmi,alt_log_adj,REACTOME_REGULATION_OF_MITF_M_DEPENDENT_GENES_INVOLVED_IN_LYSOSOME_BIOGENESIS_AND_AUTOPHAGY,bmi,0.28843209453634844,0.005761939663559016,50.058159470241776,0
bmi,alt_log_adj,REACTOME_REGULATION_OF_MITF_M_DEPENDENT_GENES_INVOLVED_IN_LYSOSOME_BIOGENESIS_AND_AUTOPHAGY,ppgs:bmi,-0.0022248492348522202,0.005862907211369982,-0.3794788412372539,0.7043351561373445
bmi,alt_log_adj,REACTOME_REGULATION_OF_MITF_M_DEPENDENT_GENES_INVOLVED_IN_PIGMENTATION,ppgs,0.008091721344884948,0.00615440078768819,1.3147862194922935,0.18859239623306345
bmi,alt_log_adj,REACTOME_REGULATION_OF_MITF_M_DEPENDENT_GENES_INVOLVED_IN_PIGMENTATION,bmi,0.2883909213239368,0.005761456629962675,50.05520996620001,0
bmi,alt_log_adj,REACTOME_REGULATION_OF_MITF_M_DEPENDENT_GENES_INVOLVED_IN_PIGMENTATION,ppgs:bmi,-0.004537989840879821,0.006184834423925022,-0.7337285899401523,0.46312023820488957
bmi,alt_log_adj,REACTOME_REGULATION_OF_MRNA_STABILITY_BY_PROTEINS_THAT_BIND_AU_RICH_ELEMENTS,ppgs,0.0016189193510891499,0.005990200420806923,0.27026129968303625,0.7869612036457095
bmi,alt_log_adj,REACTOME_REGULATION_OF_MRNA_STABILITY_BY_PROTEINS_THAT_BIND_AU_RICH_ELEMENTS,bmi,0.2884442199206754,0.005761890263722966,50.0606930570561,0
bmi,alt_log_adj,REACTOME_REGULATION_OF_MRNA_STABILITY_BY_PROTEINS_THAT_BIND_AU_RICH_ELEMENTS,ppgs:bmi,0.003249205345039451,0.006043583030553698,0.537628974171927,0.5908374431751205
bmi,alt_log_adj,REACTOME_REGULATION_OF_NFE2L2_GENE_EXPRESSION,ppgs,0.001689181799562408,0.005717414024828952,0.29544507223489785,0.7676560702422031
bmi,alt_log_adj,REACTOME_REGULATION_OF_NFE2L2_GENE_EXPRESSION,bmi,0.28851316900956403,0.005762114101050904,50.07071431593909,0
bmi,alt_log_adj,REACTOME_REGULATION_OF_NFE2L2_GENE_EXPRESSION,ppgs:bmi,-0.007233527427852226,0.0057471146243493094,-1.258636359401168,0.20817207300523188
bmi,alt_log_adj,REACTOME_REGULATION_OF_NF_KAPPA_B_SIGNALING,ppgs,0.03754426841754994,0.005940592599895954,6.31995340300015,2.6553074614863863e-10
bmi,alt_log_adj,REACTOME_REGULATION_OF_NF_KAPPA_B_SIGNALING,bmi,0.28838186033718965,0.005757161329063264,50.0909812760296,0
bmi,alt_log_adj,REACTOME_REGULATION_OF_NF_KAPPA_B_SIGNALING,ppgs:bmi,0.011309091467344016,0.005943852476624603,1.9026534578069183,0.057095901057102653
bmi,alt_log_adj,REACTOME_REGULATION_OF_NPAS4_GENE_EXPRESSION,ppgs,-0.0029429064883024084,0.00600407001021585,-0.4901519274916998,0.6240301885571915
bmi,alt_log_adj,REACTOME_REGULATION_OF_NPAS4_GENE_EXPRESSION,bmi,0.28841645558350165,0.005761597405793978,50.0584187457222,0
bmi,alt_log_adj,REACTOME_REGULATION_OF_NPAS4_GENE_EXPRESSION,ppgs:bmi,0.0010792923672175241,0.0059991064837697314,0.1799088531162921,0.857225410748037
bmi,alt_log_adj,REACTOME_REGULATION_OF_NPAS4_GENE_TRANSCRIPTION,ppgs,0.004459990083509963,0.005715017861912529,0.7803982754338109,0.43516299872361175
bmi,alt_log_adj,REACTOME_REGULATION_OF_NPAS4_GENE_TRANSCRIPTION,bmi,0.28841367657157946,0.0057615308120817,50.05851499861591,0
bmi,alt_log_adj,REACTOME_REGULATION_OF_NPAS4_GENE_TRANSCRIPTION,ppgs:bmi,0.004591336436323953,0.005830120792412755,0.7875199502382627,0.4309841387201424
bmi,alt_log_adj,REACTOME_REGULATION_OF_NPAS4_MRNA_TRANSLATION,ppgs,-0.0029429064883024084,0.00600407001021585,-0.4901519274916998,0.6240301885571915
bmi,alt_log_adj,REACTOME_REGULATION_OF_NPAS4_MRNA_TRANSLATION,bmi,0.28841645558350165,0.005761597405793978,50.0584187457222,0
bmi,alt_log_adj,REACTOME_REGULATION_OF_NPAS4_MRNA_TRANSLATION,ppgs:bmi,0.0010792923672175241,0.0059991064837697314,0.1799088531162921,0.857225410748037
bmi,alt_log_adj,REACTOME_REGULATION_OF_ORNITHINE_DECARBOXYLASE_ODC,ppgs,-0.010319993618439724,0.006359308833656907,-1.622816863968098,0.10463967924700539
bmi,alt_log_adj,REACTOME_REGULATION_OF_ORNITHINE_DECARBOXYLASE_ODC,bmi,0.28841842340196705,0.005761644225322661,50.05835350512555,0
bmi,alt_log_adj,REACTOME_REGULATION_OF_ORNITHINE_DECARBOXYLASE_ODC,ppgs:bmi,-0.001163732278825514,0.0063243956989076705,-0.18400687341978145,0.8540093789144019
bmi,alt_log_adj,REACTOME_REGULATION_OF_PLK1_ACTIVITY_AT_G2_M_TRANSITION,ppgs,0.004982652536429787,0.006207769402366638,0.8026478133240919,0.42218505329560385
bmi,alt_log_adj,REACTOME_REGULATION_OF_PLK1_ACTIVITY_AT_G2_M_TRANSITION,bmi,0.28843025953930695,0.005762487232443078,50.05308435486518,0
bmi,alt_log_adj,REACTOME_REGULATION_OF_PLK1_ACTIVITY_AT_G2_M_TRANSITION,ppgs:bmi,7.241132468352696e-4,0.006214974155395717,0.11651106323694185,0.9072483439540195
bmi,alt_log_adj,REACTOME_REGULATION_OF_PTEN_GENE_TRANSCRIPTION,ppgs,0.01859054172433618,0.0057117121041517106,3.2548107091782774,0.001136009643500151
bmi,alt_log_adj,REACTOME_REGULATION_OF_PTEN_GENE_TRANSCRIPTION,bmi,0.2890553527458431,0.005761852413223231,50.16708725174426,0
bmi,alt_log_adj,REACTOME_REGULATION_OF_PTEN_GENE_TRANSCRIPTION,ppgs:bmi,0.014981877275925823,0.005612703921485058,2.669279813349176,0.007605739055586513
bmi,alt_log_adj,REACTOME_REGULATION_OF_PTEN_LOCALIZATION,ppgs,0.0077088589820133325,0.005849801412233452,1.3177984069496973,0.1875817905496117
bmi,alt_log_adj,REACTOME_REGULATION_OF_PTEN_LOCALIZATION,bmi,0.28820815337171585,0.005763327660817986,50.00724760646536,0
bmi,alt_log_adj,REACTOME_REGULATION_OF_PTEN_LOCALIZATION,ppgs:bmi,0.004101003628012736,0.005772040435410511,0.7104946117240897,0.47740331605753406
bmi,alt_log_adj,REACTOME_REGULATION_OF_PTEN_MRNA_TRANSLATION,ppgs,-0.0029429064883024084,0.00600407001021585,-0.4901519274916998,0.6240301885571915
bmi,alt_log_adj,REACTOME_REGULATION_OF_PTEN_MRNA_TRANSLATION,bmi,0.28841645558350165,0.005761597405793978,50.0584187457222,0
bmi,alt_log_adj,REACTOME_REGULATION_OF_PTEN_MRNA_TRANSLATION,ppgs:bmi,0.0010792923672175241,0.0059991064837697314,0.1799088531162921,0.857225410748037
bmi,alt_log_adj,REACTOME_REGULATION_OF_PTEN_STABILITY_AND_ACTIVITY,ppgs,2.1960929225917723e-4,0.006027825325266975,0.036432590595921195,0.9709376844113229
bmi,alt_log_adj,REACTOME_REGULATION_OF_PTEN_STABILITY_AND_ACTIVITY,bmi,0.28841751805340954,0.005761613792842971,50.058460775638835,0
bmi,alt_log_adj,REACTOME_REGULATION_OF_PTEN_STABILITY_AND_ACTIVITY,ppgs:bmi,0.0025682613041096403,0.006067464559887612,0.4232841047129598,0.672091201224688
bmi,alt_log_adj,REACTOME_REGULATION_OF_PYRUVATE_DEHYDROGENASE_PDH_COMPLEX,ppgs,0.008187616715959857,0.005759752361563559,1.4215223506132169,0.15517596142812567
bmi,alt_log_adj,REACTOME_REGULATION_OF_PYRUVATE_DEHYDROGENASE_PDH_COMPLEX,bmi,0.2882386091839199,0.005762903363146836,50.01621422756725,0
bmi,alt_log_adj,REACTOME_REGULATION_OF_PYRUVATE_DEHYDROGENASE_PDH_COMPLEX,ppgs:bmi,0.0060950511909894775,0.0057071596629434986,1.0679657747380984,0.28554504481645604
bmi,alt_log_adj,REACTOME_REGULATION_OF_PYRUVATE_METABOLISM,ppgs,0.008817690749019733,0.0058791722890599064,1.499818395427514,0.1336725872182665
bmi,alt_log_adj,REACTOME_REGULATION_OF_PYRUVATE_METABOLISM,bmi,0.2884442832303045,0.0057615280899736485,50.06385089612984,0
bmi,alt_log_adj,REACTOME_REGULATION_OF_PYRUVATE_METABOLISM,ppgs:bmi,-8.526803362493418e-4,0.005971933009647667,-0.1427812962522914,0.8864639239112704
bmi,alt_log_adj,REACTOME_REGULATION_OF_RAS_BY_GAPS,ppgs,-0.0076519635937135335,0.006047460355817047,-1.2653185210801947,0.2057675700305726
bmi,alt_log_adj,REACTOME_REGULATION_OF_RAS_BY_GAPS,bmi,0.28848191616618357,0.005761557438549695,50.07012760751032,0
bmi,alt_log_adj,REACTOME_REGULATION_OF_RAS_BY_GAPS,ppgs:bmi,-0.004812555197176222,0.0060149634333392385,-0.8000971660944091,0.4236612075814802
bmi,alt_log_adj,REACTOME_REGULATION_OF_RUNX1_EXPRESSION_AND_ACTIVITY,ppgs,0.01257441002429833,0.005963899951051277,2.1084206857094907,0.035003367446382314
bmi,alt_log_adj,REACTOME_REGULATION_OF_RUNX1_EXPRESSION_AND_ACTIVITY,bmi,0.2883325071569162,0.005761275429435505,50.04664517231166,0
bmi,alt_log_adj,REACTOME_REGULATION_OF_RUNX1_EXPRESSION_AND_ACTIVITY,ppgs:bmi,0.0038165599328946398,0.005943098179160418,0.6421835577742054,0.5207592005244918
bmi,alt_log_adj,REACTOME_REGULATION_OF_RUNX2_EXPRESSION_AND_ACTIVITY,ppgs,-0.00827973326680107,0.0059890458792078525,-1.38247951907428,0.1668354058745916
bmi,alt_log_adj,REACTOME_REGULATION_OF_RUNX2_EXPRESSION_AND_ACTIVITY,bmi,0.288387337573617,0.005761984235050614,50.05000461808514,0
bmi,alt_log_adj,REACTOME_REGULATION_OF_RUNX2_EXPRESSION_AND_ACTIVITY,ppgs:bmi,0.004067152184810357,0.0060378110101345145,0.6736136950930742,0.5005624359695611
bmi,alt_log_adj,REACTOME_REGULATION_OF_RUNX3_EXPRESSION_AND_ACTIVITY,ppgs,-0.005124621393821705,0.005843568732597585,-0.8769677620517533,0.3805115801910778
bmi,alt_log_adj,REACTOME_REGULATION_OF_RUNX3_EXPRESSION_AND_ACTIVITY,bmi,0.288605943967306,0.005762372047244637,50.08457308918593,0
bmi,alt_log_adj,REACTOME_REGULATION_OF_RUNX3_EXPRESSION_AND_ACTIVITY,ppgs:bmi,0.011535719464466977,0.005920634399075065,1.9483924672445767,0.0513778741398749
bmi,alt_log_adj,REACTOME_REGULATION_OF_SIGNALING_BY_CBL,ppgs,0.0017583069675954144,0.0056899761344625524,0.3090183378706729,0.7573098484403111
bmi,alt_log_adj,REACTOME_REGULATION_OF_SIGNALING_BY_CBL,bmi,0.2884466930846493,0.005762676593272872,50.05429133770424,0
bmi,alt_log_adj,REACTOME_REGULATION_OF_SIGNALING_BY_CBL,ppgs:bmi,-0.0017536466339949102,0.005728385245251475,-0.3061328033844423,0.7595057807645796
bmi,alt_log_adj,REACTOME_REGULATION_OF_SIGNALING_BY_NODAL,ppgs,0.007373989499614701,0.005701637305480016,1.2933108692352873,0.19591410159964928
bmi,alt_log_adj,REACTOME_REGULATION_OF_SIGNALING_BY_NODAL,bmi,0.28833540431607113,0.005761954930726438,50.041246032398114,0
bmi,alt_log_adj,REACTOME_REGULATION_OF_SIGNALING_BY_NODAL,ppgs:bmi,-0.0011296984681636658,0.005672739749267389,-0.19914512530026812,0.8421506514609436
bmi,alt_log_adj,REACTOME_REGULATION_OF_TBK1_IKK_IKBKE_MEDIATED_ACTIVATION_OF_IRF3_IRF7,ppgs,-4.4761821538889714e-4,0.0058938251413657,-0.07594697919476728,0.939461816701525
bmi,alt_log_adj,REACTOME_REGULATION_OF_TBK1_IKK_IKBKE_MEDIATED_ACTIVATION_OF_IRF3_IRF7,bmi,0.2884227474414069,0.00576260243232709,50.05078015158755,0
bmi,alt_log_adj,REACTOME_REGULATION_OF_TBK1_IKK_IKBKE_MEDIATED_ACTIVATION_OF_IRF3_IRF7,ppgs:bmi,-2.0007916470579298e-4,0.005819178267282836,-0.03438271788831389,0.9725722065272772
bmi,alt_log_adj,REACTOME_REGULATION_OF_TBK1_IKK_MEDIATED_ACTIVATION_OF_IRF3_IRF7_UPON_TLR3_LIGATION,ppgs,-9.042594011830147e-4,0.005925274573070565,-0.15261054825927062,0.8787064922681045
bmi,alt_log_adj,REACTOME_REGULATION_OF_TBK1_IKK_MEDIATED_ACTIVATION_OF_IRF3_IRF7_UPON_TLR3_LIGATION,bmi,0.2884390677378004,0.0057629717771695,50.050404355696514,0
bmi,alt_log_adj,REACTOME_REGULATION_OF_TBK1_IKK_MEDIATED_ACTIVATION_OF_IRF3_IRF7_UPON_TLR3_LIGATION,ppgs:bmi,-7.074828135145265e-4,0.005864667840464279,-0.1206347627453217,0.9039811881716744
bmi,alt_log_adj,REACTOME_REGULATION_OF_TLR_BY_ENDOGENOUS_LIGAND,ppgs,0.008844911701781288,0.005712186340008283,1.548428425703014,0.12153034483468722
bmi,alt_log_adj,REACTOME_REGULATION_OF_TLR_BY_ENDOGENOUS_LIGAND,bmi,0.2883615275380202,0.005761468374696504,50.050006141569796,0
bmi,alt_log_adj,REACTOME_REGULATION_OF_TLR_BY_ENDOGENOUS_LIGAND,ppgs:bmi,2.417173201815924e-4,0.005772468888718673,0.041874165948990835,0.9665993058200245
bmi,alt_log_adj,REACTOME_REGULATION_OF_TP53_ACTIVITY,ppgs,0.009150214509643881,0.006586916255034615,1.3891499687201954,0.16479806348864795
bmi,alt_log_adj,REACTOME_REGULATION_OF_TP53_ACTIVITY,bmi,0.288226179685403,0.0057622988024223195,50.01930471988718,0
bmi,alt_log_adj,REACTOME_REGULATION_OF_TP53_ACTIVITY,ppgs:bmi,0.007694613002132602,0.0065282741125970425,1.1786596073355708,0.23854363899939143
bmi,alt_log_adj,REACTOME_REGULATION_OF_TP53_ACTIVITY_THROUGH_ACETYLATION,ppgs,0.013609806821706597,0.005839752932450147,2.330544969818855,0.019784344035231903
bmi,alt_log_adj,REACTOME_REGULATION_OF_TP53_ACTIVITY_THROUGH_ACETYLATION,bmi,0.2884306218616763,0.005760828231600608,50.06756151476812,0
bmi,alt_log_adj,REACTOME_REGULATION_OF_TP53_ACTIVITY_THROUGH_ACETYLATION,ppgs:bmi,0.008754064162458696,0.005871928801385288,1.4908328180671169,0.136016519733306
bmi,alt_log_adj,REACTOME_REGULATION_OF_TP53_ACTIVITY_THROUGH_ASSOCIATION_WITH_CO_FACTORS,ppgs,0.0047120912134748,0.006008202874547644,0.7842763155412877,0.4328845469381859
bmi,alt_log_adj,REACTOME_REGULATION_OF_TP53_ACTIVITY_THROUGH_ASSOCIATION_WITH_CO_FACTORS,bmi,0.2883257664491164,0.00576396930732992,50.02208566281894,0
bmi,alt_log_adj,REACTOME_REGULATION_OF_TP53_ACTIVITY_THROUGH_ASSOCIATION_WITH_CO_FACTORS,ppgs:bmi,0.0015135775015968772,0.0060037300325773936,0.2521061895494825,0.8009608135617057
bmi,alt_log_adj,REACTOME_REGULATION_OF_TP53_ACTIVITY_THROUGH_METHYLATION,ppgs,0.0012031973770904123,0.0058259449438096975,0.20652398687166762,0.8363831129872954
bmi,alt_log_adj,REACTOME_REGULATION_OF_TP53_ACTIVITY_THROUGH_METHYLATION,bmi,0.2882013909225379,0.005762346325763667,50.0145903473345,0
bmi,alt_log_adj,REACTOME_REGULATION_OF_TP53_ACTIVITY_THROUGH_METHYLATION,ppgs:bmi,0.01128085214864771,0.005884800867665422,1.9169471325073013,0.055254689388147565
bmi,alt_log_adj,REACTOME_REGULATION_OF_TP53_ACTIVITY_THROUGH_PHOSPHORYLATION,ppgs,0.0028337873087082386,0.006375999423075766,0.44444597947300735,0.6567235698484467
bmi,alt_log_adj,REACTOME_REGULATION_OF_TP53_ACTIVITY_THROUGH_PHOSPHORYLATION,bmi,0.28839949521203706,0.0057621283937395115,50.05086237324734,0
bmi,alt_log_adj,REACTOME_REGULATION_OF_TP53_ACTIVITY_THROUGH_PHOSPHORYLATION,ppgs:bmi,-4.294619159503332e-4,0.00623603270049095,-0.0688678101249409,0.9450953271950828
bmi,alt_log_adj,REACTOME_REGULATION_OF_TP53_EXPRESSION_AND_DEGRADATION,ppgs,0.0031702407863167968,0.00581069106277502,0.5455875647263856,0.5853537670170816
bmi,alt_log_adj,REACTOME_REGULATION_OF_TP53_EXPRESSION_AND_DEGRADATION,bmi,0.2882305029731682,0.005762109895793917,50.02169486277303,0
bmi,alt_log_adj,REACTOME_REGULATION_OF_TP53_EXPRESSION_AND_DEGRADATION,ppgs:bmi,0.010782868892603928,0.005744353741754333,1.877124804175243,0.060511251748218794
bmi,alt_log_adj,REACTOME_REGULATION_OF_T_CELL_ACTIVATION_BY_CD28_FAMILY,ppgs,0.016009950333975516,0.0058243205910530225,2.7488099399214145,0.005984990810807307
bmi,alt_log_adj,REACTOME_REGULATION_OF_T_CELL_ACTIVATION_BY_CD28_FAMILY,bmi,0.28818429162384485,0.005761002659352981,50.023287379667835,0
bmi,alt_log_adj,REACTOME_REGULATION_OF_T_CELL_ACTIVATION_BY_CD28_FAMILY,ppgs:bmi,0.010083676195152148,0.005819370796558587,1.7327777431050366,0.083146055647821
bmi,alt_log_adj,REACTOME_RELAXIN_RECEPTORS,ppgs,-0.0023722500663247927,0.005720993342543054,-0.4146570227033855,0.6783961358890324
bmi,alt_log_adj,REACTOME_RELAXIN_RECEPTORS,bmi,0.28843380511033084,0.005761627639241656,50.06116728992477,0
bmi,alt_log_adj,REACTOME_RELAXIN_RECEPTORS,ppgs:bmi,-0.0030369828694496413,0.005686287878179346,-0.5340888351966507,0.59328426194789885
bmi,alt_log_adj,REACTOME_RELEASE_OF_HH_NP_FROM_THE_SECRETING_CELL,ppgs,-0.0012846061731994112,0.005820888618015672,-0.22068901459882778,0.8253361749922461
bmi,alt_log_adj,REACTOME_RELEASE_OF_HH_NP_FROM_THE_SECRETING_CELL,bmi,0.28846038644461724,0.005761884617357365,50.06354788425405,0
bmi,alt_log_adj,REACTOME_RELEASE_OF_HH_NP_FROM_THE_SECRETING_CELL,ppgs:bmi,-0.004217975814762159,0.005832565532765234,-0.7231767549060707,0.4695772646466442
bmi,alt_log_adj,REACTOME_REMOVAL_OF_AMINOTERMINAL_PROPEPTIDES_FROM_GAMMA_CARBOXYLATED_PROTEINS,ppgs,0.0016505332329263072,0.005753639718771318,0.2868676722217109,0.7742157410053268
bmi,alt_log_adj,REACTOME_REMOVAL_OF_AMINOTERMINAL_PROPEPTIDES_FROM_GAMMA_CARBOXYLATED_PROTEINS,bmi,0.28840740382176205,0.005761585310168123,50.056952782210274,0
bmi,alt_log_adj,REACTOME_REMOVAL_OF_AMINOTERMINAL_PROPEPTIDES_FROM_GAMMA_CARBOXYLATED_PROTEINS,ppgs:bmi,0.004593843953737428,0.0057091620296808405,0.804644171921363,0.4210317924638478
bmi,alt_log_adj,REACTOME_REPLACEMENT_OF_PROTAMINES_BY_NUCLEOSOMES_IN_THE_MALE_PRONUCLEUS,ppgs,0.003337196340325108,0.005879462414996602,0.5676022916335007,0.5703095457206093
bmi,alt_log_adj,REACTOME_REPLACEMENT_OF_PROTAMINES_BY_NUCLEOSOMES_IN_THE_MALE_PRONUCLEUS,bmi,0.28844353600202594,0.005761874157947659,50.06071429105415,0
bmi,alt_log_adj,REACTOME_REPLACEMENT_OF_PROTAMINES_BY_NUCLEOSOMES_IN_THE_MALE_PRONUCLEUS,ppgs:bmi,-0.0038188609054142716,0.005738969067104939,-0.6654262918584996,0.5057832870172039
bmi,alt_log_adj,REACTOME_REPRESSION_OF_WNT_TARGET_GENES,ppgs,0.013965202647489041,0.005768902570501566,2.4207728379567457,0.015493791778574639
bmi,alt_log_adj,REACTOME_REPRESSION_OF_WNT_TARGET_GENES,bmi,0.2879628531478229,0.005762199686514459,49.97446614385051,0
bmi,alt_log_adj,REACTOME_REPRESSION_OF_WNT_TARGET_GENES,ppgs:bmi,0.013928971742639788,0.005782078347863374,2.408990488305455,0.016003050392942537
bmi,alt_log_adj,REACTOME_REPRODUCTION,ppgs,0.005714709178016819,0.0058874453827448435,0.970660245064135,0.331725776545978
bmi,alt_log_adj,REACTOME_REPRODUCTION,bmi,0.28816951743431723,0.0057634741929571695,49.99927262387219,0
bmi,alt_log_adj,REACTOME_REPRODUCTION,ppgs:bmi,0.008407554767393266,0.005948676607612165,1.413348770150763,0.15756418084110105
bmi,alt_log_adj,REACTOME_RESOLUTION_OF_ABASIC_SITES_AP_SITES,ppgs,0.0054202691911071675,0.005738392517571019,0.9445622924033595,0.3448904358666073
bmi,alt_log_adj,REACTOME_RESOLUTION_OF_ABASIC_SITES_AP_SITES,bmi,0.2883928736335021,0.005761598342443219,50.05431765505688,0
bmi,alt_log_adj,REACTOME_RESOLUTION_OF_ABASIC_SITES_AP_SITES,ppgs:bmi,-0.0011566655792015544,0.005667553446329796,-0.20408551770263234,0.8382881363936794
bmi,alt_log_adj,REACTOME_RESOLUTION_OF_AP_SITES_VIA_THE_MULTIPLE_NUCLEOTIDE_PATCH_REPLACEMENT_PATHWAY,ppgs,0.0010590282326501004,0.005721354849530794,0.18510095257191586,0.8531511786782009
bmi,alt_log_adj,REACTOME_RESOLUTION_OF_AP_SITES_VIA_THE_MULTIPLE_NUCLEOTIDE_PATCH_REPLACEMENT_PATHWAY,bmi,0.28841224433629625,0.005761596559123624,50.057695185128615,0
bmi,alt_log_adj,REACTOME_RESOLUTION_OF_AP_SITES_VIA_THE_MULTIPLE_NUCLEOTIDE_PATCH_REPLACEMENT_PATHWAY,ppgs:bmi,0.0019425829165045131,0.005743476162414972,0.33822424983961474,0.7351967075683719
bmi,alt_log_adj,REACTOME_RESOLUTION_OF_D_LOOP_STRUCTURES,ppgs,-0.0035270503113202954,0.0059761804708801545,-0.5901847055165724,0.5550715291441328
bmi,alt_log_adj,REACTOME_RESOLUTION_OF_D_LOOP_STRUCTURES,bmi,0.2885156778785066,0.005762852220809847,50.06473649222986,0
bmi,alt_log_adj,REACTOME_RESOLUTION_OF_D_LOOP_STRUCTURES,ppgs:bmi,-0.003640579449582442,0.005946286774696514,-0.6122441764958855,0.540381128115719
bmi,alt_log_adj,REACTOME_RESOLUTION_OF_D_LOOP_STRUCTURES_THROUGH_SYNTHESIS_DEPENDENT_STRAND_ANNEALING_SDSA,ppgs,-0.0023391845404935833,0.005978667624321041,-0.39125515708179703,0.6956115822462177
bmi,alt_log_adj,REACTOME_RESOLUTION_OF_D_LOOP_STRUCTURES_THROUGH_SYNTHESIS_DEPENDENT_STRAND_ANNEALING_SDSA,bmi,0.2884789241989959,0.005762666581815074,50.05997138708888,0
bmi,alt_log_adj,REACTOME_RESOLUTION_OF_D_LOOP_STRUCTURES_THROUGH_SYNTHESIS_DEPENDENT_STRAND_ANNEALING_SDSA,ppgs:bmi,-0.0025900808367740787,0.005937231532142904,-0.43624386597557024,0.6626631266585812
bmi,alt_log_adj,REACTOME_RESOLUTION_OF_SISTER_CHROMATID_COHESION,ppgs,0.011733306013074834,0.006424439504023041,1.8263548136342997,0.06780734550007309
bmi,alt_log_adj,REACTOME_RESOLUTION_OF_SISTER_CHROMATID_COHESION,bmi,0.2882496711988379,0.005761904125525753,50.02680796472575,0
bmi,alt_log_adj,REACTOME_RESOLUTION_OF_SISTER_CHROMATID_COHESION,ppgs:bmi,0.010275701540160997,0.006442598234441608,1.5949623375904352,0.11073180585500884
bmi,alt_log_adj,REACTOME_RESPIRATORY_ELECTRON_TRANSPORT,ppgs,0.0033400238668149338,0.005916755525053988,0.5645025982013102,0.5724165988261942
bmi,alt_log_adj,REACTOME_RESPIRATORY_ELECTRON_TRANSPORT,bmi,0.28851707704312834,0.005761982208373635,50.072538687092646,0
bmi,alt_log_adj,REACTOME_RESPIRATORY_ELECTRON_TRANSPORT,ppgs:bmi,-0.006861133152799689,0.005886639700037243,-1.1655432474925007,0.2438089717177469
bmi,alt_log_adj,REACTOME_RESPIRATORY_SYNCYTIAL_VIRUS_INFECTION_PATHWAY,ppgs,0.0038009834241265056,0.006195259320971554,0.6135309641131257,0.539530238005694
bmi,alt_log_adj,REACTOME_RESPIRATORY_SYNCYTIAL_VIRUS_INFECTION_PATHWAY,bmi,0.28848396711631485,0.005761846890249826,50.06796824200349,0
bmi,alt_log_adj,REACTOME_RESPIRATORY_SYNCYTIAL_VIRUS_INFECTION_PATHWAY,ppgs:bmi,-0.006474623924145946,0.006255581745052222,-1.0350154770604625,0.30067051235934183
bmi,alt_log_adj,REACTOME_RESPIRATORY_SYNCYTIAL_VIRUS_RSV_ATTACHMENT_AND_ENTRY,ppgs,0.0018688842808691419,0.005923897678006616,0.3154822014917076,0.7523978850945073
bmi,alt_log_adj,REACTOME_RESPIRATORY_SYNCYTIAL_VIRUS_RSV_ATTACHMENT_AND_ENTRY,bmi,0.2884423025083973,0.005761021436204651,50.06790995355547,0
bmi,alt_log_adj,REACTOME_RESPIRATORY_SYNCYTIAL_VIRUS_RSV_ATTACHMENT_AND_ENTRY,ppgs:bmi,-0.014220920591837093,0.005951126132140501,-2.3896184144095955,0.01687237949180782
bmi,alt_log_adj,REACTOME_RESPIRATORY_SYNCYTIAL_VIRUS_RSV_GENOME_REPLICATION_TRANSCRIPTION_AND_TRANSLATION,ppgs,0.0066138745812425225,0.005821923405400281,1.13602913001357,0.25595397691772664
bmi,alt_log_adj,REACTOME_RESPIRATORY_SYNCYTIAL_VIRUS_RSV_GENOME_REPLICATION_TRANSCRIPTION_AND_TRANSLATION,bmi,0.28833719332829383,0.005761464549619728,50.045815754836994,0
bmi,alt_log_adj,REACTOME_RESPIRATORY_SYNCYTIAL_VIRUS_RSV_GENOME_REPLICATION_TRANSCRIPTION_AND_TRANSLATION,ppgs:bmi,0.009796813405625044,0.005786800369237432,1.6929585920580217,0.09047433706304343
bmi,alt_log_adj,REACTOME_RESPONSE_OF_EIF2AK1_HRI_TO_HEME_DEFICIENCY,ppgs,0.006006691407898874,0.005776846359313542,1.0397872877845837,0.2984476045594746
bmi,alt_log_adj,REACTOME_RESPONSE_OF_EIF2AK1_HRI_TO_HEME_DEFICIENCY,bmi,0.2884098945610937,0.0057615562538920854,50.05763752914243,0
bmi,alt_log_adj,REACTOME_RESPONSE_OF_EIF2AK1_HRI_TO_HEME_DEFICIENCY,ppgs:bmi,9.657776621241206e-4,0.005650214524305447,0.1709276095570617,0.8642819067559543
bmi,alt_log_adj,REACTOME_RESPONSE_OF_EIF2AK4_GCN2_TO_AMINO_ACID_DEFICIENCY,ppgs,0.02992096653578384,0.005808469186265657,5.1512654326432665,2.604654178537576e-7
bmi,alt_log_adj,REACTOME_RESPONSE_OF_EIF2AK4_GCN2_TO_AMINO_ACID_DEFICIENCY,bmi,0.28840270518282235,0.005758919908272344,50.07930476139269,0
bmi,alt_log_adj,REACTOME_RESPONSE_OF_EIF2AK4_GCN2_TO_AMINO_ACID_DEFICIENCY,ppgs:bmi,0.003414453766931096,0.005800053225343563,0.5886935230200138,0.5560715740419178
bmi,alt_log_adj,REACTOME_RESPONSE_OF_MTB_TO_PHAGOCYTOSIS,ppgs,0.0055624784942591874,0.005687010637994269,0.9781023543541318,0.32803205029626215
bmi,alt_log_adj,REACTOME_RESPONSE_OF_MTB_TO_PHAGOCYTOSIS,bmi,0.2884934160575813,0.005761709855486279,50.07079899777995,0
bmi,alt_log_adj,REACTOME_RESPONSE_OF_MTB_TO_PHAGOCYTOSIS,ppgs:bmi,0.006069994932515767,0.0056647738642646335,1.0715334941801313,0.28393874110262446
bmi,alt_log_adj,REACTOME_RESPONSE_TO_ELEVATED_PLATELET_CYTOSOLIC_CA2,ppgs,0.026396793177981208,0.006172653234571747,4.276409539764564,1.9055272897193432e-5
bmi,alt_log_adj,REACTOME_RESPONSE_TO_ELEVATED_PLATELET_CYTOSOLIC_CA2,bmi,0.28834341026952115,0.005759593307705355,50.063154612629816,0
bmi,alt_log_adj,REACTOME_RESPONSE_TO_ELEVATED_PLATELET_CYTOSOLIC_CA2,ppgs:bmi,0.007812650589648432,0.006143058679534647,1.2717851150723927,0.20345991233476202
bmi,alt_log_adj,REACTOME_RESPONSE_TO_METAL_IONS,ppgs,0.008035230069816083,0.006244889453003139,1.2866889206424585,0.19821324340170285
bmi,alt_log_adj,REACTOME_RESPONSE_TO_METAL_IONS,bmi,0.2884841778533337,0.005761855388293388,50.06793097228014,0
bmi,alt_log_adj,REACTOME_RESPONSE_TO_METAL_IONS,ppgs:bmi,-0.0014405576267426195,0.006160818779692499,-0.23382567776397425,0.8151220025912286
bmi,alt_log_adj,REACTOME_RETINOID_CYCLE_DISEASE_EVENTS,ppgs,-0.006266141423268286,0.005791157259835172,-1.0820188680986764,0.2792533480024414
bmi,alt_log_adj,REACTOME_RETINOID_CYCLE_DISEASE_EVENTS,bmi,0.2883434856509376,0.005761536054369208,50.046286776644386,0
bmi,alt_log_adj,REACTOME_RETINOID_CYCLE_DISEASE_EVENTS,ppgs:bmi,-0.00882450780353417,0.0057233601579820305,-1.5418403804672598,0.12312354871956274
bmi,alt_log_adj,REACTOME_RETROGRADE_NEUROTROPHIN_SIGNALLING,ppgs,-7.258190954267233e-4,0.0058682828188089935,-0.1236850911650562,0.9015654934267862
bmi,alt_log_adj,REACTOME_RETROGRADE_NEUROTROPHIN_SIGNALLING,bmi,0.28846179007306855,0.0057623139986028,50.06006096561424,0
bmi,alt_log_adj,REACTOME_RETROGRADE_NEUROTROPHIN_SIGNALLING,ppgs:bmi,-0.00294345591602466,0.005921048529847118,-0.4971173435223744,0.6191101602421928
bmi,alt_log_adj,REACTOME_RETROGRADE_TRANSPORT_AT_THE_TRANS_GOLGI_NETWORK,ppgs,-0.007115223608865643,0.006015799055270783,-1.1827561963911664,0.23691570492872363
bmi,alt_log_adj,REACTOME_RETROGRADE_TRANSPORT_AT_THE_TRANS_GOLGI_NETWORK,bmi,0.2885142752117569,0.005761820987383232,50.07345348693095,0
bmi,alt_log_adj,REACTOME_RETROGRADE_TRANSPORT_AT_THE_TRANS_GOLGI_NETWORK,ppgs:bmi,-0.004912763350641895,0.006019756518837342,-0.8161066540263905,0.4144459959207121
bmi,alt_log_adj,REACTOME_RET_SIGNALING,ppgs,0.007809563355394428,0.00583229535448631,1.3390205537837117,0.18057471843809397
bmi,alt_log_adj,REACTOME_RET_SIGNALING,bmi,0.28852697653389503,0.005761756564467519,50.07621778282464,0
bmi,alt_log_adj,REACTOME_RET_SIGNALING,ppgs:bmi,0.006401793798662602,0.005872165138137284,1.0901930800763076,0.2756373676144114
bmi,alt_log_adj,REACTOME_REVERSIBLE_HYDRATION_OF_CARBON_DIOXIDE,ppgs,-0.005492984608569837,0.0057405469038936206,-0.9568747892024242,0.3386386175080488
bmi,alt_log_adj,REACTOME_REVERSIBLE_HYDRATION_OF_CARBON_DIOXIDE,bmi,0.28839717778502805,0.005761526849419783,50.05568581426835,0
bmi,alt_log_adj,REACTOME_REVERSIBLE_HYDRATION_OF_CARBON_DIOXIDE,ppgs:bmi,-0.0016247056046320852,0.0055709723845036255,-0.29163770568158126,0.7705657769994081
bmi,alt_log_adj,REACTOME_RHOA_GTPASE_CYCLE,ppgs,0.021664510480993365,0.006896498406829072,3.1413783057704565,0.0016832761557439842
bmi,alt_log_adj,REACTOME_RHOA_GTPASE_CYCLE,bmi,0.28846606040741374,0.005760429213262848,50.077181704316004,0
bmi,alt_log_adj,REACTOME_RHOA_GTPASE_CYCLE,ppgs:bmi,0.009685443133526178,0.006861873804207346,1.4114866303119078,0.15811215030298634
bmi,alt_log_adj,REACTOME_RHOBTB1_GTPASE_CYCLE,ppgs,0.01032529267241231,0.0057148907118141756,1.8067349303928466,0.07081421769577013
bmi,alt_log_adj,REACTOME_RHOBTB1_GTPASE_CYCLE,bmi,0.2884463440019035,0.005761440912974464,50.06496610116011,0
bmi,alt_log_adj,REACTOME_RHOBTB1_GTPASE_CYCLE,ppgs:bmi,-3.998038987096555e-4,0.0057501398394173,-0.06952942187057667,0.9445687044709474
bmi,alt_log_adj,REACTOME_RHOBTB2_GTPASE_CYCLE,ppgs,0.010097495523223886,0.005900738489122589,1.711225729090959,0.08705039028306497
bmi,alt_log_adj,REACTOME_RHOBTB2_GTPASE_CYCLE,bmi,0.2882912165901795,0.005762809557483114,50.02615715728937,0
bmi,alt_log_adj,REACTOME_RHOBTB2_GTPASE_CYCLE,ppgs:bmi,8.056370321762022e-4,0.005926531001741197,0.13593736908479995,0.8918717586399141
bmi,alt_log_adj,REACTOME_RHOBTB3_ATPASE_CYCLE,ppgs,-2.7239738757701314e-4,0.005713502868006964,-0.047676074357521636,0.9619747381634591
bmi,alt_log_adj,REACTOME_RHOBTB3_ATPASE_CYCLE,bmi,0.2884178287045737,0.0057616865560630144,50.057882513770565,0
bmi,alt_log_adj,REACTOME_RHOBTB3_ATPASE_CYCLE,ppgs:bmi,-0.002806395613738879,0.005800720600498151,-0.4838012045430826,0.6285306972278687
bmi,alt_log_adj,REACTOME_RHOBTB_GTPASE_CYCLE,ppgs,0.005015229159886918,0.005810736918686193,0.8630969238615713,0.3880914809568373
bmi,alt_log_adj,REACTOME_RHOBTB_GTPASE_CYCLE,bmi,0.2883844364001815,0.005761650077814127,50.052403826229884,0
bmi,alt_log_adj,REACTOME_RHOBTB_GTPASE_CYCLE,ppgs:bmi,-5.061179720760064e-4,0.005839428501582029,-0.08667251802790084,0.9309324337754297
bmi,alt_log_adj,REACTOME_RHOB_GTPASE_CYCLE,ppgs,0.015117768237305197,0.006122449896862366,2.4692351088169384,0.013546071185247902
bmi,alt_log_adj,REACTOME_RHOB_GTPASE_CYCLE,bmi,0.2883603399242549,0.005761162072199263,50.052460998406936,0
bmi,alt_log_adj,REACTOME_RHOB_GTPASE_CYCLE,ppgs:bmi,-0.004986341714833041,0.006038861933701387,-0.8257088454043813,0.4089762220868468
bmi,alt_log_adj,REACTOME_RHOC_GTPASE_CYCLE,ppgs,0.017451249459342955,0.006028481280864008,2.8948003064615677,0.0037968926988492615
bmi,alt_log_adj,REACTOME_RHOC_GTPASE_CYCLE,bmi,0.2882721702736112,0.005760905752438186,50.039383156304176,0
bmi,alt_log_adj,REACTOME_RHOC_GTPASE_CYCLE,ppgs:bmi,-0.00375676832203405,0.006003955680514321,-0.6257155318828456,0.5315065812290639
bmi,alt_log_adj,REACTOME_RHOD_GTPASE_CYCLE,ppgs,0.010553279694245072,0.005754799629259265,1.8338222656074383,0.0666908587312487
bmi,alt_log_adj,REACTOME_RHOD_GTPASE_CYCLE,bmi,0.28838970438556466,0.005761169127816827,50.057496662113934,0
bmi,alt_log_adj,REACTOME_RHOD_GTPASE_CYCLE,ppgs:bmi,0.005857387332281699,0.005720232296977787,1.0239771792793058,0.30585479170131386
bmi,alt_log_adj,REACTOME_RHOF_GTPASE_CYCLE,ppgs,0.007825276203266273,0.00582931085062834,1.342401598367805,0.17947656660651026
bmi,alt_log_adj,REACTOME_RHOF_GTPASE_CYCLE,bmi,0.28855452398590375,0.005761780562806871,50.08079027663168,0
bmi,alt_log_adj,REACTOME_RHOF_GTPASE_CYCLE,ppgs:bmi,0.007579278710976208,0.005886316688208189,1.2876097417863124,0.19789235803201213
bmi,alt_log_adj,REACTOME_RHOG_GTPASE_CYCLE,ppgs,0.01577880312851873,0.005997054075536104,2.6310923546421736,0.008515694853248093
bmi,alt_log_adj,REACTOME_RHOG_GTPASE_CYCLE,bmi,0.28837097206015144,0.00576041921810389,50.06076140324248,0
bmi,alt_log_adj,REACTOME_RHOG_GTPASE_CYCLE,ppgs:bmi,0.013827916734516258,0.006023444441039353,2.2956826231023113,0.021701298618672996
bmi,alt_log_adj,REACTOME_RHOH_GTPASE_CYCLE,ppgs,-0.008775043203890723,0.005689646834073335,-1.5422825809398242,0.12301610208553687
bmi,alt_log_adj,REACTOME_RHOH_GTPASE_CYCLE,bmi,0.28844059219206014,0.005762482094379619,50.054922074879485,0
bmi,alt_log_adj,REACTOME_RHOH_GTPASE_CYCLE,ppgs:bmi,0.0036309901010220455,0.005822306963021689,0.6236342611413289,0.532872822615579
bmi,alt_log_adj,REACTOME_RHOJ_GTPASE_CYCLE,ppgs,0.00403598651057253,0.005840523773659076,0.6910316038391866,0.48955133889566094
bmi,alt_log_adj,REACTOME_RHOJ_GTPASE_CYCLE,bmi,0.28847003819174555,0.005761234422389387,50.07087319180928,0
bmi,alt_log_adj,REACTOME_RHOJ_GTPASE_CYCLE,ppgs:bmi,0.011333678550286655,0.005838468435041002,1.941207471854228,0.0522430146639542
bmi,alt_log_adj,REACTOME_RHOQ_GTPASE_CYCLE,ppgs,0.010835000885780365,0.006096441548702557,1.7772664265248745,0.07553513411429673
bmi,alt_log_adj,REACTOME_RHOQ_GTPASE_CYCLE,bmi,0.28854190459531154,0.005761127348923359,50.084278149004,0
bmi,alt_log_adj,REACTOME_RHOQ_GTPASE_CYCLE,ppgs:bmi,0.01159772100440313,0.006068705856170524,1.9110698852887766,0.05600567529201402
bmi,alt_log_adj,REACTOME_RHOT1_GTPASE_CYCLE,ppgs,0.002325683170870981,0.005671914334057423,0.41003496066685047,0.6817834004142381
bmi,alt_log_adj,REACTOME_RHOT1_GTPASE_CYCLE,bmi,0.28845371025902794,0.005761856025551674,50.06263762576568,0
bmi,alt_log_adj,REACTOME_RHOT1_GTPASE_CYCLE,ppgs:bmi,0.003524069215215092,0.005571616997968415,0.6325038523825448,0.5270627933949237
bmi,alt_log_adj,REACTOME_RHOU_GTPASE_CYCLE,ppgs,0.01556073438269528,0.005730274911836696,2.715530166022641,0.006620982940713502
bmi,alt_log_adj,REACTOME_RHOU_GTPASE_CYCLE,bmi,0.28847348134681916,0.005760851377864015,50.074800133756995,0
bmi,alt_log_adj,REACTOME_RHOU_GTPASE_CYCLE,ppgs:bmi,-0.006372285186872082,0.005695949313146903,-1.1187397985027918,0.2632606408829241
bmi,alt_log_adj,REACTOME_RHOV_GTPASE_CYCLE,ppgs,0.011039119464034729,0.005688374060306092,1.9406458413251242,0.05231115059107886
bmi,alt_log_adj,REACTOME_RHOV_GTPASE_CYCLE,bmi,0.2884018549598623,0.005761121689543839,50.06001790993201,0
bmi,alt_log_adj,REACTOME_RHOV_GTPASE_CYCLE,ppgs:bmi,-0.008160548716871975,0.005615683585485263,-1.4531710329913121,0.14618734194079397
bmi,alt_log_adj,REACTOME_RHO_GTPASES_ACTIVATE_CIT,ppgs,0.0015733141771194015,0.005877221447653324,0.26769693657665383,0.788934555621679
bmi,alt_log_adj,REACTOME_RHO_GTPASES_ACTIVATE_CIT,bmi,0.2883658611350042,0.005762248265490006,50.04398419658899,0
bmi,alt_log_adj,REACTOME_RHO_GTPASES_ACTIVATE_CIT,ppgs:bmi,0.002820057389683469,0.005894100200872971,0.4784542667370657,0.6323306072114432
bmi,alt_log_adj,REACTOME_RHO_GTPASES_ACTIVATE_FORMINS,ppgs,0.014884082078955464,0.006488062153977554,2.2940720550635705,0.021793637305123948
bmi,alt_log_adj,REACTOME_RHO_GTPASES_ACTIVATE_FORMINS,bmi,0.2882953323426164,0.005760669620922222,50.04545501022212,0
bmi,alt_log_adj,REACTOME_RHO_GTPASES_ACTIVATE_FORMINS,ppgs:bmi,0.01648497349009895,0.006482702446200065,2.5429168817954726,0.010998406004215013
bmi,alt_log_adj,REACTOME_RHO_GTPASES_ACTIVATE_IQGAPS,ppgs,0.018632935235555655,0.005709212062457915,3.263661435538594,0.001101127198447624
bmi,alt_log_adj,REACTOME_RHO_GTPASES_ACTIVATE_IQGAPS,bmi,0.2885056360560341,0.005760631105007136,50.08229667844296,0
bmi,alt_log_adj,REACTOME_RHO_GTPASES_ACTIVATE_IQGAPS,ppgs:bmi,0.0027872606171299944,0.005738300584090108,0.4857292810449656,0.6271628744580913
bmi,alt_log_adj,REACTOME_RHO_GTPASES_ACTIVATE_KTN1,ppgs,0.0021227303749498574,0.005767797105878097,0.3680313880643501,0.7128525777821701
bmi,alt_log_adj,REACTOME_RHO_GTPASES_ACTIVATE_KTN1,bmi,0.28846856544321725,0.005762985882746013,50.05540032761011,0
bmi,alt_log_adj,REACTOME_RHO_GTPASES_ACTIVATE_KTN1,ppgs:bmi,-0.0023719748842514973,0.005733611076972792,-0.4136965086065521,0.6790995139239009
bmi,alt_log_adj,REACTOME_RHO_GTPASES_ACTIVATE_NADPH_OXIDASES,ppgs,0.008397507944696639,0.00573564614598981,1.4640910075263136,0.14318017254439655
bmi,alt_log_adj,REACTOME_RHO_GTPASES_ACTIVATE_NADPH_OXIDASES,bmi,0.2883391710730325,0.005761587547079226,50.04509064853191,0
bmi,alt_log_adj,REACTOME_RHO_GTPASES_ACTIVATE_NADPH_OXIDASES,ppgs:bmi,0.002109664217065937,0.005862586085293305,0.35985215165678724,0.7189603813084342
bmi,alt_log_adj,REACTOME_RHO_GTPASES_ACTIVATE_PAKS,ppgs,3.9182572079136827e-4,0.005874321782491835,0.06670143980862404,0.946819858449492
bmi,alt_log_adj,REACTOME_RHO_GTPASES_ACTIVATE_PAKS,bmi,0.288319781861298,0.005762467155111522,50.034086806993365,0
bmi,alt_log_adj,REACTOME_RHO_GTPASES_ACTIVATE_PAKS,ppgs:bmi,0.005487420614601814,0.005900403272293024,0.9300077234329923,0.35237500489165585
bmi,alt_log_adj,REACTOME_RHO_GTPASES_ACTIVATE_PKNS,ppgs,0.006518757854498229,0.005815737751747055,1.1208823596868662,0.2623474358664605
bmi,alt_log_adj,REACTOME_RHO_GTPASES_ACTIVATE_PKNS,bmi,0.28834776680776836,0.005761502212819532,50.0473237979819,0
bmi,alt_log_adj,REACTOME_RHO_GTPASES_ACTIVATE_PKNS,ppgs:bmi,0.009893101988256669,0.0058605846080471875,1.6880742536627522,0.09140797575559936
bmi,alt_log_adj,REACTOME_RHO_GTPASES_ACTIVATE_RHOTEKIN_AND_RHOPHILINS,ppgs,0.003932002653852503,0.005767611172619094,0.6817385111741098,0.495409880793099
bmi,alt_log_adj,REACTOME_RHO_GTPASES_ACTIVATE_RHOTEKIN_AND_RHOPHILINS,bmi,0.28839923161618347,0.005761651210718637,50.05496186226311,0
bmi,alt_log_adj,REACTOME_RHO_GTPASES_ACTIVATE_RHOTEKIN_AND_RHOPHILINS,ppgs:bmi,0.0018793063268176095,0.005857503444956534,0.32083742578687546,0.7483359608464769
bmi,alt_log_adj,REACTOME_RHO_GTPASES_ACTIVATE_ROCKS,ppgs,-3.1914196611078783e-4,0.005908415579180829,-0.054014813588152376,0.9569237425626193
bmi,alt_log_adj,REACTOME_RHO_GTPASES_ACTIVATE_ROCKS,bmi,0.28837969871545427,0.00576210311658869,50.04764629866296,0
bmi,alt_log_adj,REACTOME_RHO_GTPASES_ACTIVATE_ROCKS,ppgs:bmi,0.0032132242805297064,0.005888185874949445,0.54570700531040806,0.5852716496999553
bmi,alt_log_adj,REACTOME_RHO_GTPASES_ACTIVATE_WASPS_AND_WAVES,ppgs,0.018217459392201006,0.005740487062971745,3.173504128196774,0.0015077156643326724
bmi,alt_log_adj,REACTOME_RHO_GTPASES_ACTIVATE_WASPS_AND_WAVES,bmi,0.28850958528549736,0.005760955034646139,50.08016614440018,0
bmi,alt_log_adj,REACTOME_RHO_GTPASES_ACTIVATE_WASPS_AND_WAVES,ppgs:bmi,-0.00791386880087834,0.005706899436396334,-1.3867195118958702,0.16553821276868305
bmi,alt_log_adj,REACTOME_RHO_GTPASE_CYCLE,ppgs,0.04267725093328824,0.007672509934328661,5.5623585109143905,2.6855212697916853e-8
bmi,alt_log_adj,REACTOME_RHO_GTPASE_CYCLE,bmi,0.2881782353124837,0.005758477740191132,50.04416936461383,0
bmi,alt_log_adj,REACTOME_RHO_GTPASE_CYCLE,ppgs:bmi,0.014427325916079864,0.007686250605909989,1.8770303826662424,0.06052419152336333
bmi,alt_log_adj,REACTOME_RHO_GTPASE_EFFECTORS,ppgs,0.014112093468318791,0.006736049733391469,2.0950102844940885,0.03617892929952495
bmi,alt_log_adj,REACTOME_RHO_GTPASE_EFFECTORS,bmi,0.28835165802259866,0.005761082877691597,50.051642051387745,0
bmi,alt_log_adj,REACTOME_RHO_GTPASE_EFFECTORS,ppgs:bmi,0.013752158867007702,0.0066964197671998795,2.0536584242176614,0.0400179156329726
bmi,alt_log_adj,REACTOME_RIBAVIRIN_ADME,ppgs,8.668905462976874e-4,0.005688134460007732,0.15240331472341972,0.8788699274693231
bmi,alt_log_adj,REACTOME_RIBAVIRIN_ADME,bmi,0.2883963813066604,0.005761513425734305,50.055664197277174,0
bmi,alt_log_adj,REACTOME_RIBAVIRIN_ADME,ppgs:bmi,0.006385328775763033,0.00572346719662046,1.1156399707389575,0.2645857324741692
bmi,alt_log_adj,REACTOME_RIPK1_MEDIATED_REGULATED_NECROSIS,ppgs,0.02040968212842579,0.005860976118298659,3.482300851679698,4.978736218115946e-4
bmi,alt_log_adj,REACTOME_RIPK1_MEDIATED_REGULATED_NECROSIS,bmi,0.28835557572905385,0.005760561904721527,50.05684870649669,0
bmi,alt_log_adj,REACTOME_RIPK1_MEDIATED_REGULATED_NECROSIS,ppgs:bmi,-0.00869455907140104,0.005842141576605766,-1.4882486083900255,0.13669646593813337
bmi,alt_log_adj,REACTOME_RIP_MEDIATED_NFKB_ACTIVATION_VIA_ZBP1,ppgs,0.03455922713460901,0.005796334538852163,5.962255439702883,2.517213926978776e-9
bmi,alt_log_adj,REACTOME_RIP_MEDIATED_NFKB_ACTIVATION_VIA_ZBP1,bmi,0.2882064142243604,0.005758447710021051,50.04932383475733,0
bmi,alt_log_adj,REACTOME_RIP_MEDIATED_NFKB_ACTIVATION_VIA_ZBP1,ppgs:bmi,0.007880324178275284,0.005872999544381502,1.3417886582017737,0.1796752781691246
bmi,alt_log_adj,REACTOME_RMTS_METHYLATE_HISTONE_ARGININES,ppgs,0.007250409586461805,0.006114699497196887,1.1857344076819396,0.23573714063069942
bmi,alt_log_adj,REACTOME_RMTS_METHYLATE_HISTONE_ARGININES,bmi,0.2884330481780537,0.005762230627945186,50.05579727740072,0
bmi,alt_log_adj,REACTOME_RMTS_METHYLATE_HISTONE_ARGININES,ppgs:bmi,-0.0055114502435304824,0.006109870466073645,-0.9020568069542525,0.36703435604487344
bmi,alt_log_adj,REACTOME_RNA_POLYMERASE_III_CHAIN_ELONGATION,ppgs,0.01153949355094199,0.005916012329965919,1.9505526539374989,0.05112012442771949
bmi,alt_log_adj,REACTOME_RNA_POLYMERASE_III_CHAIN_ELONGATION,bmi,0.28817838002628815,0.005761962184763243,50.01393115496979,0
bmi,alt_log_adj,REACTOME_RNA_POLYMERASE_III_CHAIN_ELONGATION,ppgs:bmi,0.009395062794706449,0.005974633075552372,1.5724920134677642,0.11584765002107604
bmi,alt_log_adj,REACTOME_RNA_POLYMERASE_III_TRANSCRIPTION,ppgs,0.0059152347369714215,0.006033644076895479,0.9803751533211115,0.3269093364357226
bmi,alt_log_adj,REACTOME_RNA_POLYMERASE_III_TRANSCRIPTION,bmi,0.2882051164353623,0.005763677464161519,50.00368570715805,0
bmi,alt_log_adj,REACTOME_RNA_POLYMERASE_III_TRANSCRIPTION,ppgs:bmi,0.006444327864049534,0.006011584852521201,1.0719848462833965,0.2837359644585314
bmi,alt_log_adj,REACTOME_RNA_POLYMERASE_III_TRANSCRIPTION_INITIATION_FROM_TYPE_1_PROMOTER,ppgs,0.005156836417850936,0.006078557714262247,0.8483651320363946,0.3962418180925207
bmi,alt_log_adj,REACTOME_RNA_POLYMERASE_III_TRANSCRIPTION_INITIATION_FROM_TYPE_1_PROMOTER,bmi,0.28829371914403623,0.0057626305771622255,50.02814518191878,0
bmi,alt_log_adj,REACTOME_RNA_POLYMERASE_III_TRANSCRIPTION_INITIATION_FROM_TYPE_1_PROMOTER,ppgs:bmi,0.005382298722929702,0.006104608840128178,0.881677903348954,0.37795848904685414
bmi,alt_log_adj,REACTOME_RNA_POLYMERASE_III_TRANSCRIPTION_INITIATION_FROM_TYPE_3_PROMOTER,ppgs,0.009874065362407024,0.005846908778347742,1.6887667888667321,0.0912751287148945
bmi,alt_log_adj,REACTOME_RNA_POLYMERASE_III_TRANSCRIPTION_INITIATION_FROM_TYPE_3_PROMOTER,bmi,0.28821367798902686,0.005761489895775959,50.02415750140097,0
bmi,alt_log_adj,REACTOME_RNA_POLYMERASE_III_TRANSCRIPTION_INITIATION_FROM_TYPE_3_PROMOTER,ppgs:bmi,0.011643073755397753,0.0059249352223300885,1.965097223597814,0.049412735580743064
bmi,alt_log_adj,REACTOME_RNA_POLYMERASE_III_TRANSCRIPTION_TERMINATION,ppgs,0.010185219356352916,0.0059727082305053225,1.705293304690893,0.0881506914654744
bmi,alt_log_adj,REACTOME_RNA_POLYMERASE_III_TRANSCRIPTION_TERMINATION,bmi,0.2881371439999198,0.005763720921480039,49.991515537489,0
bmi,alt_log_adj,REACTOME_RNA_POLYMERASE_III_TRANSCRIPTION_TERMINATION,ppgs:bmi,0.006787423400950403,0.005951071749730761,1.140537988179605,0.25407187114132473
bmi,alt_log_adj,REACTOME_RNA_POLYMERASE_II_PRE_TRANSCRIPTION_EVENTS,ppgs,0.005617339048826232,0.00586900869146393,0.9571188839771639,0.3385154153989699
bmi,alt_log_adj,REACTOME_RNA_POLYMERASE_II_PRE_TRANSCRIPTION_EVENTS,bmi,0.2882810388230464,0.005762854590913886,50.02400013312329,0
bmi,alt_log_adj,REACTOME_RNA_POLYMERASE_II_PRE_TRANSCRIPTION_EVENTS,ppgs:bmi,0.0047216455310753235,0.005936892410758242,0.7953058948009957,0.42644224420444243
bmi,alt_log_adj,REACTOME_RNA_POLYMERASE_II_TRANSCRIBES_SNRNA_GENES,ppgs,0.007936712219610198,0.005946475751729148,1.3346917655053614,0.18198796919529853
bmi,alt_log_adj,REACTOME_RNA_POLYMERASE_II_TRANSCRIBES_SNRNA_GENES,bmi,0.28840815765366173,0.005761472924426914,50.05806005455616,0
bmi,alt_log_adj,REACTOME_RNA_POLYMERASE_II_TRANSCRIBES_SNRNA_GENES,ppgs:bmi,0.003392986064432861,0.005994840980827321,0.5659843314083388,0.5714089120008281
bmi,alt_log_adj,REACTOME_RNA_POLYMERASE_II_TRANSCRIPTION,ppgs,0.027149340264206942,0.009563455714999754,2.83886296682743,0.0045306779621868895
bmi,alt_log_adj,REACTOME_RNA_POLYMERASE_II_TRANSCRIPTION,bmi,0.28850107807116115,0.005762814866581011,50.0625275582251,0
bmi,alt_log_adj,REACTOME_RNA_POLYMERASE_II_TRANSCRIPTION,ppgs:bmi,-0.010179075885791058,0.009619746132537167,-1.0581439203849727,0.2899988499470962
bmi,alt_log_adj,REACTOME_RNA_POLYMERASE_II_TRANSCRIPTION_TERMINATION,ppgs,0.004428117502775081,0.005813176130737656,0.7617380590553654,0.4462226925117897
bmi,alt_log_adj,REACTOME_RNA_POLYMERASE_II_TRANSCRIPTION_TERMINATION,bmi,0.288426995339732,0.00576146695285644,50.06138153699461,0
bmi,alt_log_adj,REACTOME_RNA_POLYMERASE_II_TRANSCRIPTION_TERMINATION,ppgs:bmi,-0.005981397570669067,0.005769769231274433,-1.0366788221351253,0.2998944077125356
bmi,alt_log_adj,REACTOME_RNA_POLYMERASE_I_PROMOTER_ESCAPE,ppgs,0.0027412129535192477,0.005791653417272854,0.47330403876446336,0.6359999256295166
bmi,alt_log_adj,REACTOME_RNA_POLYMERASE_I_PROMOTER_ESCAPE,bmi,0.2884232790774057,0.005762788805996284,50.04925371849411,0
bmi,alt_log_adj,REACTOME_RNA_POLYMERASE_I_PROMOTER_ESCAPE,ppgs:bmi,2.0651040543926078e-4,0.005807674306612987,0.03555819326922567,0.9716348945246489
bmi,alt_log_adj,REACTOME_RNA_POLYMERASE_I_TRANSCRIPTION,ppgs,0.007070833665750938,0.005778040472377936,1.223742495324017,0.22105955448152234
bmi,alt_log_adj,REACTOME_RNA_POLYMERASE_I_TRANSCRIPTION,bmi,0.2884411374279565,0.005761501019003648,50.063540122021436,0
bmi,alt_log_adj,REACTOME_RNA_POLYMERASE_I_TRANSCRIPTION,ppgs:bmi,0.006885655998586456,0.0058685938146847295,1.173305942789357,0.2406829981135187
bmi,alt_log_adj,REACTOME_RNA_POLYMERASE_I_TRANSCRIPTION_INITIATION,ppgs,0.007736332948329355,0.005780037902760415,1.3384571309877844,0.1807582003383733
bmi,alt_log_adj,REACTOME_RNA_POLYMERASE_I_TRANSCRIPTION_INITIATION,bmi,0.2884519929078951,0.005761648241126679,50.06414498700616,0
bmi,alt_log_adj,REACTOME_RNA_POLYMERASE_I_TRANSCRIPTION_INITIATION,ppgs:bmi,0.0059737977119992845,0.005873018355679675,1.0171597209843808,0.30908613471020535
bmi,alt_log_adj,REACTOME_RNA_POLYMERASE_I_TRANSCRIPTION_TERMINATION,ppgs,0.0029794673122870443,0.005797158677661513,0.5139530376782643,0.6072888308515179
bmi,alt_log_adj,REACTOME_RNA_POLYMERASE_I_TRANSCRIPTION_TERMINATION,bmi,0.2884321521199421,0.005762559121968201,50.052788355849124,0
bmi,alt_log_adj,REACTOME_RNA_POLYMERASE_I_TRANSCRIPTION_TERMINATION,ppgs:bmi,-4.2587112744304036e-4,0.005820620561000405,-0.07316593187614429,0.9416745923293395
bmi,alt_log_adj,REACTOME_RND1_GTPASE_CYCLE,ppgs,0.01410506890281208,0.005854490993163489,2.4092733115967047,0.015990655821988966
bmi,alt_log_adj,REACTOME_RND1_GTPASE_CYCLE,bmi,0.2883847629043979,0.00576160880180978,50.05281906918313,0
bmi,alt_log_adj,REACTOME_RND1_GTPASE_CYCLE,ppgs:bmi,-0.0017996991417334606,0.005892949436991143,-0.30539870755320137,0.7600647483405621
bmi,alt_log_adj,REACTOME_RND2_GTPASE_CYCLE,ppgs,0.020651069686892936,0.005701654963804978,3.621943070562713,2.929086253543536e-4
bmi,alt_log_adj,REACTOME_RND2_GTPASE_CYCLE,bmi,0.28821015631795555,0.005761396162828769,50.024360098238446,0
bmi,alt_log_adj,REACTOME_RND2_GTPASE_CYCLE,ppgs:bmi,0.0042569465173406046,0.00571408832838932,0.744991374422899,0.4562831105062284
bmi,alt_log_adj,REACTOME_RND3_GTPASE_CYCLE,ppgs,0.007227154031298149,0.005758506546988784,1.2550396482708428,0.20947471336927254
bmi,alt_log_adj,REACTOME_RND3_GTPASE_CYCLE,bmi,0.28839419937015015,0.005762956347669021,50.04275270743614,0
bmi,alt_log_adj,REACTOME_RND3_GTPASE_CYCLE,ppgs:bmi,-0.0015639432667729168,0.005801531874805017,-0.2695741918724663,0.7874898194957247
bmi,alt_log_adj,REACTOME_ROBO_RECEPTORS_BIND_AKAP5,ppgs,0.005398418841391857,0.005749161345847906,0.9389924054385153,0.3477426439171445
bmi,alt_log_adj,REACTOME_ROBO_RECEPTORS_BIND_AKAP5,bmi,0.2884700088483445,0.005761656463692798,50.06720040775504,0
bmi,alt_log_adj,REACTOME_ROBO_RECEPTORS_BIND_AKAP5,ppgs:bmi,0.0040137367812061574,0.0057066628740524514,0.703342193115378,0.4818482984285085
bmi,alt_log_adj,REACTOME_ROLE_OF_ABL_IN_ROBO_SLIT_SIGNALING,ppgs,0.0062595951164997185,0.005725113468370269,1.093357389522901,0.27424620518132287
bmi,alt_log_adj,REACTOME_ROLE_OF_ABL_IN_ROBO_SLIT_SIGNALING,bmi,0.2884753720254642,0.005761880790964507,50.066181944936595,0
bmi,alt_log_adj,REACTOME_ROLE_OF_ABL_IN_ROBO_SLIT_SIGNALING,ppgs:bmi,0.0012148771081624719,0.00563175001849476,0.21571928870649362,0.8292081169873904
bmi,alt_log_adj,REACTOME_ROLE_OF_LAT2_NTAL_LAB_ON_CALCIUM_MOBILIZATION,ppgs,-0.002908526190172321,0.005694866728930267,-0.5107277006846942,0.6095457182316002
bmi,alt_log_adj,REACTOME_ROLE_OF_LAT2_NTAL_LAB_ON_CALCIUM_MOBILIZATION,bmi,0.2884159556095744,0.00576155287651904,50.05871885425215,0
bmi,alt_log_adj,REACTOME_ROLE_OF_LAT2_NTAL_LAB_ON_CALCIUM_MOBILIZATION,ppgs:bmi,-0.00296578648627544,0.005753503796127257,-0.515474846522521,0.6062252619522065
bmi,alt_log_adj,REACTOME_ROLE_OF_PHOSPHOLIPIDS_IN_PHAGOCYTOSIS,ppgs,0.012114617895055033,0.006035837971402856,2.0071144971837835,0.04474694832757069
bmi,alt_log_adj,REACTOME_ROLE_OF_PHOSPHOLIPIDS_IN_PHAGOCYTOSIS,bmi,0.28828385917039917,0.0057616883326450565,50.034615294447,0
bmi,alt_log_adj,REACTOME_ROLE_OF_PHOSPHOLIPIDS_IN_PHAGOCYTOSIS,ppgs:bmi,0.007846092957732776,0.00599248681973495,1.3093216879331928,0.190436018224581
bmi,alt_log_adj,REACTOME_ROLE_OF_SECOND_MESSENGERS_IN_NETRIN_1_SIGNALING,ppgs,0.0010227922638282472,0.005753734208819501,0.1777614722384082,0.8589115761919313
bmi,alt_log_adj,REACTOME_ROLE_OF_SECOND_MESSENGERS_IN_NETRIN_1_SIGNALING,bmi,0.28865543872735683,0.00576119496184809,50.10339706239715,0
bmi,alt_log_adj,REACTOME_ROLE_OF_SECOND_MESSENGERS_IN_NETRIN_1_SIGNALING,ppgs:bmi,-0.017729443180581027,0.005757764937094199,-3.079223166329648,0.0020773950391602923
bmi,alt_log_adj,REACTOME_RORA_B_C_AND_NR1D1_REV_ERBA_REGULATE_GENE_EXPRESSION,ppgs,0.0077777779082117285,0.0058184022832910255,1.336754925067236,0.18131337454108487
bmi,alt_log_adj,REACTOME_RORA_B_C_AND_NR1D1_REV_ERBA_REGULATE_GENE_EXPRESSION,bmi,0.28847006497083255,0.005761555777212957,50.06808510155125,0
bmi,alt_log_adj,REACTOME_RORA_B_C_AND_NR1D1_REV_ERBA_REGULATE_GENE_EXPRESSION,ppgs:bmi,-0.0016956325934444558,0.005874833833703554,-0.28862647718080425,0.7728693419010142
bmi,alt_log_adj,REACTOME_ROS_AND_RNS_PRODUCTION_IN_PHAGOCYTES,ppgs,0.005318907696534534,0.005982776813893424,0.8890366232921761,0.37399094137485567
bmi,alt_log_adj,REACTOME_ROS_AND_RNS_PRODUCTION_IN_PHAGOCYTES,bmi,0.2883316158168617,0.005766198564054871,50.00376116324772,0
bmi,alt_log_adj,REACTOME_ROS_AND_RNS_PRODUCTION_IN_PHAGOCYTES,ppgs:bmi,2.0144169973680752e-4,0.005926469439199659,0.03399016932482676,0.9728852292245347
bmi,alt_log_adj,REACTOME_RRNA_MODIFICATION_IN_THE_MITOCHONDRION,ppgs,-0.014158622406400862,0.0057123855131620375,-2.4785831372510936,0.013196310775034309
bmi,alt_log_adj,REACTOME_RRNA_MODIFICATION_IN_THE_MITOCHONDRION,bmi,0.2886188943163837,0.005761752182085609,50.09220896618135,0
bmi,alt_log_adj,REACTOME_RRNA_MODIFICATION_IN_THE_MITOCHONDRION,ppgs:bmi,-0.007125199692199483,0.005739762518472743,-1.2413753477200278,0.21447739327911652
bmi,alt_log_adj,REACTOME_RRNA_MODIFICATION_IN_THE_NUCLEUS_AND_CYTOSOL,ppgs,-0.0025073513263126966,0.005864088816333145,-0.4275773107885089,0.6689621355821663
bmi,alt_log_adj,REACTOME_RRNA_MODIFICATION_IN_THE_NUCLEUS_AND_CYTOSOL,bmi,0.28842967368859884,0.005761705140899338,50.05977686035808,0
bmi,alt_log_adj,REACTOME_RRNA_MODIFICATION_IN_THE_NUCLEUS_AND_CYTOSOL,ppgs:bmi,2.3058619395088022e-4,0.005884819989826136,0.03918321959712021,0.9687445881072508
bmi,alt_log_adj,REACTOME_RRNA_PROCESSING,ppgs,0.021942970907971353,0.006179344102837313,3.551019419341933,3.8436385383754367e-4
bmi,alt_log_adj,REACTOME_RRNA_PROCESSING,bmi,0.2883462196225435,0.005761062923053385,50.05087142317114,0
bmi,alt_log_adj,REACTOME_RRNA_PROCESSING,ppgs:bmi,-0.0020957659976528764,0.00622708348032363,-0.3365565925485162,0.7364536743542238
bmi,alt_log_adj,REACTOME_RRNA_PROCESSING_IN_THE_MITOCHONDRION,ppgs,-0.014158622406400862,0.0057123855131620375,-2.4785831372510936,0.013196310775034309
bmi,alt_log_adj,REACTOME_RRNA_PROCESSING_IN_THE_MITOCHONDRION,bmi,0.2886188943163837,0.005761752182085609,50.09220896618135,0
bmi,alt_log_adj,REACTOME_RRNA_PROCESSING_IN_THE_MITOCHONDRION,ppgs:bmi,-0.007125199692199483,0.005739762518472743,-1.2413753477200278,0.21447739327911652
bmi,alt_log_adj,REACTOME_RSK_ACTIVATION,ppgs,-0.011602641901239318,0.0059576718414400326,-1.9475127549883373,0.05148315115841411
bmi,alt_log_adj,REACTOME_RSK_ACTIVATION,bmi,0.288293341156967,0.0057613604149589345,50.03910888970515,0
bmi,alt_log_adj,REACTOME_RSK_ACTIVATION,ppgs:bmi,-0.0067013850462257505,0.00586859086746004,-1.1419070092930415,0.2535023199361266
bmi,alt_log_adj,REACTOME_RSV_HOST_INTERACTIONS,ppgs,0.0015348793276651878,0.006060157713565558,0.2532738255688275,0.800058457623206
bmi,alt_log_adj,REACTOME_RSV_HOST_INTERACTIONS,bmi,0.28847186629783284,0.005761649188546145,50.06758600841226,0
bmi,alt_log_adj,REACTOME_RSV_HOST_INTERACTIONS,ppgs:bmi,-0.0072580769447484934,0.006073863151913053,-1.1949687971587661,0.2321092185412186
bmi,alt_log_adj,REACTOME_RUNX1_AND_FOXP3_CONTROL_THE_DEVELOPMENT_OF_REGULATORY_T_LYMPHOCYTES_TREGS,ppgs,0.0029836744549754306,0.005834853774995606,0.5113537665265103,0.6091073452781464
bmi,alt_log_adj,REACTOME_RUNX1_AND_FOXP3_CONTROL_THE_DEVELOPMENT_OF_REGULATORY_T_LYMPHOCYTES_TREGS,bmi,0.28837601851838546,0.005762232573656699,50.04588322879559,0
bmi,alt_log_adj,REACTOME_RUNX1_AND_FOXP3_CONTROL_THE_DEVELOPMENT_OF_REGULATORY_T_LYMPHOCYTES_TREGS,ppgs:bmi,4.884486006640923e-4,0.00580078509713582,0.08420387800700758,0.9328949295260165
bmi,alt_log_adj,REACTOME_RUNX1_INTERACTS_WITH_CO_FACTORS_WHOSE_PRECISE_EFFECT_ON_RUNX1_TARGETS_IS_NOT_KNOWN,ppgs,0.005218520988551668,0.005977666962959691,0.8730029660213539,0.3826688556376473
bmi,alt_log_adj,REACTOME_RUNX1_INTERACTS_WITH_CO_FACTORS_WHOSE_PRECISE_EFFECT_ON_RUNX1_TARGETS_IS_NOT_KNOWN,bmi,0.288461767995429,0.005762813110153982,50.055721482128945,0
bmi,alt_log_adj,REACTOME_RUNX1_INTERACTS_WITH_CO_FACTORS_WHOSE_PRECISE_EFFECT_ON_RUNX1_TARGETS_IS_NOT_KNOWN,ppgs:bmi,-0.0034424259890174077,0.005996263216995263,-0.5740952097066901,0.565907929744555
bmi,alt_log_adj,REACTOME_RUNX1_REGULATES_ESTROGEN_RECEPTOR_MEDIATED_TRANSCRIPTION,ppgs,0.006038445403320515,0.005808095201830496,1.0396601972738706,0.29850666597552467
bmi,alt_log_adj,REACTOME_RUNX1_REGULATES_ESTROGEN_RECEPTOR_MEDIATED_TRANSCRIPTION,bmi,0.28840638192335855,0.005761552507035398,50.057060414044166,0
bmi,alt_log_adj,REACTOME_RUNX1_REGULATES_ESTROGEN_RECEPTOR_MEDIATED_TRANSCRIPTION,ppgs:bmi,0.003991934530226818,0.005782027252982676,0.6904039631026586,0.489945837582367
bmi,alt_log_adj,REACTOME_RUNX1_REGULATES_EXPRESSION_OF_COMPONENTS_OF_TIGHT_JUNCTIONS,ppgs,0.00656082927038562,0.005696438112946158,1.1517423941594276,0.24943665912227989
bmi,alt_log_adj,REACTOME_RUNX1_REGULATES_EXPRESSION_OF_COMPONENTS_OF_TIGHT_JUNCTIONS,bmi,0.2883882516699493,0.005761625509507851,50.05327944241606,0
bmi,alt_log_adj,REACTOME_RUNX1_REGULATES_EXPRESSION_OF_COMPONENTS_OF_TIGHT_JUNCTIONS,ppgs:bmi,-2.4042668209921987e-4,0.005718615781114461,-0.042042810935684995,0.9664648661734774
bmi,alt_log_adj,REACTOME_RUNX1_REGULATES_GENES_INVOLVED_IN_MEGAKARYOCYTE_DIFFERENTIATION_AND_PLATELET_FUNCTION,ppgs,0.011955866559037222,0.00586329650721792,2.039103181003918,0.04144898623547276
bmi,alt_log_adj,REACTOME_RUNX1_REGULATES_GENES_INVOLVED_IN_MEGAKARYOCYTE_DIFFERENTIATION_AND_PLATELET_FUNCTION,bmi,0.28842065662828476,0.005761173404240287,50.062832064038204,0
bmi,alt_log_adj,REACTOME_RUNX1_REGULATES_GENES_INVOLVED_IN_MEGAKARYOCYTE_DIFFERENTIATION_AND_PLATELET_FUNCTION,ppgs:bmi,0.0012509331494500286,0.0058890079154489995,0.2124183168727585,0.8317822243003867
bmi,alt_log_adj,REACTOME_RUNX1_REGULATES_TRANSCRIPTION_OF_GENES_INVOLVED_IN_BCR_SIGNALING,ppgs,0.009276920205856042,0.005779147686766818,1.605240202997144,0.10845209207101528
bmi,alt_log_adj,REACTOME_RUNX1_REGULATES_TRANSCRIPTION_OF_GENES_INVOLVED_IN_BCR_SIGNALING,bmi,0.28835859442454215,0.00576207069427462,50.044265286620764,0
bmi,alt_log_adj,REACTOME_RUNX1_REGULATES_TRANSCRIPTION_OF_GENES_INVOLVED_IN_BCR_SIGNALING,ppgs:bmi,8.329476727909534e-4,0.005762399508707749,0.1445487546519916,0.8850681875924513
bmi,alt_log_adj,REACTOME_RUNX1_REGULATES_TRANSCRIPTION_OF_GENES_INVOLVED_IN_DIFFERENTIATION_OF_HSCS,ppgs,-2.6753509286260817e-5,0.006142021790687167,-0.0043558147785841125,0.9965246042783162
bmi,alt_log_adj,REACTOME_RUNX1_REGULATES_TRANSCRIPTION_OF_GENES_INVOLVED_IN_DIFFERENTIATION_OF_HSCS,bmi,0.2884452186248254,0.005762232987821437,50.05788888343435,0
bmi,alt_log_adj,REACTOME_RUNX1_REGULATES_TRANSCRIPTION_OF_GENES_INVOLVED_IN_DIFFERENTIATION_OF_HSCS,ppgs:bmi,0.0026457867545000855,0.006137130097075458,0.4311114010375776,0.6663906492393543
bmi,alt_log_adj,REACTOME_RUNX1_REGULATES_TRANSCRIPTION_OF_GENES_INVOLVED_IN_DIFFERENTIATION_OF_KERATINOCYTES,ppgs,0.00656082927038562,0.005696438112946158,1.1517423941594276,0.24943665912227989
bmi,alt_log_adj,REACTOME_RUNX1_REGULATES_TRANSCRIPTION_OF_GENES_INVOLVED_IN_DIFFERENTIATION_OF_KERATINOCYTES,bmi,0.2883882516699493,0.005761625509507851,50.05327944241606,0
bmi,alt_log_adj,REACTOME_RUNX1_REGULATES_TRANSCRIPTION_OF_GENES_INVOLVED_IN_DIFFERENTIATION_OF_KERATINOCYTES,ppgs:bmi,-2.4042668209921987e-4,0.005718615781114461,-0.042042810935684995,0.9664648661734774
bmi,alt_log_adj,REACTOME_RUNX1_REGULATES_TRANSCRIPTION_OF_GENES_INVOLVED_IN_DIFFERENTIATION_OF_MYELOID_CELLS,ppgs,0.003935207342366302,0.005723709500305431,0.6875274404049173,0.49175603979923477
bmi,alt_log_adj,REACTOME_RUNX1_REGULATES_TRANSCRIPTION_OF_GENES_INVOLVED_IN_DIFFERENTIATION_OF_MYELOID_CELLS,bmi,0.2884157507098474,0.005762046803777152,50.054392220622766,0
bmi,alt_log_adj,REACTOME_RUNX1_REGULATES_TRANSCRIPTION_OF_GENES_INVOLVED_IN_DIFFERENTIATION_OF_MYELOID_CELLS,ppgs:bmi,-0.0020382236260109844,0.005695893382514328,-0.3578409020555183,0.7204650434204269
bmi,alt_log_adj,REACTOME_RUNX1_REGULATES_TRANSCRIPTION_OF_GENES_INVOLVED_IN_INTERLEUKIN_SIGNALING,ppgs,0.007751507647198778,0.005745226829429696,1.349208286693223,0.17728084967645202
bmi,alt_log_adj,REACTOME_RUNX1_REGULATES_TRANSCRIPTION_OF_GENES_INVOLVED_IN_INTERLEUKIN_SIGNALING,bmi,0.28841133108076966,0.005761590788678652,50.05758681222016,0
bmi,alt_log_adj,REACTOME_RUNX1_REGULATES_TRANSCRIPTION_OF_GENES_INVOLVED_IN_INTERLEUKIN_SIGNALING,ppgs:bmi,-0.001846463895910048,0.005736992399111812,-0.32185224721509365,0.7475670040751012
bmi,alt_log_adj,REACTOME_RUNX1_REGULATES_TRANSCRIPTION_OF_GENES_INVOLVED_IN_WNT_SIGNALING,ppgs,-0.0013880312265656869,0.005799415323266145,-0.23933985569151617,0.810843793221873
bmi,alt_log_adj,REACTOME_RUNX1_REGULATES_TRANSCRIPTION_OF_GENES_INVOLVED_IN_WNT_SIGNALING,bmi,0.28837029304089523,0.0057617878084037675,50.048752684070934,0
bmi,alt_log_adj,REACTOME_RUNX1_REGULATES_TRANSCRIPTION_OF_GENES_INVOLVED_IN_WNT_SIGNALING,ppgs:bmi,0.004817428679457873,0.005771769464339868,0.8346536896911309,0.4039197568677143
bmi,alt_log_adj,REACTOME_RUNX2_REGULATES_BONE_DEVELOPMENT,ppgs,-0.0016912370298055486,0.005824422737220564,-0.29036989691661924,0.7715353948620713
bmi,alt_log_adj,REACTOME_RUNX2_REGULATES_BONE_DEVELOPMENT,bmi,0.28839547875415156,0.005761965139794025,50.05158340205802,0
bmi,alt_log_adj,REACTOME_RUNX2_REGULATES_BONE_DEVELOPMENT,ppgs:bmi,-0.0017567344492114038,0.005900437575173843,-0.29772952036691036,0.7659117924242254
bmi,alt_log_adj,REACTOME_RUNX2_REGULATES_CHONDROCYTE_MATURATION,ppgs,8.156342531430886e-4,0.005762984459139946,0.14152983734834015,0.8874523961736811
bmi,alt_log_adj,REACTOME_RUNX2_REGULATES_CHONDROCYTE_MATURATION,bmi,0.2885020386696542,0.005761955204202191,50.070163415926906,0
bmi,alt_log_adj,REACTOME_RUNX2_REGULATES_CHONDROCYTE_MATURATION,ppgs:bmi,-0.0067811866933808,0.005739855302182859,-1.181421192064184,0.23744535439469203
bmi,alt_log_adj,REACTOME_RUNX2_REGULATES_GENES_INVOLVED_IN_CELL_MIGRATION,ppgs,0.0010270684784278073,0.00618239797386661,0.16612784922117457,0.8680575229166074
bmi,alt_log_adj,REACTOME_RUNX2_REGULATES_GENES_INVOLVED_IN_CELL_MIGRATION,bmi,0.2884189017543422,0.005761997205523294,50.05536994670384,0
bmi,alt_log_adj,REACTOME_RUNX2_REGULATES_GENES_INVOLVED_IN_CELL_MIGRATION,ppgs:bmi,-2.447615444643687e-4,0.00630241852796681,-0.03883612987272204,0.9690213125549639
bmi,alt_log_adj,REACTOME_RUNX2_REGULATES_OSTEOBLAST_DIFFERENTIATION,ppgs,-0.0030080876640180025,0.005735542526012109,-0.5244643641600735,0.5999597002347314
bmi,alt_log_adj,REACTOME_RUNX2_REGULATES_OSTEOBLAST_DIFFERENTIATION,bmi,0.28844575963181496,0.005761755698660359,50.06212944760574,0
bmi,alt_log_adj,REACTOME_RUNX2_REGULATES_OSTEOBLAST_DIFFERENTIATION,ppgs:bmi,0.0035042150996464727,0.005789478897624835,0.6052729721640571,0.5450024820687562
bmi,alt_log_adj,REACTOME_RUNX3_REGULATES_BCL2L11_BIM_TRANSCRIPTION,ppgs,0.0026676207815153155,0.0056974180924299275,0.46821573179959225,0.6396339229533967
bmi,alt_log_adj,REACTOME_RUNX3_REGULATES_BCL2L11_BIM_TRANSCRIPTION,bmi,0.28834966222932307,0.005762722645823489,50.03705365523766,0
bmi,alt_log_adj,REACTOME_RUNX3_REGULATES_BCL2L11_BIM_TRANSCRIPTION,ppgs:bmi,0.0019792239692409262,0.005685068565932635,0.34814425653567027,0.7277344339939416
bmi,alt_log_adj,REACTOME_RUNX3_REGULATES_CDKN1A_TRANSCRIPTION,ppgs,-1.2336805402401085e-4,0.005702024341521439,-0.021635834334423985,0.982738600826351
bmi,alt_log_adj,REACTOME_RUNX3_REGULATES_CDKN1A_TRANSCRIPTION,bmi,0.2884392965128303,0.00576193562368529,50.05944449069473,0
bmi,alt_log_adj,REACTOME_RUNX3_REGULATES_CDKN1A_TRANSCRIPTION,ppgs:bmi,0.00447028544704814,0.005778530205960584,0.7736025057785485,0.4391723407211484
bmi,alt_log_adj,REACTOME_RUNX3_REGULATES_IMMUNE_RESPONSE_AND_CELL_MIGRATION,ppgs,0.011074508563030605,0.005724980701085914,1.9344184969793858,0.053071632361013206
bmi,alt_log_adj,REACTOME_RUNX3_REGULATES_IMMUNE_RESPONSE_AND_CELL_MIGRATION,bmi,0.2883337578773546,0.00576121882004938,50.04735402063469,0
bmi,alt_log_adj,REACTOME_RUNX3_REGULATES_IMMUNE_RESPONSE_AND_CELL_MIGRATION,ppgs:bmi,0.006264848098890507,0.005735319845726066,1.092327588941538,0.2746984209589611
bmi,alt_log_adj,REACTOME_RUNX3_REGULATES_NOTCH_SIGNALING,ppgs,-0.0033807708362242,0.005858803603072894,-0.5770411615182004,0.5639162322173101
bmi,alt_log_adj,REACTOME_RUNX3_REGULATES_NOTCH_SIGNALING,bmi,0.2883815376373655,0.005761738851047215,50.051129544851065,0
bmi,alt_log_adj,REACTOME_RUNX3_REGULATES_NOTCH_SIGNALING,ppgs:bmi,-0.002617139337957266,0.005740575267962311,-0.45590192895184395,0.6484639946148092
bmi,alt_log_adj,REACTOME_RUNX3_REGULATES_P14_ARF,ppgs,0.0016431505799752695,0.005933841847219796,0.27691175839901105,0.781849882610858
bmi,alt_log_adj,REACTOME_RUNX3_REGULATES_P14_ARF,bmi,0.28822103487344614,0.005762645915104835,50.01539902321116,0
bmi,alt_log_adj,REACTOME_RUNX3_REGULATES_P14_ARF,ppgs:bmi,0.009453816321657517,0.005935161927893214,1.592848929231036,0.11120523482918598
bmi,alt_log_adj,REACTOME_RUNX3_REGULATES_WNT_SIGNALING,ppgs,0.01203836640624371,0.005720199874262875,2.1045359726691397,0.0353405000288004
bmi,alt_log_adj,REACTOME_RUNX3_REGULATES_WNT_SIGNALING,bmi,0.2882744240808651,0.005761256783693268,50.03672547573311,0
bmi,alt_log_adj,REACTOME_RUNX3_REGULATES_WNT_SIGNALING,ppgs:bmi,0.009100124417485986,0.005699964176235195,1.596523089640992,0.11038320139821996
bmi,alt_log_adj,REACTOME_RUNX3_REGULATES_YAP1_MEDIATED_TRANSCRIPTION,ppgs,0.006281062717833472,0.0057576721968333,1.0909031468113164,0.27532477440518616
bmi,alt_log_adj,REACTOME_RUNX3_REGULATES_YAP1_MEDIATED_TRANSCRIPTION,bmi,0.28830978791647127,0.0057617934658991945,50.038202449083656,0
bmi,alt_log_adj,REACTOME_RUNX3_REGULATES_YAP1_MEDIATED_TRANSCRIPTION,ppgs:bmi,0.0072713498613065294,0.005783914096358934,1.2571676792163908,0.2087032815852024
bmi,alt_log_adj,REACTOME_SARS_COV_1_ACTIVATES_MODULATES_INNATE_IMMUNE_RESPONSES,ppgs,-0.001941906047034463,0.005714603974772803,-0.33981463205622536,0.7339986457389553
bmi,alt_log_adj,REACTOME_SARS_COV_1_ACTIVATES_MODULATES_INNATE_IMMUNE_RESPONSES,bmi,0.2884178960312778,0.0057618679962988155,50.056317884502995,0
bmi,alt_log_adj,REACTOME_SARS_COV_1_ACTIVATES_MODULATES_INNATE_IMMUNE_RESPONSES,ppgs:bmi,9.842671813629494e-4,0.005717639840857521,0.17214571199981896,0.8633242050133301
bmi,alt_log_adj,REACTOME_SARS_COV_1_HOST_INTERACTIONS,ppgs,0.0018981866842355027,0.005712445376835203,0.33228968664329395,0.7396729836315383
bmi,alt_log_adj,REACTOME_SARS_COV_1_HOST_INTERACTIONS,bmi,0.28839510650386907,0.005761618710658323,50.05452824748222,0
bmi,alt_log_adj,REACTOME_SARS_COV_1_HOST_INTERACTIONS,ppgs:bmi,0.003487143890793548,0.005705890247200285,0.6111480837726573,0.5411064499166839
bmi,alt_log_adj,REACTOME_SARS_COV_1_INFECTION,ppgs,0.0033919197922289094,0.005749590473543635,0.5899411110820165,0.5552348329532952
bmi,alt_log_adj,REACTOME_SARS_COV_1_INFECTION,bmi,0.28845692693980446,0.005762032821719801,50.061659810835366,0
bmi,alt_log_adj,REACTOME_SARS_COV_1_INFECTION,ppgs:bmi,-0.0041980754901466185,0.005752964659966336,-0.7297238447091702,0.4655650323854802
bmi,alt_log_adj,REACTOME_SARS_COV_1_MODULATES_HOST_TRANSLATION_MACHINERY,ppgs,0.006512367426854477,0.006052926804551992,1.0759038787577888,0.2819794035401605
bmi,alt_log_adj,REACTOME_SARS_COV_1_MODULATES_HOST_TRANSLATION_MACHINERY,bmi,0.28837489206041883,0.005761682568291383,50.050465058149825,0
bmi,alt_log_adj,REACTOME_SARS_COV_1_MODULATES_HOST_TRANSLATION_MACHINERY,ppgs:bmi,-4.701605543457096e-4,0.006034792223447815,-0.07790832508183623,0.937901526941203
bmi,alt_log_adj,REACTOME_SARS_COV_1_TARGETS_HOST_INTRACELLULAR_SIGNALLING_AND_REGULATORY_PATHWAYS,ppgs,0.009699557169165733,0.005718814075733277,1.6960784247776122,0.08988200889029213
bmi,alt_log_adj,REACTOME_SARS_COV_1_TARGETS_HOST_INTRACELLULAR_SIGNALLING_AND_REGULATORY_PATHWAYS,bmi,0.28834228586255417,0.005762341444478811,50.03908370248163,0
bmi,alt_log_adj,REACTOME_SARS_COV_1_TARGETS_HOST_INTRACELLULAR_SIGNALLING_AND_REGULATORY_PATHWAYS,ppgs:bmi,0.004000849193490739,0.005716941116296393,0.6998234041778288,0.4840433393476359
bmi,alt_log_adj,REACTOME_SARS_COV_2_ACTIVATES_MODULATES_INNATE_AND_ADAPTIVE_IMMUNE_RESPONSES,ppgs,0.034670776706086114,0.005832966415259799,5.943935596025867,2.8150966942909807e-9
bmi,alt_log_adj,REACTOME_SARS_COV_2_ACTIVATES_MODULATES_INNATE_AND_ADAPTIVE_IMMUNE_RESPONSES,bmi,0.28822780695845895,0.005759002499740275,50.048217025684174,0
bmi,alt_log_adj,REACTOME_SARS_COV_2_ACTIVATES_MODULATES_INNATE_AND_ADAPTIVE_IMMUNE_RESPONSES,ppgs:bmi,0.004612351570254144,0.005877488730167161,0.7847486880885886,0.4326074879751106
bmi,alt_log_adj,REACTOME_SARS_COV_2_HOST_INTERACTIONS,ppgs,0.034389421069489896,0.005837513272746662,5.891107987718375,3.879423436026884e-9
bmi,alt_log_adj,REACTOME_SARS_COV_2_HOST_INTERACTIONS,bmi,0.28819370869110295,0.005759175415143649,50.040793675654115,0
bmi,alt_log_adj,REACTOME_SARS_COV_2_HOST_INTERACTIONS,ppgs:bmi,0.004948947954689779,0.005869065226787318,0.8432259249909199,0.39910921658198417
bmi,alt_log_adj,REACTOME_SARS_COV_2_INFECTION,ppgs,0.012857060814570427,0.006823947723329934,1.8841089257782986,0.05956046716446896
bmi,alt_log_adj,REACTOME_SARS_COV_2_INFECTION,bmi,0.2886789432971469,0.0057642174048163205,50.08120322733486,0
bmi,alt_log_adj,REACTOME_SARS_COV_2_INFECTION,ppgs:bmi,-0.008332467939272434,0.006817215763251575,-1.222268478605133,0.22161627782506485
bmi,alt_log_adj,REACTOME_SARS_COV_2_MODULATES_AUTOPHAGY,ppgs,0.0068557613992614634,0.005798026851923998,1.1824300877438108,0.2370450080909518
bmi,alt_log_adj,REACTOME_SARS_COV_2_MODULATES_AUTOPHAGY,bmi,0.28847187053500245,0.005762369653116398,50.06132683261502,0
bmi,alt_log_adj,REACTOME_SARS_COV_2_MODULATES_AUTOPHAGY,ppgs:bmi,-0.0065142187903004965,0.005789578800904658,-1.1251628165562941,0.2605295727618725
bmi,alt_log_adj,REACTOME_SARS_COV_2_MODULATES_HOST_TRANSLATION_MACHINERY,ppgs,0.006734793048359693,0.005879586689658307,1.145453482335012,0.25203102436201846
bmi,alt_log_adj,REACTOME_SARS_COV_2_MODULATES_HOST_TRANSLATION_MACHINERY,bmi,0.2883519385695719,0.005762061505365572,50.04318997654946,0
bmi,alt_log_adj,REACTOME_SARS_COV_2_MODULATES_HOST_TRANSLATION_MACHINERY,ppgs:bmi,0.0012896356063183867,0.005864345948951518,0.21991124288105132,0.8259418635694978
bmi,alt_log_adj,REACTOME_SARS_COV_2_TARGETS_HOST_INTRACELLULAR_SIGNALLING_AND_REGULATORY_PATHWAYS,ppgs,0.007074207472791292,0.005695235118026231,1.242127379500175,0.2141998438690201
bmi,alt_log_adj,REACTOME_SARS_COV_2_TARGETS_HOST_INTRACELLULAR_SIGNALLING_AND_REGULATORY_PATHWAYS,bmi,0.28839582214596254,0.005762193333254147,50.049660861186965,0
bmi,alt_log_adj,REACTOME_SARS_COV_2_TARGETS_HOST_INTRACELLULAR_SIGNALLING_AND_REGULATORY_PATHWAYS,ppgs:bmi,0.003708768116091359,0.005712460903069928,0.6492417504508843,0.5161873895296603
bmi,alt_log_adj,REACTOME_SARS_COV_2_TARGETS_PDZ_PROTEINS_IN_CELL_CELL_JUNCTION,ppgs,-0.003256164081784429,0.005717085566979786,-0.5695496496660956,0.5689876997492145
bmi,alt_log_adj,REACTOME_SARS_COV_2_TARGETS_PDZ_PROTEINS_IN_CELL_CELL_JUNCTION,bmi,0.2884260441377424,0.00576172273444064,50.058994059828436,0
bmi,alt_log_adj,REACTOME_SARS_COV_2_TARGETS_PDZ_PROTEINS_IN_CELL_CELL_JUNCTION,ppgs:bmi,-2.9588708624766378e-5,0.0057288580280579916,-0.005164852834517976,0.9958790983289063
bmi,alt_log_adj,REACTOME_SARS_COV_INFECTIONS,ppgs,0.02543107845806234,0.006957519308300373,3.65519337154018,2.574521946010222e-4
bmi,alt_log_adj,REACTOME_SARS_COV_INFECTIONS,bmi,0.2885897457364998,0.005763886081280092,50.06860678141775,0
bmi,alt_log_adj,REACTOME_SARS_COV_INFECTIONS,ppgs:bmi,-0.0062136701406278515,0.006929034051183601,-0.8967584940019809,0.3698554154957019
bmi,alt_log_adj,REACTOME_SCAVENGING_BY_CLASS_A_RECEPTORS,ppgs,0.009759574988766333,0.005819105862305055,1.6771605844098503,0.09352210926693406
bmi,alt_log_adj,REACTOME_SCAVENGING_BY_CLASS_A_RECEPTORS,bmi,0.28833489027174275,0.005760952916044088,50.04986058274116,0
bmi,alt_log_adj,REACTOME_SCAVENGING_BY_CLASS_A_RECEPTORS,ppgs:bmi,0.012780883733090895,0.0057842909602810475,2.2095852060093977,0.027141925650702364
bmi,alt_log_adj,REACTOME_SCAVENGING_BY_CLASS_B_RECEPTORS,ppgs,0.009003264038761307,0.005952585413471905,1.5124964050721723,0.1304187740012167
bmi,alt_log_adj,REACTOME_SCAVENGING_BY_CLASS_B_RECEPTORS,bmi,0.288544247383889,0.005761843315694143,50.07846127956144,0
bmi,alt_log_adj,REACTOME_SCAVENGING_BY_CLASS_B_RECEPTORS,ppgs:bmi,0.006290386195612469,0.0059202081701786955,1.0625278731410892,0.2880051625019401
bmi,alt_log_adj,REACTOME_SCAVENGING_BY_CLASS_F_RECEPTORS,ppgs,7.013375276204078e-4,0.005721641799749928,0.12257627306397625,0.9024435129973692
bmi,alt_log_adj,REACTOME_SCAVENGING_BY_CLASS_F_RECEPTORS,bmi,0.28861058713188115,0.0057623609953414605,50.08547492342224,0
bmi,alt_log_adj,REACTOME_SCAVENGING_BY_CLASS_F_RECEPTORS,ppgs:bmi,-0.010904748637955016,0.005646158671664441,-1.9313570999485188,0.053448863124935256
bmi,alt_log_adj,REACTOME_SCAVENGING_OF_HEME_FROM_PLASMA,ppgs,0.0174784969376845,0.005723596531560641,3.053761186922565,0.0022620141733141184
bmi,alt_log_adj,REACTOME_SCAVENGING_OF_HEME_FROM_PLASMA,bmi,0.28887300756865686,0.00576178792620439,50.13600140589582,0
bmi,alt_log_adj,REACTOME_SCAVENGING_OF_HEME_FROM_PLASMA,ppgs:bmi,0.011869987750608645,0.005710006683864419,2.0788045282243477,0.03764429117521975
bmi,alt_log_adj,REACTOME_SCF_BETA_TRCP_MEDIATED_DEGRADATION_OF_EMI1,ppgs,-0.012487351881934762,0.0059846232560253135,-2.0865727628489408,0.03693568504451724
bmi,alt_log_adj,REACTOME_SCF_BETA_TRCP_MEDIATED_DEGRADATION_OF_EMI1,bmi,0.288202683830218,0.005762426661316643,50.014117448978915,0
bmi,alt_log_adj,REACTOME_SCF_BETA_TRCP_MEDIATED_DEGRADATION_OF_EMI1,ppgs:bmi,-0.004502145623522613,0.006039750447705969,-0.7454191464537459,0.4560245531047633
bmi,alt_log_adj,REACTOME_SCF_SKP2_MEDIATED_DEGRADATION_OF_P27_P21,ppgs,-0.010981552676538917,0.006070748891679366,-1.8089288278074478,0.07047265076007769
bmi,alt_log_adj,REACTOME_SCF_SKP2_MEDIATED_DEGRADATION_OF_P27_P21,bmi,0.2883853858223374,0.0057622643209527535,50.0472331291208,0
bmi,alt_log_adj,REACTOME_SCF_SKP2_MEDIATED_DEGRADATION_OF_P27_P21,ppgs:bmi,0.0013931013466458497,0.006144054392133196,0.22673974833776975,0.8206277521440746
bmi,alt_log_adj,REACTOME_SEALING_OF_THE_NUCLEAR_ENVELOPE_NE_BY_ESCRT_III,ppgs,0.00837304024422977,0.005743075093175672,1.4579367513719623,0.14486905539205416
bmi,alt_log_adj,REACTOME_SEALING_OF_THE_NUCLEAR_ENVELOPE_NE_BY_ESCRT_III,bmi,0.28847099180305613,0.005761347568176738,50.07005538017678,0
bmi,alt_log_adj,REACTOME_SEALING_OF_THE_NUCLEAR_ENVELOPE_NE_BY_ESCRT_III,ppgs:bmi,0.007344500921949257,0.005781202805264228,1.2704105303591022,0.20394886050924535
bmi,alt_log_adj,REACTOME_SELECTIVE_AUTOPHAGY,ppgs,0.018963564929505093,0.00615909226015368,3.0789545161046052,0.0020792686010783455
bmi,alt_log_adj,REACTOME_SELECTIVE_AUTOPHAGY,bmi,0.28838770992500173,0.00576058522599137,50.06222434203663,0
bmi,alt_log_adj,REACTOME_SELECTIVE_AUTOPHAGY,ppgs:bmi,0.004972603869514181,0.006150992008080989,0.8084230743563514,0.4188538573279649
bmi,alt_log_adj,REACTOME_SELENOAMINO_ACID_METABOLISM,ppgs,0.019932931008700482,0.005730843351323463,3.478184585885991,5.055791996276655e-4
bmi,alt_log_adj,REACTOME_SELENOAMINO_ACID_METABOLISM,bmi,0.2884250470029592,0.005760592634136863,50.0686414265388,0
bmi,alt_log_adj,REACTOME_SELENOAMINO_ACID_METABOLISM,ppgs:bmi,-4.29363328098304e-4,0.005693661230569203,-0.07541076132051151,0.9398884294247659
bmi,alt_log_adj,REACTOME_SEMA3A_PAK_DEPENDENT_AXON_REPULSION,ppgs,-0.003003111666969631,0.00575145984763798,-0.5221477236258468,0.6015715605384908
bmi,alt_log_adj,REACTOME_SEMA3A_PAK_DEPENDENT_AXON_REPULSION,bmi,0.28838419939772214,0.00576138194425548,50.05469211866128,0
bmi,alt_log_adj,REACTOME_SEMA3A_PAK_DEPENDENT_AXON_REPULSION,ppgs:bmi,0.011232894594813215,0.005843087943847316,1.9224243589626757,0.054562392151770604
bmi,alt_log_adj,REACTOME_SEMA3A_PLEXIN_REPULSION_SIGNALING_BY_INHIBITING_INTEGRIN_ADHESION,ppgs,-0.004307696386110249,0.00583523180409378,-0.7382219817022746,0.4603856783671485
bmi,alt_log_adj,REACTOME_SEMA3A_PLEXIN_REPULSION_SIGNALING_BY_INHIBITING_INTEGRIN_ADHESION,bmi,0.28840323853711436,0.005761504012462509,50.05693615994701,0
bmi,alt_log_adj,REACTOME_SEMA3A_PLEXIN_REPULSION_SIGNALING_BY_INHIBITING_INTEGRIN_ADHESION,ppgs:bmi,0.011338597734941287,0.005953153982378827,1.9046370660834957,0.056837376074220285
bmi,alt_log_adj,REACTOME_SEMA4D_INDUCED_CELL_MIGRATION_AND_GROWTH_CONE_COLLAPSE,ppgs,0.016806968933374123,0.005966408023409241,2.8169325442430138,0.004851822109937886
bmi,alt_log_adj,REACTOME_SEMA4D_INDUCED_CELL_MIGRATION_AND_GROWTH_CONE_COLLAPSE,bmi,0.2884330595732931,0.005760790629224107,50.068311476221936,0
bmi,alt_log_adj,REACTOME_SEMA4D_INDUCED_CELL_MIGRATION_AND_GROWTH_CONE_COLLAPSE,ppgs:bmi,0.005611384010467397,0.006003909587872484,0.9346216708196333,0.3499912678211792
bmi,alt_log_adj,REACTOME_SEMA4D_IN_SEMAPHORIN_SIGNALING,ppgs,0.0018918030121409688,0.005932898138142234,0.31886659236211806,0.7498300276924149
bmi,alt_log_adj,REACTOME_SEMA4D_IN_SEMAPHORIN_SIGNALING,bmi,0.2884268568220343,0.0057616153469489196,50.060068132589166,0
bmi,alt_log_adj,REACTOME_SEMA4D_IN_SEMAPHORIN_SIGNALING,ppgs:bmi,0.003108638757950306,0.006002389242014713,0.517900228160959,0.6045319244216236
bmi,alt_log_adj,REACTOME_SEMA4D_MEDIATED_INHIBITION_OF_CELL_ATTACHMENT_AND_MIGRATION,ppgs,5.083222620299041e-4,0.006050742417691663,0.08400989943707227,0.9330491541916194
bmi,alt_log_adj,REACTOME_SEMA4D_MEDIATED_INHIBITION_OF_CELL_ATTACHMENT_AND_MIGRATION,bmi,0.28847559636913783,0.0057621187985508705,50.06415286711674,0
bmi,alt_log_adj,REACTOME_SEMA4D_MEDIATED_INHIBITION_OF_CELL_ATTACHMENT_AND_MIGRATION,ppgs:bmi,0.0056481014475110725,0.006247483634818963,0.9040602229084096,0.3659711513557009
bmi,alt_log_adj,REACTOME_SEMAPHORIN_INTERACTIONS,ppgs,0.009626007129385786,0.0061716757656309264,1.559707200269897,0.11884025284899186
bmi,alt_log_adj,REACTOME_SEMAPHORIN_INTERACTIONS,bmi,0.2885291293802588,0.005761637494133509,50.07762631266524,0
bmi,alt_log_adj,REACTOME_SEMAPHORIN_INTERACTIONS,ppgs:bmi,0.005200051013742702,0.006164533245500985,0.8435433481582432,0.39893175063951136
bmi,alt_log_adj,REACTOME_SENESCENCE_ASSOCIATED_SECRETORY_PHENOTYPE_SASP,ppgs,-0.0063830297024242725,0.0061947827390305245,-1.0303879847484705,0.3028367021761346
bmi,alt_log_adj,REACTOME_SENESCENCE_ASSOCIATED_SECRETORY_PHENOTYPE_SASP,bmi,0.288305089557666,0.005761746622039815,50.0377938271083,0
bmi,alt_log_adj,REACTOME_SENESCENCE_ASSOCIATED_SECRETORY_PHENOTYPE_SASP,ppgs:bmi,-0.008304554886932717,0.006250333230843054,-1.3286579419402549,0.1839715414716784
bmi,alt_log_adj,REACTOME_SENSING_OF_DNA_DOUBLE_STRAND_BREAKS,ppgs,-0.005706963948138623,0.005716640609372473,-0.9983072818644598,0.318138898836225
bmi,alt_log_adj,REACTOME_SENSING_OF_DNA_DOUBLE_STRAND_BREAKS,bmi,0.2885112653756523,0.005762469693852101,50.06729418177435,0
bmi,alt_log_adj,REACTOME_SENSING_OF_DNA_DOUBLE_STRAND_BREAKS,ppgs:bmi,-0.002983819580213789,0.005807833510183085,-0.5137577678461598,0.6074253622281741
bmi,alt_log_adj,REACTOME_SENSORY_PERCEPTION,ppgs,0.015885467259523577,0.0072792836618569435,2.182284411138224,0.029096728742192844
bmi,alt_log_adj,REACTOME_SENSORY_PERCEPTION,bmi,0.2884714845719904,0.005761320707403487,50.07037435032822,0
bmi,alt_log_adj,REACTOME_SENSORY_PERCEPTION,ppgs:bmi,-0.0027467456476494016,0.0071964176820908205,-0.3816823548867959,0.7026998505513287
bmi,alt_log_adj,REACTOME_SENSORY_PERCEPTION_OF_SALTY_TASTE,ppgs,0.003770820439831918,0.005796554562472025,0.650527895354408,0.5153565610701276
bmi,alt_log_adj,REACTOME_SENSORY_PERCEPTION_OF_SALTY_TASTE,bmi,0.2886102759054139,0.005761377300754525,50.09397247210605,0
bmi,alt_log_adj,REACTOME_SENSORY_PERCEPTION_OF_SALTY_TASTE,ppgs:bmi,-0.01609167237791977,0.005672847957358803,-2.8366126677246295,0.0045627207310432365
bmi,alt_log_adj,REACTOME_SENSORY_PERCEPTION_OF_TASTE,ppgs,0.006672447110913454,0.0058623062898395546,1.1381948982225685,0.2550487276261053
bmi,alt_log_adj,REACTOME_SENSORY_PERCEPTION_OF_TASTE,bmi,0.28851115232716495,0.005762610452770811,50.06605160833688,0
bmi,alt_log_adj,REACTOME_SENSORY_PERCEPTION_OF_TASTE,ppgs:bmi,-0.0077364138994724125,0.005788507270203422,-1.336512772350813,0.18139245533452406
bmi,alt_log_adj,REACTOME_SENSORY_PROCESSING_OF_SOUND,ppgs,0.016809438383155913,0.006531924927929313,2.573427981586536,0.010074694556841797
bmi,alt_log_adj,REACTOME_SENSORY_PROCESSING_OF_SOUND,bmi,0.2885544537321853,0.005761246337705363,50.085421941376865,0
bmi,alt_log_adj,REACTOME_SENSORY_PROCESSING_OF_SOUND,ppgs:bmi,0.00705169837683034,0.006518200910723165,1.0818473492017577,0.2793295658067078
bmi,alt_log_adj,REACTOME_SENSORY_PROCESSING_OF_SOUND_BY_OUTER_HAIR_CELLS_OF_THE_COCHLEA,ppgs,0.010573527232224387,0.006494950656729263,1.6279611333566342,0.10354424018930405
bmi,alt_log_adj,REACTOME_SENSORY_PROCESSING_OF_SOUND_BY_OUTER_HAIR_CELLS_OF_THE_COCHLEA,bmi,0.2884876190106987,0.005761404282032258,50.07244846718837,0
bmi,alt_log_adj,REACTOME_SENSORY_PROCESSING_OF_SOUND_BY_OUTER_HAIR_CELLS_OF_THE_COCHLEA,ppgs:bmi,0.0069754273681575255,0.006504543426353989,1.072393081410709,0.2835526432372478
bmi,alt_log_adj,REACTOME_SEPARATION_OF_SISTER_CHROMATIDS,ppgs,0.007075755781120754,0.006518764480822571,1.0854443049655784,0.2777341488791149
bmi,alt_log_adj,REACTOME_SEPARATION_OF_SISTER_CHROMATIDS,bmi,0.2884204439039113,0.005761405844461759,50.060775388902684,0
bmi,alt_log_adj,REACTOME_SEPARATION_OF_SISTER_CHROMATIDS,ppgs:bmi,0.008489180744356149,0.006573278393809197,1.2914683109042475,0.19655186662847218
bmi,alt_log_adj,REACTOME_SERINE_METABOLISM,ppgs,0.010157394220561528,0.00582695721543301,1.7431729537431857,0.081314250066554
bmi,alt_log_adj,REACTOME_SERINE_METABOLISM,bmi,0.28840859694856674,0.005762837877017614,50.046279819661365,0
bmi,alt_log_adj,REACTOME_SERINE_METABOLISM,ppgs:bmi,-0.005088674342184358,0.005788912348403465,-0.8790380706986819,0.37938808495553145
bmi,alt_log_adj,REACTOME_SEROTONIN_AND_MELATONIN_BIOSYNTHESIS,ppgs,0.004856105958615185,0.005699259609675423,0.8520590903371296,0.3941884943753783
bmi,alt_log_adj,REACTOME_SEROTONIN_AND_MELATONIN_BIOSYNTHESIS,bmi,0.2884445683271346,0.00576156800517813,50.06355354443426,0
bmi,alt_log_adj,REACTOME_SEROTONIN_AND_MELATONIN_BIOSYNTHESIS,ppgs:bmi,-0.0033772688448902837,0.005706835929323225,-0.5917935764609926,0.5539935444785298
bmi,alt_log_adj,REACTOME_SEROTONIN_NEUROTRANSMITTER_RELEASE_CYCLE,ppgs,0.0031352898078496035,0.005776702671354297,0.5427473052052656,0.5873080658429222
bmi,alt_log_adj,REACTOME_SEROTONIN_NEUROTRANSMITTER_RELEASE_CYCLE,bmi,0.2885267874982366,0.005762741854840165,50.0676231498902,0
bmi,alt_log_adj,REACTOME_SEROTONIN_NEUROTRANSMITTER_RELEASE_CYCLE,ppgs:bmi,0.004443160376569166,0.005727188081845783,0.7758013728679931,0.4378727452242397
bmi,alt_log_adj,REACTOME_SEROTONIN_RECEPTORS,ppgs,-0.004159770336235033,0.0058514056172926186,-0.7109010395624759,0.47715141059704336
bmi,alt_log_adj,REACTOME_SEROTONIN_RECEPTORS,bmi,0.2883696750840534,0.005761614507520166,50.05015082277164,0
bmi,alt_log_adj,REACTOME_SEROTONIN_RECEPTORS,ppgs:bmi,-0.0051670534152315,0.005923872230127579,-0.8722425492151812,0.38308345927747867
bmi,alt_log_adj,REACTOME_SHC1_EVENTS_IN_EGFR_SIGNALING,ppgs,-0.004854311112154021,0.005707604406627678,-0.8504988724371276,0.3950549704246481
bmi,alt_log_adj,REACTOME_SHC1_EVENTS_IN_EGFR_SIGNALING,bmi,0.28839468964690584,0.005761647422099317,50.05420646545328,0
bmi,alt_log_adj,REACTOME_SHC1_EVENTS_IN_EGFR_SIGNALING,ppgs:bmi,3.137300609497046e-5,0.005796189452155879,0.005412695073881918,0.9956813533427393
bmi,alt_log_adj,REACTOME_SHC1_EVENTS_IN_ERBB2_SIGNALING,ppgs,-0.0029566073269607193,0.005968636966495025,-0.49535720526439286,0.6203518368481266
bmi,alt_log_adj,REACTOME_SHC1_EVENTS_IN_ERBB2_SIGNALING,bmi,0.28843009639131634,0.005762736839065322,50.0508880495917,0
bmi,alt_log_adj,REACTOME_SHC1_EVENTS_IN_ERBB2_SIGNALING,ppgs:bmi,-7.677581013476669e-4,0.005887474928317909,-0.1304053283785313,0.8962466764520416
bmi,alt_log_adj,REACTOME_SHC1_EVENTS_IN_ERBB4_SIGNALING,ppgs,-0.002675528966375203,0.005895437818684304,-0.45383041067716756,0.6499543678813069
bmi,alt_log_adj,REACTOME_SHC1_EVENTS_IN_ERBB4_SIGNALING,bmi,0.2885835741422459,0.0057630738217947786,50.07459266804483,0
bmi,alt_log_adj,REACTOME_SHC1_EVENTS_IN_ERBB4_SIGNALING,ppgs:bmi,-0.007692809327007679,0.005994627975685302,-1.2832838598509095,0.19940313575679383
bmi,alt_log_adj,REACTOME_SHC_MEDIATED_CASCADE_FGFR1,ppgs,-0.010031351392937277,0.0058920709920130205,-1.7025170617487886,0.0886694460770775
bmi,alt_log_adj,REACTOME_SHC_MEDIATED_CASCADE_FGFR1,bmi,0.28862076610235715,0.00576198529632498,50.09050722264786,0
bmi,alt_log_adj,REACTOME_SHC_MEDIATED_CASCADE_FGFR1,ppgs:bmi,-0.010545929246868214,0.005904030088835418,-1.7862255253086659,0.07407343394016887
bmi,alt_log_adj,REACTOME_SHC_MEDIATED_CASCADE_FGFR3,ppgs,-0.008613187133128265,0.005929628304930655,-1.452567798552593,0.146354860315768
bmi,alt_log_adj,REACTOME_SHC_MEDIATED_CASCADE_FGFR3,bmi,0.28853271927495994,0.005762282438084031,50.07264436883409,0
bmi,alt_log_adj,REACTOME_SHC_MEDIATED_CASCADE_FGFR3,ppgs:bmi,-0.006011743083277137,0.005961204690963911,-1.0084778823967968,0.3132337081885022
bmi,alt_log_adj,REACTOME_SHC_MEDIATED_CASCADE_FGFR4,ppgs,-0.0018622588325257058,0.005886608756985616,-0.3163551221772248,0.7517353056109868
bmi,alt_log_adj,REACTOME_SHC_MEDIATED_CASCADE_FGFR4,bmi,0.28847110001378146,0.0057626694892505305,50.05858839412615,0
bmi,alt_log_adj,REACTOME_SHC_MEDIATED_CASCADE_FGFR4,ppgs:bmi,-0.002862090759810525,0.005865234684001851,-0.48797548845184824,0.6255709771862178
bmi,alt_log_adj,REACTOME_SHC_RELATED_EVENTS_TRIGGERED_BY_IGF1R,ppgs,0.001765643810402581,0.005689832747302467,0.31031559077719245,0.7563232575068272
bmi,alt_log_adj,REACTOME_SHC_RELATED_EVENTS_TRIGGERED_BY_IGF1R,bmi,0.28847647278267724,0.0057617777114503475,50.067268685043096,0
bmi,alt_log_adj,REACTOME_SHC_RELATED_EVENTS_TRIGGERED_BY_IGF1R,ppgs:bmi,0.005924240122055305,0.005737400027722833,1.0325652897531408,0.3018161876808404
bmi,alt_log_adj,REACTOME_SIALIC_ACID_METABOLISM,ppgs,-9.051334164275901e-4,0.005993811020097806,-0.151011337092977,0.8799678472529116
bmi,alt_log_adj,REACTOME_SIALIC_ACID_METABOLISM,bmi,0.28864952829334983,0.005763779787362076,50.07990224162551,0
bmi,alt_log_adj,REACTOME_SIALIC_ACID_METABOLISM,ppgs:bmi,-0.008329523233518167,0.005877065875916456,-1.417292814030144,0.15640832550165124
bmi,alt_log_adj,REACTOME_SIGNALING_BY_ACTIVATED_POINT_MUTANTS_OF_FGFR1,ppgs,-0.009807256338633255,0.0060768149353752805,-1.6138810286194107,0.10656436458139072
bmi,alt_log_adj,REACTOME_SIGNALING_BY_ACTIVATED_POINT_MUTANTS_OF_FGFR1,bmi,0.2886593322578422,0.0057616788512496065,50.09986493697702,0
bmi,alt_log_adj,REACTOME_SIGNALING_BY_ACTIVATED_POINT_MUTANTS_OF_FGFR1,ppgs:bmi,-0.01368056458656542,0.006115054931367792,-2.237194062867626,0.02528139967112708
bmi,alt_log_adj,REACTOME_SIGNALING_BY_ACTIVIN,ppgs,0.003219259985003791,0.005729769904826119,0.5618480390097769,0.5742240005685983
bmi,alt_log_adj,REACTOME_SIGNALING_BY_ACTIVIN,bmi,0.2883735421640568,0.00576158955899544,50.051038730071575,0
bmi,alt_log_adj,REACTOME_SIGNALING_BY_ACTIVIN,ppgs:bmi,-0.005628603695394394,0.005807808844961612,-0.9691441033355149,0.3324815638339462
bmi,alt_log_adj,REACTOME_SIGNALING_BY_ALK,ppgs,0.0021793530216512634,0.005910506236850343,0.3687252723063907,0.7123352630625799
bmi,alt_log_adj,REACTOME_SIGNALING_BY_ALK,bmi,0.28836542434349405,0.0057620482056835,50.04564593178162,0
bmi,alt_log_adj,REACTOME_SIGNALING_BY_ALK,ppgs:bmi,0.003253103139641267,0.005837452484333057,0.5572813052221258,0.5773396465376752
bmi,alt_log_adj,REACTOME_SIGNALING_BY_ALK_IN_CANCER,ppgs,0.010481869474889225,0.006154355187970088,1.7031629073632482,0.08854854757751017
bmi,alt_log_adj,REACTOME_SIGNALING_BY_ALK_IN_CANCER,bmi,0.2883392049550178,0.0057614870721580305,50.045969268662624,0
bmi,alt_log_adj,REACTOME_SIGNALING_BY_ALK_IN_CANCER,ppgs:bmi,-4.359892802455917e-4,0.006081968116663129,-0.07168555833942733,0.9428526550729105
bmi,alt_log_adj,REACTOME_SIGNALING_BY_BMP,ppgs,0.004489358016336915,0.005862694005535238,0.7657500139182271,0.4438314373408584
bmi,alt_log_adj,REACTOME_SIGNALING_BY_BMP,bmi,0.28827892690622087,0.005762430891468895,50.02731179527187,0
bmi,alt_log_adj,REACTOME_SIGNALING_BY_BMP,ppgs:bmi,-0.006534333169695825,0.005955347507100144,-1.0972211381292858,0.2725540549382945
bmi,alt_log_adj,REACTOME_SIGNALING_BY_BRAF_AND_RAF1_FUSIONS,ppgs,0.017085947397000034,0.005725667054840384,2.9840972647118655,0.0028465870149056555
bmi,alt_log_adj,REACTOME_SIGNALING_BY_BRAF_AND_RAF1_FUSIONS,bmi,0.2883844330338869,0.0057606886984721195,50.060756296443124,0
bmi,alt_log_adj,REACTOME_SIGNALING_BY_BRAF_AND_RAF1_FUSIONS,ppgs:bmi,-0.007571046999653635,0.005645556843964002,-1.3410629294696212,0.17991076650438229
bmi,alt_log_adj,REACTOME_SIGNALING_BY_CSF1_M_CSF_IN_MYELOID_CELLS,ppgs,-1.3998139557296822e-4,0.005879339902486279,-0.023809032628607223,0.9810051026764702
bmi,alt_log_adj,REACTOME_SIGNALING_BY_CSF1_M_CSF_IN_MYELOID_CELLS,bmi,0.2884406568761999,0.005765190106296755,50.031421611086905,0
bmi,alt_log_adj,REACTOME_SIGNALING_BY_CSF1_M_CSF_IN_MYELOID_CELLS,ppgs:bmi,-7.404750681988171e-4,0.005887732293693037,-0.1257657500820846,0.8999182457937931
bmi,alt_log_adj,REACTOME_SIGNALING_BY_CSF3_G_CSF,ppgs,0.00871479974480942,0.005840159252348466,1.4922195385862111,0.1356527299935835
bmi,alt_log_adj,REACTOME_SIGNALING_BY_CSF3_G_CSF,bmi,0.2884349199876026,0.005761541031101071,50.06211331840167,0
bmi,alt_log_adj,REACTOME_SIGNALING_BY_CSF3_G_CSF,ppgs:bmi,-0.0034792023235916516,0.005813559259717445,-0.5984633798608171,0.5495355681631608
bmi,alt_log_adj,REACTOME_SIGNALING_BY_CTNNB1_PHOSPHO_SITE_MUTANTS,ppgs,0.007911726544303254,0.005970642586377578,1.325104698505047,0.1851471081639193
bmi,alt_log_adj,REACTOME_SIGNALING_BY_CTNNB1_PHOSPHO_SITE_MUTANTS,bmi,0.288384764970497,0.0057613338355721605,50.05520825575582,0
bmi,alt_log_adj,REACTOME_SIGNALING_BY_CTNNB1_PHOSPHO_SITE_MUTANTS,ppgs:bmi,0.007886963330170629,0.005892868687469188,1.3383911552181293,0.18077969478246245
bmi,alt_log_adj,REACTOME_SIGNALING_BY_CYTOSOLIC_FGFR1_FUSION_MUTANTS,ppgs,-0.004891500508228739,0.005686889287859,-0.8601364050943728,0.3897211295012607
bmi,alt_log_adj,REACTOME_SIGNALING_BY_CYTOSOLIC_FGFR1_FUSION_MUTANTS,bmi,0.28855193619449027,0.005762246282773289,50.07629352066053,0
bmi,alt_log_adj,REACTOME_SIGNALING_BY_CYTOSOLIC_FGFR1_FUSION_MUTANTS,ppgs:bmi,-0.006422725523306897,0.0057331222470075795,-1.12028406975959,0.26260221924394767
bmi,alt_log_adj,REACTOME_SIGNALING_BY_EGFR,ppgs,0.008594095556438789,0.006086314052729255,1.4120361654004663,0.1579502894192921
bmi,alt_log_adj,REACTOME_SIGNALING_BY_EGFR,bmi,0.28845260559704505,0.005761876592416303,50.0622672093849,0
bmi,alt_log_adj,REACTOME_SIGNALING_BY_EGFR,ppgs:bmi,-0.0053016639347930345,0.006062111719345963,-0.8745572797469043,0.3818222499717594
bmi,alt_log_adj,REACTOME_SIGNALING_BY_EGFR_IN_CANCER,ppgs,-8.836032181139738e-4,0.00571318402551285,-0.15466038100088264,0.8770901665170605
bmi,alt_log_adj,REACTOME_SIGNALING_BY_EGFR_IN_CANCER,bmi,0.28853180580242277,0.005762225558752401,50.07298011167993,0
bmi,alt_log_adj,REACTOME_SIGNALING_BY_EGFR_IN_CANCER,ppgs:bmi,-0.007006916200432088,0.005715885892230749,-1.2258670541264927,0.2202588920864729
bmi,alt_log_adj,REACTOME_SIGNALING_BY_ERBB2,ppgs,3.510284007914884e-4,0.0061347978561656765,0.057219228574694296,0.9543709643453305
bmi,alt_log_adj,REACTOME_SIGNALING_BY_ERBB2,bmi,0.2883995591370856,0.005763615708709358,50.03795771832725,0
bmi,alt_log_adj,REACTOME_SIGNALING_BY_ERBB2,ppgs:bmi,5.290765975299033e-4,0.006091881663553822,0.0868494541998795,0.9307917907398537
bmi,alt_log_adj,REACTOME_SIGNALING_BY_ERBB2_ECD_MUTANTS,ppgs,-0.0011008089776548245,0.005688508375907557,-0.1935145217183932,0.8465574207623864
bmi,alt_log_adj,REACTOME_SIGNALING_BY_ERBB2_ECD_MUTANTS,bmi,0.2884329303863597,0.0057618126430254235,50.059408081500685,0
bmi,alt_log_adj,REACTOME_SIGNALING_BY_ERBB2_ECD_MUTANTS,ppgs:bmi,-0.001806778692951336,0.005537182971996657,-0.3262992575988199,0.7442003586167913
bmi,alt_log_adj,REACTOME_SIGNALING_BY_ERBB2_IN_CANCER,ppgs,-0.0032003195262073096,0.005871114204387287,-0.5450957713981817,0.5856919391896216
bmi,alt_log_adj,REACTOME_SIGNALING_BY_ERBB2_IN_CANCER,bmi,0.28865067692629615,0.005763155301655941,50.08552812091624,0
bmi,alt_log_adj,REACTOME_SIGNALING_BY_ERBB2_IN_CANCER,ppgs:bmi,-0.009804505584473744,0.005929712542657652,-1.6534537743509974,0.0982496191338636
bmi,alt_log_adj,REACTOME_SIGNALING_BY_ERBB4,ppgs,-6.906507168730892e-4,0.006326247440329335,-0.10917225786494608,0.9130666365074009
bmi,alt_log_adj,REACTOME_SIGNALING_BY_ERBB4,bmi,0.2883581208234257,0.005761799537773093,50.04653822699196,0
bmi,alt_log_adj,REACTOME_SIGNALING_BY_ERBB4,ppgs:bmi,0.006247456437948566,0.006410637340393233,0.9745452918672424,0.32979417792786303
bmi,alt_log_adj,REACTOME_SIGNALING_BY_ERYTHROPOIETIN,ppgs,4.36559683192713e-4,0.0056902835161644245,0.0767201989061837,0.9388466769175186
bmi,alt_log_adj,REACTOME_SIGNALING_BY_ERYTHROPOIETIN,bmi,0.288549465126121,0.0057633545909232375,50.066234963325066,0
bmi,alt_log_adj,REACTOME_SIGNALING_BY_ERYTHROPOIETIN,ppgs:bmi,-0.0056180870535993315,0.00545279038658592,-1.03031414290563,0.30287135242586244
bmi,alt_log_adj,REACTOME_SIGNALING_BY_FGFR,ppgs,0.0010620246302885108,0.006060085252579998,0.17524912373738774,0.8608851380224235
bmi,alt_log_adj,REACTOME_SIGNALING_BY_FGFR,bmi,0.288420243732427,0.0057618781381121534,50.056637231645134,0
bmi,alt_log_adj,REACTOME_SIGNALING_BY_FGFR,ppgs:bmi,-8.168988525862924e-4,0.00605437141712323,-0.1349271123796443,0.8926704609204625
bmi,alt_log_adj,REACTOME_SIGNALING_BY_FGFR1,ppgs,-0.003677467275210322,0.005982293101308647,-0.6147253591446169,0.538741043525002
bmi,alt_log_adj,REACTOME_SIGNALING_BY_FGFR1,bmi,0.28844648933360356,0.0057618973377521684,50.061025461819895,0
bmi,alt_log_adj,REACTOME_SIGNALING_BY_FGFR1,ppgs:bmi,-0.0011672583616251552,0.005984858785127928,-0.19503523868027317,0.8453667585574494
bmi,alt_log_adj,REACTOME_SIGNALING_BY_FGFR1_IN_DISEASE,ppgs,-0.012163171558951023,0.005854301847993295,-2.0776468099471583,0.03775088053704538
bmi,alt_log_adj,REACTOME_SIGNALING_BY_FGFR1_IN_DISEASE,bmi,0.2884444038901652,0.005760861380866311,50.06966577050137,0
bmi,alt_log_adj,REACTOME_SIGNALING_BY_FGFR1_IN_DISEASE,ppgs:bmi,-0.010312470347586733,0.005882065343948165,-1.7532056759955659,0.07957751674024806
bmi,alt_log_adj,REACTOME_SIGNALING_BY_FGFR2,ppgs,0.00318890989593483,0.006040285745327711,0.5279402383242414,0.597544947652878
bmi,alt_log_adj,REACTOME_SIGNALING_BY_FGFR2,bmi,0.2883953715720496,0.00576175642310214,50.05337789284348,0
bmi,alt_log_adj,REACTOME_SIGNALING_BY_FGFR2,ppgs:bmi,0.0010087808242332918,0.006012694952097997,0.16777515444739136,0.8667613661036225
bmi,alt_log_adj,REACTOME_SIGNALING_BY_FGFR2_IIIA_TM,ppgs,-0.007045306954669641,0.006071684955746122,-1.1603544989603096,0.24591427597526005
bmi,alt_log_adj,REACTOME_SIGNALING_BY_FGFR2_IIIA_TM,bmi,0.28843798500738277,0.005761410522273218,50.06377932839558,0
bmi,alt_log_adj,REACTOME_SIGNALING_BY_FGFR2_IIIA_TM,ppgs:bmi,-0.00873472622320846,0.006050810158354925,-1.4435630923154315,0.14887296350235263
bmi,alt_log_adj,REACTOME_SIGNALING_BY_FGFR2_IN_DISEASE,ppgs,-0.0013690125428104491,0.005917254423881201,-0.23135941853122088,0.8170372590516055
bmi,alt_log_adj,REACTOME_SIGNALING_BY_FGFR2_IN_DISEASE,bmi,0.2884573287093968,0.005762242189377744,50.05991057459298,0
bmi,alt_log_adj,REACTOME_SIGNALING_BY_FGFR2_IN_DISEASE,ppgs:bmi,-0.0026689866879257202,0.0059221155475006095,-0.45068129227099407,0.6522227143225781
bmi,alt_log_adj,REACTOME_SIGNALING_BY_FGFR3,ppgs,0.002745036645501026,0.005958093333319663,0.460724008828438,0.6450001618785646
bmi,alt_log_adj,REACTOME_SIGNALING_BY_FGFR3,bmi,0.28836594354164485,0.005762096784201939,50.04531411764269,0
bmi,alt_log_adj,REACTOME_SIGNALING_BY_FGFR3,ppgs:bmi,0.002481629598492634,0.005972929912745212,0.4154794438818477,0.6777941049393725
bmi,alt_log_adj,REACTOME_SIGNALING_BY_FGFR4,ppgs,0.006955817931743253,0.0059273474892070546,1.1735127634087443,0.24060010107380017
bmi,alt_log_adj,REACTOME_SIGNALING_BY_FGFR4,bmi,0.28830953152669997,0.005761987992241766,50.036468648475946,0
bmi,alt_log_adj,REACTOME_SIGNALING_BY_FGFR4,ppgs:bmi,0.004176317886932442,0.005925199034574958,0.7048401011616023,0.4809155404079809
bmi,alt_log_adj,REACTOME_SIGNALING_BY_FGFR4_IN_DISEASE,ppgs,-0.0015271002071877756,0.00572874061761213,-0.2665682231262036,0.7898035636653054
bmi,alt_log_adj,REACTOME_SIGNALING_BY_FGFR4_IN_DISEASE,bmi,0.2884194257242423,0.005761623302522904,50.05870925264222,0
bmi,alt_log_adj,REACTOME_SIGNALING_BY_FGFR4_IN_DISEASE,ppgs:bmi,3.563679585675127e-4,0.005739966891507773,0.06208536831366671,0.9504952866152632
bmi,alt_log_adj,REACTOME_SIGNALING_BY_FGFR_IN_DISEASE,ppgs,-0.014770019465854971,0.005951970677542102,-2.481534312926812,0.013087562036586713
bmi,alt_log_adj,REACTOME_SIGNALING_BY_FGFR_IN_DISEASE,bmi,0.2884272527179787,0.005760784609719719,50.067355795829975,0
bmi,alt_log_adj,REACTOME_SIGNALING_BY_FGFR_IN_DISEASE,ppgs:bmi,-0.009316491356439674,0.0059643526399963676,-1.5620289273246841,0.11829233707620641
bmi,alt_log_adj,REACTOME_SIGNALING_BY_FLT3_FUSION_PROTEINS,ppgs,-0.00201262860960774,0.005676929968996741,-0.35452764444854035,0.72294612749555
bmi,alt_log_adj,REACTOME_SIGNALING_BY_FLT3_FUSION_PROTEINS,bmi,0.28849571708019095,0.005761950071261073,50.06911089339762,0
bmi,alt_log_adj,REACTOME_SIGNALING_BY_FLT3_FUSION_PROTEINS,ppgs:bmi,-0.00602595520999315,0.005698527279126772,-1.0574583422748047,0.2903114679348349
bmi,alt_log_adj,REACTOME_SIGNALING_BY_FLT3_ITD_AND_TKD_MUTANTS,ppgs,0.003722390915815481,0.005782886593127077,0.643690803177693,0.519781162149388
bmi,alt_log_adj,REACTOME_SIGNALING_BY_FLT3_ITD_AND_TKD_MUTANTS,bmi,0.28841263728729205,0.005761556516988245,50.05811128240999,0
bmi,alt_log_adj,REACTOME_SIGNALING_BY_FLT3_ITD_AND_TKD_MUTANTS,ppgs:bmi,-8.902110860594251e-4,0.005770581507340371,-0.15426713667020334,0.8774002064190072
bmi,alt_log_adj,REACTOME_SIGNALING_BY_GPCR,ppgs,-0.002155979209625656,0.008771094350656638,-0.24580504135886433,0.8058349338635831
bmi,alt_log_adj,REACTOME_SIGNALING_BY_GPCR,bmi,0.28854051313592893,0.00576342228070682,50.06409370727953,0
bmi,alt_log_adj,REACTOME_SIGNALING_BY_GPCR,ppgs:bmi,-0.007087444573052845,0.008655457364623616,-0.8188411396976528,0.41288393905811815
bmi,alt_log_adj,REACTOME_SIGNALING_BY_HEDGEHOG,ppgs,0.004762243746361421,0.006313793321095796,0.754260316131936,0.4506991913368995
bmi,alt_log_adj,REACTOME_SIGNALING_BY_HEDGEHOG,bmi,0.2883957620991019,0.005762250574508907,50.04915325531131,0
bmi,alt_log_adj,REACTOME_SIGNALING_BY_HEDGEHOG,ppgs:bmi,-0.007081077045847809,0.006304514500101832,-1.1231756300558011,0.2613724223719479
bmi,alt_log_adj,REACTOME_SIGNALING_BY_HIPPO,ppgs,0.005278079641158653,0.0056976477424118405,0.9263611721500384,0.3542662015557787
bmi,alt_log_adj,REACTOME_SIGNALING_BY_HIPPO,bmi,0.28845152730958284,0.005761769293066357,50.06301235571891,0
bmi,alt_log_adj,REACTOME_SIGNALING_BY_HIPPO,ppgs:bmi,-0.0037102604615773115,0.005636205455608951,-0.6582904918565367,0.5103568324269857
bmi,alt_log_adj,REACTOME_SIGNALING_BY_INSULIN_RECEPTOR,ppgs,0.001693950251098247,0.006269907722121938,0.2701714803746681,0.7870302991802781
bmi,alt_log_adj,REACTOME_SIGNALING_BY_INSULIN_RECEPTOR,bmi,0.2884648987743316,0.005763004717644087,50.054600491851744,0
bmi,alt_log_adj,REACTOME_SIGNALING_BY_INSULIN_RECEPTOR,ppgs:bmi,-0.0028652124143473297,0.006310183943004896,-0.45406163120229454,0.649787944508364
bmi,alt_log_adj,REACTOME_SIGNALING_BY_INTERLEUKINS,ppgs,0.03211880233261043,0.007666144618475598,4.1896942897742,2.801753083350202e-5
bmi,alt_log_adj,REACTOME_SIGNALING_BY_INTERLEUKINS,bmi,0.2882049368423674,0.005760469134024487,50.031504403013145,0
bmi,alt_log_adj,REACTOME_SIGNALING_BY_INTERLEUKINS,ppgs:bmi,0.0023032408870939927,0.007777832546098676,0.2961288859644179,0.767133824147934
bmi,alt_log_adj,REACTOME_SIGNALING_BY_KIT_IN_DISEASE,ppgs,-0.0020877619002197378,0.005683131528718345,-0.3673611792494565,0.7133523670964084
bmi,alt_log_adj,REACTOME_SIGNALING_BY_KIT_IN_DISEASE,bmi,0.28839972333407454,0.005762077266271443,50.05134606962566,0
bmi,alt_log_adj,REACTOME_SIGNALING_BY_KIT_IN_DISEASE,ppgs:bmi,8.914916442979881e-4,0.00564575211369556,0.15790485064609774,0.8745329004476099
bmi,alt_log_adj,REACTOME_SIGNALING_BY_LEPTIN,ppgs,0.013066926926376296,0.005793669507870839,2.255380102131225,0.024117073552504045
bmi,alt_log_adj,REACTOME_SIGNALING_BY_LEPTIN,bmi,0.28819813881289785,0.005762058798219201,50.016521681793186,0
bmi,alt_log_adj,REACTOME_SIGNALING_BY_LEPTIN,ppgs:bmi,0.004949807256940432,0.005762831201668097,0.8589193546928239,0.3903922730278828
bmi,alt_log_adj,REACTOME_SIGNALING_BY_LRP5_MUTANTS,ppgs,0.01369860021087296,0.005708880016757431,2.3995249804975907,0.016422772333155027
bmi,alt_log_adj,REACTOME_SIGNALING_BY_LRP5_MUTANTS,bmi,0.2883903427685605,0.005761422727188859,50.0554040944802,0
bmi,alt_log_adj,REACTOME_SIGNALING_BY_LRP5_MUTANTS,ppgs:bmi,9.017947290258981e-5,0.005742354518081794,0.01570426775613182,0.9874704327571726
bmi,alt_log_adj,REACTOME_SIGNALING_BY_LTK,ppgs,-0.0023687506487620213,0.005680314830784009,-0.41701045088641353,0.6766739212052721
bmi,alt_log_adj,REACTOME_SIGNALING_BY_LTK,bmi,0.28839833186492664,0.0057617645861381215,50.05382076157131,0
bmi,alt_log_adj,REACTOME_SIGNALING_BY_LTK,ppgs:bmi,0.001360105273111453,0.00555145699881881,0.24499969528735324,0.8064584406809738
bmi,alt_log_adj,REACTOME_SIGNALING_BY_LTK_IN_CANCER,ppgs,1.5942328589128258e-4,0.005694589137751099,0.027995572996551928,0.9776658790690194
bmi,alt_log_adj,REACTOME_SIGNALING_BY_LTK_IN_CANCER,bmi,0.28840753947858777,0.005761714020497162,50.05585810968485,0
bmi,alt_log_adj,REACTOME_SIGNALING_BY_LTK_IN_CANCER,ppgs:bmi,-0.0019351130776674925,0.005694552686663717,-0.3398182761921591,0.733995901292003
bmi,alt_log_adj,REACTOME_SIGNALING_BY_MAPK_MUTANTS,ppgs,-0.003713257778799125,0.005775482419155538,-0.642934651914681,0.5202717036245025
bmi,alt_log_adj,REACTOME_SIGNALING_BY_MAPK_MUTANTS,bmi,0.28842786559030026,0.005761596417365866,50.06040768856318,0
bmi,alt_log_adj,REACTOME_SIGNALING_BY_MAPK_MUTANTS,ppgs:bmi,6.47374710403979e-4,0.005809630096974663,0.11143131311253297,0.9112751193103777
bmi,alt_log_adj,REACTOME_SIGNALING_BY_MEMBRANE_TETHERED_FUSIONS_OF_PDGFRA_OR_PDGFRB,ppgs,0.002593277492053668,0.006183375313262363,0.4193951297912481,0.674930560805202
bmi,alt_log_adj,REACTOME_SIGNALING_BY_MEMBRANE_TETHERED_FUSIONS_OF_PDGFRA_OR_PDGFRB,bmi,0.2882718642335884,0.005763381694721723,50.01783319289722,0
bmi,alt_log_adj,REACTOME_SIGNALING_BY_MEMBRANE_TETHERED_FUSIONS_OF_PDGFRA_OR_PDGFRB,ppgs:bmi,0.005660144674127758,0.006169461545428594,0.9174454905747444,0.3589170494049362
bmi,alt_log_adj,REACTOME_SIGNALING_BY_MET,ppgs,0.018130357120016503,0.0060736339629287005,2.9850921591056934,0.002837347619134928
bmi,alt_log_adj,REACTOME_SIGNALING_BY_MET,bmi,0.2884741898910175,0.005760511142974884,50.07788071772423,0
bmi,alt_log_adj,REACTOME_SIGNALING_BY_MET,ppgs:bmi,0.009768602143425327,0.006146388987506834,1.5893237742162125,0.11199846567853267
bmi,alt_log_adj,REACTOME_SIGNALING_BY_MODERATE_KINASE_ACTIVITY_BRAF_MUTANTS,ppgs,0.024495820237834167,0.005878765418443425,4.166830702409649,3.097785524987022e-5
bmi,alt_log_adj,REACTOME_SIGNALING_BY_MODERATE_KINASE_ACTIVITY_BRAF_MUTANTS,bmi,0.28802468168993195,0.005760210876197815,50.0024544032059,0
bmi,alt_log_adj,REACTOME_SIGNALING_BY_MODERATE_KINASE_ACTIVITY_BRAF_MUTANTS,ppgs:bmi,0.012138675394281479,0.0058884947864753165,2.06142245759673,0.039271851000543416
bmi,alt_log_adj,REACTOME_SIGNALING_BY_MRAS_COMPLEX_MUTANTS,ppgs,0.012246181898374389,0.005831806480056982,2.099895108017153,0.03574688383978255
bmi,alt_log_adj,REACTOME_SIGNALING_BY_MRAS_COMPLEX_MUTANTS,bmi,0.28856619250072446,0.005760611247263291,50.09298147619567,0
bmi,alt_log_adj,REACTOME_SIGNALING_BY_MRAS_COMPLEX_MUTANTS,ppgs:bmi,0.015723016623949277,0.005849520437345406,2.687915495357189,0.00719415748153798
bmi,alt_log_adj,REACTOME_SIGNALING_BY_MST1,ppgs,-0.003927300197648576,0.00569860999467151,-0.6891680956094207,0.490723132192717
bmi,alt_log_adj,REACTOME_SIGNALING_BY_MST1,bmi,0.28852497457914567,0.0057619694885458345,50.07401985600614,0
bmi,alt_log_adj,REACTOME_SIGNALING_BY_MST1,ppgs:bmi,-0.0072958048196754685,0.005656583168725161,-1.2897900732748782,0.19713407745779427
bmi,alt_log_adj,REACTOME_SIGNALING_BY_NODAL,ppgs,0.008215020640309623,0.0057847076144422905,1.420127202246097,0.1555816495803784
bmi,alt_log_adj,REACTOME_SIGNALING_BY_NODAL,bmi,0.28828647766025056,0.0057620863049807035,50.03161396785361,0
bmi,alt_log_adj,REACTOME_SIGNALING_BY_NODAL,ppgs:bmi,0.001599515101899865,0.005735469760747208,0.27888127191372075,0.7803379757157305
bmi,alt_log_adj,REACTOME_SIGNALING_BY_NOTCH,ppgs,0.0012732696897874165,0.006845697016153068,0.18599562422687077,0.8524495236287386
bmi,alt_log_adj,REACTOME_SIGNALING_BY_NOTCH,bmi,0.28839769430488715,0.005762720349242906,50.0454085617353,0
bmi,alt_log_adj,REACTOME_SIGNALING_BY_NOTCH,ppgs:bmi,7.03336756262182e-4,0.0067743331277313424,0.10382376287091784,0.9173099427930654
bmi,alt_log_adj,REACTOME_SIGNALING_BY_NOTCH1,ppgs,0.001670713851197854,0.00627004627055105,0.2664595728814329,0.7898872284160082
bmi,alt_log_adj,REACTOME_SIGNALING_BY_NOTCH1,bmi,0.2883171207434066,0.005762799737223141,50.0307374696895,0
bmi,alt_log_adj,REACTOME_SIGNALING_BY_NOTCH1,ppgs:bmi,0.004706173301126256,0.006191801230188329,0.7600653067125531,0.44722187006763336
bmi,alt_log_adj,REACTOME_SIGNALING_BY_NOTCH1_HD_DOMAIN_MUTANTS_IN_CANCER,ppgs,0.0021424026980389993,0.005746857707613568,0.37279550095710484,0.7093034387541363
bmi,alt_log_adj,REACTOME_SIGNALING_BY_NOTCH1_HD_DOMAIN_MUTANTS_IN_CANCER,bmi,0.2884654879876517,0.005762199978438762,50.061693288508515,0
bmi,alt_log_adj,REACTOME_SIGNALING_BY_NOTCH1_HD_DOMAIN_MUTANTS_IN_CANCER,ppgs:bmi,-0.005011339617673374,0.005748056311619339,-0.8718320326026142,0.383307400449558
bmi,alt_log_adj,REACTOME_SIGNALING_BY_NOTCH1_PEST_DOMAIN_MUTANTS_IN_CANCER,ppgs,-0.003250356874883216,0.006076312382174909,-0.5349226093803636,0.5927075690372199
bmi,alt_log_adj,REACTOME_SIGNALING_BY_NOTCH1_PEST_DOMAIN_MUTANTS_IN_CANCER,bmi,0.288450131181146,0.005762675763026851,50.05489516377671,0
bmi,alt_log_adj,REACTOME_SIGNALING_BY_NOTCH1_PEST_DOMAIN_MUTANTS_IN_CANCER,ppgs:bmi,-9.314168693180146e-4,0.005965937533291301,-0.1561224642598912,0.8759376032590634
bmi,alt_log_adj,REACTOME_SIGNALING_BY_NOTCH1_T_7_9_NOTCH1_M1580_K2555_TRANSLOCATION_MUTANT,ppgs,0.004440020560006379,0.0056943860337357695,0.7797189255701952,0.43556284609450935
bmi,alt_log_adj,REACTOME_SIGNALING_BY_NOTCH1_T_7_9_NOTCH1_M1580_K2555_TRANSLOCATION_MUTANT,bmi,0.2884433435643684,0.005761588274994524,50.063164842274766,0
bmi,alt_log_adj,REACTOME_SIGNALING_BY_NOTCH1_T_7_9_NOTCH1_M1580_K2555_TRANSLOCATION_MUTANT,ppgs:bmi,-0.005269567806532182,0.005712905353622492,-0.9223971832809738,0.35632928870558944
bmi,alt_log_adj,REACTOME_SIGNALING_BY_NOTCH2,ppgs,-0.009246243668978662,0.006051348270438912,-1.5279642247905225,0.12653257775141258
bmi,alt_log_adj,REACTOME_SIGNALING_BY_NOTCH2,bmi,0.288399416961067,0.00576149028591657,50.05639212237027,0
bmi,alt_log_adj,REACTOME_SIGNALING_BY_NOTCH2,ppgs:bmi,-2.57135842055135e-4,0.005944187727032707,-0.0432583649546841,0.9654958847575326
bmi,alt_log_adj,REACTOME_SIGNALING_BY_NOTCH3,ppgs,-8.694844844350629e-4,0.006266891556836078,-0.1387425450958391,0.8896545826017186
bmi,alt_log_adj,REACTOME_SIGNALING_BY_NOTCH3,bmi,0.28849639110126896,0.005762136541083356,50.06760756957486,0
bmi,alt_log_adj,REACTOME_SIGNALING_BY_NOTCH3,ppgs:bmi,-0.00591905911233627,0.00621775981188174,-0.9519600774905019,0.3411253454543325
bmi,alt_log_adj,REACTOME_SIGNALING_BY_NOTCH4,ppgs,-0.008136882462641085,0.006135110297044559,-1.3262813655625443,0.18475720192443157
bmi,alt_log_adj,REACTOME_SIGNALING_BY_NOTCH4,bmi,0.28836829241550765,0.0057616176619355395,50.04988344169893,0
bmi,alt_log_adj,REACTOME_SIGNALING_BY_NOTCH4,ppgs:bmi,-0.001063858671330067,0.0061109368174755655,-0.17409092960799882,0.8617952446094188
bmi,alt_log_adj,REACTOME_SIGNALING_BY_NTRK2_TRKB,ppgs,-0.0013929118240150935,0.005743407094934749,-0.24252361028761768,0.8083762189859275
bmi,alt_log_adj,REACTOME_SIGNALING_BY_NTRK2_TRKB,bmi,0.28836688814619954,0.005761969706513198,50.04658178265606,0
bmi,alt_log_adj,REACTOME_SIGNALING_BY_NTRK2_TRKB,ppgs:bmi,0.003965831812303802,0.005815762031749644,0.6819109500446153,0.4953008321715253
bmi,alt_log_adj,REACTOME_SIGNALING_BY_NTRK3_TRKC,ppgs,0.006884731832354922,0.005751504221780542,1.197031518517004,0.23130427996760033
bmi,alt_log_adj,REACTOME_SIGNALING_BY_NTRK3_TRKC,bmi,0.28832599974697726,0.005761873685287256,50.0403194334523,0
bmi,alt_log_adj,REACTOME_SIGNALING_BY_NTRK3_TRKC,ppgs:bmi,0.0031036947807417297,0.005735348835474001,0.541151875810048,0.5884071569454583
bmi,alt_log_adj,REACTOME_SIGNALING_BY_NTRKS,ppgs,0.004182798597100375,0.006602291668613121,0.633537384751591,0.5263878868044902
bmi,alt_log_adj,REACTOME_SIGNALING_BY_NTRKS,bmi,0.28825940909607317,0.00576258417956544,50.02259405047181,0
bmi,alt_log_adj,REACTOME_SIGNALING_BY_NTRKS,ppgs:bmi,0.007845469326023948,0.006612734497934652,1.1864183158229495,0.23546708512338144
bmi,alt_log_adj,REACTOME_SIGNALING_BY_NUCLEAR_RECEPTORS,ppgs,0.02372051281269438,0.007038366483796133,3.3701730177455542,7.522117706947366e-4
bmi,alt_log_adj,REACTOME_SIGNALING_BY_NUCLEAR_RECEPTORS,bmi,0.2880088331020618,0.005761325978023768,49.99002559491586,0
bmi,alt_log_adj,REACTOME_SIGNALING_BY_NUCLEAR_RECEPTORS,ppgs:bmi,0.01588497287074493,0.007019746944879229,2.262898220616445,0.02364949588137559
bmi,alt_log_adj,REACTOME_SIGNALING_BY_PDGF,ppgs,4.24409121323416e-4,0.00582205190626789,0.0728968288425094,0.9418887317435625
bmi,alt_log_adj,REACTOME_SIGNALING_BY_PDGF,bmi,0.28837487740591033,0.005762357719909331,50.044598309049064,0
bmi,alt_log_adj,REACTOME_SIGNALING_BY_PDGF,ppgs:bmi,0.002414811090066239,0.0058341102501401915,0.41391248819958654,0.6789413291333245
bmi,alt_log_adj,REACTOME_SIGNALING_BY_PDGFRA_TRANSMEMBRANE_JUXTAMEMBRANE_AND_KINASE_DOMAIN_MUTANTS,ppgs,-0.0011008089776548245,0.005688508375907557,-0.1935145217183932,0.8465574207623864
bmi,alt_log_adj,REACTOME_SIGNALING_BY_PDGFRA_TRANSMEMBRANE_JUXTAMEMBRANE_AND_KINASE_DOMAIN_MUTANTS,bmi,0.2884329303863597,0.0057618126430254235,50.059408081500685,0
bmi,alt_log_adj,REACTOME_SIGNALING_BY_PDGFRA_TRANSMEMBRANE_JUXTAMEMBRANE_AND_KINASE_DOMAIN_MUTANTS,ppgs:bmi,-0.001806778692951336,0.005537182971996657,-0.3262992575988199,0.7442003586167913
bmi,alt_log_adj,REACTOME_SIGNALING_BY_PDGFR_IN_DISEASE,ppgs,0.002936672432435379,0.005889110588154345,0.49866145124568567,0.6180217749490927
bmi,alt_log_adj,REACTOME_SIGNALING_BY_PDGFR_IN_DISEASE,bmi,0.288315513565489,0.005762773618615329,50.030685334254905,0
bmi,alt_log_adj,REACTOME_SIGNALING_BY_PDGFR_IN_DISEASE,ppgs:bmi,0.004563970746804702,0.005988002033620444,0.7621859046105317,0.4459553988378143
bmi,alt_log_adj,REACTOME_SIGNALING_BY_PTK6,ppgs,0.0022055600456276224,0.006506474721752296,0.3389792691046728,0.7346278582442263
bmi,alt_log_adj,REACTOME_SIGNALING_BY_PTK6,bmi,0.2880812824973301,0.005764306993921118,49.976741835771904,0
bmi,alt_log_adj,REACTOME_SIGNALING_BY_PTK6,ppgs:bmi,0.01156705906843453,0.006508390967085998,1.7772532607415636,0.075537299345431
bmi,alt_log_adj,REACTOME_SIGNALING_BY_RECEPTOR_TYROSINE_KINASES,ppgs,0.02295793315121552,0.009055074259700962,2.535366634527599,0.011238296065281565
bmi,alt_log_adj,REACTOME_SIGNALING_BY_RECEPTOR_TYROSINE_KINASES,bmi,0.28811439953099566,0.005762532664560779,49.997877027731484,0
bmi,alt_log_adj,REACTOME_SIGNALING_BY_RECEPTOR_TYROSINE_KINASES,ppgs:bmi,0.01526294800508981,0.009170351467902692,1.6643798286807132,0.09604760037576662
bmi,alt_log_adj,REACTOME_SIGNALING_BY_RETINOIC_ACID,ppgs,0.004820103326714033,0.005868979533312898,0.821284739426106,0.4114910047819921
bmi,alt_log_adj,REACTOME_SIGNALING_BY_RETINOIC_ACID,bmi,0.2884455412648279,0.005761307527009129,50.06598587431572,0
bmi,alt_log_adj,REACTOME_SIGNALING_BY_RETINOIC_ACID,ppgs:bmi,0.009335354468973435,0.0058095526228071495,1.60689730777628,0.10808803450070317
bmi,alt_log_adj,REACTOME_SIGNALING_BY_RHO_GTPASES_MIRO_GTPASES_AND_RHOBTB3,ppgs,0.04637122992257128,0.008286014254646638,5.596325144693926,2.209640555824003e-8
bmi,alt_log_adj,REACTOME_SIGNALING_BY_RHO_GTPASES_MIRO_GTPASES_AND_RHOBTB3,bmi,0.28820262598409097,0.005758170016186831,50.051079626673506,0
bmi,alt_log_adj,REACTOME_SIGNALING_BY_RHO_GTPASES_MIRO_GTPASES_AND_RHOBTB3,ppgs:bmi,0.018864907141446723,0.008312928788408929,2.269345452321313,0.023254805743166664
bmi,alt_log_adj,REACTOME_SIGNALING_BY_RNF43_MUTANTS,ppgs,0.007014415196758386,0.005756211959254699,1.218581811512479,0.2230130967500817
bmi,alt_log_adj,REACTOME_SIGNALING_BY_RNF43_MUTANTS,bmi,0.28840453805604893,0.00576147003830034,50.05745688840371,0
bmi,alt_log_adj,REACTOME_SIGNALING_BY_RNF43_MUTANTS,ppgs:bmi,-2.3114223855864267e-4,0.005724201865273879,-0.040379819579892375,0.9677906031313049
bmi,alt_log_adj,REACTOME_SIGNALING_BY_ROBO_RECEPTORS,ppgs,0.014580655508608065,0.006166856316015907,2.364357909676074,0.01806805464037117
bmi,alt_log_adj,REACTOME_SIGNALING_BY_ROBO_RECEPTORS,bmi,0.28850579740902094,0.005761378169772288,50.075830627244486,0
bmi,alt_log_adj,REACTOME_SIGNALING_BY_ROBO_RECEPTORS,ppgs:bmi,-0.003833575778768774,0.006203626806781125,-0.6179571882980338,0.5366085240636376
bmi,alt_log_adj,REACTOME_SIGNALING_BY_SCF_KIT,ppgs,0.0010994905569365737,0.00569157029060287,0.19317877155130628,0.8468203473995214
bmi,alt_log_adj,REACTOME_SIGNALING_BY_SCF_KIT,bmi,0.28839306992826974,0.0057616910399816345,50.05354642014768,0
bmi,alt_log_adj,REACTOME_SIGNALING_BY_SCF_KIT,ppgs:bmi,0.003505308172665274,0.005705470358880792,0.6143767213178353,0.5389713455429509
bmi,alt_log_adj,REACTOME_SIGNALING_BY_TGFBR3,ppgs,0.0031576948876181283,0.005889419168373578,0.5361640591953581,0.5918493775105189
bmi,alt_log_adj,REACTOME_SIGNALING_BY_TGFBR3,bmi,0.28836977912410783,0.0057614760898779165,50.051371319709546,0
bmi,alt_log_adj,REACTOME_SIGNALING_BY_TGFBR3,ppgs:bmi,0.008041589374831782,0.005940119909147873,1.353775596759859,0.1758187742623699
bmi,alt_log_adj,REACTOME_SIGNALING_BY_TGFB_FAMILY_MEMBERS,ppgs,0.01724089031592076,0.006052891224613077,2.848372732325594,0.004397504340668357
bmi,alt_log_adj,REACTOME_SIGNALING_BY_TGFB_FAMILY_MEMBERS,bmi,0.28836728810151085,0.0057608979473568024,50.05596188938196,0
bmi,alt_log_adj,REACTOME_SIGNALING_BY_TGFB_FAMILY_MEMBERS,ppgs:bmi,0.0031277995043479507,0.00612165612285377,0.5109400857508222,0.6093969899290698
bmi,alt_log_adj,REACTOME_SIGNALING_BY_TGF_BETA_RECEPTOR_COMPLEX,ppgs,0.011532282422356224,0.005795401682640176,1.9899021765653582,0.04661130242663314
bmi,alt_log_adj,REACTOME_SIGNALING_BY_TGF_BETA_RECEPTOR_COMPLEX,bmi,0.2883171192408422,0.005761469839111677,50.04228561323093,0
bmi,alt_log_adj,REACTOME_SIGNALING_BY_TGF_BETA_RECEPTOR_COMPLEX,ppgs:bmi,-3.7116693171619197e-4,0.005821843416174956,-0.06375419350595564,0.9491664018144066
bmi,alt_log_adj,REACTOME_SIGNALING_BY_TGF_BETA_RECEPTOR_COMPLEX_IN_CANCER,ppgs,0.003742028658371667,0.005706094246427327,0.6557951020024965,0.5119612905199913
bmi,alt_log_adj,REACTOME_SIGNALING_BY_TGF_BETA_RECEPTOR_COMPLEX_IN_CANCER,bmi,0.2883960552328195,0.005761918072373624,50.05209230856257,0
bmi,alt_log_adj,REACTOME_SIGNALING_BY_TGF_BETA_RECEPTOR_COMPLEX_IN_CANCER,ppgs:bmi,-0.0018821686403674611,0.00570362443423965,-0.32999519201659583,0.741406033455601
bmi,alt_log_adj,REACTOME_SIGNALING_BY_THE_B_CELL_RECEPTOR_BCR,ppgs,0.008769040842243359,0.006546950410131858,1.3394084715645107,0.18044847119595556
bmi,alt_log_adj,REACTOME_SIGNALING_BY_THE_B_CELL_RECEPTOR_BCR,bmi,0.2883668014112474,0.005761191398732799,50.05332776735642,0
bmi,alt_log_adj,REACTOME_SIGNALING_BY_THE_B_CELL_RECEPTOR_BCR,ppgs:bmi,0.01083000887627695,0.0065521964653015765,1.652882195097378,0.09836591511154091
bmi,alt_log_adj,REACTOME_SIGNALING_BY_TYPE_1_INSULIN_LIKE_GROWTH_FACTOR_1_RECEPTOR_IGF1R,ppgs,0.004355691776027486,0.005732929328637435,0.7597672195730203,0.4474000585851765
bmi,alt_log_adj,REACTOME_SIGNALING_BY_TYPE_1_INSULIN_LIKE_GROWTH_FACTOR_1_RECEPTOR_IGF1R,bmi,0.28842316911597826,0.005761627465820963,50.05932279151294,0
bmi,alt_log_adj,REACTOME_SIGNALING_BY_TYPE_1_INSULIN_LIKE_GROWTH_FACTOR_1_RECEPTOR_IGF1R,ppgs:bmi,-0.00257364515193996,0.005754805448962201,-0.4472167086732847,0.654722015294148
bmi,alt_log_adj,REACTOME_SIGNALING_BY_VEGF,ppgs,0.01774642714930496,0.0066929590027371266,2.651506925718124,0.008017803450593873
bmi,alt_log_adj,REACTOME_SIGNALING_BY_VEGF,bmi,0.28827152674480183,0.0057606707984015765,50.04131234591448,0
bmi,alt_log_adj,REACTOME_SIGNALING_BY_VEGF,ppgs:bmi,0.013974440300600487,0.006756807865731614,2.0682015203472655,0.03863012525247017
bmi,alt_log_adj,REACTOME_SIGNALING_BY_WNT,ppgs,0.013960933709920884,0.007188272721671548,1.942181974792191,0.052124965979136864
bmi,alt_log_adj,REACTOME_SIGNALING_BY_WNT,bmi,0.28823592835855466,0.005761762462595669,50.02565278067791,0
bmi,alt_log_adj,REACTOME_SIGNALING_BY_WNT,ppgs:bmi,0.009739549107603326,0.007173433350955458,1.3577249039758732,0.17456179861943164
bmi,alt_log_adj,REACTOME_SIGNALING_BY_WNT_IN_CANCER,ppgs,0.018753319628657592,0.005853045184726583,3.2040278242843647,0.0013566926663827828
bmi,alt_log_adj,REACTOME_SIGNALING_BY_WNT_IN_CANCER,bmi,0.28822708280668957,0.005760680089243688,50.03351658858226,0
bmi,alt_log_adj,REACTOME_SIGNALING_BY_WNT_IN_CANCER,ppgs:bmi,0.007113021384775558,0.0057992587989345624,1.2265397409204017,0.22000581713325784
bmi,alt_log_adj,REACTOME_SIGNALLING_TO_ERKS,ppgs,0.00846822155345031,0.00572671254214207,1.4787230005232255,0.13922547344025274
bmi,alt_log_adj,REACTOME_SIGNALLING_TO_ERKS,bmi,0.28832416350817514,0.005761394914003707,50.04415906421748,0
bmi,alt_log_adj,REACTOME_SIGNALLING_TO_ERKS,ppgs:bmi,0.007768106396064505,0.005783348415267582,1.3431849230382384,0.17922285528110998
bmi,alt_log_adj,REACTOME_SIGNALLING_TO_P38_VIA_RIT_AND_RIN,ppgs,-4.3854705505687054e-4,0.005816723076350634,-0.07539417801062165,0.9399016233131798
bmi,alt_log_adj,REACTOME_SIGNALLING_TO_P38_VIA_RIT_AND_RIN,bmi,0.2883773868765059,0.005763752651059834,50.03292201019058,0
bmi,alt_log_adj,REACTOME_SIGNALLING_TO_P38_VIA_RIT_AND_RIN,ppgs:bmi,0.0014916986877778536,0.005801929815075657,0.2571038835909121,0.7971004456191447
bmi,alt_log_adj,REACTOME_SIGNALLING_TO_RAS,ppgs,0.006808386083131131,0.005701960006222781,1.1940431142450776,0.23247109473332148
bmi,alt_log_adj,REACTOME_SIGNALLING_TO_RAS,bmi,0.28842450171577044,0.0057613898180284544,50.0616189540303,0
bmi,alt_log_adj,REACTOME_SIGNALLING_TO_RAS,ppgs:bmi,0.005917744492835158,0.005704564152275249,1.0373701364152215,0.2995722388855674
bmi,alt_log_adj,REACTOME_SIGNAL_AMPLIFICATION,ppgs,-0.00258653399779017,0.006223552032310515,-0.415604141230247,0.67770284160215
bmi,alt_log_adj,REACTOME_SIGNAL_AMPLIFICATION,bmi,0.28842691235061774,0.005761660423124646,50.05968612676395,0
bmi,alt_log_adj,REACTOME_SIGNAL_AMPLIFICATION,ppgs:bmi,-6.342800244436685e-4,0.006259321111353247,-0.10133367711287447,0.9192862999730576
bmi,alt_log_adj,REACTOME_SIGNAL_ATTENUATION,ppgs,0.0071235380898129605,0.006038891636475547,1.1796101865425161,0.238165188869965
bmi,alt_log_adj,REACTOME_SIGNAL_ATTENUATION,bmi,0.28849300781465015,0.0057617574588859025,50.07031446103831,0
bmi,alt_log_adj,REACTOME_SIGNAL_ATTENUATION,ppgs:bmi,0.0036114340984028295,0.00603207469657962,0.598705135473642,0.5493743158284978
bmi,alt_log_adj,REACTOME_SIGNAL_REGULATORY_PROTEIN_FAMILY_INTERACTIONS,ppgs,0.006693524961182464,0.005814234429504701,1.1512306636993768,0.24964706309825196
bmi,alt_log_adj,REACTOME_SIGNAL_REGULATORY_PROTEIN_FAMILY_INTERACTIONS,bmi,0.2884580937506821,0.0057614960980921625,50.0665259230499,0
bmi,alt_log_adj,REACTOME_SIGNAL_REGULATORY_PROTEIN_FAMILY_INTERACTIONS,ppgs:bmi,0.004265141887543325,0.0058124940973529856,0.7337885967894013,0.46308366006607915
bmi,alt_log_adj,REACTOME_SIGNAL_TRANSDUCTION_BY_L1,ppgs,0.005982080556246381,0.006207345920869623,0.9637098741563797,0.3351996230161809
bmi,alt_log_adj,REACTOME_SIGNAL_TRANSDUCTION_BY_L1,bmi,0.2883776723503734,0.0057614160737130375,50.053262715414995,0
bmi,alt_log_adj,REACTOME_SIGNAL_TRANSDUCTION_BY_L1,ppgs:bmi,0.008323133794706217,0.0061145002098174665,1.3612124473137739,0.1734573813732976
bmi,alt_log_adj,REACTOME_SIRT1_NEGATIVELY_REGULATES_RRNA_EXPRESSION,ppgs,-0.0012496284433540115,0.005689090265727348,-0.21965347445480318,0.8261426232274331
bmi,alt_log_adj,REACTOME_SIRT1_NEGATIVELY_REGULATES_RRNA_EXPRESSION,bmi,0.28848476535893247,0.005761351693038178,50.07241021365311,0
bmi,alt_log_adj,REACTOME_SIRT1_NEGATIVELY_REGULATES_RRNA_EXPRESSION,ppgs:bmi,-0.010865703365503524,0.005743335672879227,-1.89188025641837,0.05851711885259064
bmi,alt_log_adj,REACTOME_SLBP_DEPENDENT_PROCESSING_OF_REPLICATION_DEPENDENT_HISTONE_PRE_MRNAS,ppgs,0.0017296910082181412,0.005703924147221455,0.30324579422409104,0.761704777531144
bmi,alt_log_adj,REACTOME_SLBP_DEPENDENT_PROCESSING_OF_REPLICATION_DEPENDENT_HISTONE_PRE_MRNAS,bmi,0.28841103448252914,0.005762194938983471,50.0522869386659,0
bmi,alt_log_adj,REACTOME_SLBP_DEPENDENT_PROCESSING_OF_REPLICATION_DEPENDENT_HISTONE_PRE_MRNAS,ppgs:bmi,1.6167182518369738e-5,0.0056856090502527155,0.002843526942404022,0.9977312168203996
bmi,alt_log_adj,REACTOME_SLC15A4_TASL_DEPENDENT_IRF5_ACTIVATION,ppgs,0.03667792497219296,0.005795779416674162,6.328385249906585,2.514412921151609e-10
bmi,alt_log_adj,REACTOME_SLC15A4_TASL_DEPENDENT_IRF5_ACTIVATION,bmi,0.28823452603512567,0.005757891305298824,50.0590425821119,0
bmi,alt_log_adj,REACTOME_SLC15A4_TASL_DEPENDENT_IRF5_ACTIVATION,ppgs:bmi,0.009108460719160162,0.005845429032764794,1.5582193656112195,0.11919241897646835
bmi,alt_log_adj,REACTOME_SLC_MEDIATED_TRANSMEMBRANE_TRANSPORT,ppgs,0.003965610873201152,0.007132834798950862,0.5559656132488077,0.578238750207303
bmi,alt_log_adj,REACTOME_SLC_MEDIATED_TRANSMEMBRANE_TRANSPORT,bmi,0.28839398671499084,0.0057618713226699585,50.05213941177598,0
bmi,alt_log_adj,REACTOME_SLC_MEDIATED_TRANSMEMBRANE_TRANSPORT,ppgs:bmi,0.006587736548396433,0.007218382694150195,0.9126333179501773,0.3614431862614742
bmi,alt_log_adj,REACTOME_SLC_TRANSPORTER_DISORDERS,ppgs,0.006164996863382719,0.006127437824468901,1.0061296483113762,0.31436179619460103
bmi,alt_log_adj,REACTOME_SLC_TRANSPORTER_DISORDERS,bmi,0.28831681282354976,0.005762530436539981,50.03302212433345,0
bmi,alt_log_adj,REACTOME_SLC_TRANSPORTER_DISORDERS,ppgs:bmi,0.01061282918242029,0.006171443556762886,1.7196672196394596,0.08550386500983553
bmi,alt_log_adj,REACTOME_SMAC_XIAP_REGULATED_APOPTOTIC_RESPONSE,ppgs,5.6087580138822e-4,0.005929549152560389,0.0945899573403541,0.924641195488164
bmi,alt_log_adj,REACTOME_SMAC_XIAP_REGULATED_APOPTOTIC_RESPONSE,bmi,0.28849442750809645,0.005761583037438298,50.0720766555794,0
bmi,alt_log_adj,REACTOME_SMAC_XIAP_REGULATED_APOPTOTIC_RESPONSE,ppgs:bmi,-0.009433379581411144,0.005970258096880217,-1.5800622734116962,0.11410376293191848
bmi,alt_log_adj,REACTOME_SMAD2_SMAD3_SMAD4_HETEROTRIMER_REGULATES_TRANSCRIPTION,ppgs,0.013524841611123469,0.005720151565797915,2.364420147884117,0.018065019741332438
bmi,alt_log_adj,REACTOME_SMAD2_SMAD3_SMAD4_HETEROTRIMER_REGULATES_TRANSCRIPTION,bmi,0.28838264340224395,0.005761233596542769,50.05571091151348,0
bmi,alt_log_adj,REACTOME_SMAD2_SMAD3_SMAD4_HETEROTRIMER_REGULATES_TRANSCRIPTION,ppgs:bmi,-0.0021755417652535723,0.005758273798603887,-0.37781144859437554,0.7055734969427058
bmi,alt_log_adj,REACTOME_SMALL_INTERFERING_RNA_SIRNA_BIOGENESIS,ppgs,0.004823046662869726,0.005996515925698219,0.8043081553740964,0.421225773725167
bmi,alt_log_adj,REACTOME_SMALL_INTERFERING_RNA_SIRNA_BIOGENESIS,bmi,0.28839856086624976,0.005761772462546187,50.05379208237658,0
bmi,alt_log_adj,REACTOME_SMALL_INTERFERING_RNA_SIRNA_BIOGENESIS,ppgs:bmi,-0.002125956880465204,0.0059894193107871505,-0.3549520863627434,0.7226281270706901
bmi,alt_log_adj,REACTOME_SMOOTH_MUSCLE_CONTRACTION,ppgs,0.006037405481715352,0.0061116834840766465,0.987846556099507,0.3232362341012207
bmi,alt_log_adj,REACTOME_SMOOTH_MUSCLE_CONTRACTION,bmi,0.2884655702518682,0.005761855140353241,50.06470368052038,0
bmi,alt_log_adj,REACTOME_SMOOTH_MUSCLE_CONTRACTION,ppgs:bmi,0.0034344035275100816,0.006071267502812905,0.5656814702891733,0.5716148110497188
bmi,alt_log_adj,REACTOME_SNRNP_ASSEMBLY,ppgs,-4.488509635031306e-4,0.006041787188606742,-0.0742910912766918,0.9407792897598816
bmi,alt_log_adj,REACTOME_SNRNP_ASSEMBLY,bmi,0.2884259740167516,0.0057645239445414985,50.03465625116638,0
bmi,alt_log_adj,REACTOME_SNRNP_ASSEMBLY,ppgs:bmi,-4.523993731235985e-4,0.0060459033923902636,-0.07482742342410159,0.9403525502310273
bmi,alt_log_adj,REACTOME_SODIUM_CALCIUM_EXCHANGERS,ppgs,0.0028996246978238243,0.005978451215317979,0.4850126886365502,0.6276710926468164
bmi,alt_log_adj,REACTOME_SODIUM_CALCIUM_EXCHANGERS,bmi,0.28840838017327763,0.005761569214202052,50.057262084496315,0
bmi,alt_log_adj,REACTOME_SODIUM_CALCIUM_EXCHANGERS,ppgs:bmi,-0.0036592469719089506,0.005953603548564005,-0.6146272492046523,0.53880584767405
bmi,alt_log_adj,REACTOME_SODIUM_COUPLED_PHOSPHATE_COTRANSPORTERS,ppgs,0.004912048202263515,0.005787916060230395,0.8486730199864,0.3960704291816316
bmi,alt_log_adj,REACTOME_SODIUM_COUPLED_PHOSPHATE_COTRANSPORTERS,bmi,0.2884859172963849,0.005762201908179178,50.06522192269808,0
bmi,alt_log_adj,REACTOME_SODIUM_COUPLED_PHOSPHATE_COTRANSPORTERS,ppgs:bmi,7.072375811665957e-4,0.005702108593645171,0.12403088604008539,0.9012916997257636
bmi,alt_log_adj,REACTOME_SODIUM_COUPLED_SULPHATE_DI_AND_TRI_CARBOXYLATE_TRANSPORTERS,ppgs,0.0029341120770784734,0.005763344446445961,0.5090988581964472,0.6106868945779309
bmi,alt_log_adj,REACTOME_SODIUM_COUPLED_SULPHATE_DI_AND_TRI_CARBOXYLATE_TRANSPORTERS,bmi,0.28843750916674304,0.00576188673865635,50.05955900375882,0
bmi,alt_log_adj,REACTOME_SODIUM_COUPLED_SULPHATE_DI_AND_TRI_CARBOXYLATE_TRANSPORTERS,ppgs:bmi,-5.092245475206118e-4,0.005801150573697734,-0.08777992245700753,0.9300522157427602
bmi,alt_log_adj,REACTOME_SODIUM_PROTON_EXCHANGERS,ppgs,0.004524383147223877,0.005722364153953509,0.7906492885633707,0.4291552904146678
bmi,alt_log_adj,REACTOME_SODIUM_PROTON_EXCHANGERS,bmi,0.288405205889776,0.005761542625509854,50.05694214824181,0
bmi,alt_log_adj,REACTOME_SODIUM_PROTON_EXCHANGERS,ppgs:bmi,0.003955240969193621,0.005731036292345478,0.6901441148569142,0.49010921322264633
bmi,alt_log_adj,REACTOME_SOMITOGENESIS,ppgs,-0.0076519635937135335,0.006047460355817047,-1.2653185210801947,0.2057675700305726
bmi,alt_log_adj,REACTOME_SOMITOGENESIS,bmi,0.28848191616618357,0.005761557438549695,50.07012760751032,0
bmi,alt_log_adj,REACTOME_SOMITOGENESIS,ppgs:bmi,-0.004812555197176222,0.0060149634333392385,-0.8000971660944091,0.4236612075814802
bmi,alt_log_adj,REACTOME_SOS_MEDIATED_SIGNALLING,ppgs,0.004426876418919942,0.005689244950124016,0.7781131692744998,0.4365087938717064
bmi,alt_log_adj,REACTOME_SOS_MEDIATED_SIGNALLING,bmi,0.28841526034345305,0.005761585968545424,50.05831066619781,0
bmi,alt_log_adj,REACTOME_SOS_MEDIATED_SIGNALLING,ppgs:bmi,0.0027257985400299537,0.005628908535995759,0.4842499256470433,0.628212249817304
bmi,alt_log_adj,REACTOME_SPECIFICATION_OF_PRIMORDIAL_GERM_CELLS,ppgs,0.0027328049912970997,0.005720954554514334,0.47768339448539704,0.632879248042522
bmi,alt_log_adj,REACTOME_SPECIFICATION_OF_PRIMORDIAL_GERM_CELLS,bmi,0.28858315281884517,0.005762379749973738,50.08055097725213,0
bmi,alt_log_adj,REACTOME_SPECIFICATION_OF_PRIMORDIAL_GERM_CELLS,ppgs:bmi,-0.009053920754326985,0.0056880341713204914,-1.5917486572034947,0.11145234070177254
bmi,alt_log_adj,REACTOME_SPECIFICATION_OF_THE_NEURAL_PLATE_BORDER,ppgs,-0.004415707916140118,0.005708543221595916,-0.7735262298505704,0.43921746177271426
bmi,alt_log_adj,REACTOME_SPECIFICATION_OF_THE_NEURAL_PLATE_BORDER,bmi,0.2884250882133489,0.005761640982574485,50.059538434564416,0
bmi,alt_log_adj,REACTOME_SPECIFICATION_OF_THE_NEURAL_PLATE_BORDER,ppgs:bmi,0.0026009313722385164,0.005701954391663585,0.4561473476605057,0.6482875189357349
bmi,alt_log_adj,REACTOME_SPERM_MOTILITY_AND_TAXES,ppgs,-0.0012071937414454793,0.005683265237469215,-0.21241200102479263,0.8317871511559879
bmi,alt_log_adj,REACTOME_SPERM_MOTILITY_AND_TAXES,bmi,0.28843276436815296,0.005761322436019814,50.063638612702874,0
bmi,alt_log_adj,REACTOME_SPERM_MOTILITY_AND_TAXES,ppgs:bmi,0.009595697673147743,0.005747940716651124,1.6694148645879574,0.09504623138159496
bmi,alt_log_adj,REACTOME_SPHINGOLIPID_CATABOLISM,ppgs,-0.005306859275220404,0.005734034956506806,-0.9255017305393899,0.35471286239011046
bmi,alt_log_adj,REACTOME_SPHINGOLIPID_CATABOLISM,bmi,0.2884449834214726,0.0057619686170960645,50.060144820234036,0
bmi,alt_log_adj,REACTOME_SPHINGOLIPID_CATABOLISM,ppgs:bmi,-4.355572836493749e-5,0.005721742358127898,-0.007612319052266541,0.9939263603809868
bmi,alt_log_adj,REACTOME_SPHINGOLIPID_DE_NOVO_BIOSYNTHESIS,ppgs,0.012638265024627698,0.005749257829209166,2.1982428689175944,0.02793985653453423
bmi,alt_log_adj,REACTOME_SPHINGOLIPID_DE_NOVO_BIOSYNTHESIS,bmi,0.28856895875641925,0.00576230901756458,50.078702457089314,0
bmi,alt_log_adj,REACTOME_SPHINGOLIPID_DE_NOVO_BIOSYNTHESIS,ppgs:bmi,0.005732250216597663,0.005782393223861895,0.9913283297550035,0.3215337452945888
bmi,alt_log_adj,REACTOME_SPHINGOLIPID_METABOLISM,ppgs,0.003662969116179298,0.005973373135213952,0.6132161901264015,0.5397383207364328
bmi,alt_log_adj,REACTOME_SPHINGOLIPID_METABOLISM,bmi,0.2883867700956253,0.0057617058504290065,50.05232436052815,0
bmi,alt_log_adj,REACTOME_SPHINGOLIPID_METABOLISM,ppgs:bmi,-0.0016001893566936053,0.005982344407102126,-0.26748532812552395,0.7890974551695691
bmi,alt_log_adj,REACTOME_SPRY_REGULATION_OF_FGF_SIGNALING,ppgs,0.014398786342085227,0.005798952103868767,2.4829979769067387,0.013033921667861138
bmi,alt_log_adj,REACTOME_SPRY_REGULATION_OF_FGF_SIGNALING,bmi,0.2883573647072541,0.005760707323433485,50.05589565959548,0
bmi,alt_log_adj,REACTOME_SPRY_REGULATION_OF_FGF_SIGNALING,ppgs:bmi,0.010547253430404137,0.00578025783754232,1.824702933128788,0.06805638986106943
bmi,alt_log_adj,REACTOME_SRP_DEPENDENT_COTRANSLATIONAL_PROTEIN_TARGETING_TO_MEMBRANE,ppgs,0.03000163594201413,0.005752242041215861,5.215642131719588,1.8446731480008885e-7
bmi,alt_log_adj,REACTOME_SRP_DEPENDENT_COTRANSLATIONAL_PROTEIN_TARGETING_TO_MEMBRANE,bmi,0.2884354725233597,0.00575877886923715,50.08622124113059,0
bmi,alt_log_adj,REACTOME_SRP_DEPENDENT_COTRANSLATIONAL_PROTEIN_TARGETING_TO_MEMBRANE,ppgs:bmi,-0.004853496885227984,0.005731937088894719,-0.8467463633945566,0.39714365829672993
bmi,alt_log_adj,REACTOME_STABILIZATION_OF_P53,ppgs,0.002771446493530707,0.006008136370154258,0.461282221771466,0.6445996773883214
bmi,alt_log_adj,REACTOME_STABILIZATION_OF_P53,bmi,0.28851099824125287,0.005761629969064541,50.074544840666945,0
bmi,alt_log_adj,REACTOME_STABILIZATION_OF_P53,ppgs:bmi,-0.010325043655066127,0.006002671320015037,-1.7200747974720465,0.08542976033635159
bmi,alt_log_adj,REACTOME_STAT3_NUCLEAR_EVENTS_DOWNSTREAM_OF_ALK_SIGNALING,ppgs,0.0035127074163966796,0.005693351966772482,0.6169840608656427,0.5372501942332826
bmi,alt_log_adj,REACTOME_STAT3_NUCLEAR_EVENTS_DOWNSTREAM_OF_ALK_SIGNALING,bmi,0.28841400032123377,0.005761634690152321,50.05766867069611,0
bmi,alt_log_adj,REACTOME_STAT3_NUCLEAR_EVENTS_DOWNSTREAM_OF_ALK_SIGNALING,ppgs:bmi,9.074531514233658e-4,0.005802642852845377,0.15638618030375387,0.8757297432901883
bmi,alt_log_adj,REACTOME_STAT5_ACTIVATION,ppgs,0.002003178429481321,0.0057115082042595525,0.3507267008716511,0.7257959982062756
bmi,alt_log_adj,REACTOME_STAT5_ACTIVATION,bmi,0.2886153082376022,0.0057627967676985034,50.082506788256374,0
bmi,alt_log_adj,REACTOME_STAT5_ACTIVATION,ppgs:bmi,0.008951959391405284,0.0057993139853252185,1.5436238517275709,0.12269064571883546
bmi,alt_log_adj,REACTOME_STAT5_ACTIVATION_DOWNSTREAM_OF_FLT3_ITD_MUTANTS,ppgs,-0.0022213955983713895,0.005701086462232668,-0.38964425694772625,0.6968025484077943
bmi,alt_log_adj,REACTOME_STAT5_ACTIVATION_DOWNSTREAM_OF_FLT3_ITD_MUTANTS,bmi,0.28847305993993017,0.005762460683492249,50.0607424127544,0
bmi,alt_log_adj,REACTOME_STAT5_ACTIVATION_DOWNSTREAM_OF_FLT3_ITD_MUTANTS,ppgs:bmi,0.004503618013088881,0.005790598306350059,0.777746577266488,0.43672491833767346
bmi,alt_log_adj,REACTOME_STIMULI_SENSING_CHANNELS,ppgs,0.00860387657905678,0.005937871282627921,1.448983342604383,0.14735329573123523
bmi,alt_log_adj,REACTOME_STIMULI_SENSING_CHANNELS,bmi,0.2886435809840509,0.005761001912930299,50.10301772964246,0
bmi,alt_log_adj,REACTOME_STIMULI_SENSING_CHANNELS,ppgs:bmi,-0.018068845178190605,0.005879094972490434,-3.073405900523578,0.002118312816134831
bmi,alt_log_adj,REACTOME_STING_MEDIATED_INDUCTION_OF_HOST_IMMUNE_RESPONSES,ppgs,4.6920943757282764e-4,0.005757660502459572,0.08149307125218473,0.9350504102120972
bmi,alt_log_adj,REACTOME_STING_MEDIATED_INDUCTION_OF_HOST_IMMUNE_RESPONSES,bmi,0.28838262100975276,0.005761728562894353,50.05140694529461,0
bmi,alt_log_adj,REACTOME_STING_MEDIATED_INDUCTION_OF_HOST_IMMUNE_RESPONSES,ppgs:bmi,0.0046831218347670326,0.005729431071731258,0.8173799066845108,0.4137182243481833
bmi,alt_log_adj,REACTOME_STRAND_ASYNCHRONOUS_MITOCHONDRIAL_DNA_REPLICATION,ppgs,0.0038739131105661705,0.005710629588368818,0.6783688296744727,0.49754340471342773
bmi,alt_log_adj,REACTOME_STRAND_ASYNCHRONOUS_MITOCHONDRIAL_DNA_REPLICATION,bmi,0.288410978728809,0.005761721309410919,50.056391699774224,0
bmi,alt_log_adj,REACTOME_STRAND_ASYNCHRONOUS_MITOCHONDRIAL_DNA_REPLICATION,ppgs:bmi,2.0025018286732414e-4,0.005706269827436327,0.03509300978101331,0.9720058224507211
bmi,alt_log_adj,REACTOME_STRIATED_MUSCLE_CONTRACTION,ppgs,-0.0027771562499296736,0.005975155681304821,-0.46478391493947047,0.6420897775345273
bmi,alt_log_adj,REACTOME_STRIATED_MUSCLE_CONTRACTION,bmi,0.2883318708550224,0.005762773786808735,50.03352231438059,0
bmi,alt_log_adj,REACTOME_STRIATED_MUSCLE_CONTRACTION,ppgs:bmi,0.004775538029427151,0.005896823869747148,0.8098491891418699,0.4180336554649443
bmi,alt_log_adj,REACTOME_SULFIDE_OXIDATION_TO_SULFATE,ppgs,0.0019439981866643352,0.005719817383704706,0.33987067352930317,0.7339564405404057
bmi,alt_log_adj,REACTOME_SULFIDE_OXIDATION_TO_SULFATE,bmi,0.28840256782213525,0.0057618307991879145,50.05398073521759,0
bmi,alt_log_adj,REACTOME_SULFIDE_OXIDATION_TO_SULFATE,ppgs:bmi,-0.0035203157138948035,0.0057131681105398345,-0.6161757619910418,0.5377834711706733
bmi,alt_log_adj,REACTOME_SULFUR_AMINO_ACID_METABOLISM,ppgs,0.004554783008193184,0.0057314189601521785,0.79470425035413,0.42679221241252985
bmi,alt_log_adj,REACTOME_SULFUR_AMINO_ACID_METABOLISM,bmi,0.28855040812855454,0.005762575410378195,50.07316825891518,0
bmi,alt_log_adj,REACTOME_SULFUR_AMINO_ACID_METABOLISM,ppgs:bmi,0.005803483745743265,0.005792859910187018,1.0018339534739247,0.31643234689055827
bmi,alt_log_adj,REACTOME_SUMOYLATION,ppgs,0.007331675947955142,0.006527892871443259,1.1231305556541973,0.26139156216686144
bmi,alt_log_adj,REACTOME_SUMOYLATION,bmi,0.2884305003732226,0.005761370975992247,50.06282386173682,0
bmi,alt_log_adj,REACTOME_SUMOYLATION,ppgs:bmi,0.0072365248734770635,0.0065644834911566165,1.1023753633055504,0.2703078764252653
bmi,alt_log_adj,REACTOME_SUMOYLATION_OF_CHROMATIN_ORGANIZATION_PROTEINS,ppgs,-0.004346119408175914,0.005842466474992149,-0.7438843554822031,0.4569526063215038
bmi,alt_log_adj,REACTOME_SUMOYLATION_OF_CHROMATIN_ORGANIZATION_PROTEINS,bmi,0.2883731896997185,0.005762883892655611,50.03973619305948,0
bmi,alt_log_adj,REACTOME_SUMOYLATION_OF_CHROMATIN_ORGANIZATION_PROTEINS,ppgs:bmi,2.0540977238411311e-4,0.0059044688104079,0.03478886568458692,0.9722483440944685
bmi,alt_log_adj,REACTOME_SUMOYLATION_OF_DNA_DAMAGE_RESPONSE_AND_REPAIR_PROTEINS,ppgs,0.009403401248700708,0.005956042187346376,1.5788003094871041,0.11439302516628759
bmi,alt_log_adj,REACTOME_SUMOYLATION_OF_DNA_DAMAGE_RESPONSE_AND_REPAIR_PROTEINS,bmi,0.2884445776208002,0.005761967625148432,50.06008301085685,0
bmi,alt_log_adj,REACTOME_SUMOYLATION_OF_DNA_DAMAGE_RESPONSE_AND_REPAIR_PROTEINS,ppgs:bmi,0.003436556248917755,0.005873148193201909,0.5851301782058765,0.5584648457622761
bmi,alt_log_adj,REACTOME_SUMOYLATION_OF_DNA_METHYLATION_PROTEINS,ppgs,-8.956939231471396e-4,0.00571155034410935,-0.15682150540280543,0.8753866404877826
bmi,alt_log_adj,REACTOME_SUMOYLATION_OF_DNA_METHYLATION_PROTEINS,bmi,0.2882456441938427,0.005762270371622107,50.022929436526965,0
bmi,alt_log_adj,REACTOME_SUMOYLATION_OF_DNA_METHYLATION_PROTEINS,ppgs:bmi,-0.009223125984474136,0.005662688967016749,-1.6287537666638112,0.10337626743059165
bmi,alt_log_adj,REACTOME_SUMOYLATION_OF_DNA_REPLICATION_PROTEINS,ppgs,-2.928316132829959e-4,0.005884608493567885,-0.04976229321000245,0.9603121656791287
bmi,alt_log_adj,REACTOME_SUMOYLATION_OF_DNA_REPLICATION_PROTEINS,bmi,0.2882762933693111,0.005763541128280398,50.01721805277042,0
bmi,alt_log_adj,REACTOME_SUMOYLATION_OF_DNA_REPLICATION_PROTEINS,ppgs:bmi,0.005617048312127357,0.005863210059766967,0.9580158743878616,0.33806292407186245
bmi,alt_log_adj,REACTOME_SUMOYLATION_OF_IMMUNE_RESPONSE_PROTEINS,ppgs,-0.002750009810284624,0.005782429723348381,-0.4755803255473376,0.63437705924814
bmi,alt_log_adj,REACTOME_SUMOYLATION_OF_IMMUNE_RESPONSE_PROTEINS,bmi,0.2884915613243703,0.0057619185672994865,50.06866340694943,0
bmi,alt_log_adj,REACTOME_SUMOYLATION_OF_IMMUNE_RESPONSE_PROTEINS,ppgs:bmi,-0.005734896299885276,0.005703200481990105,-1.0055575493085438,0.3146370359062082
bmi,alt_log_adj,REACTOME_SUMOYLATION_OF_INTRACELLULAR_RECEPTORS,ppgs,0.007056371415029843,0.006351174429100925,1.1110341077545787,0.2665630914416105
bmi,alt_log_adj,REACTOME_SUMOYLATION_OF_INTRACELLULAR_RECEPTORS,bmi,0.28840420491667157,0.005761359731359596,50.05835746496816,0
bmi,alt_log_adj,REACTOME_SUMOYLATION_OF_INTRACELLULAR_RECEPTORS,ppgs:bmi,0.006861608523027045,0.006342760210347032,1.0818016597621978,0.27934987119584503
bmi,alt_log_adj,REACTOME_SUMOYLATION_OF_RNA_BINDING_PROTEINS,ppgs,0.0019852819866146994,0.005873732377668137,0.33799326543420993,0.7353707657044025
bmi,alt_log_adj,REACTOME_SUMOYLATION_OF_RNA_BINDING_PROTEINS,bmi,0.28841157855676025,0.005763575371289738,50.04039332832066,0
bmi,alt_log_adj,REACTOME_SUMOYLATION_OF_RNA_BINDING_PROTEINS,ppgs:bmi,0.0011613278361292327,0.00587431350024169,0.19769592414185105,0.8432843963230316
bmi,alt_log_adj,REACTOME_SUMOYLATION_OF_SUMOYLATION_PROTEINS,ppgs,0.0014346811522022904,0.005989738508065495,0.23952316954578529,0.8107016642561463
bmi,alt_log_adj,REACTOME_SUMOYLATION_OF_SUMOYLATION_PROTEINS,bmi,0.2883274768537303,0.005762852673628282,50.03207494322422,0
bmi,alt_log_adj,REACTOME_SUMOYLATION_OF_SUMOYLATION_PROTEINS,ppgs:bmi,0.005832608940553813,0.0059526987705301754,0.9798259857241749,0.3271803844910829
bmi,alt_log_adj,REACTOME_SUMOYLATION_OF_TRANSCRIPTION_COFACTORS,ppgs,0.005623116213648517,0.005785999938527229,0.9718486473195207,0.3311341423827677
bmi,alt_log_adj,REACTOME_SUMOYLATION_OF_TRANSCRIPTION_COFACTORS,bmi,0.2884448062086229,0.005761402470996555,50.0650332381189,0
bmi,alt_log_adj,REACTOME_SUMOYLATION_OF_TRANSCRIPTION_COFACTORS,ppgs:bmi,-0.006877245255920685,0.005707009193340361,-1.205052422895323,0.228193124482399
bmi,alt_log_adj,REACTOME_SUMOYLATION_OF_TRANSCRIPTION_FACTORS,ppgs,-0.005486311708931847,0.005751543317391264,-0.953885141113791,0.3401499191433571
bmi,alt_log_adj,REACTOME_SUMOYLATION_OF_TRANSCRIPTION_FACTORS,bmi,0.2885023508027894,0.005762419972891376,50.06617916778274,0
bmi,alt_log_adj,REACTOME_SUMOYLATION_OF_TRANSCRIPTION_FACTORS,ppgs:bmi,-0.003955236644401464,0.005737549775377133,-0.6893598834428384,0.4906024644619381
bmi,alt_log_adj,REACTOME_SUMOYLATION_OF_UBIQUITINYLATION_PROTEINS,ppgs,0.004759177639461923,0.005907877563650813,0.8055647037683288,0.4205006410610883
bmi,alt_log_adj,REACTOME_SUMOYLATION_OF_UBIQUITINYLATION_PROTEINS,bmi,0.2883754280152375,0.005762843672981525,50.040473831913026,0
bmi,alt_log_adj,REACTOME_SUMOYLATION_OF_UBIQUITINYLATION_PROTEINS,ppgs:bmi,0.0033680335593600378,0.005887565319685295,0.57205880130092,0.5672866750886136
bmi,alt_log_adj,REACTOME_SUMO_IS_CONJUGATED_TO_E1_UBA2_SAE1,ppgs,-0.0023767055209881253,0.005740165540198792,-0.4140482542435206,0.6788419004805601
bmi,alt_log_adj,REACTOME_SUMO_IS_CONJUGATED_TO_E1_UBA2_SAE1,bmi,0.2884280642892425,0.005761911323551791,50.057706218124856,0
bmi,alt_log_adj,REACTOME_SUMO_IS_CONJUGATED_TO_E1_UBA2_SAE1,ppgs:bmi,-0.002163264478176327,0.005761607820454977,-0.37546194492729296,0.7073197524862475
bmi,alt_log_adj,REACTOME_SUMO_IS_PROTEOLYTICALLY_PROCESSED,ppgs,-9.313740805115661e-4,0.005773646805773585,-0.16131469621248773,0.8718466985159861
bmi,alt_log_adj,REACTOME_SUMO_IS_PROTEOLYTICALLY_PROCESSED,bmi,0.28842530254175563,0.00576205713788514,50.05596016141155,0
bmi,alt_log_adj,REACTOME_SUMO_IS_PROTEOLYTICALLY_PROCESSED,ppgs:bmi,-5.851755105822472e-4,0.005727286221276712,-0.10217326111768889,0.9186198738634179
bmi,alt_log_adj,REACTOME_SUMO_IS_TRANSFERRED_FROM_E1_TO_E2_UBE2I_UBC9,ppgs,-0.00302060841806876,0.0057448187549666045,-0.5257969914990502,0.599033377978849
bmi,alt_log_adj,REACTOME_SUMO_IS_TRANSFERRED_FROM_E1_TO_E2_UBE2I_UBC9,bmi,0.2884134802205802,0.005762490503693873,50.050144123569716,0
bmi,alt_log_adj,REACTOME_SUMO_IS_TRANSFERRED_FROM_E1_TO_E2_UBE2I_UBC9,ppgs:bmi,-6.448849984099635e-4,0.005766502173107902,-0.11183295853375143,0.9109566460874381
bmi,alt_log_adj,REACTOME_SUPPRESSION_OF_APOPTOSIS,ppgs,0.0055624784942591874,0.005687010637994269,0.9781023543541318,0.32803205029626215
bmi,alt_log_adj,REACTOME_SUPPRESSION_OF_APOPTOSIS,bmi,0.2884934160575813,0.005761709855486279,50.07079899777995,0
bmi,alt_log_adj,REACTOME_SUPPRESSION_OF_APOPTOSIS,ppgs:bmi,0.006069994932515767,0.0056647738642646335,1.0715334941801313,0.28393874110262446
bmi,alt_log_adj,REACTOME_SUPPRESSION_OF_PHAGOSOMAL_MATURATION,ppgs,-0.006863377241818074,0.00570164025242162,-1.2037548736792079,0.22869438767786143
bmi,alt_log_adj,REACTOME_SUPPRESSION_OF_PHAGOSOMAL_MATURATION,bmi,0.2885092881216821,0.005761349200821211,50.07668830081651,0
bmi,alt_log_adj,REACTOME_SUPPRESSION_OF_PHAGOSOMAL_MATURATION,ppgs:bmi,-0.010721679190857435,0.005879759407858335,-1.823489440150875,0.06823981996775702
bmi,alt_log_adj,REACTOME_SURFACTANT_METABOLISM,ppgs,-0.001367658503915255,0.006727326202069145,-0.20329897240520312,0.8389028178252969
bmi,alt_log_adj,REACTOME_SURFACTANT_METABOLISM,bmi,0.2883612565623267,0.00576175088131769,50.047505090393564,0
bmi,alt_log_adj,REACTOME_SURFACTANT_METABOLISM,ppgs:bmi,0.007394551516260444,0.006648011849929023,1.1122951768413878,0.26602068940100543
bmi,alt_log_adj,REACTOME_SWITCHING_OF_ORIGINS_TO_A_POST_REPLICATIVE_STATE,ppgs,-0.006473214711203161,0.006164646988933678,-1.0500544025997598,0.2937020525866601
bmi,alt_log_adj,REACTOME_SWITCHING_OF_ORIGINS_TO_A_POST_REPLICATIVE_STATE,bmi,0.2883252540741013,0.005762735294464925,50.03270831319219,0
bmi,alt_log_adj,REACTOME_SWITCHING_OF_ORIGINS_TO_A_POST_REPLICATIVE_STATE,ppgs:bmi,-0.0017382286007111396,0.00620265352894099,-0.2802395124281456,0.7792957989713868
bmi,alt_log_adj,REACTOME_SYNAPTIC_ADHESION_LIKE_MOLECULES,ppgs,0.01069429180896676,0.005859908367799118,1.8249930097428049,0.06801260233830222
bmi,alt_log_adj,REACTOME_SYNAPTIC_ADHESION_LIKE_MOLECULES,bmi,0.2882849085669146,0.005761302630404249,50.038147110263274,0
bmi,alt_log_adj,REACTOME_SYNAPTIC_ADHESION_LIKE_MOLECULES,ppgs:bmi,0.008665571661147477,0.005844910219847638,1.4825842203224409,0.13819602838708372
bmi,alt_log_adj,REACTOME_SYNDECAN_INTERACTIONS,ppgs,0.010719022529135336,0.005699462816208414,1.8807075113556404,0.06002195955338726
bmi,alt_log_adj,REACTOME_SYNDECAN_INTERACTIONS,bmi,0.28837898884374186,0.0057611071548860065,50.05617515709061,0
bmi,alt_log_adj,REACTOME_SYNDECAN_INTERACTIONS,ppgs:bmi,0.00818111871460196,0.0058385679754078545,1.401220084969631,0.16115921714412454
bmi,alt_log_adj,REACTOME_SYNTHESIS_OF_12_EICOSATETRAENOIC_ACID_DERIVATIVES,ppgs,0.008155795005479714,0.005820562118902092,1.4012040141267503,0.16116402142908245
bmi,alt_log_adj,REACTOME_SYNTHESIS_OF_12_EICOSATETRAENOIC_ACID_DERIVATIVES,bmi,0.28842754411734656,0.005761408061914339,50.06198849617865,0
bmi,alt_log_adj,REACTOME_SYNTHESIS_OF_12_EICOSATETRAENOIC_ACID_DERIVATIVES,ppgs:bmi,-4.864282986892461e-4,0.005801120426397123,-0.08385075001646708,0.9331756894595261
bmi,alt_log_adj,REACTOME_SYNTHESIS_OF_16_20_HYDROXYEICOSATETRAENOIC_ACIDS_HETE,ppgs,0.0028906039538875153,0.005814420912241168,0.49714391123661056,0.6190914265559668
bmi,alt_log_adj,REACTOME_SYNTHESIS_OF_16_20_HYDROXYEICOSATETRAENOIC_ACIDS_HETE,bmi,0.2884463717574724,0.005761548675464533,50.06403451659045,0
bmi,alt_log_adj,REACTOME_SYNTHESIS_OF_16_20_HYDROXYEICOSATETRAENOIC_ACIDS_HETE,ppgs:bmi,-0.006339281401774035,0.005740247658902678,-1.1043567766527116,0.269447776305746
bmi,alt_log_adj,REACTOME_SYNTHESIS_OF_5_EICOSATETRAENOIC_ACIDS,ppgs,0.016852919390981377,0.005728953361104902,2.9417099998403677,0.0032666945502678652
bmi,alt_log_adj,REACTOME_SYNTHESIS_OF_5_EICOSATETRAENOIC_ACIDS,bmi,0.2886042142418473,0.0057609884970274364,50.096301075893784,0
bmi,alt_log_adj,REACTOME_SYNTHESIS_OF_5_EICOSATETRAENOIC_ACIDS,ppgs:bmi,-0.006212477228447254,0.0056415082180888525,-1.1012085754883163,0.27081524030119597
bmi,alt_log_adj,REACTOME_SYNTHESIS_OF_ACTIVE_UBIQUITIN_ROLES_OF_E1_AND_E2_ENZYMES,ppgs,0.014773077929259205,0.005802971818580933,2.5457779894702015,0.010908697169820559
bmi,alt_log_adj,REACTOME_SYNTHESIS_OF_ACTIVE_UBIQUITIN_ROLES_OF_E1_AND_E2_ENZYMES,bmi,0.2885957916075882,0.005761558492994196,50.08988313813148,0
bmi,alt_log_adj,REACTOME_SYNTHESIS_OF_ACTIVE_UBIQUITIN_ROLES_OF_E1_AND_E2_ENZYMES,ppgs:bmi,-0.0015786115059665403,0.005761753667857135,-0.2739810823175377,0.7841011559528834
bmi,alt_log_adj,REACTOME_SYNTHESIS_OF_BILE_ACIDS_AND_BILE_SALTS,ppgs,0.003475051791788993,0.005716939462741884,0.6078517735645803,0.5432906569552121
bmi,alt_log_adj,REACTOME_SYNTHESIS_OF_BILE_ACIDS_AND_BILE_SALTS,bmi,0.28838363048567234,0.005761757687036749,50.05132915160599,0
bmi,alt_log_adj,REACTOME_SYNTHESIS_OF_BILE_ACIDS_AND_BILE_SALTS,ppgs:bmi,-0.004904222727747968,0.0056661910513867726,-0.8655237148326801,0.38675873006709005
bmi,alt_log_adj,REACTOME_SYNTHESIS_OF_BILE_ACIDS_AND_BILE_SALTS_VIA_24_HYDROXYCHOLESTEROL,ppgs,0.0025501161796566757,0.005733617619340726,0.44476565215206976,0.6564925145401634
bmi,alt_log_adj,REACTOME_SYNTHESIS_OF_BILE_ACIDS_AND_BILE_SALTS_VIA_24_HYDROXYCHOLESTEROL,bmi,0.2884806510932531,0.0057619848788360885,50.06619370919379,0
bmi,alt_log_adj,REACTOME_SYNTHESIS_OF_BILE_ACIDS_AND_BILE_SALTS_VIA_24_HYDROXYCHOLESTEROL,ppgs:bmi,0.0043883321320092265,0.005645092680734595,0.7773711398903327,0.43694632147253076
bmi,alt_log_adj,REACTOME_SYNTHESIS_OF_BILE_ACIDS_AND_BILE_SALTS_VIA_27_HYDROXYCHOLESTEROL,ppgs,-5.575355158086165e-4,0.0056959343456136555,-0.09788306570597417,0.9220258390439773
bmi,alt_log_adj,REACTOME_SYNTHESIS_OF_BILE_ACIDS_AND_BILE_SALTS_VIA_27_HYDROXYCHOLESTEROL,bmi,0.2884884283774204,0.00576156890520811,50.07115824244405,0
bmi,alt_log_adj,REACTOME_SYNTHESIS_OF_BILE_ACIDS_AND_BILE_SALTS_VIA_27_HYDROXYCHOLESTEROL,ppgs:bmi,-0.008864559607787302,0.0057045176240361406,-1.5539542853608233,0.1202064847779302
bmi,alt_log_adj,REACTOME_SYNTHESIS_OF_BILE_ACIDS_AND_BILE_SALTS_VIA_7ALPHA_HYDROXYCHOLESTEROL,ppgs,0.001868454418496584,0.005709028271410455,0.3272806386076924,0.7434580515851444
bmi,alt_log_adj,REACTOME_SYNTHESIS_OF_BILE_ACIDS_AND_BILE_SALTS_VIA_7ALPHA_HYDROXYCHOLESTEROL,bmi,0.2884330281888362,0.005761576200203297,50.06147938799436,0
bmi,alt_log_adj,REACTOME_SYNTHESIS_OF_BILE_ACIDS_AND_BILE_SALTS_VIA_7ALPHA_HYDROXYCHOLESTEROL,ppgs:bmi,-0.0051904435954427935,0.00572714928578853,-0.9062874628259596,0.36479142261549424
bmi,alt_log_adj,REACTOME_SYNTHESIS_OF_DIPHTHAMIDE_EEF2,ppgs,9.974633488679195e-5,0.005702812124127431,0.01749072785771525,0.9860452529060558
bmi,alt_log_adj,REACTOME_SYNTHESIS_OF_DIPHTHAMIDE_EEF2,bmi,0.28840258079824027,0.005761618457673645,50.0558277013518,0
bmi,alt_log_adj,REACTOME_SYNTHESIS_OF_DIPHTHAMIDE_EEF2,ppgs:bmi,0.0032021502556150274,0.005723383820522227,0.5594854994929991,0.575834844930353
bmi,alt_log_adj,REACTOME_SYNTHESIS_OF_DNA,ppgs,-0.004811983064095661,0.006217307891935271,-0.7739657015116598,0.4389575286826314
bmi,alt_log_adj,REACTOME_SYNTHESIS_OF_DNA,bmi,0.2883168591277945,0.005761888293901143,50.038606168913894,0
bmi,alt_log_adj,REACTOME_SYNTHESIS_OF_DNA,ppgs:bmi,-0.006706615758377367,0.0062165435588106485,-1.0788335503371715,0.280671114837859
bmi,alt_log_adj,REACTOME_SYNTHESIS_OF_DOLICHYL_PHOSPHATE,ppgs,0.004971768286110412,0.00575408607165362,0.8640413480435853,0.38757248756300766
bmi,alt_log_adj,REACTOME_SYNTHESIS_OF_DOLICHYL_PHOSPHATE,bmi,0.28846166744463847,0.005761637796472904,50.06591487254297,0
bmi,alt_log_adj,REACTOME_SYNTHESIS_OF_DOLICHYL_PHOSPHATE,ppgs:bmi,0.0038208238360017965,0.005716978805710087,0.6683291937667459,0.5039289235989453
bmi,alt_log_adj,REACTOME_SYNTHESIS_OF_EPOXY_EET_AND_DIHYDROXYEICOSATRIENOIC_ACIDS_DHET,ppgs,0.0021039581747266593,0.005772749674151406,0.36446378129776447,0.7155144334866321
bmi,alt_log_adj,REACTOME_SYNTHESIS_OF_EPOXY_EET_AND_DIHYDROXYEICOSATRIENOIC_ACIDS_DHET,bmi,0.28846494106404713,0.0057615949191658355,50.06685563826676,0
bmi,alt_log_adj,REACTOME_SYNTHESIS_OF_EPOXY_EET_AND_DIHYDROXYEICOSATRIENOIC_ACIDS_DHET,ppgs:bmi,-0.006779700136933865,0.005711545625036757,-1.1870167170187376,0.23523097349877511
bmi,alt_log_adj,REACTOME_SYNTHESIS_OF_GDP_MANNOSE,ppgs,-0.0026787432846471456,0.00573380281683902,-0.4671844097568577,0.6403715375595413
bmi,alt_log_adj,REACTOME_SYNTHESIS_OF_GDP_MANNOSE,bmi,0.2885005502390983,0.005762333431997428,50.06661860924175,0
bmi,alt_log_adj,REACTOME_SYNTHESIS_OF_GDP_MANNOSE,ppgs:bmi,0.0057871282990434696,0.0058574098631277985,0.9880012555503843,0.32316046592234826
bmi,alt_log_adj,REACTOME_SYNTHESIS_OF_GLYCOSYLPHOSPHATIDYLINOSITOL_GPI,ppgs,0.004511468051118086,0.0057487484227186966,0.784773957630333,0.4325926696154312
bmi,alt_log_adj,REACTOME_SYNTHESIS_OF_GLYCOSYLPHOSPHATIDYLINOSITOL_GPI,bmi,0.2884149383550677,0.005761250231710942,50.061171925423544,0
bmi,alt_log_adj,REACTOME_SYNTHESIS_OF_GLYCOSYLPHOSPHATIDYLINOSITOL_GPI,ppgs:bmi,0.013336094562000472,0.005720945393301838,2.3310997824965356,0.019755072124105603
bmi,alt_log_adj,REACTOME_SYNTHESIS_OF_IP2_IP_AND_INS_IN_THE_CYTOSOL,ppgs,0.005993823684266278,0.005835877063418596,1.0270647614970763,0.3043987337450022
bmi,alt_log_adj,REACTOME_SYNTHESIS_OF_IP2_IP_AND_INS_IN_THE_CYTOSOL,bmi,0.2883850452410829,0.005762252842507149,50.04727371796599,0
bmi,alt_log_adj,REACTOME_SYNTHESIS_OF_IP2_IP_AND_INS_IN_THE_CYTOSOL,ppgs:bmi,-0.003726764447809223,0.005859926272848551,-0.6359746307862022,0.5247980917067665
bmi,alt_log_adj,REACTOME_SYNTHESIS_OF_IP3_AND_IP4_IN_THE_CYTOSOL,ppgs,0.0010235595597800112,0.006203200190987542,0.1650050825809415,0.8689411581149776
bmi,alt_log_adj,REACTOME_SYNTHESIS_OF_IP3_AND_IP4_IN_THE_CYTOSOL,bmi,0.2884092649559479,0.005761619278010582,50.05698069233275,0
bmi,alt_log_adj,REACTOME_SYNTHESIS_OF_IP3_AND_IP4_IN_THE_CYTOSOL,ppgs:bmi,0.001538324163989224,0.0062296747222017135,0.24693490953979444,0.8049603869765976
bmi,alt_log_adj,REACTOME_SYNTHESIS_OF_KETONE_BODIES,ppgs,0.0016279303380386382,0.00569316986211299,0.28594445229400556,0.774922755857548
bmi,alt_log_adj,REACTOME_SYNTHESIS_OF_KETONE_BODIES,bmi,0.2883827614268964,0.005761627108816312,50.05231265064336,0
bmi,alt_log_adj,REACTOME_SYNTHESIS_OF_KETONE_BODIES,ppgs:bmi,0.005009164797195319,0.005808481165893565,0.8623880587938033,0.38848130461271946
bmi,alt_log_adj,REACTOME_SYNTHESIS_OF_LEUKOTRIENES_LT_AND_EOXINS_EX,ppgs,0.0056215180890897545,0.005753601545307554,0.9770433431690239,0.3285560324337561
bmi,alt_log_adj,REACTOME_SYNTHESIS_OF_LEUKOTRIENES_LT_AND_EOXINS_EX,bmi,0.2884473208500314,0.005761546358507569,50.064219378206786,0
bmi,alt_log_adj,REACTOME_SYNTHESIS_OF_LEUKOTRIENES_LT_AND_EOXINS_EX,ppgs:bmi,-0.004089421837595188,0.005743031596635828,-0.7120667488562491,0.4764293034849594
bmi,alt_log_adj,REACTOME_SYNTHESIS_OF_PA,ppgs,0.010886669543186218,0.005925088841381781,1.8373850307782649,0.0661635355282272
bmi,alt_log_adj,REACTOME_SYNTHESIS_OF_PA,bmi,0.2884699186290728,0.005761282209443648,50.07043712530263,0
bmi,alt_log_adj,REACTOME_SYNTHESIS_OF_PA,ppgs:bmi,-0.0059343594629411665,0.005924051976353386,-1.0017399385807086,0.3164777624913237
bmi,alt_log_adj,REACTOME_SYNTHESIS_OF_PC,ppgs,0.005971698293826545,0.005807036133857659,1.028355628615574,0.30379134660803225
bmi,alt_log_adj,REACTOME_SYNTHESIS_OF_PC,bmi,0.2884033041664294,0.005761551951508696,50.05653105165689,0
bmi,alt_log_adj,REACTOME_SYNTHESIS_OF_PC,ppgs:bmi,0.003809453774531731,0.005722291801374807,0.6657216910218546,0.5055944230676085
bmi,alt_log_adj,REACTOME_SYNTHESIS_OF_PE,ppgs,0.005390157204667782,0.00572712711848058,0.9411624874318842,0.3466296170013884
bmi,alt_log_adj,REACTOME_SYNTHESIS_OF_PE,bmi,0.28845233686812927,0.005761812059292704,50.06278127432335,0
bmi,alt_log_adj,REACTOME_SYNTHESIS_OF_PE,ppgs:bmi,0.0023796857802496777,0.005749551461382937,0.4138906828181155,0.6789572988879937
bmi,alt_log_adj,REACTOME_SYNTHESIS_OF_PG,ppgs,-6.768019968280499e-4,0.005936639322846182,-0.11400423034350235,0.909235247332717
bmi,alt_log_adj,REACTOME_SYNTHESIS_OF_PG,bmi,0.28839502881383344,0.005761723849623247,50.05360137707594,0
bmi,alt_log_adj,REACTOME_SYNTHESIS_OF_PG,ppgs:bmi,0.0057926878652109284,0.005984318657472801,0.9679778428873307,0.333063693706407
bmi,alt_log_adj,REACTOME_SYNTHESIS_OF_PI,ppgs,0.003328844656520953,0.0056984527811207225,0.5841664017204096,0.5591130121270336
bmi,alt_log_adj,REACTOME_SYNTHESIS_OF_PI,bmi,0.28855664463065284,0.005762440995492143,50.07541853467752,0
bmi,alt_log_adj,REACTOME_SYNTHESIS_OF_PI,ppgs:bmi,0.007050343242465206,0.005801078497165419,1.215350429391744,0.22424258734959363
bmi,alt_log_adj,REACTOME_SYNTHESIS_OF_PIPS_AT_THE_EARLY_ENDOSOME_MEMBRANE,ppgs,0.009069730907318248,0.006508679369236415,1.3934825166203095,0.16348485309902339
bmi,alt_log_adj,REACTOME_SYNTHESIS_OF_PIPS_AT_THE_EARLY_ENDOSOME_MEMBRANE,bmi,0.2883944242847585,0.005761491807576298,50.05551234239768,0
bmi,alt_log_adj,REACTOME_SYNTHESIS_OF_PIPS_AT_THE_EARLY_ENDOSOME_MEMBRANE,ppgs:bmi,0.003505166862395073,0.006436995553213392,0.5445346098841516,0.5860779218058327
bmi,alt_log_adj,REACTOME_SYNTHESIS_OF_PIPS_AT_THE_ER_MEMBRANE,ppgs,0.008796924435267453,0.005731104379923984,1.5349440268585954,0.12480873769877346
bmi,alt_log_adj,REACTOME_SYNTHESIS_OF_PIPS_AT_THE_ER_MEMBRANE,bmi,0.28825193739422367,0.005762566086079321,50.02145452015835,0
bmi,alt_log_adj,REACTOME_SYNTHESIS_OF_PIPS_AT_THE_ER_MEMBRANE,ppgs:bmi,0.0032175584256591812,0.005899088522194046,0.5454331484523097,0.5854599386135121
bmi,alt_log_adj,REACTOME_SYNTHESIS_OF_PIPS_AT_THE_GOLGI_MEMBRANE,ppgs,0.0027757411329687757,0.006367267925365758,0.4359391132122538,0.6628842254744192
bmi,alt_log_adj,REACTOME_SYNTHESIS_OF_PIPS_AT_THE_GOLGI_MEMBRANE,bmi,0.2883529083689092,0.005762081369690826,50.043185763685464,0
bmi,alt_log_adj,REACTOME_SYNTHESIS_OF_PIPS_AT_THE_GOLGI_MEMBRANE,ppgs:bmi,0.0042356071884685825,0.006323560156560848,0.6698136941219791,0.5029820184920799
bmi,alt_log_adj,REACTOME_SYNTHESIS_OF_PIPS_AT_THE_LATE_ENDOSOME_MEMBRANE,ppgs,0.00994078626407423,0.005792727095052783,1.7160805439227498,0.08615822742893474
bmi,alt_log_adj,REACTOME_SYNTHESIS_OF_PIPS_AT_THE_LATE_ENDOSOME_MEMBRANE,bmi,0.28834539176406687,0.005761566635495921,50.04635197441361,0
bmi,alt_log_adj,REACTOME_SYNTHESIS_OF_PIPS_AT_THE_LATE_ENDOSOME_MEMBRANE,ppgs:bmi,-1.106784591972465e-4,0.005754796699228224,-0.01923238386719892,0.9846558591393666
bmi,alt_log_adj,REACTOME_SYNTHESIS_OF_PIPS_AT_THE_PLASMA_MEMBRANE,ppgs,0.010548196317565353,0.006288829676107614,1.677290825292953,0.09349665043663785
bmi,alt_log_adj,REACTOME_SYNTHESIS_OF_PIPS_AT_THE_PLASMA_MEMBRANE,bmi,0.2882709510081821,0.005762257147588723,50.02743605929008,0
bmi,alt_log_adj,REACTOME_SYNTHESIS_OF_PIPS_AT_THE_PLASMA_MEMBRANE,ppgs:bmi,0.0019295738542557022,0.006206787306472147,0.31088125933421834,0.7558931776846503
bmi,alt_log_adj,REACTOME_SYNTHESIS_OF_PROSTAGLANDINS_PG_AND_THROMBOXANES_TX,ppgs,-0.006943245972201722,0.005816417766140683,-1.193732336872479,0.23259267631217204
bmi,alt_log_adj,REACTOME_SYNTHESIS_OF_PROSTAGLANDINS_PG_AND_THROMBOXANES_TX,bmi,0.2883732964520833,0.005762673260921027,50.04158372255061,0
bmi,alt_log_adj,REACTOME_SYNTHESIS_OF_PROSTAGLANDINS_PG_AND_THROMBOXANES_TX,ppgs:bmi,0.0031148171947583307,0.005829331535863099,0.5343352279065642,0.5931138138381429
bmi,alt_log_adj,REACTOME_SYNTHESIS_OF_PYROPHOSPHATES_IN_THE_CYTOSOL,ppgs,0.007098837812050083,0.005747925545832308,1.2350260551299748,0.21683104330762895
bmi,alt_log_adj,REACTOME_SYNTHESIS_OF_PYROPHOSPHATES_IN_THE_CYTOSOL,bmi,0.28858836295812984,0.005761942892886341,50.08525220102741,0
bmi,alt_log_adj,REACTOME_SYNTHESIS_OF_PYROPHOSPHATES_IN_THE_CYTOSOL,ppgs:bmi,0.009291059088451495,0.005705178690152897,1.628530777570176,0.10342350077679165
bmi,alt_log_adj,REACTOME_SYNTHESIS_OF_SUBSTRATES_IN_N_GLYCAN_BIOSYTHESIS,ppgs,0.0013892461062783262,0.006053831864814002,0.22948210939799688,0.8184958798825404
bmi,alt_log_adj,REACTOME_SYNTHESIS_OF_SUBSTRATES_IN_N_GLYCAN_BIOSYTHESIS,bmi,0.28858016624023786,0.005762836207173565,50.076065996984944,0
bmi,alt_log_adj,REACTOME_SYNTHESIS_OF_SUBSTRATES_IN_N_GLYCAN_BIOSYTHESIS,ppgs:bmi,-0.00810958593344276,0.005963975255037571,-1.3597618344564497,0.17391611799913503
bmi,alt_log_adj,REACTOME_SYNTHESIS_OF_UDP_N_ACETYL_GLUCOSAMINE,ppgs,0.009863739416406062,0.00567826155504955,1.7371055068138699,0.08237941114191875
bmi,alt_log_adj,REACTOME_SYNTHESIS_OF_UDP_N_ACETYL_GLUCOSAMINE,bmi,0.28840575268254287,0.005761296275394604,50.05917746571527,0
bmi,alt_log_adj,REACTOME_SYNTHESIS_OF_UDP_N_ACETYL_GLUCOSAMINE,ppgs:bmi,7.232005598073841e-4,0.00563251763752335,0.12839738929346334,0.8978354079213331
bmi,alt_log_adj,REACTOME_SYNTHESIS_OF_VERY_LONG_CHAIN_FATTY_ACYL_COAS,ppgs,0.005018476298224616,0.005837948975935327,0.8596300376915474,0.3900002809682056
bmi,alt_log_adj,REACTOME_SYNTHESIS_OF_VERY_LONG_CHAIN_FATTY_ACYL_COAS,bmi,0.2884047278566564,0.005761946109307958,50.05335391644186,0
bmi,alt_log_adj,REACTOME_SYNTHESIS_OF_VERY_LONG_CHAIN_FATTY_ACYL_COAS,ppgs:bmi,-0.0030593417382554886,0.005738279387909363,-0.5331461804912402,0.5939365731303778
bmi,alt_log_adj,REACTOME_SYNTHESIS_OF_WYBUTOSINE_AT_G37_OF_TRNA_PHE,ppgs,0.0033542702160852724,0.0057072267517665675,0.587723313261913,0.5567227061013721
bmi,alt_log_adj,REACTOME_SYNTHESIS_OF_WYBUTOSINE_AT_G37_OF_TRNA_PHE,bmi,0.28842191946470896,0.005761633191683751,50.0590561511296,0
bmi,alt_log_adj,REACTOME_SYNTHESIS_OF_WYBUTOSINE_AT_G37_OF_TRNA_PHE,ppgs:bmi,-0.0022246728061089617,0.005795317416686648,-0.3838741946564287,0.7010745724711911
bmi,alt_log_adj,REACTOME_SYNTHESIS_SECRETION_AND_DEACYLATION_OF_GHRELIN,ppgs,0.0021156955219438704,0.00578811115644653,0.3655243420105205,0.7147227669341414
bmi,alt_log_adj,REACTOME_SYNTHESIS_SECRETION_AND_DEACYLATION_OF_GHRELIN,bmi,0.2884904808051857,0.005761826206355025,50.069278467128036,0
bmi,alt_log_adj,REACTOME_SYNTHESIS_SECRETION_AND_DEACYLATION_OF_GHRELIN,ppgs:bmi,0.006309913343217722,0.005713319787436878,1.1044215233834282,0.2694197025004351
bmi,alt_log_adj,REACTOME_SYNTHESIS_SECRETION_AND_INACTIVATION_OF_GLUCAGON_LIKE_PEPTIDE_1_GLP_1,ppgs,0.010817341184835006,0.005725364003962886,1.8893717809640822,0.05885222495907525
bmi,alt_log_adj,REACTOME_SYNTHESIS_SECRETION_AND_INACTIVATION_OF_GLUCAGON_LIKE_PEPTIDE_1_GLP_1,bmi,0.2881478651823864,0.005762353682980453,50.00523762251055,0
bmi,alt_log_adj,REACTOME_SYNTHESIS_SECRETION_AND_INACTIVATION_OF_GLUCAGON_LIKE_PEPTIDE_1_GLP_1,ppgs:bmi,0.00865121736237901,0.00573178554679436,1.509340726681132,0.1312228770019114
bmi,alt_log_adj,REACTOME_SYNTHESIS_SECRETION_AND_INACTIVATION_OF_GLUCOSE_DEPENDENT_INSULINOTROPIC_POLYPEPTIDE_GIP,ppgs,0.011721047113326184,0.005979857926257731,1.9600878913625561,0.04999529945217466
bmi,alt_log_adj,REACTOME_SYNTHESIS_SECRETION_AND_INACTIVATION_OF_GLUCOSE_DEPENDENT_INSULINOTROPIC_POLYPEPTIDE_GIP,bmi,0.2883021547671973,0.005763431323531779,50.022658132504354,0
bmi,alt_log_adj,REACTOME_SYNTHESIS_SECRETION_AND_INACTIVATION_OF_GLUCOSE_DEPENDENT_INSULINOTROPIC_POLYPEPTIDE_GIP,ppgs:bmi,-0.001951594644518854,0.005994311656629212,-0.3255744372851471,0.7447487583171318
bmi,alt_log_adj,REACTOME_S_PHASE,ppgs,0.00650315711170846,0.006326155235995095,1.0279793759574922,0.3039683002366389
bmi,alt_log_adj,REACTOME_S_PHASE,bmi,0.2884553466005304,0.005761626018490941,50.06492015878554,0
bmi,alt_log_adj,REACTOME_S_PHASE,ppgs:bmi,-0.003397379569272009,0.006322573781722321,-0.5373412294678727,0.5910361487074824
bmi,alt_log_adj,REACTOME_TACHYKININ_RECEPTORS_BIND_TACHYKININS,ppgs,-9.527850683101689e-4,0.005687825453924291,-0.16751306382877815,0.8669675642082724
bmi,alt_log_adj,REACTOME_TACHYKININ_RECEPTORS_BIND_TACHYKININS,bmi,0.2883980227062571,0.005761987097640758,50.051834170947984,0
bmi,alt_log_adj,REACTOME_TACHYKININ_RECEPTORS_BIND_TACHYKININS,ppgs:bmi,-0.0013278749427575772,0.00571524072356237,-0.2323392849024037,0.816276179404579
bmi,alt_log_adj,REACTOME_TAK1_DEPENDENT_IKK_AND_NF_KAPPA_B_ACTIVATION,ppgs,0.031211923700255505,0.005793120941933099,5.387756273881698,7.191076202918121e-8
bmi,alt_log_adj,REACTOME_TAK1_DEPENDENT_IKK_AND_NF_KAPPA_B_ACTIVATION,bmi,0.2882003066615505,0.005758792372578618,50.045267829738215,0
bmi,alt_log_adj,REACTOME_TAK1_DEPENDENT_IKK_AND_NF_KAPPA_B_ACTIVATION,ppgs:bmi,0.009710412663943424,0.005890995452645469,1.6483483550446079,0.09929228895533626
bmi,alt_log_adj,REACTOME_TANDEM_PORE_DOMAIN_POTASSIUM_CHANNELS,ppgs,0.006611002299503643,0.005710111173913333,1.1577712058752962,0.24696717124764114
bmi,alt_log_adj,REACTOME_TANDEM_PORE_DOMAIN_POTASSIUM_CHANNELS,bmi,0.2884575738078172,0.005761241762562861,50.06864590933227,0
bmi,alt_log_adj,REACTOME_TANDEM_PORE_DOMAIN_POTASSIUM_CHANNELS,ppgs:bmi,0.011201670107361634,0.005616823738400309,1.9943068590135087,0.046128090970989896
bmi,alt_log_adj,REACTOME_TBC_RABGAPS,ppgs,0.003412223656950685,0.005711296433763777,0.5974516813342868,0.5502106297487104
bmi,alt_log_adj,REACTOME_TBC_RABGAPS,bmi,0.28844018550794953,0.005761937943222289,50.059578626187545,0
bmi,alt_log_adj,REACTOME_TBC_RABGAPS,ppgs:bmi,-0.0037260537706920037,0.005629291296304317,-0.6619045941250532,0.508037747646041
bmi,alt_log_adj,REACTOME_TCF_DEPENDENT_SIGNALING_IN_RESPONSE_TO_WNT,ppgs,0.01670735232439689,0.006414921794812899,2.604451442869723,0.009206946919745164
bmi,alt_log_adj,REACTOME_TCF_DEPENDENT_SIGNALING_IN_RESPONSE_TO_WNT,bmi,0.288268108477022,0.005761591139837468,50.03272559273512,0
bmi,alt_log_adj,REACTOME_TCF_DEPENDENT_SIGNALING_IN_RESPONSE_TO_WNT,ppgs:bmi,0.003335748581979756,0.006350433841138002,0.5252788495127425,0.5993934664945617
bmi,alt_log_adj,REACTOME_TCR_SIGNALING,ppgs,0.031230768080090135,0.005940170014094041,5.257554582779608,1.4704057288686124e-7
bmi,alt_log_adj,REACTOME_TCR_SIGNALING,bmi,0.28808539509202474,0.00575975294201238,50.01697086531138,0
bmi,alt_log_adj,REACTOME_TCR_SIGNALING,ppgs:bmi,0.0051981770870228195,0.005961557780843898,0.871949459875399,0.3832433344390008
bmi,alt_log_adj,REACTOME_TELOMERE_C_STRAND_LAGGING_STRAND_SYNTHESIS,ppgs,0.003929265443404958,0.0057353544679479085,0.6850954836991683,0.49328927160250247
bmi,alt_log_adj,REACTOME_TELOMERE_C_STRAND_LAGGING_STRAND_SYNTHESIS,bmi,0.28840488009056864,0.005761571357426313,50.05663597636995,0
bmi,alt_log_adj,REACTOME_TELOMERE_C_STRAND_LAGGING_STRAND_SYNTHESIS,ppgs:bmi,0.0016422846909081986,0.0057204555898205086,0.2870898419053593,0.7740456282539004
bmi,alt_log_adj,REACTOME_TELOMERE_C_STRAND_SYNTHESIS_INITIATION,ppgs,-0.008959121849548887,0.005702593128855675,-1.5710610326054755,0.11617963339518032
bmi,alt_log_adj,REACTOME_TELOMERE_C_STRAND_SYNTHESIS_INITIATION,bmi,0.28834046305874805,0.005761356516565248,50.04732170795224,0
bmi,alt_log_adj,REACTOME_TELOMERE_C_STRAND_SYNTHESIS_INITIATION,ppgs:bmi,-0.007210843804844213,0.005767086520387167,-1.2503443080580177,0.2111841200957218
bmi,alt_log_adj,REACTOME_TELOMERE_EXTENSION_BY_TELOMERASE,ppgs,0.0010776068488935414,0.005750124816026094,0.1874058187206925,0.8513438019791237
bmi,alt_log_adj,REACTOME_TELOMERE_EXTENSION_BY_TELOMERASE,bmi,0.28840576261595424,0.005762211347929449,50.05122950229652,0
bmi,alt_log_adj,REACTOME_TELOMERE_EXTENSION_BY_TELOMERASE,ppgs:bmi,-8.921004541660751e-5,0.0057403134630723135,-0.015540971062033391,0.9876007076196659
bmi,alt_log_adj,REACTOME_TELOMERE_MAINTENANCE,ppgs,-0.0017223099005532793,0.005782968091423333,-0.2978245553710769,0.7658392546072068
bmi,alt_log_adj,REACTOME_TELOMERE_MAINTENANCE,bmi,0.28844190952671966,0.005761799975504003,50.061076530427236,0
bmi,alt_log_adj,REACTOME_TELOMERE_MAINTENANCE,ppgs:bmi,-0.002890024098364317,0.005685044449691425,-0.5083555852445767,0.6112079505594106
bmi,alt_log_adj,REACTOME_TERMINAL_PATHWAY_OF_COMPLEMENT,ppgs,-0.0036614957962989537,0.005718615103905014,-0.6402766631030412,0.5219979248037689
bmi,alt_log_adj,REACTOME_TERMINAL_PATHWAY_OF_COMPLEMENT,bmi,0.2884339239893479,0.005761631858821694,50.06115126007639,0
bmi,alt_log_adj,REACTOME_TERMINAL_PATHWAY_OF_COMPLEMENT,ppgs:bmi,-0.0016296580018954022,0.005642030260505299,-0.2888424780886323,0.7727040360783943
bmi,alt_log_adj,REACTOME_TERMINATION_OF_O_GLYCAN_BIOSYNTHESIS,ppgs,2.070430497758264e-4,0.005710202555579607,0.036258442281266984,0.971076541688784
bmi,alt_log_adj,REACTOME_TERMINATION_OF_O_GLYCAN_BIOSYNTHESIS,bmi,0.2885201465145953,0.005762605518603331,50.06765526169892,0
bmi,alt_log_adj,REACTOME_TERMINATION_OF_O_GLYCAN_BIOSYNTHESIS,ppgs:bmi,-0.005418796836908854,0.005678667967030649,-0.9542373085324655,0.3399716701604062
bmi,alt_log_adj,REACTOME_TERMINATION_OF_TRANSLESION_DNA_SYNTHESIS,ppgs,2.530522649260268e-4,0.005971784038478426,0.042374651075041715,0.9662003341412165
bmi,alt_log_adj,REACTOME_TERMINATION_OF_TRANSLESION_DNA_SYNTHESIS,bmi,0.2884058743484364,0.005761656658165644,50.056067457559514,0
bmi,alt_log_adj,REACTOME_TERMINATION_OF_TRANSLESION_DNA_SYNTHESIS,ppgs:bmi,0.0034837654730010903,0.005989219661239565,0.581672683596325,0.5607917997920745
bmi,alt_log_adj,REACTOME_TETRAHYDROBIOPTERIN_BH4_SYNTHESIS_RECYCLING_SALVAGE_AND_REGULATION,ppgs,-0.002747536066337203,0.005826818567895399,-0.47153279861425157,0.6372639323336668
bmi,alt_log_adj,REACTOME_TETRAHYDROBIOPTERIN_BH4_SYNTHESIS_RECYCLING_SALVAGE_AND_REGULATION,bmi,0.28861553318076155,0.005763618981058914,50.075401259042984,0
bmi,alt_log_adj,REACTOME_TETRAHYDROBIOPTERIN_BH4_SYNTHESIS_RECYCLING_SALVAGE_AND_REGULATION,ppgs:bmi,-0.006928802697523165,0.005842181853718312,-1.1859957240312986,0.2356339285167959
bmi,alt_log_adj,REACTOME_TFAP2A_ACTS_AS_A_TRANSCRIPTIONAL_REPRESSOR_DURING_RETINOIC_ACID_INDUCED_CELL_DIFFERENTIATION,ppgs,0.002352347023253618,0.005713221893289494,0.41173738167190466,0.6805350354863398
bmi,alt_log_adj,REACTOME_TFAP2A_ACTS_AS_A_TRANSCRIPTIONAL_REPRESSOR_DURING_RETINOIC_ACID_INDUCED_CELL_DIFFERENTIATION,bmi,0.28840746947380064,0.005761849104285172,50.05467242439719,0
bmi,alt_log_adj,REACTOME_TFAP2A_ACTS_AS_A_TRANSCRIPTIONAL_REPRESSOR_DURING_RETINOIC_ACID_INDUCED_CELL_DIFFERENTIATION,ppgs:bmi,0.0012108022571155625,0.005856967166230411,0.20672853761187196,0.836223353744941
bmi,alt_log_adj,REACTOME_TFAP2_AP_2_FAMILY_REGULATES_TRANSCRIPTION_OF_CELL_CYCLE_FACTORS,ppgs,0.0011538312553183911,0.005716828108094327,0.20183067139708252,0.8400505508745996
bmi,alt_log_adj,REACTOME_TFAP2_AP_2_FAMILY_REGULATES_TRANSCRIPTION_OF_CELL_CYCLE_FACTORS,bmi,0.2883572618665241,0.005761437261174038,50.049536043678806,0
bmi,alt_log_adj,REACTOME_TFAP2_AP_2_FAMILY_REGULATES_TRANSCRIPTION_OF_CELL_CYCLE_FACTORS,ppgs:bmi,-0.012080157366585697,0.0057729266104142975,-2.092553427717793,0.036397906952290775
bmi,alt_log_adj,REACTOME_TFAP2_AP_2_FAMILY_REGULATES_TRANSCRIPTION_OF_GROWTH_FACTORS_AND_THEIR_RECEPTORS,ppgs,-0.0017692508436727926,0.005835726599270768,-0.303175759449368,0.7617581460903703
bmi,alt_log_adj,REACTOME_TFAP2_AP_2_FAMILY_REGULATES_TRANSCRIPTION_OF_GROWTH_FACTORS_AND_THEIR_RECEPTORS,bmi,0.28842061915834066,0.005761535776128413,50.05967685792121,0
bmi,alt_log_adj,REACTOME_TFAP2_AP_2_FAMILY_REGULATES_TRANSCRIPTION_OF_GROWTH_FACTORS_AND_THEIR_RECEPTORS,ppgs:bmi,0.0053190908098029385,0.005901528972452019,0.9013072433655979,0.3674326408067553
bmi,alt_log_adj,REACTOME_TGFBR3_EXPRESSION,ppgs,0.0013683716606117614,0.005865545827683042,0.23328973991705798,0.8155381096069902
bmi,alt_log_adj,REACTOME_TGFBR3_EXPRESSION,bmi,0.2884305754264391,0.005761759200784571,50.05946367685131,0
bmi,alt_log_adj,REACTOME_TGFBR3_EXPRESSION,ppgs:bmi,-0.0022320593399585797,0.00584562563644629,-0.3818341232873591,0.7025872683710699
bmi,alt_log_adj,REACTOME_TGFBR3_PTM_REGULATION,ppgs,-0.0033474892801846497,0.005839350629735308,-0.573263962458166,0.5664705293010209
bmi,alt_log_adj,REACTOME_TGFBR3_PTM_REGULATION,bmi,0.28843033278210245,0.005761590736981891,50.06088525704477,0
bmi,alt_log_adj,REACTOME_TGFBR3_PTM_REGULATION,ppgs:bmi,0.002662504869148167,0.005900245436606193,0.45125323984482135,0.651810493908984
bmi,alt_log_adj,REACTOME_TGFBR3_REGULATES_TGF_BETA_SIGNALING,ppgs,2.4503140142457413e-4,0.005721070900154098,0.04282963901355849,0.9658376387910104
bmi,alt_log_adj,REACTOME_TGFBR3_REGULATES_TGF_BETA_SIGNALING,bmi,0.28843535967237127,0.005761711439210796,50.060708995152204,0
bmi,alt_log_adj,REACTOME_TGFBR3_REGULATES_TGF_BETA_SIGNALING,ppgs:bmi,-0.004524736461111294,0.005783163528987484,-0.7823981525736804,0.43398715441961855
bmi,alt_log_adj,REACTOME_TGF_BETA_RECEPTOR_SIGNALING_ACTIVATES_SMADS,ppgs,0.005758276908728505,0.005911331612192191,0.9741082528430636,0.3300111041256677
bmi,alt_log_adj,REACTOME_TGF_BETA_RECEPTOR_SIGNALING_ACTIVATES_SMADS,bmi,0.28842540125268057,0.005761493215042029,50.06087666642797,0
bmi,alt_log_adj,REACTOME_TGF_BETA_RECEPTOR_SIGNALING_ACTIVATES_SMADS,ppgs:bmi,-0.0030989087098121306,0.005932479073868587,-0.5223631927270033,0.6014215601614539
bmi,alt_log_adj,REACTOME_TGF_BETA_RECEPTOR_SIGNALING_IN_EMT_EPITHELIAL_TO_MESENCHYMAL_TRANSITION,ppgs,0.004079045933668218,0.005711669632225057,0.7141599910916366,0.4751341335849937
bmi,alt_log_adj,REACTOME_TGF_BETA_RECEPTOR_SIGNALING_IN_EMT_EPITHELIAL_TO_MESENCHYMAL_TRANSITION,bmi,0.2884167577387402,0.005761085386637458,50.06292015870969,0
bmi,alt_log_adj,REACTOME_TGF_BETA_RECEPTOR_SIGNALING_IN_EMT_EPITHELIAL_TO_MESENCHYMAL_TRANSITION,ppgs:bmi,0.012438823522711157,0.005715064871034878,2.1764973457700663,0.029526317563646636
bmi,alt_log_adj,REACTOME_THE_ACTIVATION_OF_ARYLSULFATASES,ppgs,-0.006116467868831897,0.005894476229785662,-1.0376609609390701,0.29943677678793634
bmi,alt_log_adj,REACTOME_THE_ACTIVATION_OF_ARYLSULFATASES,bmi,0.28841329143701283,0.005761261741100947,50.06078605654506,0
bmi,alt_log_adj,REACTOME_THE_ACTIVATION_OF_ARYLSULFATASES,ppgs:bmi,-0.010797123127744123,0.005916465565967267,-1.8249279079475096,0.0680224275400416
bmi,alt_log_adj,REACTOME_THE_CANONICAL_RETINOID_CYCLE_IN_RODS_TWILIGHT_VISION,ppgs,-0.0032946919468374034,0.005765966551868064,-0.5714032360749622,0.567730866074473
bmi,alt_log_adj,REACTOME_THE_CANONICAL_RETINOID_CYCLE_IN_RODS_TWILIGHT_VISION,bmi,0.2883810629425812,0.005761913527936264,50.04952982101941,0
bmi,alt_log_adj,REACTOME_THE_CANONICAL_RETINOID_CYCLE_IN_RODS_TWILIGHT_VISION,ppgs:bmi,-0.0037309080949179726,0.0057223192140179145,-0.6519923051091593,0.5144114224866511
bmi,alt_log_adj,REACTOME_THE_CRY_PER_KINASE_COMPLEX_REPRESSES_TRANSACTIVATION_BY_THE_BMAL_CLOCK_ARNTL_CLOCK_COMPLEX,ppgs,0.005735383323554508,0.005836559722336986,0.9826650623662313,0.3257806976967037
bmi,alt_log_adj,REACTOME_THE_CRY_PER_KINASE_COMPLEX_REPRESSES_TRANSACTIVATION_BY_THE_BMAL_CLOCK_ARNTL_CLOCK_COMPLEX,bmi,0.2884717740352785,0.005762163792561154,50.063098589403204,0
bmi,alt_log_adj,REACTOME_THE_CRY_PER_KINASE_COMPLEX_REPRESSES_TRANSACTIVATION_BY_THE_BMAL_CLOCK_ARNTL_CLOCK_COMPLEX,ppgs:bmi,-0.001276858845563497,0.005816009218102964,-0.2195420945326452,0.826229373580057
bmi,alt_log_adj,REACTOME_THE_FATTY_ACID_CYCLING_MODEL,ppgs,-0.004384172712256033,0.005737671998359945,-0.7641030566942838,0.4448121906274225
bmi,alt_log_adj,REACTOME_THE_FATTY_ACID_CYCLING_MODEL,bmi,0.2884486464216312,0.005761084095441241,50.06846656688821,0
bmi,alt_log_adj,REACTOME_THE_FATTY_ACID_CYCLING_MODEL,ppgs:bmi,-0.012334947709990154,0.005665421280489113,-2.1772339777219956,0.029471334199018116
bmi,alt_log_adj,REACTOME_THE_NLRP3_INFLAMMASOME,ppgs,0.017188440347729074,0.0056981869744661484,3.0164753148240497,0.002559587096582847
bmi,alt_log_adj,REACTOME_THE_NLRP3_INFLAMMASOME,bmi,0.2884279813529643,0.005760876667970992,50.066682204212164,0
bmi,alt_log_adj,REACTOME_THE_NLRP3_INFLAMMASOME,ppgs:bmi,-0.002053251795583592,0.005757633017181842,-0.35661387057082466,0.7213835463259568
bmi,alt_log_adj,REACTOME_THE_PHOTOTRANSDUCTION_CASCADE,ppgs,0.003584048350540148,0.006005102011308534,0.5968338828867239,0.5506230600259885
bmi,alt_log_adj,REACTOME_THE_PHOTOTRANSDUCTION_CASCADE,bmi,0.28841934533563446,0.005761582718442214,50.059047909255,0
bmi,alt_log_adj,REACTOME_THE_PHOTOTRANSDUCTION_CASCADE,ppgs:bmi,-0.002150805328048168,0.005954011270903922,-0.36123635481825994,0.7179254591907298
bmi,alt_log_adj,REACTOME_THE_RETINOID_CYCLE_IN_CONES_DAYLIGHT_VISION,ppgs,-0.004123225668054628,0.0056958325895594165,-0.7239021869449935,0.4691317608756752
bmi,alt_log_adj,REACTOME_THE_RETINOID_CYCLE_IN_CONES_DAYLIGHT_VISION,bmi,0.28833230701748547,0.005763364990634604,50.028465572807185,0
bmi,alt_log_adj,REACTOME_THE_RETINOID_CYCLE_IN_CONES_DAYLIGHT_VISION,ppgs:bmi,-0.0019242818390959847,0.005689398791247465,-0.33822235172832105,0.7351981378333998
bmi,alt_log_adj,REACTOME_THE_ROLE_OF_GTSE1_IN_G2_M_PROGRESSION_AFTER_G2_CHECKPOINT,ppgs,-0.00650994705366699,0.005865065240980165,-1.1099530501691492,0.2670286736077547
bmi,alt_log_adj,REACTOME_THE_ROLE_OF_GTSE1_IN_G2_M_PROGRESSION_AFTER_G2_CHECKPOINT,bmi,0.28837503729898106,0.005762579324529307,50.04270155058313,0
bmi,alt_log_adj,REACTOME_THE_ROLE_OF_GTSE1_IN_G2_M_PROGRESSION_AFTER_G2_CHECKPOINT,ppgs:bmi,0.0017500424237710548,0.005929670049809718,0.2951331876935064,0.7678942995238832
bmi,alt_log_adj,REACTOME_THE_ROLE_OF_NEF_IN_HIV_1_REPLICATION_AND_DISEASE_PATHOGENESIS,ppgs,-0.0012329639864786077,0.006114989397922926,-0.20162978318448233,0.8402076065210332
bmi,alt_log_adj,REACTOME_THE_ROLE_OF_NEF_IN_HIV_1_REPLICATION_AND_DISEASE_PATHOGENESIS,bmi,0.2884150251865237,0.005762135887584854,50.053492457188504,0
bmi,alt_log_adj,REACTOME_THE_ROLE_OF_NEF_IN_HIV_1_REPLICATION_AND_DISEASE_PATHOGENESIS,ppgs:bmi,1.5812138634087165e-4,0.006035828159948239,0.026197131884918946,0.9791002879219903
bmi,alt_log_adj,REACTOME_THROMBIN_SIGNALLING_THROUGH_PROTEINASE_ACTIVATED_RECEPTORS_PARS,ppgs,-0.0070465955588685835,0.005733882047882967,-1.228939747979345,0.21910459846908312
bmi,alt_log_adj,REACTOME_THROMBIN_SIGNALLING_THROUGH_PROTEINASE_ACTIVATED_RECEPTORS_PARS,bmi,0.28847106970784836,0.005761662436801988,50.06733262699859,0
bmi,alt_log_adj,REACTOME_THROMBIN_SIGNALLING_THROUGH_PROTEINASE_ACTIVATED_RECEPTORS_PARS,ppgs:bmi,0.001629310393698451,0.005662786226251781,0.2877223911694257,0.7735613520641967
bmi,alt_log_adj,REACTOME_THROMBOXANE_SIGNALLING_THROUGH_TP_RECEPTOR,ppgs,-0.0070465955588685835,0.005733882047882967,-1.228939747979345,0.21910459846908312
bmi,alt_log_adj,REACTOME_THROMBOXANE_SIGNALLING_THROUGH_TP_RECEPTOR,bmi,0.28847106970784836,0.005761662436801988,50.06733262699859,0
bmi,alt_log_adj,REACTOME_THROMBOXANE_SIGNALLING_THROUGH_TP_RECEPTOR,ppgs:bmi,0.001629310393698451,0.005662786226251781,0.2877223911694257,0.7735613520641967
bmi,alt_log_adj,REACTOME_THYROXINE_BIOSYNTHESIS,ppgs,-0.001840949541261336,0.005716514798597789,-0.3220405450035579,0.7474243535093705
bmi,alt_log_adj,REACTOME_THYROXINE_BIOSYNTHESIS,bmi,0.288432961315735,0.005761453103220317,50.06253737525308,0
bmi,alt_log_adj,REACTOME_THYROXINE_BIOSYNTHESIS,ppgs:bmi,-0.01085838015701795,0.0056859256248803286,-1.9096943705179903,0.056182658791402454
bmi,alt_log_adj,REACTOME_TICAM1_DEPENDENT_ACTIVATION_OF_IRF3_IRF7,ppgs,-9.042594011830147e-4,0.005925274573070565,-0.15261054825927062,0.8787064922681045
bmi,alt_log_adj,REACTOME_TICAM1_DEPENDENT_ACTIVATION_OF_IRF3_IRF7,bmi,0.2884390677378004,0.0057629717771695,50.050404355696514,0
bmi,alt_log_adj,REACTOME_TICAM1_DEPENDENT_ACTIVATION_OF_IRF3_IRF7,ppgs:bmi,-7.074828135145265e-4,0.005864667840464279,-0.1206347627453217,0.9039811881716744
bmi,alt_log_adj,REACTOME_TICAM1_RIP1_MEDIATED_IKK_COMPLEX_RECRUITMENT,ppgs,0.03667792497219296,0.005795779416674162,6.328385249906585,2.514412921151609e-10
bmi,alt_log_adj,REACTOME_TICAM1_RIP1_MEDIATED_IKK_COMPLEX_RECRUITMENT,bmi,0.28823452603512567,0.005757891305298824,50.0590425821119,0
bmi,alt_log_adj,REACTOME_TICAM1_RIP1_MEDIATED_IKK_COMPLEX_RECRUITMENT,ppgs:bmi,0.009108460719160162,0.005845429032764794,1.5582193656112195,0.11919241897646835
bmi,alt_log_adj,REACTOME_TICAM1_TRAF6_DEPENDENT_INDUCTION_OF_TAK1_COMPLEX,ppgs,-0.01125208711417654,0.005691515618044308,-1.9769931015392577,0.04805208378607454
bmi,alt_log_adj,REACTOME_TICAM1_TRAF6_DEPENDENT_INDUCTION_OF_TAK1_COMPLEX,bmi,0.28833178091868567,0.00576103429069987,50.04861390673273,0
bmi,alt_log_adj,REACTOME_TICAM1_TRAF6_DEPENDENT_INDUCTION_OF_TAK1_COMPLEX,ppgs:bmi,-0.009103132295920486,0.0057122265568775605,-1.59362241768234,0.11103177904826794
bmi,alt_log_adj,REACTOME_TIE2_SIGNALING,ppgs,-0.0033392177953179432,0.005700319300087269,-0.5857948685904001,0.5580180359765929
bmi,alt_log_adj,REACTOME_TIE2_SIGNALING,bmi,0.2884089535146918,0.005761827062865355,50.055121468929705,0
bmi,alt_log_adj,REACTOME_TIE2_SIGNALING,ppgs:bmi,0.005362750325648833,0.005709870986237987,0.9392069170344147,0.3476325205956342
bmi,alt_log_adj,REACTOME_TIGHT_JUNCTION_INTERACTIONS,ppgs,0.0015893948381365953,0.005706440095470027,0.27852650891723424,0.7806102501557937
bmi,alt_log_adj,REACTOME_TIGHT_JUNCTION_INTERACTIONS,bmi,0.28836433500633246,0.0057616429218151684,50.04897716144567,0
bmi,alt_log_adj,REACTOME_TIGHT_JUNCTION_INTERACTIONS,ppgs:bmi,0.006289466273749611,0.005723550418278681,1.0988749664305615,0.2718319397219291
bmi,alt_log_adj,REACTOME_TLR3_MEDIATED_TICAM1_DEPENDENT_PROGRAMMED_CELL_DEATH,ppgs,0.003546281401872774,0.005749396796699965,0.616809297961182,0.537365471917097
bmi,alt_log_adj,REACTOME_TLR3_MEDIATED_TICAM1_DEPENDENT_PROGRAMMED_CELL_DEATH,bmi,0.28844056459599776,0.005760948230793252,50.06824450430464,0
bmi,alt_log_adj,REACTOME_TLR3_MEDIATED_TICAM1_DEPENDENT_PROGRAMMED_CELL_DEATH,ppgs:bmi,-0.015964509670166344,0.00579951658936395,-2.7527310982167945,0.005913801079642383
bmi,alt_log_adj,REACTOME_TNFR1_INDUCED_NF_KAPPA_B_SIGNALING_PATHWAY,ppgs,0.03667792497219296,0.005795779416674162,6.328385249906585,2.514412921151609e-10
bmi,alt_log_adj,REACTOME_TNFR1_INDUCED_NF_KAPPA_B_SIGNALING_PATHWAY,bmi,0.28823452603512567,0.005757891305298824,50.0590425821119,0
bmi,alt_log_adj,REACTOME_TNFR1_INDUCED_NF_KAPPA_B_SIGNALING_PATHWAY,ppgs:bmi,0.009108460719160162,0.005845429032764794,1.5582193656112195,0.11919241897646835
bmi,alt_log_adj,REACTOME_TNFR1_INDUCED_PROAPOPTOTIC_SIGNALING,ppgs,0.005463641370659807,0.005738433372921029,0.952113759208579,0.3410474094807764
bmi,alt_log_adj,REACTOME_TNFR1_INDUCED_PROAPOPTOTIC_SIGNALING,bmi,0.28837002631889563,0.00576173685329533,50.04914900859576,0
bmi,alt_log_adj,REACTOME_TNFR1_INDUCED_PROAPOPTOTIC_SIGNALING,ppgs:bmi,-2.729653922445648e-5,0.005737439796800979,-0.0047576166707102,0.996204018909914
bmi,alt_log_adj,REACTOME_TNFR1_MEDIATED_CERAMIDE_PRODUCTION,ppgs,0.008953359219128414,0.005753694396184068,1.5561061472201945,0.11969401678405465
bmi,alt_log_adj,REACTOME_TNFR1_MEDIATED_CERAMIDE_PRODUCTION,bmi,0.2884065164203015,0.005761353084994661,50.05881642134571,0
bmi,alt_log_adj,REACTOME_TNFR1_MEDIATED_CERAMIDE_PRODUCTION,ppgs:bmi,9.847914571128546e-4,0.00583919237148373,0.16865199747865484,0.8660715814902764
bmi,alt_log_adj,REACTOME_TNFR2_NON_CANONICAL_NF_KB_PATHWAY,ppgs,0.017332545564622756,0.006340126798800088,2.733785319231006,0.00626497010330509
bmi,alt_log_adj,REACTOME_TNFR2_NON_CANONICAL_NF_KB_PATHWAY,bmi,0.28859228060599734,0.005761061012388399,50.093599075833055,0
bmi,alt_log_adj,REACTOME_TNFR2_NON_CANONICAL_NF_KB_PATHWAY,ppgs:bmi,0.006955359051959266,0.006461214012764298,1.0764786676650504,0.2817223973271608
bmi,alt_log_adj,REACTOME_TNFS_BIND_THEIR_PHYSIOLOGICAL_RECEPTORS,ppgs,0.01466758836891841,0.005902670216583746,2.484907309866192,0.01296424076166323
bmi,alt_log_adj,REACTOME_TNFS_BIND_THEIR_PHYSIOLOGICAL_RECEPTORS,bmi,0.28849472284286826,0.005761057287519387,50.076697461046976,0
bmi,alt_log_adj,REACTOME_TNFS_BIND_THEIR_PHYSIOLOGICAL_RECEPTORS,ppgs:bmi,0.0017846404008829144,0.005886899124583906,0.3031545747794779,0.7617742896554667
bmi,alt_log_adj,REACTOME_TNF_RECEPTOR_SUPERFAMILY_TNFSF_MEMBERS_MEDIATING_NON_CANONICAL_NF_KB_PATHWAY,ppgs,0.0013207189354044156,0.005695766741026257,0.23187728631710958,0.8166350003827851
bmi,alt_log_adj,REACTOME_TNF_RECEPTOR_SUPERFAMILY_TNFSF_MEMBERS_MEDIATING_NON_CANONICAL_NF_KB_PATHWAY,bmi,0.28841532340367004,0.005761611153257959,50.05810280004453,0
bmi,alt_log_adj,REACTOME_TNF_RECEPTOR_SUPERFAMILY_TNFSF_MEMBERS_MEDIATING_NON_CANONICAL_NF_KB_PATHWAY,ppgs:bmi,-0.001463809515611634,0.005525229803703742,-0.2649318793275159,0.7910638656216926
bmi,alt_log_adj,REACTOME_TNF_SIGNALING,ppgs,0.03667792497219296,0.005795779416674162,6.328385249906585,2.514412921151609e-10
bmi,alt_log_adj,REACTOME_TNF_SIGNALING,bmi,0.28823452603512567,0.005757891305298824,50.0590425821119,0
bmi,alt_log_adj,REACTOME_TNF_SIGNALING,ppgs:bmi,0.009108460719160162,0.005845429032764794,1.5582193656112195,0.11919241897646835
bmi,alt_log_adj,REACTOME_TOLL_LIKE_RECEPTOR_9_TLR9_CASCADE,ppgs,0.02298379648347706,0.006267726029339174,3.66700720099923,2.4585436592213205e-4
bmi,alt_log_adj,REACTOME_TOLL_LIKE_RECEPTOR_9_TLR9_CASCADE,bmi,0.28850098154003867,0.005760325092988672,50.08414922470176,0
bmi,alt_log_adj,REACTOME_TOLL_LIKE_RECEPTOR_9_TLR9_CASCADE,ppgs:bmi,0.00830658446602136,0.006383638196465348,1.301230459868599,0.1931901575855581
bmi,alt_log_adj,REACTOME_TOLL_LIKE_RECEPTOR_CASCADES,ppgs,0.024790547713467677,0.006480493500651621,3.82541047390526,1.308341019335519e-4
bmi,alt_log_adj,REACTOME_TOLL_LIKE_RECEPTOR_CASCADES,bmi,0.2883407315054836,0.005760134273031868,50.057987858973014,0
bmi,alt_log_adj,REACTOME_TOLL_LIKE_RECEPTOR_CASCADES,ppgs:bmi,0.0027837424542964243,0.006581469040810102,0.4229667323564251,0.6723227417933461
bmi,alt_log_adj,REACTOME_TOLL_LIKE_RECEPTOR_TLR1_TLR2_CASCADE,ppgs,0.02656955751257535,0.006303507045775581,4.2150436764215975,2.505026637577811e-5
bmi,alt_log_adj,REACTOME_TOLL_LIKE_RECEPTOR_TLR1_TLR2_CASCADE,bmi,0.2885332141615906,0.005760158303182761,50.091195237145186,0
bmi,alt_log_adj,REACTOME_TOLL_LIKE_RECEPTOR_TLR1_TLR2_CASCADE,ppgs:bmi,0.006494869001834838,0.006402484237612357,1.0144295184172034,0.3103865029432542
bmi,alt_log_adj,REACTOME_TOXICITY_OF_BOTULINUM_TOXIN_TYPE_D_BOTD,ppgs,0.0016408607450264978,0.0058410936892079384,0.2809166968265152,0.7787763440404554
bmi,alt_log_adj,REACTOME_TOXICITY_OF_BOTULINUM_TOXIN_TYPE_D_BOTD,bmi,0.2883433052746839,0.005761646223357778,50.04529853043335,0
bmi,alt_log_adj,REACTOME_TOXICITY_OF_BOTULINUM_TOXIN_TYPE_D_BOTD,ppgs:bmi,0.009458637968897902,0.005956857124393538,1.5878571151496061,0.11232980538944141
bmi,alt_log_adj,REACTOME_TP53_REGULATES_METABOLIC_GENES,ppgs,0.004782245379786846,0.005837248123723514,0.8192636801493898,0.41264287716380665
bmi,alt_log_adj,REACTOME_TP53_REGULATES_METABOLIC_GENES,bmi,0.28845731554945336,0.005762885947874789,50.054316215615785,0
bmi,alt_log_adj,REACTOME_TP53_REGULATES_METABOLIC_GENES,ppgs:bmi,-0.002021646242584968,0.0058158119966919344,-0.347612034868887,0.7281341475896694
bmi,alt_log_adj,REACTOME_TP53_REGULATES_TRANSCRIPTION_OF_ADDITIONAL_CELL_CYCLE_GENES_WHOSE_EXACT_ROLE_IN_THE_P53_PATHWAY_REMAIN_UNCERTAIN,ppgs,0.008002236633426115,0.005806903473660672,1.3780557348203182,0.16819695771346024
bmi,alt_log_adj,REACTOME_TP53_REGULATES_TRANSCRIPTION_OF_ADDITIONAL_CELL_CYCLE_GENES_WHOSE_EXACT_ROLE_IN_THE_P53_PATHWAY_REMAIN_UNCERTAIN,bmi,0.2883520770834652,0.005761513400944563,50.047974727645645,0
bmi,alt_log_adj,REACTOME_TP53_REGULATES_TRANSCRIPTION_OF_ADDITIONAL_CELL_CYCLE_GENES_WHOSE_EXACT_ROLE_IN_THE_P53_PATHWAY_REMAIN_UNCERTAIN,ppgs:bmi,0.0051663952236451465,0.005717201804805377,0.9036580131390026,0.366184448111992
bmi,alt_log_adj,REACTOME_TP53_REGULATES_TRANSCRIPTION_OF_CASPASE_ACTIVATORS_AND_CASPASES,ppgs,0.009228834497368547,0.005798071694391288,1.5917075510287286,0.11146158097004276
bmi,alt_log_adj,REACTOME_TP53_REGULATES_TRANSCRIPTION_OF_CASPASE_ACTIVATORS_AND_CASPASES,bmi,0.2883096091809207,0.005761728319704647,50.03873719538719,0
bmi,alt_log_adj,REACTOME_TP53_REGULATES_TRANSCRIPTION_OF_CASPASE_ACTIVATORS_AND_CASPASES,ppgs:bmi,0.005185536579358622,0.00582154614053675,0.8907490302705927,0.37307138441021004
bmi,alt_log_adj,REACTOME_TP53_REGULATES_TRANSCRIPTION_OF_CELL_CYCLE_GENES,ppgs,0.003399265071344921,0.005692368785509833,0.5971617791169636,0.5504041439062624
bmi,alt_log_adj,REACTOME_TP53_REGULATES_TRANSCRIPTION_OF_CELL_CYCLE_GENES,bmi,0.288428152827695,0.005761641722706854,50.06006390348578,0
bmi,alt_log_adj,REACTOME_TP53_REGULATES_TRANSCRIPTION_OF_CELL_CYCLE_GENES,ppgs:bmi,-0.0030489362406739173,0.005632348150580704,-0.5413259548523411,0.588287187738899
bmi,alt_log_adj,REACTOME_TP53_REGULATES_TRANSCRIPTION_OF_CELL_DEATH_GENES,ppgs,0.007811208692800227,0.0059495434793255175,1.3129089181285825,0.18922426936249037
bmi,alt_log_adj,REACTOME_TP53_REGULATES_TRANSCRIPTION_OF_CELL_DEATH_GENES,bmi,0.28839611319289477,0.005762432070489621,50.04763781421729,0
bmi,alt_log_adj,REACTOME_TP53_REGULATES_TRANSCRIPTION_OF_CELL_DEATH_GENES,ppgs:bmi,-0.0035313119187388186,0.005918633709341558,-0.5966430923348479,0.5507504588475187
bmi,alt_log_adj,REACTOME_TP53_REGULATES_TRANSCRIPTION_OF_DEATH_RECEPTORS_AND_LIGANDS,ppgs,0.005711888350541017,0.005890292363766526,0.9697121972547678,0.3321982423248774
bmi,alt_log_adj,REACTOME_TP53_REGULATES_TRANSCRIPTION_OF_DEATH_RECEPTORS_AND_LIGANDS,bmi,0.28834143469226653,0.0057644997331058115,50.020200892075195,0
bmi,alt_log_adj,REACTOME_TP53_REGULATES_TRANSCRIPTION_OF_DEATH_RECEPTORS_AND_LIGANDS,ppgs:bmi,2.621840184257605e-4,0.005839879026140833,0.04489545369898176,0.964190956839275
bmi,alt_log_adj,REACTOME_TP53_REGULATES_TRANSCRIPTION_OF_DNA_REPAIR_GENES,ppgs,0.011242280364869708,0.005786094222820133,1.9429825944642565,0.052028148071568414
bmi,alt_log_adj,REACTOME_TP53_REGULATES_TRANSCRIPTION_OF_DNA_REPAIR_GENES,bmi,0.2882578972216001,0.005762455139925725,50.02345184856669,0
bmi,alt_log_adj,REACTOME_TP53_REGULATES_TRANSCRIPTION_OF_DNA_REPAIR_GENES,ppgs:bmi,0.006130111359884837,0.005850505395492063,1.0477917625045208,0.29474349180283443
bmi,alt_log_adj,REACTOME_TP53_REGULATES_TRANSCRIPTION_OF_GENES_INVOLVED_IN_CYTOCHROME_C_RELEASE,ppgs,-9.225257714554907e-4,0.005891354333899755,-0.1565897617373201,0.8755692870518097
bmi,alt_log_adj,REACTOME_TP53_REGULATES_TRANSCRIPTION_OF_GENES_INVOLVED_IN_CYTOCHROME_C_RELEASE,bmi,0.2884380784819338,0.005764154877797559,50.03995982011917,0
bmi,alt_log_adj,REACTOME_TP53_REGULATES_TRANSCRIPTION_OF_GENES_INVOLVED_IN_CYTOCHROME_C_RELEASE,ppgs:bmi,-3.8524029810253204e-4,0.0058670217576475055,-0.06566198558926113,0.9476474011951036
bmi,alt_log_adj,REACTOME_TP53_REGULATES_TRANSCRIPTION_OF_GENES_INVOLVED_IN_G1_CELL_CYCLE_ARREST,ppgs,2.1400028925945313e-5,0.005700379623130655,0.0037541410117862277,0.9970046622996596
bmi,alt_log_adj,REACTOME_TP53_REGULATES_TRANSCRIPTION_OF_GENES_INVOLVED_IN_G1_CELL_CYCLE_ARREST,bmi,0.2884087953467632,0.005761828718712053,50.055079632986995,0
bmi,alt_log_adj,REACTOME_TP53_REGULATES_TRANSCRIPTION_OF_GENES_INVOLVED_IN_G1_CELL_CYCLE_ARREST,ppgs:bmi,-6.900119387537857e-4,0.005631883261148968,-0.12251886389651753,0.9024889758067051
bmi,alt_log_adj,REACTOME_TP53_REGULATES_TRANSCRIPTION_OF_GENES_INVOLVED_IN_G2_CELL_CYCLE_ARREST,ppgs,0.007461685060309885,0.005797302791444628,1.287095970098624,0.19807134895912304
bmi,alt_log_adj,REACTOME_TP53_REGULATES_TRANSCRIPTION_OF_GENES_INVOLVED_IN_G2_CELL_CYCLE_ARREST,bmi,0.28834764244755773,0.0057626664160500005,50.03719140231001,0
bmi,alt_log_adj,REACTOME_TP53_REGULATES_TRANSCRIPTION_OF_GENES_INVOLVED_IN_G2_CELL_CYCLE_ARREST,ppgs:bmi,0.0031674126822257486,0.00581577755723532,0.5446241110589278,0.5860163524803079
bmi,alt_log_adj,REACTOME_TP53_REGULATES_TRANSCRIPTION_OF_SEVERAL_ADDITIONAL_CELL_DEATH_GENES_WHOSE_SPECIFIC_ROLES_IN_P53_DEPENDENT_APOPTOSIS_REMAIN_UNCERTAIN,ppgs,0.007513624035079635,0.0058569835122809465,1.282848759830899,0.19955555593778448
bmi,alt_log_adj,REACTOME_TP53_REGULATES_TRANSCRIPTION_OF_SEVERAL_ADDITIONAL_CELL_DEATH_GENES_WHOSE_SPECIFIC_ROLES_IN_P53_DEPENDENT_APOPTOSIS_REMAIN_UNCERTAIN,bmi,0.2884158495608741,0.005762213002986268,50.05296565944413,0
bmi,alt_log_adj,REACTOME_TP53_REGULATES_TRANSCRIPTION_OF_SEVERAL_ADDITIONAL_CELL_DEATH_GENES_WHOSE_SPECIFIC_ROLES_IN_P53_DEPENDENT_APOPTOSIS_REMAIN_UNCERTAIN,ppgs:bmi,-0.0045238604009245065,0.005829217718890837,-0.7760664670773852,0.43771621627835045
bmi,alt_log_adj,REACTOME_TRAF3_DEPENDENT_IRF_ACTIVATION_PATHWAY,ppgs,0.0016639631918089462,0.005716583091641362,0.2910765338549788,0.770994916070724
bmi,alt_log_adj,REACTOME_TRAF3_DEPENDENT_IRF_ACTIVATION_PATHWAY,bmi,0.28833427319968513,0.005761807623059512,50.0423290853609,0
bmi,alt_log_adj,REACTOME_TRAF3_DEPENDENT_IRF_ACTIVATION_PATHWAY,ppgs:bmi,0.007016537901365622,0.005655456931268145,1.2406668438357777,0.21473911517004365
bmi,alt_log_adj,REACTOME_TRAF6_MEDIATED_INDUCTION_OF_TAK1_COMPLEX_WITHIN_TLR4_COMPLEX,ppgs,-0.01441299452801702,0.0058306019128765065,-2.4719565395447174,0.013443412121604107
bmi,alt_log_adj,REACTOME_TRAF6_MEDIATED_INDUCTION_OF_TAK1_COMPLEX_WITHIN_TLR4_COMPLEX,bmi,0.2884569898912559,0.005761231457565213,50.06863411336756,0
bmi,alt_log_adj,REACTOME_TRAF6_MEDIATED_INDUCTION_OF_TAK1_COMPLEX_WITHIN_TLR4_COMPLEX,ppgs:bmi,-0.0019101687837372603,0.005850467964303005,-0.3264984605320932,0.7440496642069027
bmi,alt_log_adj,REACTOME_TRAF6_MEDIATED_IRF7_ACTIVATION,ppgs,0.003171964572693742,0.00569542997824315,0.5569315371817085,0.5775786030577499
bmi,alt_log_adj,REACTOME_TRAF6_MEDIATED_IRF7_ACTIVATION,bmi,0.2883849023891223,0.005761280429931485,50.05569610721967,0
bmi,alt_log_adj,REACTOME_TRAF6_MEDIATED_IRF7_ACTIVATION,ppgs:bmi,0.01013869860735334,0.005660991964960586,1.790975622312852,0.07330787207072802
bmi,alt_log_adj,REACTOME_TRAF6_MEDIATED_IRF7_ACTIVATION_IN_TLR7_8_OR_9_SIGNALING,ppgs,0.0033172402467967405,0.005893331280889074,0.5628803284067714,0.5735208277479589
bmi,alt_log_adj,REACTOME_TRAF6_MEDIATED_IRF7_ACTIVATION_IN_TLR7_8_OR_9_SIGNALING,bmi,0.288371384071495,0.00576197714622335,50.04729743860683,0
bmi,alt_log_adj,REACTOME_TRAF6_MEDIATED_IRF7_ACTIVATION_IN_TLR7_8_OR_9_SIGNALING,ppgs:bmi,-0.004601456866941568,0.005855548189446172,-0.7858285369822534,0.43197451382686125
bmi,alt_log_adj,REACTOME_TRAF6_MEDIATED_NF_KB_ACTIVATION,ppgs,0.031211923700255505,0.005793120941933099,5.387756273881698,7.191076202918121e-8
bmi,alt_log_adj,REACTOME_TRAF6_MEDIATED_NF_KB_ACTIVATION,bmi,0.2882003066615505,0.005758792372578618,50.045267829738215,0
bmi,alt_log_adj,REACTOME_TRAF6_MEDIATED_NF_KB_ACTIVATION,ppgs:bmi,0.009710412663943424,0.005890995452645469,1.6483483550446079,0.09929228895533626
bmi,alt_log_adj,REACTOME_TRAFFICKING_AND_PROCESSING_OF_ENDOSOMAL_TLR,ppgs,0.007591456989280894,0.005734030806152547,1.3239302762613956,0.18553687721300358
bmi,alt_log_adj,REACTOME_TRAFFICKING_AND_PROCESSING_OF_ENDOSOMAL_TLR,bmi,0.28835080591693524,0.005761620972230934,50.04681968957845,0
bmi,alt_log_adj,REACTOME_TRAFFICKING_AND_PROCESSING_OF_ENDOSOMAL_TLR,ppgs:bmi,-0.001215153234753143,0.005762266280922631,-0.21088113174779863,0.8329815434998142
bmi,alt_log_adj,REACTOME_TRAFFICKING_OF_AMPA_RECEPTORS,ppgs,0.007779463849711662,0.005718449523515335,1.3604148847901953,0.1737094876533597
bmi,alt_log_adj,REACTOME_TRAFFICKING_OF_AMPA_RECEPTORS,bmi,0.288231657143143,0.005761888509904966,50.02381713003624,0
bmi,alt_log_adj,REACTOME_TRAFFICKING_OF_AMPA_RECEPTORS,ppgs:bmi,0.009236220067901977,0.005794737018540731,1.5938980558306515,0.1109700184845972
bmi,alt_log_adj,REACTOME_TRAFFICKING_OF_GLUR2_CONTAINING_AMPA_RECEPTORS,ppgs,0.00828106560900971,0.005731052109916197,1.4449468352732882,0.14848387272050373
bmi,alt_log_adj,REACTOME_TRAFFICKING_OF_GLUR2_CONTAINING_AMPA_RECEPTORS,bmi,0.28830627635425515,0.005761699543666213,50.038408662108694,0
bmi,alt_log_adj,REACTOME_TRAFFICKING_OF_GLUR2_CONTAINING_AMPA_RECEPTORS,ppgs:bmi,0.006384803415929054,0.005783846668131886,1.1039026070847189,0.26964475801393906
bmi,alt_log_adj,REACTOME_TRAFFICKING_OF_MYRISTOYLATED_PROTEINS_TO_THE_CILIUM,ppgs,0.008517775348918183,0.005745503357346936,1.4825115954420713,0.13821533672624067
bmi,alt_log_adj,REACTOME_TRAFFICKING_OF_MYRISTOYLATED_PROTEINS_TO_THE_CILIUM,bmi,0.28840393786052504,0.005761054313868104,50.06096491162639,0
bmi,alt_log_adj,REACTOME_TRAFFICKING_OF_MYRISTOYLATED_PROTEINS_TO_THE_CILIUM,ppgs:bmi,0.010130736930469552,0.005698939665256288,1.7776529539752481,0.07547158878145828
bmi,alt_log_adj,REACTOME_TRAIL_SIGNALING,ppgs,0.01075570337382548,0.0057379667279170155,1.8744799131538346,0.06087458322576791
bmi,alt_log_adj,REACTOME_TRAIL_SIGNALING,bmi,0.28832082870727993,0.005761461526648759,50.04300165395465,0
bmi,alt_log_adj,REACTOME_TRAIL_SIGNALING,ppgs:bmi,8.450314022081327e-4,0.005815544199521047,0.14530564521850375,0.8844705908559933
bmi,alt_log_adj,REACTOME_TRANSCRIPTIONAL_ACTIVATION_OF_MITOCHONDRIAL_BIOGENESIS,ppgs,-5.434126353689587e-4,0.005740157712645179,-0.09466858970997563,0.9245787367741245
bmi,alt_log_adj,REACTOME_TRANSCRIPTIONAL_ACTIVATION_OF_MITOCHONDRIAL_BIOGENESIS,bmi,0.28841508580418496,0.005761582848928293,50.058307476708904,0
bmi,alt_log_adj,REACTOME_TRANSCRIPTIONAL_ACTIVATION_OF_MITOCHONDRIAL_BIOGENESIS,ppgs:bmi,-0.002685810411091038,0.00576380206171507,-0.4659789462464385,0.6412341509056338
bmi,alt_log_adj,REACTOME_TRANSCRIPTIONAL_ACTIVITY_OF_SMAD2_SMAD3_SMAD4_HETEROTRIMER,ppgs,0.020687645695067307,0.005765277654001838,3.5883173260020604,3.333797979140809e-4
bmi,alt_log_adj,REACTOME_TRANSCRIPTIONAL_ACTIVITY_OF_SMAD2_SMAD3_SMAD4_HETEROTRIMER,bmi,0.28827903275249367,0.0057602547546407945,50.046229729724956,0
bmi,alt_log_adj,REACTOME_TRANSCRIPTIONAL_ACTIVITY_OF_SMAD2_SMAD3_SMAD4_HETEROTRIMER,ppgs:bmi,-0.007573854904090731,0.005763525890589183,-1.314100959702028,0.18882286439838347
bmi,alt_log_adj,REACTOME_TRANSCRIPTIONAL_AND_POST_TRANSLATIONAL_REGULATION_OF_MITF_M_EXPRESSION_AND_ACTIVITY,ppgs,0.004810822341060375,0.005798387192300545,0.8296828379188752,0.4067251136482495
bmi,alt_log_adj,REACTOME_TRANSCRIPTIONAL_AND_POST_TRANSLATIONAL_REGULATION_OF_MITF_M_EXPRESSION_AND_ACTIVITY,bmi,0.28840409975506526,0.005761541421844083,50.05676061993084,0
bmi,alt_log_adj,REACTOME_TRANSCRIPTIONAL_AND_POST_TRANSLATIONAL_REGULATION_OF_MITF_M_EXPRESSION_AND_ACTIVITY,ppgs:bmi,0.003435085403438033,0.005761720733376645,0.5961908885203654,0.5510524721446763
bmi,alt_log_adj,REACTOME_TRANSCRIPTIONAL_REGULATION_BY_E2F6,ppgs,8.663536076837301e-4,0.005714931448503896,0.1515947506090439,0.879507652702957
bmi,alt_log_adj,REACTOME_TRANSCRIPTIONAL_REGULATION_BY_E2F6,bmi,0.28839842638110313,0.005762036620137817,50.051474052277925,0
bmi,alt_log_adj,REACTOME_TRANSCRIPTIONAL_REGULATION_BY_E2F6,ppgs:bmi,0.0017368843184518827,0.00570348513080458,0.3045303491843878,0.7607261101459551
bmi,alt_log_adj,REACTOME_TRANSCRIPTIONAL_REGULATION_BY_MECP2,ppgs,-5.855952906093472e-4,0.005972497029587588,-0.09804865330335437,0.9218943529169605
bmi,alt_log_adj,REACTOME_TRANSCRIPTIONAL_REGULATION_BY_MECP2,bmi,0.28841884956647224,0.005761679904586315,50.05811748356411,0
bmi,alt_log_adj,REACTOME_TRANSCRIPTIONAL_REGULATION_BY_MECP2,ppgs:bmi,-7.373056508957709e-4,0.006002642474826121,-0.12283017920655495,0.9022424463961233
bmi,alt_log_adj,REACTOME_TRANSCRIPTIONAL_REGULATION_BY_NPAS4,ppgs,-0.0023208554685908195,0.00590981501715424,-0.3927120327546874,0.6945351351686928
bmi,alt_log_adj,REACTOME_TRANSCRIPTIONAL_REGULATION_BY_NPAS4,bmi,0.28838337497434813,0.00576193016690781,50.04978655079945,0
bmi,alt_log_adj,REACTOME_TRANSCRIPTIONAL_REGULATION_BY_NPAS4,ppgs:bmi,-0.004273014674903491,0.005888535855624893,-0.7256497675600954,0.46805949381704337
bmi,alt_log_adj,REACTOME_TRANSCRIPTIONAL_REGULATION_BY_RUNX1,ppgs,0.007984115241383722,0.006893164379890347,1.1582656094312855,0.24676541892472906
bmi,alt_log_adj,REACTOME_TRANSCRIPTIONAL_REGULATION_BY_RUNX1,bmi,0.28841493231470045,0.005761457263908761,50.05937197892713,0
bmi,alt_log_adj,REACTOME_TRANSCRIPTIONAL_REGULATION_BY_RUNX1,ppgs:bmi,0.0018969872164364048,0.006945645815503795,0.2731189102965811,0.7847638003818371
bmi,alt_log_adj,REACTOME_TRANSCRIPTIONAL_REGULATION_BY_RUNX2,ppgs,-0.00531915513866336,0.006470863372802909,-0.8220162955409958,0.41107453617878986
bmi,alt_log_adj,REACTOME_TRANSCRIPTIONAL_REGULATION_BY_RUNX2,bmi,0.28840378647229237,0.005761545188712539,50.056673518295945,0
bmi,alt_log_adj,REACTOME_TRANSCRIPTIONAL_REGULATION_BY_RUNX2,ppgs:bmi,-0.0010091922979921057,0.006530387554163119,-0.15453788762486936,0.87718674016615
bmi,alt_log_adj,REACTOME_TRANSCRIPTIONAL_REGULATION_BY_RUNX3,ppgs,0.0037435931507120257,0.006345842406053709,0.5899284777606154,0.5552433028736572
bmi,alt_log_adj,REACTOME_TRANSCRIPTIONAL_REGULATION_BY_RUNX3,bmi,0.2883479529948985,0.005761516521862677,50.04723181834714,0
bmi,alt_log_adj,REACTOME_TRANSCRIPTIONAL_REGULATION_BY_RUNX3,ppgs:bmi,0.009215211016426505,0.006417745678163422,1.4358953250175597,0.1510431631517981
bmi,alt_log_adj,REACTOME_TRANSCRIPTIONAL_REGULATION_BY_SMALL_RNAS,ppgs,0.0030780928111237677,0.0060304728103043725,0.5104231306480941,0.6097590296732819
bmi,alt_log_adj,REACTOME_TRANSCRIPTIONAL_REGULATION_BY_SMALL_RNAS,bmi,0.28843624803326157,0.005763649104841632,50.04403335223284,0
bmi,alt_log_adj,REACTOME_TRANSCRIPTIONAL_REGULATION_BY_SMALL_RNAS,ppgs:bmi,3.018537882561837e-4,0.0060224831531185755,0.05012115112349914,0.9600261978790603
bmi,alt_log_adj,REACTOME_TRANSCRIPTIONAL_REGULATION_BY_THE_AP_2_TFAP2_FAMILY_OF_TRANSCRIPTION_FACTORS,ppgs,0.010092497142081458,0.005934240283380229,1.7007226974524574,0.08900603888876057
bmi,alt_log_adj,REACTOME_TRANSCRIPTIONAL_REGULATION_BY_THE_AP_2_TFAP2_FAMILY_OF_TRANSCRIPTION_FACTORS,bmi,0.28834699188758334,0.005760946153780181,50.05201996175188,0
bmi,alt_log_adj,REACTOME_TRANSCRIPTIONAL_REGULATION_BY_THE_AP_2_TFAP2_FAMILY_OF_TRANSCRIPTION_FACTORS,ppgs:bmi,0.012429553486014398,0.005920095818703826,2.0995527549984456,0.03577701969365027
bmi,alt_log_adj,REACTOME_TRANSCRIPTIONAL_REGULATION_BY_TP53,ppgs,0.017724122782455623,0.006782487230882519,2.613218746915268,0.008974123295738302
bmi,alt_log_adj,REACTOME_TRANSCRIPTIONAL_REGULATION_BY_TP53,bmi,0.2882257612106604,0.005762777268851993,50.015079147433035,0
bmi,alt_log_adj,REACTOME_TRANSCRIPTIONAL_REGULATION_BY_TP53,ppgs:bmi,0.004883976950059372,0.006688520831025588,0.7302028465553101,0.4652722369659815
bmi,alt_log_adj,REACTOME_TRANSCRIPTIONAL_REGULATION_BY_VENTX,ppgs,0.008991376800501268,0.005761446303285794,1.5606110561810533,0.11862671141177797
bmi,alt_log_adj,REACTOME_TRANSCRIPTIONAL_REGULATION_BY_VENTX,bmi,0.2883193607258051,0.005762140764458329,50.0368478507499,0
bmi,alt_log_adj,REACTOME_TRANSCRIPTIONAL_REGULATION_BY_VENTX,ppgs:bmi,0.0017013596226084491,0.005744684786478983,0.2961623980854208,0.767108232797441
bmi,alt_log_adj,REACTOME_TRANSCRIPTIONAL_REGULATION_OF_BROWN_AND_BEIGE_ADIPOCYTE_DIFFERENTIATION,ppgs,0.012174901600692746,0.005867711565404849,2.0748977629497243,0.03800501029529694
bmi,alt_log_adj,REACTOME_TRANSCRIPTIONAL_REGULATION_OF_BROWN_AND_BEIGE_ADIPOCYTE_DIFFERENTIATION,bmi,0.288756215456183,0.005762961566170647,50.10552510903777,0
bmi,alt_log_adj,REACTOME_TRANSCRIPTIONAL_REGULATION_OF_BROWN_AND_BEIGE_ADIPOCYTE_DIFFERENTIATION,ppgs:bmi,0.009094276684032808,0.005867243541817158,1.5500083845533021,0.12115066677236375
bmi,alt_log_adj,REACTOME_TRANSCRIPTIONAL_REGULATION_OF_GRANULOPOIESIS,ppgs,0.008202486426241084,0.00592548754986572,1.3842719872775642,0.16628608480832993
bmi,alt_log_adj,REACTOME_TRANSCRIPTIONAL_REGULATION_OF_GRANULOPOIESIS,bmi,0.2883600886592978,0.005762414700704479,50.04153703551474,0
bmi,alt_log_adj,REACTOME_TRANSCRIPTIONAL_REGULATION_OF_GRANULOPOIESIS,ppgs:bmi,0.0029603752612261704,0.005891959723532028,0.5024432277435065,0.615359680856006
bmi,alt_log_adj,REACTOME_TRANSCRIPTIONAL_REGULATION_OF_PLURIPOTENT_STEM_CELLS,ppgs,0.010307980583666911,0.006020151062371989,1.712246167391933,0.08686224932020757
bmi,alt_log_adj,REACTOME_TRANSCRIPTIONAL_REGULATION_OF_PLURIPOTENT_STEM_CELLS,bmi,0.2886059316339726,0.005762475286395044,50.083673645483344,0
bmi,alt_log_adj,REACTOME_TRANSCRIPTIONAL_REGULATION_OF_PLURIPOTENT_STEM_CELLS,ppgs:bmi,-0.011518245402165499,0.006049174193797413,-1.90410211925718,0.05690699994346459
bmi,alt_log_adj,REACTOME_TRANSCRIPTIONAL_REGULATION_OF_TESTIS_DIFFERENTIATION,ppgs,-0.0066748034442788715,0.006257145334431523,-1.066748986562463,0.2860942847170253
bmi,alt_log_adj,REACTOME_TRANSCRIPTIONAL_REGULATION_OF_TESTIS_DIFFERENTIATION,bmi,0.28860201835667953,0.005761676767487439,50.08993562173283,0
bmi,alt_log_adj,REACTOME_TRANSCRIPTIONAL_REGULATION_OF_TESTIS_DIFFERENTIATION,ppgs:bmi,-0.012299975633675945,0.0061977240771580525,-1.9845955516167575,0.04719911224059449
bmi,alt_log_adj,REACTOME_TRANSCRIPTIONAL_REGULATION_OF_WHITE_ADIPOCYTE_DIFFERENTIATION,ppgs,0.010839944067138852,0.00587714482177747,1.8444235076481312,0.06513187074271491
bmi,alt_log_adj,REACTOME_TRANSCRIPTIONAL_REGULATION_OF_WHITE_ADIPOCYTE_DIFFERENTIATION,bmi,0.28847868611834787,0.005761492892336912,50.07012791806785,0
bmi,alt_log_adj,REACTOME_TRANSCRIPTIONAL_REGULATION_OF_WHITE_ADIPOCYTE_DIFFERENTIATION,ppgs:bmi,-0.0018244803722705465,0.005818158073225728,-0.3135838437711972,0.7538394390652489
bmi,alt_log_adj,REACTOME_TRANSCRIPTION_COUPLED_NUCLEOTIDE_EXCISION_REPAIR_TC_NER,ppgs,0.0075668852299874655,0.0057197326334855626,1.3229438707830408,0.18586471557299503
bmi,alt_log_adj,REACTOME_TRANSCRIPTION_COUPLED_NUCLEOTIDE_EXCISION_REPAIR_TC_NER,bmi,0.288443661988973,0.005761579367123642,50.06329751089985,0
bmi,alt_log_adj,REACTOME_TRANSCRIPTION_COUPLED_NUCLEOTIDE_EXCISION_REPAIR_TC_NER,ppgs:bmi,-0.0023370394931892945,0.005675178438503536,-0.411800178358011,0.680489004138913
bmi,alt_log_adj,REACTOME_TRANSCRIPTION_OF_E2F_TARGETS_UNDER_NEGATIVE_CONTROL_BY_DREAM_COMPLEX,ppgs,0.0020794349447371668,0.005756859197053048,0.361209971194299,0.7179451805071692
bmi,alt_log_adj,REACTOME_TRANSCRIPTION_OF_E2F_TARGETS_UNDER_NEGATIVE_CONTROL_BY_DREAM_COMPLEX,bmi,0.2883752280883078,0.005762065783190672,50.04719469353638,0
bmi,alt_log_adj,REACTOME_TRANSCRIPTION_OF_E2F_TARGETS_UNDER_NEGATIVE_CONTROL_BY_DREAM_COMPLEX,ppgs:bmi,-0.0034829047650112507,0.005778052633034641,-0.6027817651051794,0.5466587009593314
bmi,alt_log_adj,REACTOME_TRANSCRIPTION_OF_E2F_TARGETS_UNDER_NEGATIVE_CONTROL_BY_P107_RBL1_AND_P130_RBL2_IN_COMPLEX_WITH_HDAC1,ppgs,0.0051800398832612575,0.005720759760728814,0.9054811073907656,0.3652182598476823
bmi,alt_log_adj,REACTOME_TRANSCRIPTION_OF_E2F_TARGETS_UNDER_NEGATIVE_CONTROL_BY_P107_RBL1_AND_P130_RBL2_IN_COMPLEX_WITH_HDAC1,bmi,0.2884397329259464,0.005761712940065031,50.06145497465392,0
bmi,alt_log_adj,REACTOME_TRANSCRIPTION_OF_E2F_TARGETS_UNDER_NEGATIVE_CONTROL_BY_P107_RBL1_AND_P130_RBL2_IN_COMPLEX_WITH_HDAC1,ppgs:bmi,-0.001103737431232549,0.00574377789557576,-0.19216227564835353,0.8476164712633147
bmi,alt_log_adj,REACTOME_TRANSCRIPTION_OF_THE_HIV_GENOME,ppgs,0.00888778054417245,0.005851650313355645,1.5188502504818555,0.12881134594697957
bmi,alt_log_adj,REACTOME_TRANSCRIPTION_OF_THE_HIV_GENOME,bmi,0.288314792696176,0.0057615736871033316,50.04097983534219,0
bmi,alt_log_adj,REACTOME_TRANSCRIPTION_OF_THE_HIV_GENOME,ppgs:bmi,0.007613318534487425,0.005882546672637278,1.294221526520282,0.19559945623457486
bmi,alt_log_adj,REACTOME_TRANSFERRIN_ENDOCYTOSIS_AND_RECYCLING,ppgs,0.002442509380082778,0.005865217653394301,0.4164396829620221,0.6770914484584933
bmi,alt_log_adj,REACTOME_TRANSFERRIN_ENDOCYTOSIS_AND_RECYCLING,bmi,0.2884181686906118,0.005765966123409311,50.02078793346697,0
bmi,alt_log_adj,REACTOME_TRANSFERRIN_ENDOCYTOSIS_AND_RECYCLING,ppgs:bmi,-7.403571780073732e-4,0.005838094549271827,-0.1268148660079026,0.899087828783782
bmi,alt_log_adj,REACTOME_TRANSLATION,ppgs,0.024373051813464008,0.006102970431044506,3.9936375391044834,6.523134657399539e-5
bmi,alt_log_adj,REACTOME_TRANSLATION,bmi,0.2885231814455959,0.005760111826138987,50.08985765455069,0
bmi,alt_log_adj,REACTOME_TRANSLATION,ppgs:bmi,0.006516176725277365,0.006109258411489129,1.066606826292203,0.2861585002664356
bmi,alt_log_adj,REACTOME_TRANSLATION_OF_REPLICASE_AND_ASSEMBLY_OF_THE_REPLICATION_TRANSCRIPTION_COMPLEX,ppgs,4.0387719221402375e-4,0.0057119288591308635,0.07070767199216804,0.9436309135287799
bmi,alt_log_adj,REACTOME_TRANSLATION_OF_REPLICASE_AND_ASSEMBLY_OF_THE_REPLICATION_TRANSCRIPTION_COMPLEX,bmi,0.28863054083299045,0.005762221672675801,50.09014877051045,0
bmi,alt_log_adj,REACTOME_TRANSLATION_OF_REPLICASE_AND_ASSEMBLY_OF_THE_REPLICATION_TRANSCRIPTION_COMPLEX,ppgs:bmi,-0.011547911673537635,0.005709730102879247,-2.0224969421434413,0.04313440992734838
bmi,alt_log_adj,REACTOME_TRANSLATION_OF_SARS_COV_1_STRUCTURAL_PROTEINS,ppgs,2.070430497758264e-4,0.005710202555579607,0.036258442281266984,0.971076541688784
bmi,alt_log_adj,REACTOME_TRANSLATION_OF_SARS_COV_1_STRUCTURAL_PROTEINS,bmi,0.2885201465145953,0.005762605518603331,50.06765526169892,0
bmi,alt_log_adj,REACTOME_TRANSLATION_OF_SARS_COV_1_STRUCTURAL_PROTEINS,ppgs:bmi,-0.005418796836908854,0.005678667967030649,-0.9542373085324655,0.3399716701604062
bmi,alt_log_adj,REACTOME_TRANSLATION_OF_SARS_COV_2_STRUCTURAL_PROTEINS,ppgs,0.005331288561281798,0.005717688874657954,0.9324201925206587,0.35112735442498855
bmi,alt_log_adj,REACTOME_TRANSLATION_OF_SARS_COV_2_STRUCTURAL_PROTEINS,bmi,0.2885655304585273,0.0057621418047628815,50.07956073208825,0
bmi,alt_log_adj,REACTOME_TRANSLATION_OF_SARS_COV_2_STRUCTURAL_PROTEINS,ppgs:bmi,-0.0076699284011146,0.005660845729921922,-1.354908571447749,0.17545748537834555
bmi,alt_log_adj,REACTOME_TRANSLESION_SYNTHESIS_BY_POLH,ppgs,0.01691384704468905,0.005745337332592024,2.9439258420459575,0.003243404898612141
bmi,alt_log_adj,REACTOME_TRANSLESION_SYNTHESIS_BY_POLH,bmi,0.28848252318272777,0.005760632443982912,50.078272826459035,0
bmi,alt_log_adj,REACTOME_TRANSLESION_SYNTHESIS_BY_POLH,ppgs:bmi,0.010379277089208386,0.005711010339386083,1.8174152159430563,0.06916411193593462
bmi,alt_log_adj,REACTOME_TRANSLESION_SYNTHESIS_BY_POLK,ppgs,-0.0038199640874199206,0.00568416598324694,-0.6720359853457094,0.5015662645098189
bmi,alt_log_adj,REACTOME_TRANSLESION_SYNTHESIS_BY_POLK,bmi,0.288309079944226,0.005761626361872229,50.039530826247564,0
bmi,alt_log_adj,REACTOME_TRANSLESION_SYNTHESIS_BY_POLK,ppgs:bmi,0.011124145633617584,0.005784159123222841,1.9232087839622551,0.054463839157986284
bmi,alt_log_adj,REACTOME_TRANSLESION_SYNTHESIS_BY_Y_FAMILY_DNA_POLYMERASES_BYPASSES_LESIONS_ON_DNA_TEMPLATE,ppgs,0.0049725441166191195,0.00590888422512396,0.8415369005668414,0.4000543204869238
bmi,alt_log_adj,REACTOME_TRANSLESION_SYNTHESIS_BY_Y_FAMILY_DNA_POLYMERASES_BYPASSES_LESIONS_ON_DNA_TEMPLATE,bmi,0.28836326361389514,0.005761438644806234,50.0505657339328,0
bmi,alt_log_adj,REACTOME_TRANSLESION_SYNTHESIS_BY_Y_FAMILY_DNA_POLYMERASES_BYPASSES_LESIONS_ON_DNA_TEMPLATE,ppgs:bmi,0.007958407460299823,0.005949086657654357,1.3377528212772267,0.18098775754445626
bmi,alt_log_adj,REACTOME_TRANSLOCATION_OF_SLC2A4_GLUT4_TO_THE_PLASMA_MEMBRANE,ppgs,0.01184166997139203,0.005769090869884812,2.052605902466651,0.040119974595867566
bmi,alt_log_adj,REACTOME_TRANSLOCATION_OF_SLC2A4_GLUT4_TO_THE_PLASMA_MEMBRANE,bmi,0.2884727901786553,0.005761111844781674,50.072416219440264,0
bmi,alt_log_adj,REACTOME_TRANSLOCATION_OF_SLC2A4_GLUT4_TO_THE_PLASMA_MEMBRANE,ppgs:bmi,0.006930280642962969,0.005728739591129771,1.2097391638631354,0.2263890847839085
bmi,alt_log_adj,REACTOME_TRANSMISSION_ACROSS_CHEMICAL_SYNAPSES,ppgs,0.0022725717929935104,0.006423667299131665,0.35378105483462863,0.7235056035552481
bmi,alt_log_adj,REACTOME_TRANSMISSION_ACROSS_CHEMICAL_SYNAPSES,bmi,0.2883785286762476,0.005761518723710571,50.0525195708336,0
bmi,alt_log_adj,REACTOME_TRANSMISSION_ACROSS_CHEMICAL_SYNAPSES,ppgs:bmi,0.008353575425764216,0.006508685670655459,1.2834504304650138,0.19934480681401603
bmi,alt_log_adj,REACTOME_TRANSPORT_AND_SYNTHESIS_OF_PAPS,ppgs,0.008422362453564397,0.005704269861116258,1.4765014030938994,0.13982044670455676
bmi,alt_log_adj,REACTOME_TRANSPORT_AND_SYNTHESIS_OF_PAPS,bmi,0.28832580263130847,0.00576179543564894,50.04096480888598,0
bmi,alt_log_adj,REACTOME_TRANSPORT_AND_SYNTHESIS_OF_PAPS,ppgs:bmi,0.005538410329353792,0.005772760344595321,0.9594041669405284,0.33736335922071015
bmi,alt_log_adj,REACTOME_TRANSPORT_OF_BILE_SALTS_AND_ORGANIC_ACIDS_METAL_IONS_AND_AMINE_COMPOUNDS,ppgs,-0.0017813862931743368,0.006338712548910909,-0.28103282479348385,0.77868727446341
bmi,alt_log_adj,REACTOME_TRANSPORT_OF_BILE_SALTS_AND_ORGANIC_ACIDS_METAL_IONS_AND_AMINE_COMPOUNDS,bmi,0.2883150704903952,0.005761355674460123,50.04292162840861,0
bmi,alt_log_adj,REACTOME_TRANSPORT_OF_BILE_SALTS_AND_ORGANIC_ACIDS_METAL_IONS_AND_AMINE_COMPOUNDS,ppgs:bmi,0.012983068853064068,0.006275167281351453,2.0689598015414123,0.03855890143988045
bmi,alt_log_adj,REACTOME_TRANSPORT_OF_CONNEXONS_TO_THE_PLASMA_MEMBRANE,ppgs,0.008199874187303498,0.005699918015454445,1.438595110503486,0.1502763125198926
bmi,alt_log_adj,REACTOME_TRANSPORT_OF_CONNEXONS_TO_THE_PLASMA_MEMBRANE,bmi,0.2887392339038083,0.005763250761339552,50.100064331869646,0
bmi,alt_log_adj,REACTOME_TRANSPORT_OF_CONNEXONS_TO_THE_PLASMA_MEMBRANE,ppgs:bmi,0.009548591159233125,0.005690825695020149,1.6778920443106837,0.09337919924657889
bmi,alt_log_adj,REACTOME_TRANSPORT_OF_FATTY_ACIDS,ppgs,9.143890002415705e-4,0.005882353469865584,0.1554461160700132,0.8764707373827131
bmi,alt_log_adj,REACTOME_TRANSPORT_OF_FATTY_ACIDS,bmi,0.28844468633815373,0.005761755004715495,50.061949198132666,0
bmi,alt_log_adj,REACTOME_TRANSPORT_OF_FATTY_ACIDS,ppgs:bmi,-0.0053479744803941005,0.005984457774477684,-0.8936439493652982,0.37152001011352265
bmi,alt_log_adj,REACTOME_TRANSPORT_OF_INORGANIC_CATIONS_ANIONS_AND_AMINO_ACIDS_OLIGOPEPTIDES,ppgs,0.0014765784067519636,0.006454420704541659,0.2287700901977102,0.8190492651248314
bmi,alt_log_adj,REACTOME_TRANSPORT_OF_INORGANIC_CATIONS_ANIONS_AND_AMINO_ACIDS_OLIGOPEPTIDES,bmi,0.2884355281860178,0.005761777272122012,50.060166258351316,0
bmi,alt_log_adj,REACTOME_TRANSPORT_OF_INORGANIC_CATIONS_ANIONS_AND_AMINO_ACIDS_OLIGOPEPTIDES,ppgs:bmi,0.0028087555923649735,0.00647311458518559,0.43391099530249455,0.6643563770567571
bmi,alt_log_adj,REACTOME_TRANSPORT_OF_MATURE_MRNAS_DERIVED_FROM_INTRONLESS_TRANSCRIPTS,ppgs,0.00426195541169101,0.0059901353931928756,0.7114956727913445,0.47678298587872037
bmi,alt_log_adj,REACTOME_TRANSPORT_OF_MATURE_MRNAS_DERIVED_FROM_INTRONLESS_TRANSCRIPTS,bmi,0.28837731187568477,0.005763204794590126,50.03766518003702,0
bmi,alt_log_adj,REACTOME_TRANSPORT_OF_MATURE_MRNAS_DERIVED_FROM_INTRONLESS_TRANSCRIPTS,ppgs:bmi,0.003370161350653378,0.005956093581810756,0.5658341838256998,0.5715109848876108
bmi,alt_log_adj,REACTOME_TRANSPORT_OF_MATURE_TRANSCRIPT_TO_CYTOPLASM,ppgs,0.006081301090700936,0.0060184337467481105,1.0104457981259318,0.3122903796034342
bmi,alt_log_adj,REACTOME_TRANSPORT_OF_MATURE_TRANSCRIPT_TO_CYTOPLASM,bmi,0.28849132299691577,0.0057620569695192424,50.06741941688682,0
bmi,alt_log_adj,REACTOME_TRANSPORT_OF_MATURE_TRANSCRIPT_TO_CYTOPLASM,ppgs:bmi,-0.0019508415072926096,0.005954066748548693,-0.32764857864049446,0.7431798067386095
bmi,alt_log_adj,REACTOME_TRANSPORT_OF_NUCLEOSIDES_AND_FREE_PURINE_AND_PYRIMIDINE_BASES_ACROSS_THE_PLASMA_MEMBRANE,ppgs,-0.0010980187323437111,0.005717597035176961,-0.19204199344379422,0.8477106870976691
bmi,alt_log_adj,REACTOME_TRANSPORT_OF_NUCLEOSIDES_AND_FREE_PURINE_AND_PYRIMIDINE_BASES_ACROSS_THE_PLASMA_MEMBRANE,bmi,0.28844367988670216,0.005762057202488192,50.0591489723749,0
bmi,alt_log_adj,REACTOME_TRANSPORT_OF_NUCLEOSIDES_AND_FREE_PURINE_AND_PYRIMIDINE_BASES_ACROSS_THE_PLASMA_MEMBRANE,ppgs:bmi,-0.0024337657083460446,0.00569786205238424,-0.4271366498470507,0.6692830439551143
bmi,alt_log_adj,REACTOME_TRANSPORT_OF_NUCLEOTIDE_SUGARS,ppgs,0.0018623743908623765,0.005691746589289831,0.32720613288841943,0.7435143986310431
bmi,alt_log_adj,REACTOME_TRANSPORT_OF_NUCLEOTIDE_SUGARS,bmi,0.2884227540283158,0.0057615426659573645,50.05998753293796,0
bmi,alt_log_adj,REACTOME_TRANSPORT_OF_NUCLEOTIDE_SUGARS,ppgs:bmi,0.007640614433420336,0.0057410810203357586,1.330866853534404,0.1832435294689181
bmi,alt_log_adj,REACTOME_TRANSPORT_OF_ORGANIC_ANIONS,ppgs,0.011246011939457966,0.005708690648123759,1.969980969831344,0.0488502703141931
bmi,alt_log_adj,REACTOME_TRANSPORT_OF_ORGANIC_ANIONS,bmi,0.28842475608105783,0.005761305231696225,50.06239809935234,0
bmi,alt_log_adj,REACTOME_TRANSPORT_OF_ORGANIC_ANIONS,ppgs:bmi,0.007033787130334073,0.0057669464403608105,1.2196726990746947,0.22259912223766481
bmi,alt_log_adj,REACTOME_TRANSPORT_OF_RCBL_WITHIN_THE_BODY,ppgs,0.00681830916514414,0.005741421484156861,1.1875646447415316,0.2350149242684949
bmi,alt_log_adj,REACTOME_TRANSPORT_OF_RCBL_WITHIN_THE_BODY,bmi,0.2883612630777678,0.005761660687775895,50.04828966925514,0
bmi,alt_log_adj,REACTOME_TRANSPORT_OF_RCBL_WITHIN_THE_BODY,ppgs:bmi,0.007229249702867453,0.005738443711517241,1.2597927358524257,0.20775451224210778
bmi,alt_log_adj,REACTOME_TRANSPORT_OF_SMALL_MOLECULES,ppgs,0.03998771105285376,0.008779741178044875,4.554543265221682,5.2717973629434935e-6
bmi,alt_log_adj,REACTOME_TRANSPORT_OF_SMALL_MOLECULES,bmi,0.28828080199007605,0.005761988634268106,50.0314770278428,0
bmi,alt_log_adj,REACTOME_TRANSPORT_OF_SMALL_MOLECULES,ppgs:bmi,-0.001765666875942302,0.008888815368998167,-0.19863916648561294,0.8425464381346688
bmi,alt_log_adj,REACTOME_TRANSPORT_OF_THE_SLBP_DEPENDANT_MATURE_MRNA,ppgs,0.004197793979776675,0.005927591693764578,0.7081786662520071,0.4788401353662186
bmi,alt_log_adj,REACTOME_TRANSPORT_OF_THE_SLBP_DEPENDANT_MATURE_MRNA,bmi,0.2884344562556969,0.005763505821994948,50.04496658179132,0
bmi,alt_log_adj,REACTOME_TRANSPORT_OF_THE_SLBP_DEPENDANT_MATURE_MRNA,ppgs:bmi,0.0013075543898826074,0.0058888988061315505,0.22203716398067078,0.824286552122112
bmi,alt_log_adj,REACTOME_TRANSPORT_OF_VITAMINS_NUCLEOSIDES_AND_RELATED_MOLECULES,ppgs,0.005872313083042713,0.005718891786486189,1.0268271025724005,0.30451064639077535
bmi,alt_log_adj,REACTOME_TRANSPORT_OF_VITAMINS_NUCLEOSIDES_AND_RELATED_MOLECULES,bmi,0.28847356944698543,0.005761765270289307,50.06687289649006,0
bmi,alt_log_adj,REACTOME_TRANSPORT_OF_VITAMINS_NUCLEOSIDES_AND_RELATED_MOLECULES,ppgs:bmi,0.001359777951388999,0.005814451718466275,0.23386176672005776,0.8150939846702645
bmi,alt_log_adj,REACTOME_TRANSPORT_TO_THE_GOLGI_AND_SUBSEQUENT_MODIFICATION,ppgs,5.563412327402223e-4,0.0061407596593899185,0.09059811222045035,0.9278125720871314
bmi,alt_log_adj,REACTOME_TRANSPORT_TO_THE_GOLGI_AND_SUBSEQUENT_MODIFICATION,bmi,0.28855017009043366,0.005762737282628377,50.0717204236016,0
bmi,alt_log_adj,REACTOME_TRANSPORT_TO_THE_GOLGI_AND_SUBSEQUENT_MODIFICATION,ppgs:bmi,-0.006845795321842642,0.006110247168725527,-1.1203794433851906,0.26256159268393076
bmi,alt_log_adj,REACTOME_TRANS_GOLGI_NETWORK_VESICLE_BUDDING,ppgs,0.0017214184016711804,0.005912861430111895,0.2911311929118901,0.7709531141372453
bmi,alt_log_adj,REACTOME_TRANS_GOLGI_NETWORK_VESICLE_BUDDING,bmi,0.2884199730395433,0.005761413724042353,50.060625196202814,0
bmi,alt_log_adj,REACTOME_TRANS_GOLGI_NETWORK_VESICLE_BUDDING,ppgs:bmi,0.008393495779317597,0.005969999053306129,1.405945914626127,0.1597511460832216
bmi,alt_log_adj,REACTOME_TRIF_MEDIATED_PROGRAMMED_CELL_DEATH,ppgs,0.004512991224565335,0.005723510720644177,0.7885005278818453,0.43041058361183704
bmi,alt_log_adj,REACTOME_TRIF_MEDIATED_PROGRAMMED_CELL_DEATH,bmi,0.28839026934073453,0.005760585092756544,50.062669797788644,0
bmi,alt_log_adj,REACTOME_TRIF_MEDIATED_PROGRAMMED_CELL_DEATH,ppgs:bmi,-0.017799474245774206,0.005779994762921809,-3.07949660438386,0.002075489677418098
bmi,alt_log_adj,REACTOME_TRIGLYCERIDE_BIOSYNTHESIS,ppgs,0.0171937075171758,0.005795834317395527,2.966562978788209,0.0030139983733198155
bmi,alt_log_adj,REACTOME_TRIGLYCERIDE_BIOSYNTHESIS,bmi,0.2883588424159415,0.005760706646946511,50.05615805289919,0
bmi,alt_log_adj,REACTOME_TRIGLYCERIDE_BIOSYNTHESIS,ppgs:bmi,-0.0032393903865673493,0.005822409261919159,-0.5563659716870529,0.577965087799363
bmi,alt_log_adj,REACTOME_TRIGLYCERIDE_CATABOLISM,ppgs,0.0028759179651503177,0.005861736963082426,0.4906255574521721,0.623695104347296
bmi,alt_log_adj,REACTOME_TRIGLYCERIDE_CATABOLISM,bmi,0.2884094423008073,0.005761575167178616,50.05739471104365,0
bmi,alt_log_adj,REACTOME_TRIGLYCERIDE_CATABOLISM,ppgs:bmi,0.0022777023281809294,0.005805239096128046,0.392352888565796,0.6948004402455963
bmi,alt_log_adj,REACTOME_TRIGLYCERIDE_METABOLISM,ppgs,0.01471767534849367,0.005945387101305885,2.4754780635328153,0.013311592403303436
bmi,alt_log_adj,REACTOME_TRIGLYCERIDE_METABOLISM,bmi,0.288381738152917,0.00576100257502759,50.05756105768377,0
bmi,alt_log_adj,REACTOME_TRIGLYCERIDE_METABOLISM,ppgs:bmi,-7.192090569719526e-4,0.0059475800333323985,-0.1209246538829648,0.9037515715248021
bmi,alt_log_adj,REACTOME_TRISTETRAPROLIN_TTP_ZFP36_BINDS_AND_DESTABILIZES_MRNA,ppgs,0.01026621316730095,0.005762672473374014,1.7815021094353705,0.07484116346380602
bmi,alt_log_adj,REACTOME_TRISTETRAPROLIN_TTP_ZFP36_BINDS_AND_DESTABILIZES_MRNA,bmi,0.2885054648836848,0.005761245653903228,50.07692471648438,0
bmi,alt_log_adj,REACTOME_TRISTETRAPROLIN_TTP_ZFP36_BINDS_AND_DESTABILIZES_MRNA,ppgs:bmi,0.008597800709891981,0.005753113314188627,1.4944605190875762,0.1350664243898531
bmi,alt_log_adj,REACTOME_TRNA_AMINOACYLATION,ppgs,-0.01169230028130429,0.0057290213525327165,-2.0408896322467527,0.04127104145380635
bmi,alt_log_adj,REACTOME_TRNA_AMINOACYLATION,bmi,0.28847169963668745,0.0057612539966714876,50.07099145487239,0
bmi,alt_log_adj,REACTOME_TRNA_AMINOACYLATION,ppgs:bmi,0.001821357592791272,0.005864158061994853,0.3105914904639674,0.7561134805506198
bmi,alt_log_adj,REACTOME_TRNA_MODIFICATION_IN_THE_MITOCHONDRION,ppgs,-0.002823517729836391,0.005744292213045814,-0.4915344876473943,0.6230522716075148
bmi,alt_log_adj,REACTOME_TRNA_MODIFICATION_IN_THE_MITOCHONDRION,bmi,0.28865893492845157,0.005761201114504009,50.10395040744948,0
bmi,alt_log_adj,REACTOME_TRNA_MODIFICATION_IN_THE_MITOCHONDRION,ppgs:bmi,-0.017859470214408365,0.005866436782709399,-3.044347169485736,0.0023339963061499614
bmi,alt_log_adj,REACTOME_TRNA_MODIFICATION_IN_THE_NUCLEUS_AND_CYTOSOL,ppgs,0.005219108790396068,0.0059079432337731256,0.8834053720355178,0.37702478084553537
bmi,alt_log_adj,REACTOME_TRNA_MODIFICATION_IN_THE_NUCLEUS_AND_CYTOSOL,bmi,0.28843428251981185,0.005761641547952266,50.061129301305414,0
bmi,alt_log_adj,REACTOME_TRNA_MODIFICATION_IN_THE_NUCLEUS_AND_CYTOSOL,ppgs:bmi,-0.002692549614565141,0.005969590923419978,-0.4510442422447567,0.6519611126542286
bmi,alt_log_adj,REACTOME_TRNA_PROCESSING,ppgs,0.004897585464110978,0.00620697923598538,0.7890449247384133,0.430092348786859
bmi,alt_log_adj,REACTOME_TRNA_PROCESSING,bmi,0.2885260737921992,0.005762663588298041,50.06817930133818,0
bmi,alt_log_adj,REACTOME_TRNA_PROCESSING,ppgs:bmi,-0.0053387036320916275,0.006193151115120568,-0.8620334839008194,0.38867638417149153
bmi,alt_log_adj,REACTOME_TRNA_PROCESSING_IN_THE_MITOCHONDRION,ppgs,0.0029434678751923426,0.005700173927296627,0.5163821161836576,0.6055915817899278
bmi,alt_log_adj,REACTOME_TRNA_PROCESSING_IN_THE_MITOCHONDRION,bmi,0.28853007828104954,0.005762538689058619,50.06995941370147,0
bmi,alt_log_adj,REACTOME_TRNA_PROCESSING_IN_THE_MITOCHONDRION,ppgs:bmi,-0.008374174755033839,0.005861794971369387,-1.428602466639588,0.15312954251508473
bmi,alt_log_adj,REACTOME_TRNA_PROCESSING_IN_THE_NUCLEUS,ppgs,0.0020690055355231394,0.005986143605871418,0.34563245918353624,0.7296215135196007
bmi,alt_log_adj,REACTOME_TRNA_PROCESSING_IN_THE_NUCLEUS,bmi,0.2885316741539418,0.005762930247180236,50.06683436696436,0
bmi,alt_log_adj,REACTOME_TRNA_PROCESSING_IN_THE_NUCLEUS,ppgs:bmi,-0.005265491404440179,0.005987005172551098,-0.8794866970519958,0.37914489796450057
bmi,alt_log_adj,REACTOME_TRP_CHANNELS,ppgs,0.0030507597613615724,0.005701045622534597,0.5351228464657071,0.5925691102200448
bmi,alt_log_adj,REACTOME_TRP_CHANNELS,bmi,0.28849247564337765,0.005761179234379088,50.07524742883129,0
bmi,alt_log_adj,REACTOME_TRP_CHANNELS,ppgs:bmi,-0.012407233486711555,0.00560830364585468,-2.212297027797743,0.026954089294626886
bmi,alt_log_adj,REACTOME_TRYPTOPHAN_CATABOLISM,ppgs,-0.005738909042965225,0.005686334405431079,-1.0092457871425802,0.31286538690566695
bmi,alt_log_adj,REACTOME_TRYPTOPHAN_CATABOLISM,bmi,0.2883995565723511,0.0057620300773558505,50.05172703032737,0
bmi,alt_log_adj,REACTOME_TRYPTOPHAN_CATABOLISM,ppgs:bmi,4.266947492750735e-4,0.005751883361050383,0.07418348434609988,0.9408649106417006
bmi,alt_log_adj,REACTOME_TURBULENT_OSCILLATORY_DISTURBED_FLOW_SHEAR_STRESS_ACTIVATES_SIGNALING_BY_PIEZO1_AND_INTEGRINS_IN_ENDOTHELIAL_CELLS,ppgs,0.03455922713460901,0.005796334538852163,5.962255439702883,2.517213926978776e-9
bmi,alt_log_adj,REACTOME_TURBULENT_OSCILLATORY_DISTURBED_FLOW_SHEAR_STRESS_ACTIVATES_SIGNALING_BY_PIEZO1_AND_INTEGRINS_IN_ENDOTHELIAL_CELLS,bmi,0.2882064142243604,0.005758447710021051,50.04932383475733,0
bmi,alt_log_adj,REACTOME_TURBULENT_OSCILLATORY_DISTURBED_FLOW_SHEAR_STRESS_ACTIVATES_SIGNALING_BY_PIEZO1_AND_INTEGRINS_IN_ENDOTHELIAL_CELLS,ppgs:bmi,0.007880324178275284,0.005872999544381502,1.3417886582017737,0.1796752781691246
bmi,alt_log_adj,REACTOME_TYPE_I_HEMIDESMOSOME_ASSEMBLY,ppgs,-2.1674507973799272e-4,0.005695142335685576,-0.03805788634638245,0.9696417967804025
bmi,alt_log_adj,REACTOME_TYPE_I_HEMIDESMOSOME_ASSEMBLY,bmi,0.28845036557356696,0.005762559171058656,50.055948583097134,0
bmi,alt_log_adj,REACTOME_TYPE_I_HEMIDESMOSOME_ASSEMBLY,ppgs:bmi,-0.0019161514353432181,0.005555933787312524,-0.3448837780822591,0.7301843051046921
bmi,alt_log_adj,REACTOME_TYROSINE_CATABOLISM,ppgs,0.009510386430398542,0.005822401502707975,1.6334130214096882,0.10239326549108982
bmi,alt_log_adj,REACTOME_TYROSINE_CATABOLISM,bmi,0.288787888800436,0.0057636269536216,50.10523601271156,0
bmi,alt_log_adj,REACTOME_TYROSINE_CATABOLISM,ppgs:bmi,0.011928583491084353,0.00588163936265028,2.028105219581043,0.04255884238679571
bmi,alt_log_adj,REACTOME_TYSND1_CLEAVES_PEROXISOMAL_PROTEINS,ppgs,-0.0023314809436798065,0.005698328648858906,-0.40915171576611103,0.6824314169745612
bmi,alt_log_adj,REACTOME_TYSND1_CLEAVES_PEROXISOMAL_PROTEINS,bmi,0.28842881453730157,0.005761624073164659,50.06033209988268,0
bmi,alt_log_adj,REACTOME_TYSND1_CLEAVES_PEROXISOMAL_PROTEINS,ppgs:bmi,-0.0022958207911542646,0.005832087861601306,-0.3936533271849415,0.693839964798286
bmi,alt_log_adj,REACTOME_UBIQUINOL_BIOSYNTHESIS,ppgs,0.012366451106734412,0.0057075981812023295,2.1666646309235045,0.030268738277934457
bmi,alt_log_adj,REACTOME_UBIQUINOL_BIOSYNTHESIS,bmi,0.2883511453735147,0.005761182123035606,50.05069085050561,0
bmi,alt_log_adj,REACTOME_UBIQUINOL_BIOSYNTHESIS,ppgs:bmi,0.002214113228704309,0.005810274877212101,0.3810685854791589,0.7031552127355332
bmi,alt_log_adj,REACTOME_UBIQUITIN_DEPENDENT_DEGRADATION_OF_CYCLIN_D,ppgs,-0.012948781479876154,0.005921581667948968,-2.186709937644272,0.028771850610775362
bmi,alt_log_adj,REACTOME_UBIQUITIN_DEPENDENT_DEGRADATION_OF_CYCLIN_D,bmi,0.2882730063245242,0.005762622932191408,50.02461721279061,0
bmi,alt_log_adj,REACTOME_UBIQUITIN_DEPENDENT_DEGRADATION_OF_CYCLIN_D,ppgs:bmi,-0.0012635027085715347,0.005990172096545072,-0.2109292835343212,0.8329439693315999
bmi,alt_log_adj,REACTOME_UB_SPECIFIC_PROCESSING_PROTEASES,ppgs,0.00657622684334206,0.0062926058843166535,1.045072099578378,0.29599855907406736
bmi,alt_log_adj,REACTOME_UB_SPECIFIC_PROCESSING_PROTEASES,bmi,0.2883877481055072,0.005762120938615535,50.048888452313214,0
bmi,alt_log_adj,REACTOME_UB_SPECIFIC_PROCESSING_PROTEASES,ppgs:bmi,-0.0016304100190256236,0.006303535603931172,-0.2586500848839222,0.7959071135216523
bmi,alt_log_adj,REACTOME_UCH_PROTEINASES,ppgs,-0.002731796738781841,0.005902282938769869,-0.46283730670342815,0.6434845407585061
bmi,alt_log_adj,REACTOME_UCH_PROTEINASES,bmi,0.28852913721883516,0.005761810482244747,50.07612418144426,0
bmi,alt_log_adj,REACTOME_UCH_PROTEINASES,ppgs:bmi,-0.011391906119082895,0.005939670293557078,-1.9179357701790292,0.05512919119781742
bmi,alt_log_adj,REACTOME_UNBLOCKING_OF_NMDA_RECEPTORS_GLUTAMATE_BINDING_AND_ACTIVATION,ppgs,-8.019188290419358e-5,0.006100096992748828,-0.013146001284818503,0.9895114031536268
bmi,alt_log_adj,REACTOME_UNBLOCKING_OF_NMDA_RECEPTORS_GLUTAMATE_BINDING_AND_ACTIVATION,bmi,0.2884087405725441,0.005761602785590285,50.05703296552336,0
bmi,alt_log_adj,REACTOME_UNBLOCKING_OF_NMDA_RECEPTORS_GLUTAMATE_BINDING_AND_ACTIVATION,ppgs:bmi,0.005175707392819141,0.006104992639659187,0.8477827408335871,0.3965661344306203
bmi,alt_log_adj,REACTOME_UNFOLDED_PROTEIN_RESPONSE_UPR,ppgs,0.012688478465605516,0.005937694389331373,2.1369369377453475,0.03261165493695402
bmi,alt_log_adj,REACTOME_UNFOLDED_PROTEIN_RESPONSE_UPR,bmi,0.28836213934679805,0.005762143327777657,50.044249672979504,0
bmi,alt_log_adj,REACTOME_UNFOLDED_PROTEIN_RESPONSE_UPR,ppgs:bmi,-6.69127313887141e-4,0.006000926749618315,-0.11150399626686003,0.9112174862288938
bmi,alt_log_adj,REACTOME_UNWINDING_OF_DNA,ppgs,-0.0014781769431672241,0.0057561563288587225,-0.25679930472984625,0.797335570475545
bmi,alt_log_adj,REACTOME_UNWINDING_OF_DNA,bmi,0.28852053129520655,0.005762242085258048,50.070879880827825,0
bmi,alt_log_adj,REACTOME_UNWINDING_OF_DNA,ppgs:bmi,-0.006249787745786637,0.005703995963450308,-1.0956858640562892,0.273225579399642
bmi,alt_log_adj,REACTOME_UPTAKE_AND_ACTIONS_OF_BACTERIAL_TOXINS,ppgs,9.210060313590453e-4,0.006051902807309275,0.1521845377699534,0.8790424720144251
bmi,alt_log_adj,REACTOME_UPTAKE_AND_ACTIONS_OF_BACTERIAL_TOXINS,bmi,0.28849370849495304,0.005761299261735373,50.07441818046703,0
bmi,alt_log_adj,REACTOME_UPTAKE_AND_ACTIONS_OF_BACTERIAL_TOXINS,ppgs:bmi,0.012611724064993758,0.006120770984179725,2.060479651597995,0.03936181279161743
bmi,alt_log_adj,REACTOME_UPTAKE_AND_FUNCTION_OF_ANTHRAX_TOXINS,ppgs,0.005716009549963123,0.005890157959227795,0.9704340001626198,0.33183848768208224
bmi,alt_log_adj,REACTOME_UPTAKE_AND_FUNCTION_OF_ANTHRAX_TOXINS,bmi,0.28846297755850575,0.005761437040125537,50.06788680488998,0
bmi,alt_log_adj,REACTOME_UPTAKE_AND_FUNCTION_OF_ANTHRAX_TOXINS,ppgs:bmi,0.009216107942852474,0.005995872285031783,1.5370754253488275,0.12428600082229305
bmi,alt_log_adj,REACTOME_UPTAKE_AND_FUNCTION_OF_DIPHTHERIA_TOXIN,ppgs,-0.005617070252350099,0.0057444943201157535,-0.9778180531366446,0.32817266481645946
bmi,alt_log_adj,REACTOME_UPTAKE_AND_FUNCTION_OF_DIPHTHERIA_TOXIN,bmi,0.28843201140255154,0.00576152731447782,50.06172767380046,0
bmi,alt_log_adj,REACTOME_UPTAKE_AND_FUNCTION_OF_DIPHTHERIA_TOXIN,ppgs:bmi,0.0014732517722371176,0.005776404301301739,0.25504651256926625,0.7986890251753194
bmi,alt_log_adj,REACTOME_UPTAKE_OF_DIETARY_COBALAMINS_INTO_ENTEROCYTES,ppgs,-8.265385159447622e-4,0.005683046105903808,-0.145439347234244,0.8843650343471768
bmi,alt_log_adj,REACTOME_UPTAKE_OF_DIETARY_COBALAMINS_INTO_ENTEROCYTES,bmi,0.2884299786333056,0.0057616721352174195,50.06011655372014,0
bmi,alt_log_adj,REACTOME_UPTAKE_OF_DIETARY_COBALAMINS_INTO_ENTEROCYTES,ppgs:bmi,-0.004925971244700937,0.005601107047169847,-0.8794638636999367,0.37915727292794377
bmi,alt_log_adj,REACTOME_UREA_CYCLE,ppgs,0.007814231567071088,0.005693906218360892,1.3723850143286298,0.1699544709029533
bmi,alt_log_adj,REACTOME_UREA_CYCLE,bmi,0.2882215317341139,0.005761481637140247,50.02559235390963,0
bmi,alt_log_adj,REACTOME_UREA_CYCLE,ppgs:bmi,0.012325278850060703,0.005842963584551778,2.109422499679363,0.03491687228940067
bmi,alt_log_adj,REACTOME_VASOPRESSIN_LIKE_RECEPTORS,ppgs,0.004599160774864147,0.005691511747731624,0.8080736680719603,0.4190549558076966
bmi,alt_log_adj,REACTOME_VASOPRESSIN_LIKE_RECEPTORS,bmi,0.28840139791023456,0.005761712348218459,50.05480671026717,0
bmi,alt_log_adj,REACTOME_VASOPRESSIN_LIKE_RECEPTORS,ppgs:bmi,0.0010736138658190082,0.005635186659212571,0.19051966345495092,0.8489033004250871
bmi,alt_log_adj,REACTOME_VASOPRESSIN_REGULATES_RENAL_WATER_HOMEOSTASIS_VIA_AQUAPORINS,ppgs,-0.004516471238751593,0.006042311772966422,-0.7474740477574314,0.4547836626642495
bmi,alt_log_adj,REACTOME_VASOPRESSIN_REGULATES_RENAL_WATER_HOMEOSTASIS_VIA_AQUAPORINS,bmi,0.28842926137072483,0.005761682209830034,50.05990453250515,0
bmi,alt_log_adj,REACTOME_VASOPRESSIN_REGULATES_RENAL_WATER_HOMEOSTASIS_VIA_AQUAPORINS,ppgs:bmi,5.796645011510444e-4,0.006015193136255491,0.09636673137845256,0.9232299948439726
bmi,alt_log_adj,REACTOME_VEGFR2_MEDIATED_CELL_PROLIFERATION,ppgs,-0.0014085211699285199,0.006172733967600785,-0.22818433085266807,0.8195045881131325
bmi,alt_log_adj,REACTOME_VEGFR2_MEDIATED_CELL_PROLIFERATION,bmi,0.2883749481773875,0.0057615067244699576,50.052002361225604,0
bmi,alt_log_adj,REACTOME_VEGFR2_MEDIATED_CELL_PROLIFERATION,ppgs:bmi,0.00796753291754481,0.006183387376413998,1.2885385360031432,0.19756907940466836
bmi,alt_log_adj,REACTOME_VEGFR2_MEDIATED_VASCULAR_PERMEABILITY,ppgs,0.0029592036601806763,0.005985209523823028,0.4944193930725581,0.6210138520390245
bmi,alt_log_adj,REACTOME_VEGFR2_MEDIATED_VASCULAR_PERMEABILITY,bmi,0.2884021506800614,0.0057615026524428055,50.05675916122029,0
bmi,alt_log_adj,REACTOME_VEGFR2_MEDIATED_VASCULAR_PERMEABILITY,ppgs:bmi,0.005758878211986846,0.00601894960655487,0.9567912324295262,0.3386807977825508
bmi,alt_log_adj,REACTOME_VEGF_LIGAND_RECEPTOR_INTERACTIONS,ppgs,0.008306861386698563,0.005655729288716554,1.4687515902274781,0.14191127494494984
bmi,alt_log_adj,REACTOME_VEGF_LIGAND_RECEPTOR_INTERACTIONS,bmi,0.288383458134621,0.00576124118886423,50.05578636284673,0
bmi,alt_log_adj,REACTOME_VEGF_LIGAND_RECEPTOR_INTERACTIONS,ppgs:bmi,-0.0073788698416368944,0.005832026820866891,-1.2652324943423487,0.2057983970417541
bmi,alt_log_adj,REACTOME_VESICLE_MEDIATED_TRANSPORT,ppgs,0.020810631845512635,0.007601611964620256,2.7376603728749056,0.006191653226525722
bmi,alt_log_adj,REACTOME_VESICLE_MEDIATED_TRANSPORT,bmi,0.28841991964904173,0.005761303968966735,50.06156960344667,0
bmi,alt_log_adj,REACTOME_VESICLE_MEDIATED_TRANSPORT,ppgs:bmi,0.006183416040982178,0.007608137867383577,0.8127371176448781,0.41637562058337374
bmi,alt_log_adj,REACTOME_VIF_MEDIATED_DEGRADATION_OF_APOBEC3G,ppgs,-0.0076519635937135335,0.006047460355817047,-1.2653185210801947,0.2057675700305726
bmi,alt_log_adj,REACTOME_VIF_MEDIATED_DEGRADATION_OF_APOBEC3G,bmi,0.28848191616618357,0.005761557438549695,50.07012760751032,0
bmi,alt_log_adj,REACTOME_VIF_MEDIATED_DEGRADATION_OF_APOBEC3G,ppgs:bmi,-0.004812555197176222,0.0060149634333392385,-0.8000971660944091,0.4236612075814802
bmi,alt_log_adj,REACTOME_VIRAL_INFECTION_PATHWAYS,ppgs,0.03938884141019612,0.007932101588552988,4.965751001857961,6.883292731418388e-7
bmi,alt_log_adj,REACTOME_VIRAL_INFECTION_PATHWAYS,bmi,0.28839567464790256,0.005763523354011859,50.038085548340284,0
bmi,alt_log_adj,REACTOME_VIRAL_INFECTION_PATHWAYS,ppgs:bmi,6.195860354342392e-4,0.007948076216422302,0.0779542141473243,0.9378650241056431
bmi,alt_log_adj,REACTOME_VIRAL_MESSENGER_RNA_SYNTHESIS,ppgs,3.417398226505362e-4,0.005957804966456263,0.057360021782284866,0.9542588128134355
bmi,alt_log_adj,REACTOME_VIRAL_MESSENGER_RNA_SYNTHESIS,bmi,0.28833157598407577,0.0057627893170083926,50.03333631043723,0
bmi,alt_log_adj,REACTOME_VIRAL_MESSENGER_RNA_SYNTHESIS,ppgs:bmi,0.005270368661126262,0.005982719197638635,0.8809319787574962,0.37836210618702115
bmi,alt_log_adj,REACTOME_VISUAL_PHOTOTRANSDUCTION,ppgs,0.017387148442558134,0.005704373805011346,3.048038055865722,0.002305528402056075
bmi,alt_log_adj,REACTOME_VISUAL_PHOTOTRANSDUCTION,bmi,0.28802608798438983,0.005760112703885133,50.00355076214384,0
bmi,alt_log_adj,REACTOME_VISUAL_PHOTOTRANSDUCTION,ppgs:bmi,0.021745139684276868,0.005721019977980617,3.800920075086397,1.4446129185339662e-4
bmi,alt_log_adj,REACTOME_VITAMINS,ppgs,-0.00516243676248869,0.005676504485514812,-0.9094393875072397,0.36312597073536257
bmi,alt_log_adj,REACTOME_VITAMINS,bmi,0.28843684326447827,0.005760993151760405,50.06720814732086,0
bmi,alt_log_adj,REACTOME_VITAMINS,ppgs:bmi,-0.013286741815619924,0.005721171286969055,-2.322381405689207,0.020219452605768778
bmi,alt_log_adj,REACTOME_VITAMIN_B1_THIAMIN_METABOLISM,ppgs,0.0011409759339831762,0.005895914493399757,0.19351975597007956,0.8465533219444313
bmi,alt_log_adj,REACTOME_VITAMIN_B1_THIAMIN_METABOLISM,bmi,0.2882890585695522,0.005762411949570004,50.029234475515864,0
bmi,alt_log_adj,REACTOME_VITAMIN_B1_THIAMIN_METABOLISM,ppgs:bmi,-0.0072668499047920275,0.005936496133731594,-1.2240974711499042,0.22092563311276636
bmi,alt_log_adj,REACTOME_VITAMIN_B2_RIBOFLAVIN_METABOLISM,ppgs,0.006109534152569049,0.00581922155193923,1.0498885629355483,0.29377830068598026
bmi,alt_log_adj,REACTOME_VITAMIN_B2_RIBOFLAVIN_METABOLISM,bmi,0.28841769459492006,0.0057614768763827005,50.05968101290045,0
bmi,alt_log_adj,REACTOME_VITAMIN_B2_RIBOFLAVIN_METABOLISM,ppgs:bmi,0.0015597515509483768,0.005712294400391373,0.27305167444477507,0.7848154827864734
bmi,alt_log_adj,REACTOME_VITAMIN_B5_PANTOTHENATE_METABOLISM,ppgs,1.4892645445402282e-4,0.0057356630652231864,0.025964993543118417,0.9792854429008688
bmi,alt_log_adj,REACTOME_VITAMIN_B5_PANTOTHENATE_METABOLISM,bmi,0.28840005628726034,0.005761608477955186,50.05547624256733,0
bmi,alt_log_adj,REACTOME_VITAMIN_B5_PANTOTHENATE_METABOLISM,ppgs:bmi,-0.0069619951931731575,0.005844595295966502,-1.191185161781484,0.23359087663051958
bmi,alt_log_adj,REACTOME_VITAMIN_C_ASCORBATE_METABOLISM,ppgs,0.0026187768927959485,0.00568806825184297,0.46039828933969773,0.6452338937807498
bmi,alt_log_adj,REACTOME_VITAMIN_C_ASCORBATE_METABOLISM,bmi,0.2884997447033387,0.00576205840651376,50.06886851011475,0
bmi,alt_log_adj,REACTOME_VITAMIN_C_ASCORBATE_METABOLISM,ppgs:bmi,0.0055227767414392955,0.00568455431827152,0.9715408512656423,0.3312873100360856
bmi,alt_log_adj,REACTOME_VITAMIN_D_CALCIFEROL_METABOLISM,ppgs,-0.010331530471882787,0.005711483096192435,-1.8089050248210155,0.07047634937116043
bmi,alt_log_adj,REACTOME_VITAMIN_D_CALCIFEROL_METABOLISM,bmi,0.2885979423380932,0.005762185729807701,50.08480390439002,0
bmi,alt_log_adj,REACTOME_VITAMIN_D_CALCIFEROL_METABOLISM,ppgs:bmi,0.007212173935411944,0.005729294670516393,1.258824052553383,0.20810425677049074
bmi,alt_log_adj,REACTOME_VLDLR_INTERNALISATION_AND_DEGRADATION,ppgs,0.0074244675297949645,0.006205574272129829,1.1964190910000656,0.2315430611389329
bmi,alt_log_adj,REACTOME_VLDLR_INTERNALISATION_AND_DEGRADATION,bmi,0.2883981429582762,0.005761796218933908,50.053513175382285,0
bmi,alt_log_adj,REACTOME_VLDLR_INTERNALISATION_AND_DEGRADATION,ppgs:bmi,2.2496712392434931e-4,0.006110168728344041,0.03681847980412796,0.9706299985331359
bmi,alt_log_adj,REACTOME_VLDL_ASSEMBLY,ppgs,0.015410854294150195,0.005731718472959849,2.688697005418701,0.007177342574086925
bmi,alt_log_adj,REACTOME_VLDL_ASSEMBLY,bmi,0.2882303035582938,0.005760565934371927,50.03506718645336,0
bmi,alt_log_adj,REACTOME_VLDL_ASSEMBLY,ppgs:bmi,0.01298427271975516,0.005617730944223686,2.3113019916174458,0.020823315943986703
bmi,alt_log_adj,REACTOME_VLDL_CLEARANCE,ppgs,0.017158029742180527,0.005691972631298013,3.0144259035672425,0.0025769373402415013
bmi,alt_log_adj,REACTOME_VLDL_CLEARANCE,bmi,0.28803332541036014,0.005760267018453348,50.003467632251905,0
bmi,alt_log_adj,REACTOME_VLDL_CLEARANCE,ppgs:bmi,0.02030972887189625,0.005677679199270081,3.57711807220585,3.4798177926542376e-4
bmi,alt_log_adj,REACTOME_VOLTAGE_GATED_POTASSIUM_CHANNELS,ppgs,-0.009892581609157097,0.005940963149034508,-1.665147781764104,0.09589432623264829
bmi,alt_log_adj,REACTOME_VOLTAGE_GATED_POTASSIUM_CHANNELS,bmi,0.2884277689218472,0.005761457977982384,50.061593788253624,0
bmi,alt_log_adj,REACTOME_VOLTAGE_GATED_POTASSIUM_CHANNELS,ppgs:bmi,-0.004773775887638542,0.005939320661325446,-0.8037578975527487,0.42154354901203706
bmi,alt_log_adj,REACTOME_VXPX_CARGO_TARGETING_TO_CILIUM,ppgs,0.0024904728780311314,0.005771804632009485,0.4314894624498161,0.66611579430002
bmi,alt_log_adj,REACTOME_VXPX_CARGO_TARGETING_TO_CILIUM,bmi,0.2884296387237049,0.005761510472064569,50.06146220200301,0
bmi,alt_log_adj,REACTOME_VXPX_CARGO_TARGETING_TO_CILIUM,ppgs:bmi,-0.005456599721335329,0.005815855910862284,-0.9382281481809114,0.3481351692049881
bmi,alt_log_adj,REACTOME_WAX_AND_PLASMALOGEN_BIOSYNTHESIS,ppgs,-0.0015450290051527323,0.005709116115870828,-0.27062490476550144,0.7866815093557721
bmi,alt_log_adj,REACTOME_WAX_AND_PLASMALOGEN_BIOSYNTHESIS,bmi,0.2884163312983693,0.005761571171871522,50.05862510324306,0
bmi,alt_log_adj,REACTOME_WAX_AND_PLASMALOGEN_BIOSYNTHESIS,ppgs:bmi,-0.003198923941002243,0.00575265612374858,-0.5560777269123017,0.578162109498773
bmi,alt_log_adj,REACTOME_WNT5A_DEPENDENT_INTERNALIZATION_OF_FZD2_FZD5_AND_ROR2,ppgs,-0.007963040492927476,0.0056876025890282055,-1.4000697777810205,0.16150336810972055
bmi,alt_log_adj,REACTOME_WNT5A_DEPENDENT_INTERNALIZATION_OF_FZD2_FZD5_AND_ROR2,bmi,0.28850668620199543,0.005761586975461985,50.07417009076079,0
bmi,alt_log_adj,REACTOME_WNT5A_DEPENDENT_INTERNALIZATION_OF_FZD2_FZD5_AND_ROR2,ppgs:bmi,-0.005438448966910002,0.0057559810643139815,-0.9448344089641608,0.34475147475364065
bmi,alt_log_adj,REACTOME_WNT5A_DEPENDENT_INTERNALIZATION_OF_FZD4,ppgs,0.01381083176331441,0.005698486682986316,2.423596391748833,0.015373891076223771
bmi,alt_log_adj,REACTOME_WNT5A_DEPENDENT_INTERNALIZATION_OF_FZD4,bmi,0.2884931714675542,0.005761522085276293,50.07238837195563,0
bmi,alt_log_adj,REACTOME_WNT5A_DEPENDENT_INTERNALIZATION_OF_FZD4,ppgs:bmi,-0.006092687739671918,0.005752507425734457,-1.0591360060511401,0.2895468684163952
bmi,alt_log_adj,REACTOME_WNT_LIGAND_BIOGENESIS_AND_TRAFFICKING,ppgs,7.536869228618842e-4,0.005859452659156283,0.12862753002776361,0.8976532939292317
bmi,alt_log_adj,REACTOME_WNT_LIGAND_BIOGENESIS_AND_TRAFFICKING,bmi,0.2883212095983038,0.00576211645061577,50.03737985328157,0
bmi,alt_log_adj,REACTOME_WNT_LIGAND_BIOGENESIS_AND_TRAFFICKING,ppgs:bmi,0.006581012346453817,0.0059681694773933,1.1026852322779859,0.27017324317323715
bmi,alt_log_adj,REACTOME_WNT_MEDIATED_ACTIVATION_OF_DVL,ppgs,0.015212129122967204,0.005695477847814851,2.670913579060543,0.007568829973201207
bmi,alt_log_adj,REACTOME_WNT_MEDIATED_ACTIVATION_OF_DVL,bmi,0.2883700112003662,0.005760926549500689,50.0561860531549,0
bmi,alt_log_adj,REACTOME_WNT_MEDIATED_ACTIVATION_OF_DVL,ppgs:bmi,-0.00831174368733136,0.0057820126143407575,-1.4375173908677183,0.15058207263876802
bmi,alt_log_adj,REACTOME_XENOBIOTICS,ppgs,-0.003782131369783137,0.005839031403157093,-0.6477326646570499,0.517163119031688
bmi,alt_log_adj,REACTOME_XENOBIOTICS,bmi,0.2883739377083778,0.005761771790694819,50.04952437965309,0
bmi,alt_log_adj,REACTOME_XENOBIOTICS,ppgs:bmi,-0.002596718577681366,0.005873977985067466,-0.442071554282739,0.6584408001969382
bmi,alt_log_adj,REACTOME_YAP1_AND_WWTR1_TAZ_STIMULATED_GENE_EXPRESSION,ppgs,0.007712470357522583,0.005942812054505121,1.297781300634591,0.19437305666042665
bmi,alt_log_adj,REACTOME_YAP1_AND_WWTR1_TAZ_STIMULATED_GENE_EXPRESSION,bmi,0.28837294237577266,0.00576154748398386,50.051300137228985,0
bmi,alt_log_adj,REACTOME_YAP1_AND_WWTR1_TAZ_STIMULATED_GENE_EXPRESSION,ppgs:bmi,-5.063580732699986e-4,0.0058925507755888855,-0.08593189818027398,0.931521161086291
bmi,alt_log_adj,REACTOME_ZBP1_DAI_MEDIATED_INDUCTION_OF_TYPE_I_IFNS,ppgs,0.03455922713460901,0.005796334538852163,5.962255439702883,2.517213926978776e-9
bmi,alt_log_adj,REACTOME_ZBP1_DAI_MEDIATED_INDUCTION_OF_TYPE_I_IFNS,bmi,0.2882064142243604,0.005758447710021051,50.04932383475733,0
bmi,alt_log_adj,REACTOME_ZBP1_DAI_MEDIATED_INDUCTION_OF_TYPE_I_IFNS,ppgs:bmi,0.007880324178275284,0.005872999544381502,1.3417886582017737,0.1796752781691246
bmi,alt_log_adj,REACTOME_ZINC_EFFLUX_AND_COMPARTMENTALIZATION_BY_THE_SLC30_FAMILY,ppgs,-0.0036651057372541367,0.005698532155360639,-0.6431666326224644,0.5201211843434316
bmi,alt_log_adj,REACTOME_ZINC_EFFLUX_AND_COMPARTMENTALIZATION_BY_THE_SLC30_FAMILY,bmi,0.2885247558917565,0.005762172618668772,50.07221667691275,0
bmi,alt_log_adj,REACTOME_ZINC_EFFLUX_AND_COMPARTMENTALIZATION_BY_THE_SLC30_FAMILY,ppgs:bmi,-0.005841287118749416,0.0055891386526444745,-1.0451140116170923,0.29597919044995685
bmi,alt_log_adj,REACTOME_ZINC_INFLUX_INTO_CELLS_BY_THE_SLC39_GENE_FAMILY,ppgs,-0.0035419057841025283,0.00585950877350949,-0.6044714533264777,0.5455350805472233
bmi,alt_log_adj,REACTOME_ZINC_INFLUX_INTO_CELLS_BY_THE_SLC39_GENE_FAMILY,bmi,0.28842930708119546,0.005761761119919362,50.059226871459074,0
bmi,alt_log_adj,REACTOME_ZINC_INFLUX_INTO_CELLS_BY_THE_SLC39_GENE_FAMILY,ppgs:bmi,-0.001495992667499367,0.005848594317270872,-0.255786704692734,0.7981173964775929
bmi,alt_log_adj,REACTOME_ZINC_TRANSPORTERS,ppgs,-0.004880442698398127,0.005878881448746535,-0.8301651837933746,0.40645238799207517
bmi,alt_log_adj,REACTOME_ZINC_TRANSPORTERS,bmi,0.28847056046296154,0.005761790832334681,50.06612854532817,0
bmi,alt_log_adj,REACTOME_ZINC_TRANSPORTERS,ppgs:bmi,-0.003055613205283797,0.005865454069432896,-0.5209508367319344,0.6024050891459533
bmi,alt_log_adj,REACTOME_ZYGOTIC_GENOME_ACTIVATION_ZGA,ppgs,0.01561992726028878,0.005800964254339918,2.69264325299073,0.00709297307900127
bmi,alt_log_adj,REACTOME_ZYGOTIC_GENOME_ACTIVATION_ZGA,bmi,0.2883873927027608,0.005760910041194031,50.059346638051025,0
bmi,alt_log_adj,REACTOME_ZYGOTIC_GENOME_ACTIVATION_ZGA,ppgs:bmi,0.00537731718381438,0.005945915315582978,0.9043716397577303,0.3658060564584956
bmi,alt_log_adj,REACTOME_Z_DECAY_DEGRADATION_OF_MATERNAL_MRNAS_BY_ZYGOTICALLY_EXPRESSED_FACTORS,ppgs,-0.0018215782382635726,0.0058463381384780124,-0.31157592925984734,0.7553651211394493
bmi,alt_log_adj,REACTOME_Z_DECAY_DEGRADATION_OF_MATERNAL_MRNAS_BY_ZYGOTICALLY_EXPRESSED_FACTORS,bmi,0.28844135922810354,0.005762710612155011,50.05307027212297,0
bmi,alt_log_adj,REACTOME_Z_DECAY_DEGRADATION_OF_MATERNAL_MRNAS_BY_ZYGOTICALLY_EXPRESSED_FACTORS,ppgs:bmi,-4.045784086711759e-4,0.005891002686611472,-0.06867734241416397,0.9452469381288384
